{
  "id": "GHSA-j6x3-3jqq-m922",
  "summary": "CrafterCMS OS Command Injection vulnerability",
  "details": "Improper Control of Dynamically-Managed Code Resources vulnerability in Crafter Studio of Crafter CMS allows authenticated developers to execute OS commands via Groovy Sandbox Bypass.",
  "aliases": [
    "CVE-2022-40635"
  ],
  "modified": "2023-11-08T04:10:24.381549Z",
  "published": "2022-09-14T00:00:45Z",
  "database_specific": {
    "nvd_published_at": "2022-09-13T19:15:00Z",
    "github_reviewed_at": "2022-09-20T17:41:27Z",
    "severity": "HIGH",
    "github_reviewed": true,
    "cwe_ids": [
      "CWE-78",
      "CWE-913"
    ]
  },
  "references": [
    {
      "type": "ADVISORY",
      "url": "https://nvd.nist.gov/vuln/detail/CVE-2022-40635"
    },
    {
      "type": "WEB",
      "url": "https://docs.craftercms.org/en/3.1/security/advisory.html#cv-2022051602"
    },
    {
      "type": "PACKAGE",
      "url": "https://github.com/craftercms/craftercms"
    }
  ],
  "affected": [
    {
      "package": {
        "name": "org.craftercms:craftercms",
        "ecosystem": "Maven",
        "purl": "pkg:maven/org.craftercms/craftercms"
      },
      "ranges": [
        {
          "type": "ECOSYSTEM",
          "events": [
            {
              "introduced": "3.1.0"
            },
            {
              "fixed": "3.1.23"
            }
          ]
        }
      ],
      "database_specific": {
        "source": "https://github.com/github/advisory-database/blob/main/advisories/github-reviewed/2022/09/GHSA-j6x3-3jqq-m922/GHSA-j6x3-3jqq-m922.json"
      },
      "versions": []
    }
  ],
  "schema_version": "1.6.0",
  "severity": [
    {
      "type": "CVSS_V3",
      "score": "CVSS:3.1/AV:N/AC:L/PR:H/UI:N/S:U/C:H/I:H/A:H"
    }
  ]
}