{
  "id": "GHSA-6755-jgp4-8q7h",
  "summary": "XML External Entity processing vulnerability in Pipeline Maven Integration Jenkins Plugin",
  "details": "An XML external entities (XXE) vulnerability in Jenkins Pipeline Maven Integration Plugin 1.7.0 and earlier allowed attackers able to control a temporary directory's content on the agent running the Maven build to have Jenkins parse a maliciously crafted XML file that uses external entities for extraction of secrets from the Jenkins master, server-side request forgery, or denial-of-service attacks.",
  "aliases": [
    "CVE-2019-10327"
  ],
  "modified": "2024-02-16T08:24:00.907016Z",
  "published": "2022-05-24T22:00:03Z",
  "database_specific": {
    "nvd_published_at": "2019-05-31T15:29:00Z",
    "cwe_ids": [
      "CWE-611"
    ],
    "severity": "HIGH",
    "github_reviewed": true,
    "github_reviewed_at": "2022-09-09T00:45:35Z"
  },
  "references": [
    {
      "type": "ADVISORY",
      "url": "https://nvd.nist.gov/vuln/detail/CVE-2019-10327"
    },
    {
      "type": "WEB",
      "url": "https://github.com/jenkinsci/pipeline-maven-plugin/commit/e7cb858852c05d2423e3fd9922a090982dcd6392"
    },
    {
      "type": "PACKAGE",
      "url": "https://github.com/jenkinsci/pipeline-maven-plugin/tree/master/pipeline-maven"
    },
    {
      "type": "WEB",
      "url": "https://jenkins.io/security/advisory/2019-05-31/#SECURITY-1409"
    },
    {
      "type": "WEB",
      "url": "http://www.openwall.com/lists/oss-security/2019/05/31/2"
    },
    {
      "type": "WEB",
      "url": "http://www.securityfocus.com/bid/108540"
    }
  ],
  "affected": [
    {
      "package": {
        "name": "org.jenkins-ci.plugins:pipeline-maven",
        "ecosystem": "Maven",
        "purl": "pkg:maven/org.jenkins-ci.plugins/pipeline-maven"
      },
      "ranges": [
        {
          "type": "ECOSYSTEM",
          "events": [
            {
              "introduced": "0"
            },
            {
              "fixed": "3.7.1"
            }
          ]
        }
      ],
      "versions": [
        "0.1-beta",
        "0.2",
        "0.3",
        "0.4",
        "0.5",
        "0.6",
        "0.7",
        "2.0",
        "2.0-beta-3",
        "2.0-beta-4",
        "2.0-beta-5",
        "2.0-beta-6",
        "2.0-beta-7",
        "2.0.1",
        "2.0.2",
        "2.0.3",
        "2.1.0",
        "2.1.0-beta-1",
        "2.1.1-beta-1",
        "2.2.0",
        "2.2.1",
        "2.3.0",
        "2.3.0-beta-1",
        "2.3.1",
        "2.3.1-beta-1",
        "2.4.0",
        "2.4.0-beta-1",
        "2.4.0-beta-2",
        "2.5.0",
        "2.5.0-alpha-1",
        "2.5.1",
        "2.5.2",
        "3.0.0",
        "3.0.0-beta-1",
        "3.0.0-beta-2",
        "3.0.0-beta-3",
        "3.0.0-beta-4",
        "3.0.0-beta-5",
        "3.0.0-beta-6",
        "3.0.1",
        "3.0.1-beta-1",
        "3.0.1-beta-2",
        "3.0.2",
        "3.0.3",
        "3.0.3-beta-1",
        "3.0.3-beta-2",
        "3.0.4",
        "3.0.5",
        "3.0.6",
        "3.0.6-beta-1",
        "3.0.7",
        "3.1.0",
        "3.1.0-beta-1",
        "3.2.0",
        "3.2.0-alpha-1",
        "3.2.0-alpha-2",
        "3.2.1",
        "3.2.1-beta-1",
        "3.3.0",
        "3.3.1",
        "3.3.1-beta-1",
        "3.3.1-beta-2",
        "3.3.2",
        "3.4.0",
        "3.4.0-beta-1",
        "3.4.1",
        "3.4.2",
        "3.4.3",
        "3.5.0",
        "3.5.0-beta-1",
        "3.5.1",
        "3.5.1-beta-1",
        "3.5.10",
        "3.5.11",
        "3.5.12",
        "3.5.12-beta-1",
        "3.5.12-beta-2",
        "3.5.12-beta-3",
        "3.5.12-beta-4",
        "3.5.13",
        "3.5.14",
        "3.5.15",
        "3.5.15-beta-1",
        "3.5.15-beta-2",
        "3.5.15-beta-3",
        "3.5.15-beta-4",
        "3.5.2",
        "3.5.3",
        "3.5.4",
        "3.5.4-beta-1",
        "3.5.5",
        "3.5.6",
        "3.5.7",
        "3.5.7-beta-1",
        "3.5.8",
        "3.5.8-beta-1",
        "3.5.9",
        "3.6.0",
        "3.6.0-beta-1",
        "3.6.0-beta-2",
        "3.6.1",
        "3.6.10",
        "3.6.11",
        "3.6.12",
        "3.6.13",
        "3.6.14",
        "3.6.15-beta-1",
        "3.6.2",
        "3.6.3",
        "3.6.4",
        "3.6.4-beta-1",
        "3.6.5",
        "3.6.5-beta-1",
        "3.6.6",
        "3.6.6-beta-1",
        "3.6.6-beta-2",
        "3.6.6-beta-3",
        "3.6.6-beta-4",
        "3.6.7",
        "3.6.8",
        "3.6.8-beta-1",
        "3.6.8-beta-2",
        "3.6.9",
        "3.7.0",
        "3.7.0-beta-1"
      ],
      "database_specific": {
        "source": "https://github.com/github/advisory-database/blob/main/advisories/github-reviewed/2022/05/GHSA-6755-jgp4-8q7h/GHSA-6755-jgp4-8q7h.json"
      }
    }
  ],
  "schema_version": "1.6.0",
  "severity": [
    {
      "type": "CVSS_V3",
      "score": "CVSS:3.0/AV:N/AC:L/PR:L/UI:N/S:U/C:H/I:N/A:H"
    }
  ]
}