{
  "id": "GHSA-h4c9-rr5m-32fm",
  "summary": "RuoYi vulnerable to arbitrary file download",
  "details": "An arbitrary file download vulnerability in the background management module of RuoYi v4.7.6 and below allows attackers to download arbitrary files in the server.",
  "aliases": [
    "CVE-2023-27025"
  ],
  "modified": "2023-11-08T04:12:03.073642Z",
  "published": "2023-04-02T03:30:16Z",
  "database_specific": {
    "nvd_published_at": "2023-04-02T01:15:00Z",
    "cwe_ids": [
      "CWE-494"
    ],
    "severity": "HIGH",
    "github_reviewed": true,
    "github_reviewed_at": "2023-04-07T21:01:39Z"
  },
  "references": [
    {
      "type": "ADVISORY",
      "url": "https://nvd.nist.gov/vuln/detail/CVE-2023-27025"
    },
    {
      "type": "WEB",
      "url": "https://gitee.com/y_project/RuoYi"
    },
    {
      "type": "WEB",
      "url": "https://gitee.com/y_project/RuoYi/commit/432d5ce1be2e9384a6230d7ccd8401eef5ce02b0"
    },
    {
      "type": "WEB",
      "url": "https://gitee.com/y_project/RuoYi/issues/I697Q5"
    }
  ],
  "affected": [
    {
      "package": {
        "name": "com.ruoyi:ruoyi",
        "ecosystem": "Maven",
        "purl": "pkg:maven/com.ruoyi/ruoyi"
      },
      "ranges": [
        {
          "type": "ECOSYSTEM",
          "events": [
            {
              "introduced": "0"
            },
            {
              "fixed": "4.7.6"
            }
          ]
        }
      ],
      "database_specific": {
        "source": "https://github.com/github/advisory-database/blob/main/advisories/github-reviewed/2023/04/GHSA-h4c9-rr5m-32fm/GHSA-h4c9-rr5m-32fm.json"
      },
      "versions": []
    }
  ],
  "schema_version": "1.6.0",
  "severity": [
    {
      "type": "CVSS_V3",
      "score": "CVSS:3.1/AV:N/AC:L/PR:N/UI:N/S:U/C:H/I:N/A:N"
    }
  ]
}