{
  "id": "GHSA-p3g4-9xfv-wq9v",
  "summary": "Arbitrary code execution due to incomplete sandbox protection in Pipeline: Supporting APIs Plugin",
  "details": "Jenkins Pipeline: Supporting APIs Plugin 2.17 and earlier have an arbitrary code execution due to incomplete sandbox protection: Methods related to Java deserialization like readResolve implemented in Pipeline scripts were not subject to sandbox protection, and could therefore execute arbitrary code. This could be exploited e.g. by regular Jenkins users with the permission to configure Pipelines in Jenkins, or by trusted committers to repositories containing Jenkinsfiles.",
  "aliases": [
    "CVE-2018-1000058"
  ],
  "modified": "2024-02-18T05:31:22.378604Z",
  "published": "2022-05-14T03:40:05Z",
  "database_specific": {
    "nvd_published_at": "2018-02-09T23:29:00Z",
    "cwe_ids": [
      "CWE-502"
    ],
    "severity": "HIGH",
    "github_reviewed": true,
    "github_reviewed_at": "2024-01-30T23:18:21Z"
  },
  "references": [
    {
      "type": "ADVISORY",
      "url": "https://nvd.nist.gov/vuln/detail/CVE-2018-1000058"
    },
    {
      "type": "WEB",
      "url": "https://jenkins.io/security/advisory/2018-02-05"
    },
    {
      "type": "WEB",
      "url": "http://www.securityfocus.com/bid/103034"
    }
  ],
  "affected": [
    {
      "package": {
        "name": "org.jenkins-ci.plugins.workflow:workflow-support",
        "ecosystem": "Maven",
        "purl": "pkg:maven/org.jenkins-ci.plugins.workflow/workflow-support"
      },
      "ranges": [
        {
          "type": "ECOSYSTEM",
          "events": [
            {
              "introduced": "0"
            },
            {
              "fixed": "2.18"
            }
          ]
        }
      ],
      "versions": [
        "0.1-beta-1",
        "0.1-beta-2",
        "0.1-beta-3",
        "0.1-beta-4",
        "0.1-beta-5",
        "0.1-beta-6",
        "0.1-beta-7",
        "0.1-beta-8",
        "1.0",
        "1.0-beta-1",
        "1.1",
        "1.10",
        "1.10-beta-1",
        "1.10.1",
        "1.11",
        "1.11-beta-1",
        "1.11-beta-2",
        "1.11-beta-3",
        "1.11-beta-4",
        "1.12",
        "1.12-beta-1",
        "1.12-beta-2",
        "1.12-beta-3",
        "1.13",
        "1.14",
        "1.14-beta-1",
        "1.14.1",
        "1.14.1-beta-1",
        "1.14.2",
        "1.15",
        "1.15-beta-1",
        "1.2",
        "1.3",
        "1.4",
        "1.4.1",
        "1.4.2",
        "1.4.3",
        "1.4.3-beta-1",
        "1.5",
        "1.6",
        "1.6-alpha-1",
        "1.7",
        "1.7-alpha-1",
        "1.8",
        "1.9",
        "1.9-beta-1",
        "2.0",
        "2.1",
        "2.10",
        "2.11",
        "2.12",
        "2.13",
        "2.14",
        "2.15",
        "2.16",
        "2.17",
        "2.17-durability-beta-1",
        "2.17-durability-beta-2",
        "2.17-durability-beta-3",
        "2.2",
        "2.3",
        "2.4",
        "2.5",
        "2.6",
        "2.8",
        "2.9"
      ],
      "database_specific": {
        "last_known_affected_version_range": "<= 2.17",
        "source": "https://github.com/github/advisory-database/blob/main/advisories/github-reviewed/2022/05/GHSA-p3g4-9xfv-wq9v/GHSA-p3g4-9xfv-wq9v.json"
      }
    }
  ],
  "schema_version": "1.6.0",
  "severity": [
    {
      "type": "CVSS_V3",
      "score": "CVSS:3.0/AV:N/AC:L/PR:L/UI:N/S:U/C:H/I:H/A:H"
    }
  ]
}