{
  "id": "GHSA-v646-rx6w-r3qq",
  "summary": "Improper Access Control in Apache Tomcat",
  "details": "Apache Tomcat 7.x through 7.0.70 and 8.x through 8.5.4, when the CGI Servlet is enabled, follows RFC 3875 section 4.1.18 and therefore does not protect applications from the presence of untrusted client data in the HTTP_PROXY environment variable, which might allow remote attackers to redirect an application's outbound HTTP traffic to an arbitrary proxy server via a crafted Proxy header in an HTTP request, aka an \"httpoxy\" issue. NOTE: the vendor states \"A mitigation is planned for future releases of Tomcat, tracked as CVE-2016-5388\"; in other words, this is not a CVE ID for a vulnerability.",
  "aliases": [
    "CVE-2016-5388"
  ],
  "modified": "2024-03-11T05:31:42.891215Z",
  "published": "2022-05-13T01:23:38Z",
  "database_specific": {
    "nvd_published_at": "2016-07-19T02:00:00Z",
    "cwe_ids": [
      "CWE-284"
    ],
    "severity": "HIGH",
    "github_reviewed": true,
    "github_reviewed_at": "2022-07-06T19:44:02Z"
  },
  "references": [
    {
      "type": "ADVISORY",
      "url": "https://nvd.nist.gov/vuln/detail/CVE-2016-5388"
    },
    {
      "type": "WEB",
      "url": "https://github.com/apache/tomcat/commit/1b91e91194a095ea922f96d1dccddf6fbc446e54"
    },
    {
      "type": "WEB",
      "url": "https://github.com/apache/tomcat/commit/880250877b0643956435282afb9c111450cfff4c"
    },
    {
      "type": "WEB",
      "url": "https://github.com/apache/tomcat/commit/fb3569fbb9a2f55459aa8e1e22bc35a737e66329"
    },
    {
      "type": "WEB",
      "url": "https://access.redhat.com/errata/RHSA-2016:1624"
    },
    {
      "type": "WEB",
      "url": "https://lists.apache.org/thread.html/6d3d34adcf3dfc48e36342aa1f18ce3c20bb8e4c458a97508d5bfed1@%3Cissues.activemq.apache.org%3E"
    },
    {
      "type": "WEB",
      "url": "https://lists.apache.org/thread.html/r2853582063cfd9e7fbae1e029ae004e6a83482ae9b70a698996353dd%40%3Cusers.tomcat.apache.org%3E"
    },
    {
      "type": "WEB",
      "url": "https://lists.apache.org/thread.html/r2853582063cfd9e7fbae1e029ae004e6a83482ae9b70a698996353dd@%3Cusers.tomcat.apache.org%3E"
    },
    {
      "type": "WEB",
      "url": "https://lists.apache.org/thread.html/rc6b2147532416cc736e68a32678d3947b7053c3085cf43a9874fd102%40%3Cusers.tomcat.apache.org%3E"
    },
    {
      "type": "WEB",
      "url": "https://lists.apache.org/thread.html/rc6b2147532416cc736e68a32678d3947b7053c3085cf43a9874fd102@%3Cusers.tomcat.apache.org%3E"
    },
    {
      "type": "WEB",
      "url": "https://lists.apache.org/thread.html/rf21b368769ae70de4dee840a3228721ae442f1d51ad8742003aefe39%40%3Cusers.tomcat.apache.org%3E"
    },
    {
      "type": "WEB",
      "url": "https://lists.apache.org/thread.html/rf21b368769ae70de4dee840a3228721ae442f1d51ad8742003aefe39@%3Cusers.tomcat.apache.org%3E"
    },
    {
      "type": "WEB",
      "url": "https://lists.debian.org/debian-lts-announce/2019/08/msg00015.html"
    },
    {
      "type": "WEB",
      "url": "https://lists.opensuse.org/opensuse-updates/2016-09/msg00025.html"
    },
    {
      "type": "WEB",
      "url": "https://rhn.redhat.com/errata/RHSA-2016-1624.html"
    },
    {
      "type": "WEB",
      "url": "https://rhn.redhat.com/errata/RHSA-2016-2045.html"
    },
    {
      "type": "WEB",
      "url": "https://rhn.redhat.com/errata/RHSA-2016-2046.html"
    },
    {
      "type": "WEB",
      "url": "https://tomcat.apache.org/tomcat-7.0-doc/changelog.html"
    },
    {
      "type": "WEB",
      "url": "https://www.apache.org/security/asf-httpoxy-response.txt"
    },
    {
      "type": "WEB",
      "url": "https://www.kb.cert.org/vuls/id/797896"
    },
    {
      "type": "WEB",
      "url": "https://access.redhat.com/errata/RHSA-2016:1635"
    },
    {
      "type": "WEB",
      "url": "https://access.redhat.com/errata/RHSA-2016:1636"
    },
    {
      "type": "WEB",
      "url": "https://access.redhat.com/errata/RHSA-2016:2045"
    },
    {
      "type": "WEB",
      "url": "https://access.redhat.com/errata/RHSA-2016:2046"
    },
    {
      "type": "WEB",
      "url": "https://access.redhat.com/security/cve/CVE-2016-5388"
    },
    {
      "type": "WEB",
      "url": "https://bugzilla.redhat.com/show_bug.cgi?id=1353809"
    },
    {
      "type": "PACKAGE",
      "url": "https://github.com/apache/tomcat"
    },
    {
      "type": "WEB",
      "url": "https://h20566.www2.hpe.com/hpsc/doc/public/display?docLocale=en_US&docId=emr_na-hpesbhf03770en_us"
    },
    {
      "type": "WEB",
      "url": "https://h20566.www2.hpe.com/portal/site/hpsc/public/kb/docDisplay?docId=emr_na-c05320149"
    },
    {
      "type": "WEB",
      "url": "https://h20566.www2.hpe.com/portal/site/hpsc/public/kb/docDisplay?docId=emr_na-c05324759"
    },
    {
      "type": "WEB",
      "url": "https://h20566.www2.hpe.com/portal/site/hpsc/public/kb/docDisplay?docId=emr_na-c05390722"
    },
    {
      "type": "WEB",
      "url": "https://lists.apache.org/thread.html/053d9ce4d579b02203db18545fee5e33f35f2932885459b74d1e4272%40%3Cissues.activemq.apache.org%3E"
    },
    {
      "type": "WEB",
      "url": "https://lists.apache.org/thread.html/053d9ce4d579b02203db18545fee5e33f35f2932885459b74d1e4272@%3Cissues.activemq.apache.org%3E"
    },
    {
      "type": "WEB",
      "url": "https://lists.apache.org/thread.html/6b414817c2b0bf351138911c8c922ec5dd577ebc0b9a7f42d705752d%40%3Cissues.activemq.apache.org%3E"
    },
    {
      "type": "WEB",
      "url": "https://lists.apache.org/thread.html/6b414817c2b0bf351138911c8c922ec5dd577ebc0b9a7f42d705752d@%3Cissues.activemq.apache.org%3E"
    },
    {
      "type": "WEB",
      "url": "https://lists.apache.org/thread.html/6d3d34adcf3dfc48e36342aa1f18ce3c20bb8e4c458a97508d5bfed1%40%3Cissues.activemq.apache.org%3E"
    }
  ],
  "affected": [
    {
      "package": {
        "name": "org.apache.tomcat:tomcat-catalina",
        "ecosystem": "Maven",
        "purl": "pkg:maven/org.apache.tomcat/tomcat-catalina"
      },
      "ranges": [
        {
          "type": "ECOSYSTEM",
          "events": [
            {
              "introduced": "7.0.0"
            },
            {
              "fixed": "7.0.72"
            }
          ]
        }
      ],
      "versions": [
        "7.0.0",
        "7.0.11",
        "7.0.12",
        "7.0.14",
        "7.0.16",
        "7.0.19",
        "7.0.2",
        "7.0.20",
        "7.0.21",
        "7.0.22",
        "7.0.23",
        "7.0.25",
        "7.0.26",
        "7.0.27",
        "7.0.28",
        "7.0.29",
        "7.0.30",
        "7.0.32",
        "7.0.33",
        "7.0.34",
        "7.0.35",
        "7.0.37",
        "7.0.39",
        "7.0.4",
        "7.0.40",
        "7.0.41",
        "7.0.42",
        "7.0.47",
        "7.0.5",
        "7.0.50",
        "7.0.52",
        "7.0.53",
        "7.0.54",
        "7.0.55",
        "7.0.56",
        "7.0.57",
        "7.0.59",
        "7.0.6",
        "7.0.61",
        "7.0.62",
        "7.0.63",
        "7.0.64",
        "7.0.65",
        "7.0.67",
        "7.0.68",
        "7.0.69",
        "7.0.70",
        "7.0.8"
      ],
      "database_specific": {
        "source": "https://github.com/github/advisory-database/blob/main/advisories/github-reviewed/2022/05/GHSA-v646-rx6w-r3qq/GHSA-v646-rx6w-r3qq.json"
      }
    },
    {
      "package": {
        "name": "org.apache.tomcat:tomcat-catalina",
        "ecosystem": "Maven",
        "purl": "pkg:maven/org.apache.tomcat/tomcat-catalina"
      },
      "ranges": [
        {
          "type": "ECOSYSTEM",
          "events": [
            {
              "introduced": "8.0.0"
            },
            {
              "fixed": "8.5.5"
            }
          ]
        }
      ],
      "versions": [
        "8.0.1",
        "8.0.11",
        "8.0.12",
        "8.0.14",
        "8.0.15",
        "8.0.17",
        "8.0.18",
        "8.0.20",
        "8.0.21",
        "8.0.22",
        "8.0.23",
        "8.0.24",
        "8.0.26",
        "8.0.27",
        "8.0.28",
        "8.0.29",
        "8.0.3",
        "8.0.30",
        "8.0.32",
        "8.0.33",
        "8.0.35",
        "8.0.36",
        "8.0.37",
        "8.0.38",
        "8.0.39",
        "8.0.41",
        "8.0.42",
        "8.0.43",
        "8.0.44",
        "8.0.45",
        "8.0.46",
        "8.0.47",
        "8.0.48",
        "8.0.49",
        "8.0.5",
        "8.0.50",
        "8.0.51",
        "8.0.52",
        "8.0.53",
        "8.0.8",
        "8.0.9",
        "8.5.0",
        "8.5.2",
        "8.5.3",
        "8.5.4"
      ],
      "database_specific": {
        "source": "https://github.com/github/advisory-database/blob/main/advisories/github-reviewed/2022/05/GHSA-v646-rx6w-r3qq/GHSA-v646-rx6w-r3qq.json"
      }
    }
  ],
  "schema_version": "1.6.0",
  "severity": [
    {
      "type": "CVSS_V3",
      "score": "CVSS:3.0/AV:N/AC:H/PR:N/UI:N/S:U/C:H/I:H/A:H"
    }
  ]
}