{
  "id": "GHSA-5pmp-7wc9-v7vw",
  "summary": "Cross-site Scripting in Jenkins JDK Parameter Plugin",
  "details": "Jenkins JDK Parameter Plugin 1.0 and earlier does not escape the name and description of JDK parameters on views displaying parameters. This results in stored cross-site scripting (XSS) vulnerabilities exploitable by attackers with Item/Configure permission.\n\nExploitation of this vulnerability requires that parameters are listed on another page, like the \\\"Build With Parameters\\\" and \\\"Parameters\\\" pages provided by Jenkins (core), and that those pages are not hardened to prevent exploitation. Jenkins (core) has prevented exploitation of vulnerabilities of this kind on the \\\"Build With Parameters\\\" and \\\"Parameters\\\" pages since 2.44 and LTS 2.32.2 as part of the [SECURITY-353 / CVE-2017-2601](https://www.jenkins.io/security/advisory/2017-02-01/#persisted-cross-site-scripting-vulnerability-in-parameter-names-and-descriptions) fix. Additionally, several plugins have previously been updated to list parameters in a way that prevents exploitation by default, see [SECURITY-2617 in the 2022-04-12 security advisory for a list](https://www.jenkins.io/security/advisory/2022-04-12/#SECURITY-2617).",
  "aliases": [
    "CVE-2022-30963"
  ],
  "modified": "2023-11-08T04:09:21.437623Z",
  "published": "2022-05-18T00:00:41Z",
  "database_specific": {
    "nvd_published_at": "2022-05-17T15:15:00Z",
    "github_reviewed_at": "2022-06-01T21:26:09Z",
    "severity": "HIGH",
    "github_reviewed": true,
    "cwe_ids": [
      "CWE-79"
    ]
  },
  "references": [
    {
      "type": "ADVISORY",
      "url": "https://nvd.nist.gov/vuln/detail/CVE-2022-30963"
    },
    {
      "type": "PACKAGE",
      "url": "https://github.com/jenkinsci/JDK_Parameter_Plugin-plugin"
    },
    {
      "type": "WEB",
      "url": "https://www.jenkins.io/security/advisory/2022-05-17/#SECURITY-2717"
    }
  ],
  "affected": [
    {
      "package": {
        "name": "org.jenkins-ci.plugins:JDK_Parameter_Plugin",
        "ecosystem": "Maven",
        "purl": "pkg:maven/org.jenkins-ci.plugins/JDK_Parameter_Plugin"
      },
      "ranges": [
        {
          "type": "ECOSYSTEM",
          "events": [
            {
              "introduced": "0"
            },
            {
              "last_affected": "1.0"
            }
          ]
        }
      ],
      "versions": [
        "1.0"
      ],
      "database_specific": {
        "source": "https://github.com/github/advisory-database/blob/main/advisories/github-reviewed/2022/05/GHSA-5pmp-7wc9-v7vw/GHSA-5pmp-7wc9-v7vw.json"
      }
    }
  ],
  "schema_version": "1.6.0",
  "severity": [
    {
      "type": "CVSS_V3",
      "score": "CVSS:3.1/AV:N/AC:L/PR:L/UI:R/S:U/C:H/I:H/A:H"
    }
  ]
}