{
  "id": "GHSA-mwg7-69hf-vqh3",
  "summary": "Insufficiently Protected Credentials in Jenkins AWS CodeBuild Plugin",
  "details": "Jenkins project Jenkins AWS CodeBuild Plugin version 0.26 and earlier contains a Insufficiently Protected Credentials vulnerability in AWSClientFactory.java, CodeBuilder.java that can result in Credentials Disclosure. This attack appear to be exploitable via local file access. This vulnerability appears to have been fixed in 0.27 and later.",
  "aliases": [
    "CVE-2018-1000404"
  ],
  "modified": "2023-11-08T03:59:38.034007Z",
  "published": "2022-05-13T01:48:36Z",
  "database_specific": {
    "nvd_published_at": "2018-07-09T13:29:00Z",
    "github_reviewed_at": "2022-11-08T12:47:51Z",
    "severity": "HIGH",
    "github_reviewed": true,
    "cwe_ids": [
      "CWE-522"
    ]
  },
  "references": [
    {
      "type": "ADVISORY",
      "url": "https://nvd.nist.gov/vuln/detail/CVE-2018-1000404"
    },
    {
      "type": "WEB",
      "url": "https://github.com/jenkinsci/aws-codebuild-plugin/commit/f5bae399c245ff6a7131ce9cca9636f5971d582c"
    },
    {
      "type": "WEB",
      "url": "https://jenkins.io/security/advisory/2018-06-25/#SECURITY-834"
    }
  ],
  "affected": [
    {
      "package": {
        "name": "com.amazonaws:aws-codebuild",
        "ecosystem": "Maven",
        "purl": "pkg:maven/com.amazonaws/aws-codebuild"
      },
      "ranges": [
        {
          "type": "ECOSYSTEM",
          "events": [
            {
              "introduced": "0"
            },
            {
              "fixed": "0.27"
            }
          ]
        }
      ],
      "versions": [
        "0.10",
        "0.11",
        "0.12",
        "0.13",
        "0.14",
        "0.15",
        "0.16",
        "0.17",
        "0.18",
        "0.19",
        "0.20",
        "0.21",
        "0.22",
        "0.23",
        "0.24",
        "0.25",
        "0.26",
        "0.5",
        "0.6",
        "0.7",
        "0.8",
        "0.9"
      ],
      "database_specific": {
        "source": "https://github.com/github/advisory-database/blob/main/advisories/github-reviewed/2022/05/GHSA-mwg7-69hf-vqh3/GHSA-mwg7-69hf-vqh3.json"
      }
    }
  ],
  "schema_version": "1.6.0",
  "severity": [
    {
      "type": "CVSS_V3",
      "score": "CVSS:3.0/AV:L/AC:L/PR:L/UI:N/S:U/C:H/I:H/A:H"
    }
  ]
}