{
  "id": "GHSA-xgqr-5wqw-9fpv",
  "summary": "Apache UIMA Path Traversal vulnerability",
  "details": "A relative path traversal vulnerability in a FileUtil class used by the PEAR management component of Apache UIMA allows an attacker to create files outside the designated target directory using carefully crafted ZIP entry names. This issue affects Apache UIMA Apache UIMA version 3.3.0 and prior versions. Note that PEAR files should never be installed into an UIMA installation from untrusted sources because PEAR archives are executable plugins that will be able to perform any actions with the same privileges as the host Java Virtual Machine.",
  "aliases": [
    "CVE-2022-32287"
  ],
  "modified": "2023-11-08T04:09:36.086661Z",
  "published": "2022-11-03T19:00:26Z",
  "database_specific": {
    "nvd_published_at": "2022-11-03T12:15:00Z",
    "github_reviewed_at": "2022-11-03T21:11:17Z",
    "severity": "HIGH",
    "github_reviewed": true,
    "cwe_ids": [
      "CWE-22"
    ]
  },
  "references": [
    {
      "type": "ADVISORY",
      "url": "https://nvd.nist.gov/vuln/detail/CVE-2022-32287"
    },
    {
      "type": "WEB",
      "url": "https://lists.apache.org/thread/57vk0d79j94d0lk0vol8xn935yv1shdd"
    },
    {
      "type": "WEB",
      "url": "http://www.openwall.com/lists/oss-security/2022/11/03/4"
    }
  ],
  "affected": [
    {
      "package": {
        "name": "org.apache.uima:uimaj-core",
        "ecosystem": "Maven",
        "purl": "pkg:maven/org.apache.uima/uimaj-core"
      },
      "ranges": [
        {
          "type": "ECOSYSTEM",
          "events": [
            {
              "introduced": "0"
            },
            {
              "fixed": "3.3.1"
            }
          ]
        }
      ],
      "versions": [
        "2.10.0",
        "2.10.1",
        "2.10.2",
        "2.10.3",
        "2.10.4",
        "2.11.0",
        "2.3.1",
        "2.4.0",
        "2.4.1",
        "2.4.2",
        "2.5.0",
        "2.6.0",
        "2.7.0",
        "2.8.0",
        "2.8.1",
        "2.9.0",
        "3.0.0",
        "3.0.0-alpha",
        "3.0.0-alpha02",
        "3.0.0-beta",
        "3.0.1",
        "3.0.2",
        "3.1.0",
        "3.1.1",
        "3.2.0",
        "3.3.0"
      ],
      "database_specific": {
        "source": "https://github.com/github/advisory-database/blob/main/advisories/github-reviewed/2022/11/GHSA-xgqr-5wqw-9fpv/GHSA-xgqr-5wqw-9fpv.json"
      }
    }
  ],
  "schema_version": "1.6.0",
  "severity": [
    {
      "type": "CVSS_V3",
      "score": "CVSS:3.1/AV:N/AC:L/PR:N/UI:N/S:U/C:N/I:H/A:N"
    }
  ]
}