{
  "id": "GHSA-f8h5-v2vg-46rr",
  "summary": "quarkus-core leaks local environment variables from Quarkus namespace during application's build",
  "details": "A vulnerability was found in the quarkus-core component. Quarkus captures the local environment variables from the Quarkus namespace during the application's build. Thus, running the resulting application inherits the values captured at build time. \n\nHowever, some local environment variables may have been set by the developer / CI environment for testing purposes, such as dropping the database during the application startup or trusting all TLS certificates to accept self-signed certificates. If these properties are configured using environment variables or the .env facility, they are captured into the built application. It may lead to dangerous behavior if the application does not override these values.\n\nThis behavior only happens for configuration properties from the `quarkus.*` namespace. So, application-specific properties are not captured.",
  "aliases": [
    "CGA-4h54-q8v3-8q47",
    "CGA-r3jj-v9r9-fcr2",
    "CVE-2024-2700"
  ],
  "modified": "2024-10-22T05:28:59.743912Z",
  "published": "2024-04-04T15:30:34Z",
  "related": [
    "CGA-p26p-fhh4-f59j"
  ],
  "database_specific": {
    "nvd_published_at": "2024-04-04T14:15:09Z",
    "cwe_ids": [
      "CWE-526"
    ],
    "severity": "HIGH",
    "github_reviewed": true,
    "github_reviewed_at": "2024-04-04T17:01:45Z"
  },
  "references": [
    {
      "type": "ADVISORY",
      "url": "https://nvd.nist.gov/vuln/detail/CVE-2024-2700"
    },
    {
      "type": "WEB",
      "url": "https://github.com/quarkusio/quarkus/issues/39927"
    },
    {
      "type": "WEB",
      "url": "https://github.com/quarkusio/quarkus/commit/2b24dc8dbc8f390c97428783d67614418676fc2e"
    },
    {
      "type": "WEB",
      "url": "https://github.com/quarkusio/quarkus/commit/91c3a58eaefe59e0afd430653d1636d664bd593f"
    },
    {
      "type": "WEB",
      "url": "https://github.com/quarkusio/quarkus/commit/990c3ee5dd5c689f514e5e87c221bce6d5dff267"
    },
    {
      "type": "WEB",
      "url": "https://access.redhat.com/errata/RHSA-2024:2106"
    },
    {
      "type": "WEB",
      "url": "https://access.redhat.com/errata/RHSA-2024:2705"
    },
    {
      "type": "WEB",
      "url": "https://access.redhat.com/errata/RHSA-2024:3527"
    },
    {
      "type": "WEB",
      "url": "https://access.redhat.com/errata/RHSA-2024:4028"
    },
    {
      "type": "WEB",
      "url": "https://access.redhat.com/errata/RHSA-2024:4873"
    },
    {
      "type": "WEB",
      "url": "https://access.redhat.com/security/cve/CVE-2024-2700"
    },
    {
      "type": "WEB",
      "url": "https://bugzilla.redhat.com/show_bug.cgi?id=2273281"
    },
    {
      "type": "PACKAGE",
      "url": "https://github.com/quarkusio/quarkus"
    },
    {
      "type": "WEB",
      "url": "https://quarkus.io/blog/quarkus-3-2-12-final-released"
    },
    {
      "type": "WEB",
      "url": "https://quarkus.io/blog/quarkus-3-8-4-released"
    }
  ],
  "affected": [
    {
      "package": {
        "name": "io.quarkus:quarkus-core",
        "ecosystem": "Maven",
        "purl": "pkg:maven/io.quarkus/quarkus-core"
      },
      "ranges": [
        {
          "type": "ECOSYSTEM",
          "events": [
            {
              "introduced": "3.9.0.CR1"
            },
            {
              "fixed": "3.9.2"
            }
          ]
        }
      ],
      "versions": [
        "3.9.0",
        "3.9.0.CR1",
        "3.9.0.CR2",
        "3.9.1"
      ],
      "database_specific": {
        "last_known_affected_version_range": "<= 3.9.1",
        "source": "https://github.com/github/advisory-database/blob/main/advisories/github-reviewed/2024/04/GHSA-f8h5-v2vg-46rr/GHSA-f8h5-v2vg-46rr.json"
      }
    },
    {
      "package": {
        "name": "io.quarkus:quarkus-core",
        "ecosystem": "Maven",
        "purl": "pkg:maven/io.quarkus/quarkus-core"
      },
      "ranges": [
        {
          "type": "ECOSYSTEM",
          "events": [
            {
              "introduced": "3.3.0.CR1"
            },
            {
              "fixed": "3.8.4"
            }
          ]
        }
      ],
      "versions": [
        "3.3.0",
        "3.3.0.CR1",
        "3.3.1",
        "3.3.2",
        "3.3.3",
        "3.4.0",
        "3.4.0.CR1",
        "3.4.1",
        "3.4.2",
        "3.4.3",
        "3.5.0",
        "3.5.0.CR1",
        "3.5.1",
        "3.5.2",
        "3.5.3",
        "3.6.0",
        "3.6.0.CR1",
        "3.6.1",
        "3.6.2",
        "3.6.3",
        "3.6.4",
        "3.6.5",
        "3.6.6",
        "3.6.7",
        "3.6.8",
        "3.6.9",
        "3.7.0",
        "3.7.0.CR1",
        "3.7.1",
        "3.7.2",
        "3.7.3",
        "3.7.4",
        "3.8.0",
        "3.8.0.CR1",
        "3.8.1",
        "3.8.2",
        "3.8.3"
      ],
      "database_specific": {
        "last_known_affected_version_range": "<= 3.8.3",
        "source": "https://github.com/github/advisory-database/blob/main/advisories/github-reviewed/2024/04/GHSA-f8h5-v2vg-46rr/GHSA-f8h5-v2vg-46rr.json"
      }
    },
    {
      "package": {
        "name": "io.quarkus:quarkus-core",
        "ecosystem": "Maven",
        "purl": "pkg:maven/io.quarkus/quarkus-core"
      },
      "ranges": [
        {
          "type": "ECOSYSTEM",
          "events": [
            {
              "introduced": "0"
            },
            {
              "fixed": "3.2.12.Final"
            }
          ]
        }
      ],
      "versions": [
        "0.11.0",
        "0.12.0",
        "0.13.0",
        "0.13.1",
        "0.13.2",
        "0.13.3",
        "0.14.0",
        "0.15.0",
        "0.16.0",
        "0.16.1",
        "0.17.0",
        "0.18.0",
        "0.19.0",
        "0.19.1",
        "0.20.0",
        "0.21.0",
        "0.21.1",
        "0.21.2",
        "0.22.0",
        "0.23.0",
        "0.23.1",
        "0.23.2",
        "0.24.0",
        "0.25.0",
        "0.26.0",
        "0.26.1",
        "0.27.0",
        "0.28.0",
        "0.28.1",
        "1.0.0.CR1",
        "1.0.0.CR2",
        "1.0.0.Final",
        "1.0.1.Final",
        "1.1.0.CR1",
        "1.1.0.Final",
        "1.1.1.Final",
        "1.10.0.CR1",
        "1.10.0.Final",
        "1.10.1.Final",
        "1.10.2.Final",
        "1.10.3.Final",
        "1.10.4.Final",
        "1.10.5.Final",
        "1.11.0.Beta1",
        "1.11.0.Beta2",
        "1.11.0.CR1",
        "1.11.0.Final",
        "1.11.1.Final",
        "1.11.2.Final",
        "1.11.3.Final",
        "1.11.4.Final",
        "1.11.5.Final",
        "1.11.6.Final",
        "1.11.7.Final",
        "1.12.0.CR1",
        "1.12.0.Final",
        "1.12.1.Final",
        "1.12.2.Final",
        "1.13.0.CR1",
        "1.13.0.Final",
        "1.13.1.Final",
        "1.13.2.Final",
        "1.13.3.Final",
        "1.13.4.Final",
        "1.13.5.Final",
        "1.13.6.Final",
        "1.13.7.Final",
        "1.2.0.CR1",
        "1.2.0.Final",
        "1.2.1.Final",
        "1.3.0.Alpha1",
        "1.3.0.Alpha2",
        "1.3.0.CR1",
        "1.3.0.CR2",
        "1.3.0.Final",
        "1.3.1.Final",
        "1.3.2.Final",
        "1.3.3.Final",
        "1.3.4.Final",
        "1.4.0.CR1",
        "1.4.0.Final",
        "1.4.1.Final",
        "1.4.2.Final",
        "1.5.0.CR1",
        "1.5.0.Final",
        "1.5.1.Final",
        "1.5.2.Final",
        "1.6.0.CR1",
        "1.6.0.Final",
        "1.6.1.Final",
        "1.7.0.CR1",
        "1.7.0.CR2",
        "1.7.0.Final",
        "1.7.1.Final",
        "1.7.2.Final",
        "1.7.3.Final",
        "1.7.4.Final",
        "1.7.5.Final",
        "1.7.6.Final",
        "1.8.0.CR1",
        "1.8.0.Final",
        "1.8.1.Final",
        "1.8.2.Final",
        "1.8.3.Final",
        "1.9.0.CR1",
        "1.9.0.Final",
        "1.9.1.Final",
        "1.9.2.Final",
        "2.0.0.Alpha1",
        "2.0.0.Alpha2",
        "2.0.0.Alpha3",
        "2.0.0.CR1",
        "2.0.0.CR2",
        "2.0.0.CR3",
        "2.0.0.Final",
        "2.0.1.Final",
        "2.0.2.Final",
        "2.0.3.Final",
        "2.1.0.CR1",
        "2.1.0.Final",
        "2.1.1.Final",
        "2.1.2.Final",
        "2.1.3.Final",
        "2.1.4.Final",
        "2.10.0.CR1",
        "2.10.0.Final",
        "2.10.1.Final",
        "2.10.2.Final",
        "2.10.3.Final",
        "2.10.4.Final",
        "2.11.0.CR1",
        "2.11.0.Final",
        "2.11.1.Final",
        "2.11.2.Final",
        "2.11.3.Final",
        "2.12.0.CR1",
        "2.12.0.Final",
        "2.12.1.Final",
        "2.12.2.Final",
        "2.12.3.Final",
        "2.13.0.CR1",
        "2.13.0.Final",
        "2.13.1.Final",
        "2.13.2.Final",
        "2.13.3.Final",
        "2.13.4.Final",
        "2.13.5.Final",
        "2.13.6.Final",
        "2.13.7.Final",
        "2.13.8.Final",
        "2.13.9.Final",
        "2.14.0.CR1",
        "2.14.0.Final",
        "2.14.1.Final",
        "2.14.2.Final",
        "2.14.3.Final",
        "2.15.0.CR1",
        "2.15.0.Final",
        "2.15.1.Final",
        "2.15.2.Final",
        "2.15.3.Final",
        "2.16.0.CR1",
        "2.16.0.Final",
        "2.16.1.Final",
        "2.16.10.Final",
        "2.16.11.Final",
        "2.16.12.Final",
        "2.16.2.Final",
        "2.16.3.Final",
        "2.16.4.Final",
        "2.16.5.Final",
        "2.16.6.Final",
        "2.16.7.Final",
        "2.16.8.Final",
        "2.16.9.Final",
        "2.2.0.CR1",
        "2.2.0.Final",
        "2.2.1.Final",
        "2.2.2.Final",
        "2.2.3.Final",
        "2.2.4.Final",
        "2.2.5.Final",
        "2.3.0.CR1",
        "2.3.0.Final",
        "2.3.1.Final",
        "2.4.0.CR1",
        "2.4.0.Final",
        "2.4.1.Final",
        "2.4.2.Final",
        "2.5.0.CR1",
        "2.5.0.Final",
        "2.5.1.Final",
        "2.5.2.Final",
        "2.5.3.Final",
        "2.5.4.Final",
        "2.6.0.CR1",
        "2.6.0.Final",
        "2.6.1.Final",
        "2.6.2.Final",
        "2.6.3.Final",
        "2.7.0.CR1",
        "2.7.0.Final",
        "2.7.1.Final",
        "2.7.2.Final",
        "2.7.3.Final",
        "2.7.4.Final",
        "2.7.5.Final",
        "2.7.6.Final",
        "2.7.7.Final",
        "2.8.0.CR1",
        "2.8.0.Final",
        "2.8.1.Final",
        "2.8.2.Final",
        "2.8.3.Final",
        "2.9.0.CR1",
        "2.9.0.Final",
        "2.9.1.Final",
        "2.9.2.Final",
        "3.0.0.Alpha1",
        "3.0.0.Alpha2",
        "3.0.0.Alpha3",
        "3.0.0.Alpha4",
        "3.0.0.Alpha5",
        "3.0.0.Alpha6",
        "3.0.0.Beta1",
        "3.0.0.CR1",
        "3.0.0.CR2",
        "3.0.0.Final",
        "3.0.1.Final",
        "3.0.2.Final",
        "3.0.3.Final",
        "3.0.4.Final",
        "3.1.0.CR1",
        "3.1.0.Final",
        "3.1.1.Final",
        "3.1.2.Final",
        "3.1.3.Final",
        "3.2.0.CR1",
        "3.2.0.Final",
        "3.2.1.Final",
        "3.2.10.Final",
        "3.2.11.Final",
        "3.2.2.Final",
        "3.2.3.Final",
        "3.2.4.Final",
        "3.2.5.Final",
        "3.2.6.Final",
        "3.2.7.Final",
        "3.2.8.Final",
        "3.2.9.Final"
      ],
      "database_specific": {
        "source": "https://github.com/github/advisory-database/blob/main/advisories/github-reviewed/2024/04/GHSA-f8h5-v2vg-46rr/GHSA-f8h5-v2vg-46rr.json"
      }
    }
  ],
  "schema_version": "1.6.0",
  "severity": [
    {
      "type": "CVSS_V3",
      "score": "CVSS:3.1/AV:L/AC:H/PR:L/UI:N/S:U/C:H/I:H/A:H"
    }
  ]
}