{
  "id": "GHSA-vcgj-j8c5-2h52",
  "summary": "Jenkins Active Directory Plugin did not verify certificate of AD server",
  "details": "It was found that the Active Directory Plugin for Jenkins up to and including version 2.2 did not verify certificates of the Active Directory server, thereby enabling Man-in-the-Middle attacks.",
  "aliases": [
    "CVE-2017-2649"
  ],
  "modified": "2024-02-18T05:32:23.387386Z",
  "published": "2022-05-13T01:36:52Z",
  "database_specific": {
    "nvd_published_at": "2018-07-27T20:29:00Z",
    "cwe_ids": [
      "CWE-295"
    ],
    "severity": "HIGH",
    "github_reviewed": true,
    "github_reviewed_at": "2024-01-30T22:46:41Z"
  },
  "references": [
    {
      "type": "ADVISORY",
      "url": "https://nvd.nist.gov/vuln/detail/CVE-2017-2649"
    },
    {
      "type": "WEB",
      "url": "https://jenkins.io/security/advisory/2017-03-20"
    },
    {
      "type": "WEB",
      "url": "http://www.securityfocus.com/bid/96986"
    }
  ],
  "affected": [
    {
      "package": {
        "name": "org.jenkins-ci.plugins:active-directory",
        "ecosystem": "Maven",
        "purl": "pkg:maven/org.jenkins-ci.plugins/active-directory"
      },
      "ranges": [
        {
          "type": "ECOSYSTEM",
          "events": [
            {
              "introduced": "0"
            },
            {
              "fixed": "2.3"
            }
          ]
        }
      ],
      "versions": [
        "1.18",
        "1.19",
        "1.20",
        "1.21",
        "1.22",
        "1.23",
        "1.24",
        "1.25",
        "1.26",
        "1.27",
        "1.28",
        "1.29",
        "1.30",
        "1.31",
        "1.32",
        "1.33",
        "1.34",
        "1.35",
        "1.36",
        "1.37",
        "1.38",
        "1.39",
        "1.41",
        "1.42",
        "1.43",
        "1.44",
        "1.45",
        "1.46",
        "1.47",
        "1.48",
        "1.49",
        "2.0",
        "2.1",
        "2.2"
      ],
      "database_specific": {
        "last_known_affected_version_range": "<= 2.2",
        "source": "https://github.com/github/advisory-database/blob/main/advisories/github-reviewed/2022/05/GHSA-vcgj-j8c5-2h52/GHSA-vcgj-j8c5-2h52.json"
      }
    }
  ],
  "schema_version": "1.6.0",
  "severity": [
    {
      "type": "CVSS_V3",
      "score": "CVSS:3.0/AV:N/AC:H/PR:N/UI:N/S:U/C:H/I:H/A:H"
    }
  ]
}