{
  "id": "GHSA-g8j8-mgh9-q77p",
  "summary": "File upload leading to RCE in MCMS",
  "details": "An arbitrary file upload vulnerability in the component /ms/file/uploadTemplate.do of MCMS v5.2.4 allows attackers to execute arbitrary code.",
  "aliases": [
    "CVE-2021-46036"
  ],
  "modified": "2024-02-19T05:31:51.391601Z",
  "published": "2022-02-19T00:01:25Z",
  "database_specific": {
    "nvd_published_at": "2022-02-18T19:15:00Z",
    "cwe_ids": [
      "CWE-434"
    ],
    "severity": "CRITICAL",
    "github_reviewed": true,
    "github_reviewed_at": "2022-03-01T21:29:04Z"
  },
  "references": [
    {
      "type": "ADVISORY",
      "url": "https://nvd.nist.gov/vuln/detail/CVE-2021-46036"
    },
    {
      "type": "WEB",
      "url": "https://lycshub.github.io/2021/12/28/MCMS-vulnerabilities"
    }
  ],
  "affected": [
    {
      "package": {
        "name": "net.mingsoft:ms-mcms",
        "ecosystem": "Maven",
        "purl": "pkg:maven/net.mingsoft/ms-mcms"
      },
      "ranges": [
        {
          "type": "ECOSYSTEM",
          "events": [
            {
              "introduced": "0"
            },
            {
              "last_affected": "5.2.4"
            }
          ]
        }
      ],
      "versions": [
        "4.6.3-SNAPSHOTS",
        "4.6.5",
        "4.7.1",
        "4.7.2",
        "5.0.0",
        "5.0.1",
        "5.1",
        "5.2",
        "5.2.0",
        "5.2.0.RELEASE",
        "5.2.1",
        "5.2.2",
        "5.2.3",
        "5.2.4"
      ],
      "database_specific": {
        "source": "https://github.com/github/advisory-database/blob/main/advisories/github-reviewed/2022/02/GHSA-g8j8-mgh9-q77p/GHSA-g8j8-mgh9-q77p.json"
      }
    }
  ],
  "schema_version": "1.6.0",
  "severity": [
    {
      "type": "CVSS_V3",
      "score": "CVSS:3.1/AV:N/AC:L/PR:N/UI:N/S:U/C:H/I:H/A:H"
    }
  ]
}