{
  "id": "GHSA-6x2w-gwgf-5rg3",
  "summary": "Jenkins Deploy WebLogic Plugin cross-site request forgery vulnerability",
  "details": "JenkinsDeploy WebLogic Plugin does not perform permission checks on a method implementing form validation. This allows users with Overall/Read access to Jenkins to send an HTTP HEAD request to a user-specified URL, or confirm the existence of any file or directory on the Jenkins controller.\n\nAdditionally, the form validation method does not require POST requests, resulting in a CSRF vulnerability.\n\nAs of publication of this advisory, there is no fix.",
  "aliases": [
    "CVE-2019-10464"
  ],
  "modified": "2024-02-16T07:56:50.049411Z",
  "published": "2022-05-24T16:59:37Z",
  "database_specific": {
    "nvd_published_at": "2019-10-23T13:15:00Z",
    "cwe_ids": [
      "CWE-352"
    ],
    "severity": "HIGH",
    "github_reviewed": true,
    "github_reviewed_at": "2023-10-27T15:49:20Z"
  },
  "references": [
    {
      "type": "ADVISORY",
      "url": "https://nvd.nist.gov/vuln/detail/CVE-2019-10464"
    },
    {
      "type": "WEB",
      "url": "https://jenkins.io/security/advisory/2019-10-23/#SECURITY-820"
    },
    {
      "type": "WEB",
      "url": "http://www.openwall.com/lists/oss-security/2019/10/23/2"
    }
  ],
  "affected": [
    {
      "package": {
        "name": "org.jenkins-ci.plugins:weblogic-deployer-plugin",
        "ecosystem": "Maven",
        "purl": "pkg:maven/org.jenkins-ci.plugins/weblogic-deployer-plugin"
      },
      "ranges": [
        {
          "type": "ECOSYSTEM",
          "events": [
            {
              "introduced": "0"
            },
            {
              "last_affected": "4.1"
            }
          ]
        }
      ],
      "versions": [
        "1.1",
        "1.2",
        "1.3",
        "1.4",
        "2.0",
        "2.1",
        "2.10",
        "2.11",
        "2.12",
        "2.13",
        "2.2",
        "2.3",
        "2.4",
        "2.5",
        "2.6",
        "2.7",
        "2.8",
        "2.9",
        "2.9.1",
        "3.0",
        "3.1",
        "3.2",
        "3.3",
        "3.4",
        "3.5",
        "3.6",
        "3.7",
        "4.0",
        "4.1"
      ],
      "database_specific": {
        "source": "https://github.com/github/advisory-database/blob/main/advisories/github-reviewed/2022/05/GHSA-6x2w-gwgf-5rg3/GHSA-6x2w-gwgf-5rg3.json"
      }
    }
  ],
  "schema_version": "1.6.0",
  "severity": [
    {
      "type": "CVSS_V3",
      "score": "CVSS:3.1/AV:N/AC:L/PR:N/UI:R/S:U/C:H/I:H/A:H"
    }
  ]
}