{
  "id": "GHSA-p782-4j23-xqcg",
  "summary": "Apache Atlas: zip path traversal in import functionality",
  "details": "A vulnerability in import module of Apache Atlas allows an authenticated user to write to web server filesystem. This issue affects Apache Atlas versions from 0.8.4 to 2.2.0.",
  "aliases": [
    "CVE-2022-34271"
  ],
  "modified": "2023-11-08T04:09:45.334674Z",
  "published": "2022-12-14T09:30:24Z",
  "database_specific": {
    "nvd_published_at": "2022-12-14T09:15:00Z",
    "github_reviewed_at": "2022-12-14T21:41:34Z",
    "severity": "HIGH",
    "github_reviewed": true,
    "cwe_ids": [
      "CWE-22"
    ]
  },
  "references": [
    {
      "type": "ADVISORY",
      "url": "https://nvd.nist.gov/vuln/detail/CVE-2022-34271"
    },
    {
      "type": "WEB",
      "url": "https://github.com/apache/atlas/commit/3415913d252597c24c6b5d19d315375a49e64152"
    },
    {
      "type": "PACKAGE",
      "url": "https://github.com/apache/atlas"
    },
    {
      "type": "WEB",
      "url": "https://issues.apache.org/jira/browse/ATLAS-4622"
    },
    {
      "type": "WEB",
      "url": "https://lists.apache.org/thread/0rqvcxo6brmos9w3lzfsdn2lsmlblpw3"
    }
  ],
  "affected": [
    {
      "package": {
        "name": "org.apache.atlas:apache-atlas",
        "ecosystem": "Maven",
        "purl": "pkg:maven/org.apache.atlas/apache-atlas"
      },
      "ranges": [
        {
          "type": "ECOSYSTEM",
          "events": [
            {
              "introduced": "0.8.4"
            },
            {
              "fixed": "2.3.0"
            }
          ]
        }
      ],
      "versions": [
        "0.8.4",
        "1.0.0",
        "1.0.0-alpha",
        "1.1.0",
        "1.2.0",
        "2.0.0",
        "2.1.0",
        "2.2.0"
      ],
      "database_specific": {
        "source": "https://github.com/github/advisory-database/blob/main/advisories/github-reviewed/2022/12/GHSA-p782-4j23-xqcg/GHSA-p782-4j23-xqcg.json"
      }
    }
  ],
  "schema_version": "1.6.0",
  "severity": [
    {
      "type": "CVSS_V3",
      "score": "CVSS:3.1/AV:N/AC:L/PR:L/UI:N/S:U/C:H/I:H/A:H"
    }
  ]
}