{
  "id": "GHSA-x3x3-qwjq-8gj4",
  "summary": "Apache CXF Server-Side Request Forgery vulnerability",
  "details": "A SSRF vulnerability in parsing the href attribute of XOP:Include in MTOM requests in versions of Apache CXF before 3.5.5 and 3.4.10 allows an attacker to perform SSRF style attacks on webservices that take at least one parameter of any type.",
  "aliases": [
    "CVE-2022-46364"
  ],
  "modified": "2023-11-08T04:10:56.313603Z",
  "published": "2022-12-13T18:30:26Z",
  "database_specific": {
    "nvd_published_at": "2022-12-13T17:15:00Z",
    "github_reviewed_at": "2022-12-13T19:45:21Z",
    "severity": "CRITICAL",
    "github_reviewed": true,
    "cwe_ids": [
      "CWE-918"
    ]
  },
  "references": [
    {
      "type": "ADVISORY",
      "url": "https://nvd.nist.gov/vuln/detail/CVE-2022-46364"
    },
    {
      "type": "WEB",
      "url": "https://cxf.apache.org/security-advisories.data/CVE-2022-46364.txt?version=1&modificationDate=1670944472739&api=v2"
    }
  ],
  "affected": [
    {
      "package": {
        "name": "org.apache.cxf:cxf-core",
        "ecosystem": "Maven",
        "purl": "pkg:maven/org.apache.cxf/cxf-core"
      },
      "ranges": [
        {
          "type": "ECOSYSTEM",
          "events": [
            {
              "introduced": "0"
            },
            {
              "fixed": "3.4.10"
            }
          ]
        }
      ],
      "versions": [
        "3.0.0",
        "3.0.0-milestone1",
        "3.0.0-milestone2",
        "3.0.1",
        "3.0.10",
        "3.0.11",
        "3.0.12",
        "3.0.13",
        "3.0.14",
        "3.0.15",
        "3.0.16",
        "3.0.2",
        "3.0.3",
        "3.0.4",
        "3.0.5",
        "3.0.6",
        "3.0.7",
        "3.0.8",
        "3.0.9",
        "3.1.0",
        "3.1.1",
        "3.1.10",
        "3.1.11",
        "3.1.12",
        "3.1.13",
        "3.1.14",
        "3.1.15",
        "3.1.16",
        "3.1.17",
        "3.1.18",
        "3.1.2",
        "3.1.3",
        "3.1.4",
        "3.1.5",
        "3.1.6",
        "3.1.7",
        "3.1.8",
        "3.1.9",
        "3.2.0",
        "3.2.1",
        "3.2.10",
        "3.2.11",
        "3.2.12",
        "3.2.13",
        "3.2.14",
        "3.2.2",
        "3.2.3",
        "3.2.4",
        "3.2.5",
        "3.2.6",
        "3.2.7",
        "3.2.8",
        "3.2.9",
        "3.3.0",
        "3.3.1",
        "3.3.10",
        "3.3.11",
        "3.3.12",
        "3.3.13",
        "3.3.2",
        "3.3.3",
        "3.3.4",
        "3.3.5",
        "3.3.6",
        "3.3.7",
        "3.3.8",
        "3.3.9",
        "3.4.0",
        "3.4.1",
        "3.4.2",
        "3.4.3",
        "3.4.4",
        "3.4.5",
        "3.4.6",
        "3.4.7",
        "3.4.8",
        "3.4.9"
      ],
      "database_specific": {
        "source": "https://github.com/github/advisory-database/blob/main/advisories/github-reviewed/2022/12/GHSA-x3x3-qwjq-8gj4/GHSA-x3x3-qwjq-8gj4.json"
      }
    },
    {
      "package": {
        "name": "org.apache.cxf:cxf-core",
        "ecosystem": "Maven",
        "purl": "pkg:maven/org.apache.cxf/cxf-core"
      },
      "ranges": [
        {
          "type": "ECOSYSTEM",
          "events": [
            {
              "introduced": "3.5.0"
            },
            {
              "fixed": "3.5.5"
            }
          ]
        }
      ],
      "versions": [
        "3.5.0",
        "3.5.1",
        "3.5.2",
        "3.5.3",
        "3.5.4"
      ],
      "database_specific": {
        "source": "https://github.com/github/advisory-database/blob/main/advisories/github-reviewed/2022/12/GHSA-x3x3-qwjq-8gj4/GHSA-x3x3-qwjq-8gj4.json"
      }
    }
  ],
  "schema_version": "1.6.0",
  "severity": [
    {
      "type": "CVSS_V3",
      "score": "CVSS:3.1/AV:N/AC:L/PR:N/UI:N/S:U/C:H/I:H/A:H"
    }
  ]
}