{
  "id": "GHSA-w39x-chvm-pj3c",
  "summary": "Deserialization of Untrusted Data in com.bstek.ureport:ureport2-console",
  "details": "All versions of package com.bstek.ureport:ureport2-console are vulnerable to Remote Code Execution by connecting to a malicious database server, causing arbitrary file read and deserialization of local gadgets.",
  "aliases": [
    "CVE-2022-25767"
  ],
  "modified": "2023-11-08T04:08:48.208584Z",
  "published": "2022-05-03T00:00:44Z",
  "database_specific": {
    "nvd_published_at": "2022-05-01T16:15:00Z",
    "github_reviewed_at": "2022-05-19T22:21:59Z",
    "severity": "CRITICAL",
    "github_reviewed": true,
    "cwe_ids": [
      "CWE-502",
      "CWE-94"
    ]
  },
  "references": [
    {
      "type": "ADVISORY",
      "url": "https://nvd.nist.gov/vuln/detail/CVE-2022-25767"
    },
    {
      "type": "WEB",
      "url": "https://github.com/JinYiTong/CVE-Req/blob/main/ureport2/ureport2-console.md"
    },
    {
      "type": "PACKAGE",
      "url": "https://github.com/youseries/ureport"
    },
    {
      "type": "WEB",
      "url": "https://snyk.io/vuln/SNYK-JAVA-COMBSTEKUREPORT-2322018"
    }
  ],
  "affected": [
    {
      "package": {
        "name": "com.bstek.ureport:ureport2-console",
        "ecosystem": "Maven",
        "purl": "pkg:maven/com.bstek.ureport/ureport2-console"
      },
      "ranges": [
        {
          "type": "ECOSYSTEM",
          "events": [
            {
              "introduced": "0"
            },
            {
              "last_affected": "2.2.9"
            }
          ]
        }
      ],
      "versions": [
        "2.0.0",
        "2.0.1",
        "2.0.2",
        "2.0.3",
        "2.0.4",
        "2.0.5",
        "2.0.6",
        "2.0.7",
        "2.0.8",
        "2.0.9",
        "2.1.0",
        "2.1.1",
        "2.1.2",
        "2.1.3",
        "2.1.4",
        "2.1.5",
        "2.2",
        "2.2.1",
        "2.2.2",
        "2.2.3",
        "2.2.4",
        "2.2.5",
        "2.2.6",
        "2.2.7",
        "2.2.8",
        "2.2.9"
      ],
      "database_specific": {
        "source": "https://github.com/github/advisory-database/blob/main/advisories/github-reviewed/2022/05/GHSA-w39x-chvm-pj3c/GHSA-w39x-chvm-pj3c.json"
      }
    }
  ],
  "schema_version": "1.6.0",
  "severity": [
    {
      "type": "CVSS_V3",
      "score": "CVSS:3.1/AV:N/AC:L/PR:N/UI:N/S:U/C:H/I:H/A:H"
    }
  ]
}