{
  "id": "GHSA-gx6h-936c-vrrr",
  "summary": "Cross site scripting in registration template in xwiki-platform",
  "details": "### Impact\n\nWe found a possible XSS vector in the `registerinline.vm` template related to the `xredirect` hidden field. \nThis template is only used in the following conditions:\n  - the wiki must be open to registration for anyone\n  - the wiki must be closed to view for Guest users (more specifically the XWiki.Registration page must be forbidden in View for guest user)\n\nA way to obtain the second condition is when administrators checked the \"Prevent unregistered users from viewing pages, regardless of the page rights\" box in the administration rights.\n\n### Patches\n\nThe issue is patched in versions 12.10.11, 14.0-rc-1, 13.4.7, 13.10.3.\n\n### Workarounds\n\nThere are two main ways for protecting against this vulnerability, the easiest and the best one is by applying a patch in the `registerinline.vm` template, the patch consists in checking the value of the xredirect field to ensure it matches the following:\n```\n<input type=\"hidden\" name=\"xredirect\" value=\"$escapetool.xml($!request.xredirect)\" />\n```\n\nIf for some reason it's not possible to patch this file, another workaround is to ensure \"Prevent unregistered users from viewing pages, regardless of the page rights\" is not checked in the rights and apply a better right scheme using groups and rights on spaces. \n\n### References\n\nhttps://jira.xwiki.org/browse/XWIKI-19291\n\n### For more information\nIf you have any questions or comments about this advisory:\n* Open an issue in [Jira XWiki](https://jira.xwiki.org)\n* Email us at [security mailing list](mailto:security@xwiki.org)\n",
  "aliases": [
    "CVE-2022-23622"
  ],
  "modified": "2023-11-08T04:08:25.392451Z",
  "published": "2022-02-09T23:25:44Z",
  "database_specific": {
    "nvd_published_at": "2022-02-09T22:15:00Z",
    "github_reviewed_at": "2022-02-09T23:25:44Z",
    "severity": "HIGH",
    "github_reviewed": true,
    "cwe_ids": [
      "CWE-79"
    ]
  },
  "references": [
    {
      "type": "WEB",
      "url": "https://github.com/xwiki/xwiki-platform/security/advisories/GHSA-gx6h-936c-vrrr"
    },
    {
      "type": "ADVISORY",
      "url": "https://nvd.nist.gov/vuln/detail/CVE-2022-23622"
    },
    {
      "type": "WEB",
      "url": "https://github.com/xwiki/xwiki-platform/commit/053d957d53f2a543d158f3ab651e390d2728e0b9"
    },
    {
      "type": "PACKAGE",
      "url": "https://github.com/xwiki/xwiki-platform"
    },
    {
      "type": "WEB",
      "url": "https://jira.xwiki.org/browse/XWIKI-19291"
    }
  ],
  "affected": [
    {
      "package": {
        "name": "org.xwiki.platform:xwiki-platform-web-templates",
        "ecosystem": "Maven",
        "purl": "pkg:maven/org.xwiki.platform/xwiki-platform-web-templates"
      },
      "ranges": [
        {
          "type": "ECOSYSTEM",
          "events": [
            {
              "introduced": "2.6.1"
            },
            {
              "fixed": "12.10.11"
            }
          ]
        }
      ],
      "database_specific": {
        "source": "https://github.com/github/advisory-database/blob/main/advisories/github-reviewed/2022/02/GHSA-gx6h-936c-vrrr/GHSA-gx6h-936c-vrrr.json"
      },
      "versions": []
    },
    {
      "package": {
        "name": "org.xwiki.platform:xwiki-platform-web-templates",
        "ecosystem": "Maven",
        "purl": "pkg:maven/org.xwiki.platform/xwiki-platform-web-templates"
      },
      "ranges": [
        {
          "type": "ECOSYSTEM",
          "events": [
            {
              "introduced": "13.0.0"
            },
            {
              "fixed": "13.4.7"
            }
          ]
        }
      ],
      "database_specific": {
        "source": "https://github.com/github/advisory-database/blob/main/advisories/github-reviewed/2022/02/GHSA-gx6h-936c-vrrr/GHSA-gx6h-936c-vrrr.json"
      },
      "versions": []
    },
    {
      "package": {
        "name": "org.xwiki.platform:xwiki-platform-web-templates",
        "ecosystem": "Maven",
        "purl": "pkg:maven/org.xwiki.platform/xwiki-platform-web-templates"
      },
      "ranges": [
        {
          "type": "ECOSYSTEM",
          "events": [
            {
              "introduced": "13.10.0"
            },
            {
              "fixed": "13.10.3"
            }
          ]
        }
      ],
      "database_specific": {
        "source": "https://github.com/github/advisory-database/blob/main/advisories/github-reviewed/2022/02/GHSA-gx6h-936c-vrrr/GHSA-gx6h-936c-vrrr.json"
      },
      "versions": []
    }
  ],
  "schema_version": "1.6.0",
  "severity": [
    {
      "type": "CVSS_V3",
      "score": "CVSS:3.1/AV:N/AC:L/PR:N/UI:R/S:C/C:H/I:N/A:N"
    }
  ]
}