{
  "id": "GHSA-x546-xrx3-hjx4",
  "summary": "Jenkins Dynatrace Plugin vulnerable to Cross-Site Request Forgery",
  "details": "A cross-site request forgery vulnerability in Jenkins Dynatrace Application Monitoring Plugin prior to 2.1.4 allows attackers to connect to an attacker-specified URL using attacker-specified credentials.\n\n##NOTE: This plugin is marked as DEPRECATED",
  "aliases": [
    "CVE-2019-10462"
  ],
  "modified": "2023-11-08T04:00:52.825242Z",
  "published": "2022-05-24T16:59:37Z",
  "database_specific": {
    "nvd_published_at": "2019-10-23T13:15:00Z",
    "github_reviewed_at": "2022-12-06T21:44:45Z",
    "severity": "HIGH",
    "github_reviewed": true,
    "cwe_ids": [
      "CWE-352"
    ]
  },
  "references": [
    {
      "type": "ADVISORY",
      "url": "https://nvd.nist.gov/vuln/detail/CVE-2019-10462"
    },
    {
      "type": "WEB",
      "url": "https://github.com/jenkinsci/dynatrace-plugin/commit/373adaa1161d59ccd4e5e3469a9b6aeec17968ae"
    },
    {
      "type": "PACKAGE",
      "url": "https://github.com/jenkinsci/dynatrace-plugin"
    },
    {
      "type": "WEB",
      "url": "https://jenkins.io/security/advisory/2019-10-23/#SECURITY-1483%20(1)"
    },
    {
      "type": "WEB",
      "url": "http://www.openwall.com/lists/oss-security/2019/10/23/2"
    }
  ],
  "affected": [
    {
      "package": {
        "name": "org.jenkins-ci.plugins:dynatrace-dashboard",
        "ecosystem": "Maven",
        "purl": "pkg:maven/org.jenkins-ci.plugins/dynatrace-dashboard"
      },
      "ranges": [
        {
          "type": "ECOSYSTEM",
          "events": [
            {
              "introduced": "0"
            },
            {
              "fixed": "2.1.4"
            }
          ]
        }
      ],
      "versions": [
        "1.0.5",
        "2.0.4",
        "2.0.5",
        "2.0.7",
        "2.1.0",
        "2.1.3"
      ],
      "database_specific": {
        "source": "https://github.com/github/advisory-database/blob/main/advisories/github-reviewed/2022/05/GHSA-x546-xrx3-hjx4/GHSA-x546-xrx3-hjx4.json"
      }
    }
  ],
  "schema_version": "1.6.0",
  "severity": [
    {
      "type": "CVSS_V3",
      "score": "CVSS:3.1/AV:N/AC:L/PR:N/UI:R/S:U/C:H/I:H/A:N"
    }
  ]
}