{
  "id": "GHSA-jp5r-4x9q-4vcf",
  "summary": "xuxueli xxl-job Cross-Site Request Forgery Vulnerability",
  "details": "Cross Site Request Forgery (CSRF) vulnerability in `xxl-job-admin/user/add` in xuxueli xxl-job version 2.2.0 allows remote attackers to execute arbitrary code and esclate privileges via crafted .html file.",
  "aliases": [
    "CVE-2020-24922"
  ],
  "modified": "2024-02-16T08:20:21.427254Z",
  "published": "2023-08-11T15:30:46Z",
  "database_specific": {
    "nvd_published_at": "2023-08-11T14:15:10Z",
    "cwe_ids": [
      "CWE-352"
    ],
    "severity": "HIGH",
    "github_reviewed": true,
    "github_reviewed_at": "2023-08-11T21:11:20Z"
  },
  "references": [
    {
      "type": "ADVISORY",
      "url": "https://nvd.nist.gov/vuln/detail/CVE-2020-24922"
    },
    {
      "type": "WEB",
      "url": "https://github.com/xuxueli/xxl-job/issues/1921"
    },
    {
      "type": "PACKAGE",
      "url": "https://github.com/xuxueli/xxl-job"
    }
  ],
  "affected": [
    {
      "package": {
        "name": "com.xuxueli:xxl-job",
        "ecosystem": "Maven",
        "purl": "pkg:maven/com.xuxueli/xxl-job"
      },
      "ranges": [
        {
          "type": "ECOSYSTEM",
          "events": [
            {
              "introduced": "0"
            },
            {
              "last_affected": "2.2.0"
            }
          ]
        }
      ],
      "versions": [
        "1.4.1",
        "1.4.2",
        "1.5.0",
        "1.5.1",
        "1.5.2",
        "1.6.0",
        "1.6.1",
        "1.6.2",
        "1.7.0",
        "1.7.1",
        "1.7.2",
        "1.8.0",
        "1.8.1",
        "1.8.2",
        "1.9.0",
        "1.9.1",
        "1.9.2",
        "2.0.0",
        "2.0.1",
        "2.0.2",
        "2.1.0",
        "2.1.1",
        "2.1.2",
        "2.2.0"
      ],
      "database_specific": {
        "source": "https://github.com/github/advisory-database/blob/main/advisories/github-reviewed/2023/08/GHSA-jp5r-4x9q-4vcf/GHSA-jp5r-4x9q-4vcf.json"
      }
    }
  ],
  "schema_version": "1.6.0",
  "severity": [
    {
      "type": "CVSS_V3",
      "score": "CVSS:3.1/AV:N/AC:L/PR:N/UI:R/S:U/C:H/I:H/A:H"
    }
  ]
}