{
  "id": "GHSA-cgmm-c2m9-ff7r",
  "summary": "jFinal Server-Side Template Injection vulnerability",
  "details": "Server-Side Template Injection (SSTI) vulnerability in jFinal v.4.9.08 allows a remote attacker to execute arbitrary code via the template function.",
  "aliases": [
    "CVE-2021-31635"
  ],
  "modified": "2024-02-16T08:21:27.136625Z",
  "published": "2023-06-26T21:30:59Z",
  "database_specific": {
    "nvd_published_at": "2023-06-26T19:15:09Z",
    "cwe_ids": [],
    "severity": "CRITICAL",
    "github_reviewed": true,
    "github_reviewed_at": "2023-06-29T15:02:49Z"
  },
  "references": [
    {
      "type": "ADVISORY",
      "url": "https://nvd.nist.gov/vuln/detail/CVE-2021-31635"
    },
    {
      "type": "WEB",
      "url": "https://github.com/jfinal/jfinal/issues/187"
    },
    {
      "type": "WEB",
      "url": "https://gitee.com/jfinal/jfinal/issues/I3IXLE"
    }
  ],
  "affected": [
    {
      "package": {
        "name": "com.jfinal:jfinal",
        "ecosystem": "Maven",
        "purl": "pkg:maven/com.jfinal/jfinal"
      },
      "ranges": [
        {
          "type": "ECOSYSTEM",
          "events": [
            {
              "introduced": "0"
            },
            {
              "last_affected": "4.9.08"
            }
          ]
        }
      ],
      "versions": [
        "1.4",
        "1.4.0",
        "1.5",
        "1.6",
        "1.8",
        "1.9",
        "2.0",
        "2.1",
        "2.2",
        "3.0",
        "3.1",
        "3.2",
        "3.3",
        "3.4",
        "3.5",
        "3.6",
        "3.7",
        "3.8",
        "4.0",
        "4.1",
        "4.2",
        "4.3",
        "4.4",
        "4.5",
        "4.6",
        "4.7",
        "4.8",
        "4.9",
        "4.9.01",
        "4.9.02",
        "4.9.03",
        "4.9.04",
        "4.9.05",
        "4.9.06",
        "4.9.07",
        "4.9.08"
      ],
      "database_specific": {
        "source": "https://github.com/github/advisory-database/blob/main/advisories/github-reviewed/2023/06/GHSA-cgmm-c2m9-ff7r/GHSA-cgmm-c2m9-ff7r.json"
      }
    }
  ],
  "schema_version": "1.6.0",
  "severity": [
    {
      "type": "CVSS_V3",
      "score": "CVSS:3.1/AV:N/AC:L/PR:N/UI:N/S:U/C:H/I:H/A:H"
    }
  ]
}