{
  "id": "GHSA-cvj4-g3gx-8vqq",
  "summary": "Restlet Framework allows remote attackers to access arbitrary files via a crafted REST API HTTP request",
  "details": "Restlet Framework before 2.3.12 allows remote attackers to access arbitrary files via a crafted REST API HTTP request that conducts an XXE attack, because only general external entities (not parameter external entities) are properly considered. This is related to XmlRepresentation, DOMRepresentation, SaxRepresentation, and JacksonRepresentation.",
  "aliases": [
    "CVE-2017-14949"
  ],
  "modified": "2023-11-08T03:58:56.039619Z",
  "published": "2018-10-17T00:04:18Z",
  "database_specific": {
    "nvd_published_at": null,
    "github_reviewed_at": "2020-06-16T21:32:56Z",
    "severity": "HIGH",
    "github_reviewed": true,
    "cwe_ids": [
      "CWE-611"
    ]
  },
  "references": [
    {
      "type": "ADVISORY",
      "url": "https://nvd.nist.gov/vuln/detail/CVE-2017-14949"
    },
    {
      "type": "WEB",
      "url": "https://github.com/restlet/restlet-framework-java/commit/fe75aff3af23b879b984db7a2b6824cee0ef0fc5"
    },
    {
      "type": "ADVISORY",
      "url": "https://github.com/advisories/GHSA-cvj4-g3gx-8vqq"
    },
    {
      "type": "PACKAGE",
      "url": "https://github.com/restlet/restlet-framework-java"
    },
    {
      "type": "WEB",
      "url": "https://github.com/restlet/restlet-framework-java/wiki/XEE-security-enhancements"
    },
    {
      "type": "WEB",
      "url": "https://lgtm.com/blog/restlet_CVE-2017-14949"
    }
  ],
  "affected": [
    {
      "package": {
        "name": "org.restlet.jse:org.restlet",
        "ecosystem": "Maven",
        "purl": "pkg:maven/org.restlet.jse/org.restlet"
      },
      "ranges": [
        {
          "type": "ECOSYSTEM",
          "events": [
            {
              "introduced": "0"
            },
            {
              "fixed": "2.3.12"
            }
          ]
        }
      ],
      "database_specific": {
        "source": "https://github.com/github/advisory-database/blob/main/advisories/github-reviewed/2018/10/GHSA-cvj4-g3gx-8vqq/GHSA-cvj4-g3gx-8vqq.json"
      },
      "versions": []
    }
  ],
  "schema_version": "1.6.0",
  "severity": [
    {
      "type": "CVSS_V3",
      "score": "CVSS:3.0/AV:N/AC:L/PR:N/UI:N/S:U/C:H/I:N/A:N"
    }
  ]
}