{
  "id": "GHSA-f96g-24cg-f24w",
  "summary": "SQL Injection in odata4j",
  "details": "odata4j 0.7.0 allows ExecuteJPQLQueryCommand.java SQL injection. NOTE: this product is apparently discontinued.",
  "aliases": [
    "CVE-2016-11024"
  ],
  "modified": "2023-11-08T03:58:21.819168Z",
  "published": "2021-05-07T15:52:41Z",
  "database_specific": {
    "nvd_published_at": "2020-03-30T20:15:00Z",
    "github_reviewed_at": "2021-05-06T22:00:11Z",
    "severity": "CRITICAL",
    "github_reviewed": true,
    "cwe_ids": [
      "CWE-89"
    ]
  },
  "references": [
    {
      "type": "ADVISORY",
      "url": "https://nvd.nist.gov/vuln/detail/CVE-2016-11024"
    },
    {
      "type": "WEB",
      "url": "https://groups.google.com/d/msg/odata4j-discuss/_lBwwXP30g0/Av6zkZMdBwAJ"
    }
  ],
  "affected": [
    {
      "package": {
        "name": "org.odata4j:odata4j-core",
        "ecosystem": "Maven",
        "purl": "pkg:maven/org.odata4j/odata4j-core"
      },
      "ranges": [
        {
          "type": "ECOSYSTEM",
          "events": [
            {
              "introduced": "0"
            },
            {
              "last_affected": "0.7.0"
            }
          ]
        }
      ],
      "versions": [
        "0.6.0",
        "0.7.0"
      ],
      "database_specific": {
        "source": "https://github.com/github/advisory-database/blob/main/advisories/github-reviewed/2021/05/GHSA-f96g-24cg-f24w/GHSA-f96g-24cg-f24w.json"
      }
    },
    {
      "package": {
        "name": "org.odata4j:odata4j-dist",
        "ecosystem": "Maven",
        "purl": "pkg:maven/org.odata4j/odata4j-dist"
      },
      "ranges": [
        {
          "type": "ECOSYSTEM",
          "events": [
            {
              "introduced": "0"
            },
            {
              "last_affected": "0.7.0"
            }
          ]
        }
      ],
      "versions": [
        "0.6.0",
        "0.7.0"
      ],
      "database_specific": {
        "source": "https://github.com/github/advisory-database/blob/main/advisories/github-reviewed/2021/05/GHSA-f96g-24cg-f24w/GHSA-f96g-24cg-f24w.json"
      }
    },
    {
      "package": {
        "name": "org.odata4j:odata4j-parent",
        "ecosystem": "Maven",
        "purl": "pkg:maven/org.odata4j/odata4j-parent"
      },
      "ranges": [
        {
          "type": "ECOSYSTEM",
          "events": [
            {
              "introduced": "0"
            },
            {
              "last_affected": "0.7.0"
            }
          ]
        }
      ],
      "versions": [
        "0.6.0",
        "0.7.0"
      ],
      "database_specific": {
        "source": "https://github.com/github/advisory-database/blob/main/advisories/github-reviewed/2021/05/GHSA-f96g-24cg-f24w/GHSA-f96g-24cg-f24w.json"
      }
    }
  ],
  "schema_version": "1.6.0",
  "severity": [
    {
      "type": "CVSS_V3",
      "score": "CVSS:3.1/AV:N/AC:L/PR:N/UI:N/S:U/C:H/I:H/A:H"
    }
  ]
}