{
  "id": "GHSA-gww7-p5w4-wrfv",
  "summary": "Deserialization of Untrusted Data in jackson-databind",
  "details": "FasterXML jackson-databind 2.x before 2.6.7.4, 2.7.x before 2.7.9.7, 2.8.x before 2.8.11.5, and 2.9.x before 2.9.10.2 lacks certain `net.sf.ehcache` blocking.",
  "aliases": [
    "CVE-2019-20330"
  ],
  "modified": "2024-03-15T01:05:18.790961Z",
  "published": "2020-03-04T20:52:11Z",
  "database_specific": {
    "nvd_published_at": "2020-01-03T04:15:00Z",
    "cwe_ids": [
      "CWE-502"
    ],
    "severity": "CRITICAL",
    "github_reviewed": true,
    "github_reviewed_at": "2020-02-25T02:46:33Z"
  },
  "references": [
    {
      "type": "ADVISORY",
      "url": "https://nvd.nist.gov/vuln/detail/CVE-2019-20330"
    },
    {
      "type": "WEB",
      "url": "https://github.com/FasterXML/jackson-databind/issues/2526"
    },
    {
      "type": "WEB",
      "url": "https://github.com/FasterXML/jackson-databind/commit/eb254813cc822d0af015ce8fe05febf50721dc53"
    },
    {
      "type": "WEB",
      "url": "https://github.com/FasterXML/jackson-databind/commit/fc4214a883dc087070f25da738ef0d49c2f3387e"
    },
    {
      "type": "WEB",
      "url": "https://lists.apache.org/thread.html/r909c822409a276ba04dc2ae31179b16f6864ba02c4f9911bdffebf95@%3Cissues.zookeeper.apache.org%3E"
    },
    {
      "type": "WEB",
      "url": "https://lists.apache.org/thread.html/ra2e572f568de8df5ba151e6aebb225a0629faaf0476bf7c7ed877af8@%3Cnotifications.zookeeper.apache.org%3E"
    },
    {
      "type": "WEB",
      "url": "https://lists.apache.org/thread.html/ra5ce96faec37c26b0aa15b4b6a8b1cbb145a748653e56ae83e9685d0@%3Cnotifications.zookeeper.apache.org%3E"
    },
    {
      "type": "WEB",
      "url": "https://lists.apache.org/thread.html/ra8a80dbc7319916946397823aec0d893d24713cbf7b5aee0e957298c@%3Cdev.zookeeper.apache.org%3E"
    },
    {
      "type": "WEB",
      "url": "https://lists.apache.org/thread.html/rb532fed78d031fff477fd840b81946f6d1200f93a63698dae65aa528@%3Ccommits.druid.apache.org%3E"
    },
    {
      "type": "WEB",
      "url": "https://lists.apache.org/thread.html/rd1f346227e11fc515914f3a7b20d81543e51e5822ba71baa0452634a@%3Cissues.zookeeper.apache.org%3E"
    },
    {
      "type": "WEB",
      "url": "https://lists.apache.org/thread.html/rd49cfa41bbb71ef33b53736a6af2aa8ba88c2106e30f2a34902a87d2@%3Cnotifications.zookeeper.apache.org%3E"
    },
    {
      "type": "WEB",
      "url": "https://lists.apache.org/thread.html/rd6c6fef14944f3dcfb58d35f9317eb1c32a700e86c1b5231e45d3d0b@%3Ccommits.druid.apache.org%3E"
    },
    {
      "type": "WEB",
      "url": "https://lists.apache.org/thread.html/rf1bbc0ea4a9f014cf94df9a12a6477d24a27f52741dbc87f2fd52ff2@%3Cissues.geode.apache.org%3E"
    },
    {
      "type": "WEB",
      "url": "https://lists.apache.org/thread.html/rfa57d9c2a27d3af14c69607fb1a3da00e758b2092aa88eb6a51b6e99@%3Cissues.zookeeper.apache.org%3E"
    },
    {
      "type": "WEB",
      "url": "https://lists.debian.org/debian-lts-announce/2020/02/msg00020.html"
    },
    {
      "type": "WEB",
      "url": "https://security.netapp.com/advisory/ntap-20200127-0004"
    },
    {
      "type": "WEB",
      "url": "https://www.oracle.com//security-alerts/cpujul2021.html"
    },
    {
      "type": "WEB",
      "url": "https://www.oracle.com/security-alerts/cpuapr2020.html"
    },
    {
      "type": "WEB",
      "url": "https://www.oracle.com/security-alerts/cpujul2020.html"
    },
    {
      "type": "WEB",
      "url": "https://www.oracle.com/security-alerts/cpuoct2020.html"
    },
    {
      "type": "PACKAGE",
      "url": "https://github.com/FasterXML/jackson-databind"
    },
    {
      "type": "WEB",
      "url": "https://github.com/FasterXML/jackson-databind/compare/jackson-databind-2.9.10.1...jackson-databind-2.9.10.2"
    },
    {
      "type": "WEB",
      "url": "https://lists.apache.org/thread.html/r107c8737db39ec9ec4f4e7147b249e29be79170b9ef4b80528105a2d@%3Cdev.zookeeper.apache.org%3E"
    },
    {
      "type": "WEB",
      "url": "https://lists.apache.org/thread.html/r1b103833cb5bc8466e24ff0ecc5e75b45a705334ab6a444e64e840a0@%3Cissues.bookkeeper.apache.org%3E"
    },
    {
      "type": "WEB",
      "url": "https://lists.apache.org/thread.html/r2c77dd6ab8344285bd8e481b57cf3029965a4b0036eefccef74cdd44@%3Cnotifications.zookeeper.apache.org%3E"
    },
    {
      "type": "WEB",
      "url": "https://lists.apache.org/thread.html/r392099ed2757ff2e383b10440594e914d080511d7da1c8fed0612c1f@%3Ccommits.druid.apache.org%3E"
    },
    {
      "type": "WEB",
      "url": "https://lists.apache.org/thread.html/r3f8180d0d25a7c6473ebb9714b0c1d19a73f455ae70d0c5fefc17e6c@%3Cissues.zookeeper.apache.org%3E"
    },
    {
      "type": "WEB",
      "url": "https://lists.apache.org/thread.html/r428735963bee7cb99877b88d3228e28ec28af64646455c4f3e7a3c94@%3Cissues.zookeeper.apache.org%3E"
    },
    {
      "type": "WEB",
      "url": "https://lists.apache.org/thread.html/r50f513772f12e1babf65c7c2b9c16425bac2d945351879e2e267517f@%3Cissues.zookeeper.apache.org%3E"
    },
    {
      "type": "WEB",
      "url": "https://lists.apache.org/thread.html/r5c14fdcabdeaba258857bcb67198652e4dce1d33ddc590cd81d82393@%3Cdev.zookeeper.apache.org%3E"
    },
    {
      "type": "WEB",
      "url": "https://lists.apache.org/thread.html/r5c3644c97f0434d1ceb48ff48897a67bdbf3baf7efbe7d04625425b3@%3Ccommits.druid.apache.org%3E"
    },
    {
      "type": "WEB",
      "url": "https://lists.apache.org/thread.html/r5d3d10fdf28110da3f9ac1b7d08d7e252f98d7d37ce0a6bd139a2e4f@%3Cissues.zookeeper.apache.org%3E"
    },
    {
      "type": "WEB",
      "url": "https://lists.apache.org/thread.html/r67f4d4c48197454b83d62afbed8bebbda3764e6e3a6e26a848961764@%3Ccommits.zookeeper.apache.org%3E"
    },
    {
      "type": "WEB",
      "url": "https://lists.apache.org/thread.html/r707d23bb9ee245f50aa909add0da6e8d8f24719b1278ddd99d2428b2@%3Cissues.zookeeper.apache.org%3E"
    },
    {
      "type": "WEB",
      "url": "https://lists.apache.org/thread.html/r7a0821b44247a1e6c6fe5f2943b90ebc4f80a8d1fb0aa9a8b29a59a2@%3Ccommits.zookeeper.apache.org%3E"
    },
    {
      "type": "WEB",
      "url": "https://lists.apache.org/thread.html/r7fb123e7dad49af5886cfec7135c0fd5b74e4c67af029e1dc91ba744@%3Ccommits.druid.apache.org%3E"
    },
    {
      "type": "WEB",
      "url": "https://lists.apache.org/thread.html/r8831b7fa5ca87a1cf23ee08d6dedb7877a964c1d2bd869af24056a63@%3Ccommits.zookeeper.apache.org%3E"
    }
  ],
  "affected": [
    {
      "package": {
        "name": "com.fasterxml.jackson.core:jackson-databind",
        "ecosystem": "Maven",
        "purl": "pkg:maven/com.fasterxml.jackson.core/jackson-databind"
      },
      "ranges": [
        {
          "type": "ECOSYSTEM",
          "events": [
            {
              "introduced": "2.0.0"
            },
            {
              "fixed": "2.6.7.4"
            }
          ]
        }
      ],
      "versions": [
        "2.0.0",
        "2.0.1",
        "2.0.2",
        "2.0.4",
        "2.0.5",
        "2.0.6",
        "2.1.0",
        "2.1.1",
        "2.1.2",
        "2.1.3",
        "2.1.4",
        "2.1.5",
        "2.2.0",
        "2.2.0-rc1",
        "2.2.1",
        "2.2.2",
        "2.2.3",
        "2.2.4",
        "2.3.0",
        "2.3.0-rc1",
        "2.3.1",
        "2.3.2",
        "2.3.3",
        "2.3.4",
        "2.3.5",
        "2.4.0",
        "2.4.0-rc1",
        "2.4.0-rc2",
        "2.4.0-rc3",
        "2.4.1",
        "2.4.1.1",
        "2.4.1.2",
        "2.4.1.3",
        "2.4.2",
        "2.4.3",
        "2.4.4",
        "2.4.5",
        "2.4.5.1",
        "2.4.6",
        "2.4.6.1",
        "2.5.0",
        "2.5.0-rc1",
        "2.5.1",
        "2.5.2",
        "2.5.3",
        "2.5.4",
        "2.5.5",
        "2.6.0",
        "2.6.0-rc1",
        "2.6.0-rc2",
        "2.6.0-rc3",
        "2.6.0-rc4",
        "2.6.1",
        "2.6.2",
        "2.6.3",
        "2.6.4",
        "2.6.5",
        "2.6.6",
        "2.6.7",
        "2.6.7.1",
        "2.6.7.2",
        "2.6.7.3"
      ],
      "database_specific": {
        "last_known_affected_version_range": "<= 2.6.7.3",
        "source": "https://github.com/github/advisory-database/blob/main/advisories/github-reviewed/2020/03/GHSA-gww7-p5w4-wrfv/GHSA-gww7-p5w4-wrfv.json"
      }
    },
    {
      "package": {
        "name": "com.fasterxml.jackson.core:jackson-databind",
        "ecosystem": "Maven",
        "purl": "pkg:maven/com.fasterxml.jackson.core/jackson-databind"
      },
      "ranges": [
        {
          "type": "ECOSYSTEM",
          "events": [
            {
              "introduced": "2.7.0"
            },
            {
              "fixed": "2.7.9.7"
            }
          ]
        }
      ],
      "versions": [
        "2.7.0",
        "2.7.1",
        "2.7.1-1",
        "2.7.2",
        "2.7.3",
        "2.7.4",
        "2.7.5",
        "2.7.6",
        "2.7.7",
        "2.7.8",
        "2.7.9",
        "2.7.9.1",
        "2.7.9.2",
        "2.7.9.3",
        "2.7.9.4",
        "2.7.9.5",
        "2.7.9.6"
      ],
      "database_specific": {
        "last_known_affected_version_range": "<= 2.7.9.6",
        "source": "https://github.com/github/advisory-database/blob/main/advisories/github-reviewed/2020/03/GHSA-gww7-p5w4-wrfv/GHSA-gww7-p5w4-wrfv.json"
      }
    },
    {
      "package": {
        "name": "com.fasterxml.jackson.core:jackson-databind",
        "ecosystem": "Maven",
        "purl": "pkg:maven/com.fasterxml.jackson.core/jackson-databind"
      },
      "ranges": [
        {
          "type": "ECOSYSTEM",
          "events": [
            {
              "introduced": "2.8.0"
            },
            {
              "fixed": "2.8.11.5"
            }
          ]
        }
      ],
      "versions": [
        "2.8.0",
        "2.8.1",
        "2.8.10",
        "2.8.11",
        "2.8.11.1",
        "2.8.11.2",
        "2.8.11.3",
        "2.8.11.4",
        "2.8.2",
        "2.8.3",
        "2.8.4",
        "2.8.5",
        "2.8.6",
        "2.8.7",
        "2.8.8",
        "2.8.8.1",
        "2.8.9"
      ],
      "database_specific": {
        "last_known_affected_version_range": "<= 2.8.11.4",
        "source": "https://github.com/github/advisory-database/blob/main/advisories/github-reviewed/2020/03/GHSA-gww7-p5w4-wrfv/GHSA-gww7-p5w4-wrfv.json"
      }
    },
    {
      "package": {
        "name": "com.fasterxml.jackson.core:jackson-databind",
        "ecosystem": "Maven",
        "purl": "pkg:maven/com.fasterxml.jackson.core/jackson-databind"
      },
      "ranges": [
        {
          "type": "ECOSYSTEM",
          "events": [
            {
              "introduced": "2.9.0"
            },
            {
              "fixed": "2.9.10.2"
            }
          ]
        }
      ],
      "versions": [
        "2.9.0",
        "2.9.0.pr1",
        "2.9.0.pr2",
        "2.9.0.pr3",
        "2.9.0.pr4",
        "2.9.1",
        "2.9.10",
        "2.9.10.1",
        "2.9.2",
        "2.9.3",
        "2.9.4",
        "2.9.5",
        "2.9.6",
        "2.9.7",
        "2.9.8",
        "2.9.9",
        "2.9.9.1",
        "2.9.9.2",
        "2.9.9.3"
      ],
      "database_specific": {
        "last_known_affected_version_range": "<= 2.9.10.1",
        "source": "https://github.com/github/advisory-database/blob/main/advisories/github-reviewed/2020/03/GHSA-gww7-p5w4-wrfv/GHSA-gww7-p5w4-wrfv.json"
      }
    }
  ],
  "schema_version": "1.6.0",
  "severity": [
    {
      "type": "CVSS_V3",
      "score": "CVSS:3.1/AV:N/AC:L/PR:N/UI:N/S:U/C:H/I:H/A:H"
    }
  ]
}