{
  "id": "GHSA-pjqh-2jcc-5j84",
  "summary": "Improper Authentication in Pivotal Spring-LDAP",
  "details": "In Pivotal Spring-LDAP versions 1.3.0 - 2.3.1, when connected to some LDAP servers, when no additional attributes are bound, and when using LDAP BindAuthenticator with org.springframework.ldap.core.support.DefaultTlsDirContextAuthenticationStrategy as the authentication strategy, and setting userSearch, authentication is allowed with an arbitrary password when the username is correct. This occurs because some LDAP vendors require an explicit operation for the LDAP bind to take effect.",
  "aliases": [
    "CVE-2017-8028"
  ],
  "modified": "2024-04-10T18:57:08.806686Z",
  "published": "2022-05-13T01:12:09Z",
  "database_specific": {
    "nvd_published_at": "2017-11-27T10:29:00Z",
    "cwe_ids": [
      "CWE-287"
    ],
    "severity": "HIGH",
    "github_reviewed": true,
    "github_reviewed_at": "2022-06-30T21:14:06Z"
  },
  "references": [
    {
      "type": "ADVISORY",
      "url": "https://nvd.nist.gov/vuln/detail/CVE-2017-8028"
    },
    {
      "type": "WEB",
      "url": "https://github.com/spring-projects/spring-ldap/commit/08e8ae289bbd1b581986c7238604a147119c1336"
    },
    {
      "type": "WEB",
      "url": "https://access.redhat.com/errata/RHSA-2018:0319"
    },
    {
      "type": "PACKAGE",
      "url": "https://github.com/spring-projects/spring-ldap"
    },
    {
      "type": "WEB",
      "url": "https://lists.debian.org/debian-lts-announce/2017/11/msg00026.html"
    },
    {
      "type": "WEB",
      "url": "https://pivotal.io/security/cve-2017-8028"
    },
    {
      "type": "WEB",
      "url": "https://www.debian.org/security/2017/dsa-4046"
    },
    {
      "type": "WEB",
      "url": "https://www.oracle.com/security-alerts/cpujan2021.html"
    }
  ],
  "affected": [
    {
      "package": {
        "name": "org.springframework.ldap:spring-ldap-core",
        "ecosystem": "Maven",
        "purl": "pkg:maven/org.springframework.ldap/spring-ldap-core"
      },
      "ranges": [
        {
          "type": "ECOSYSTEM",
          "events": [
            {
              "introduced": "1.3.0"
            },
            {
              "fixed": "2.3.2"
            }
          ]
        }
      ],
      "versions": [
        "1.3.0.RELEASE",
        "1.3.1.RELEASE",
        "1.3.2.RELEASE",
        "2.0.0.RELEASE",
        "2.0.1.RELEASE",
        "2.0.2.RELEASE",
        "2.0.3.RELEASE",
        "2.0.4.RELEASE",
        "2.1.0.RELEASE",
        "2.2.0.RELEASE",
        "2.2.1.RELEASE",
        "2.3.0.RELEASE",
        "2.3.1.RELEASE"
      ],
      "database_specific": {
        "last_known_affected_version_range": "<= 2.3.1",
        "source": "https://github.com/github/advisory-database/blob/main/advisories/github-reviewed/2022/05/GHSA-pjqh-2jcc-5j84/GHSA-pjqh-2jcc-5j84.json"
      }
    }
  ],
  "schema_version": "1.6.0",
  "severity": [
    {
      "type": "CVSS_V3",
      "score": "CVSS:3.0/AV:N/AC:H/PR:N/UI:N/S:U/C:H/I:H/A:H"
    }
  ]
}