{
  "id": "GHSA-w2rr-wvh9-m2m7",
  "summary": "JSONUtil vulnerable to stack exhaustion",
  "details": "An issue was discovered JSONUtil through 5.0 that allows attackers to cause a denial of service or other unspecified impacts via crafted objects that deeply nested structures.",
  "aliases": [
    "CVE-2023-34615"
  ],
  "modified": "2024-02-16T08:10:02.054730Z",
  "published": "2023-06-14T15:30:38Z",
  "database_specific": {
    "nvd_published_at": "2023-06-14T14:15:10Z",
    "cwe_ids": [
      "CWE-400",
      "CWE-787"
    ],
    "severity": "CRITICAL",
    "github_reviewed": true,
    "github_reviewed_at": "2023-06-14T21:20:51Z"
  },
  "references": [
    {
      "type": "ADVISORY",
      "url": "https://nvd.nist.gov/vuln/detail/CVE-2023-34615"
    },
    {
      "type": "WEB",
      "url": "https://github.com/billdavidson/JSONUtil/issues/10"
    }
  ],
  "affected": [
    {
      "package": {
        "name": "net.pwall.json:jsonutil",
        "ecosystem": "Maven",
        "purl": "pkg:maven/net.pwall.json/jsonutil"
      },
      "ranges": [
        {
          "type": "ECOSYSTEM",
          "events": [
            {
              "introduced": "0"
            },
            {
              "last_affected": "5.0"
            }
          ]
        }
      ],
      "versions": [
        "2.0",
        "2.1",
        "2.2",
        "3.0",
        "3.1",
        "4.0",
        "4.1",
        "4.2",
        "5.0"
      ],
      "database_specific": {
        "source": "https://github.com/github/advisory-database/blob/main/advisories/github-reviewed/2023/06/GHSA-w2rr-wvh9-m2m7/GHSA-w2rr-wvh9-m2m7.json"
      }
    }
  ],
  "schema_version": "1.6.0",
  "severity": [
    {
      "type": "CVSS_V3",
      "score": "CVSS:3.1/AV:N/AC:L/PR:N/UI:N/S:U/C:H/I:H/A:H"
    }
  ]
}