{
  "id": "GHSA-7rrx-375m-j6cr",
  "summary": "Cross-site Scripting in Jenkins Deployment Dashboard Plugin",
  "details": "Jenkins Deployment Dashboard Plugin 1.0.10 and earlier does not escape environment names on its Deployment Dashboard view.\n\nThis results in a stored cross-site scripting (XSS) vulnerability exploitable by attackers with View/Configure permission.\n\nAs of publication of this advisory, there is no fix.",
  "aliases": [
    "CVE-2022-34795"
  ],
  "modified": "2024-02-16T08:07:28.108196Z",
  "published": "2022-07-01T00:01:07Z",
  "database_specific": {
    "nvd_published_at": "2022-06-30T18:15:00Z",
    "cwe_ids": [
      "CWE-79"
    ],
    "severity": "HIGH",
    "github_reviewed": true,
    "github_reviewed_at": "2022-07-12T20:39:46Z"
  },
  "references": [
    {
      "type": "ADVISORY",
      "url": "https://nvd.nist.gov/vuln/detail/CVE-2022-34795"
    },
    {
      "type": "PACKAGE",
      "url": "https://github.com/jenkinsci/ec2-deployment-dashboard"
    },
    {
      "type": "WEB",
      "url": "https://www.jenkins.io/security/advisory/2022-06-30/#SECURITY-2799"
    }
  ],
  "affected": [
    {
      "package": {
        "name": "org.jenkins-ci.plugins:ec2-deployment-dashboard",
        "ecosystem": "Maven",
        "purl": "pkg:maven/org.jenkins-ci.plugins/ec2-deployment-dashboard"
      },
      "ranges": [
        {
          "type": "ECOSYSTEM",
          "events": [
            {
              "introduced": "0"
            },
            {
              "last_affected": "1.0.10"
            }
          ]
        }
      ],
      "versions": [
        "1.0.10",
        "1.0.2",
        "1.0.3",
        "1.0.4",
        "1.0.7",
        "1.0.8"
      ],
      "database_specific": {
        "source": "https://github.com/github/advisory-database/blob/main/advisories/github-reviewed/2022/07/GHSA-7rrx-375m-j6cr/GHSA-7rrx-375m-j6cr.json"
      }
    }
  ],
  "schema_version": "1.6.0",
  "severity": [
    {
      "type": "CVSS_V3",
      "score": "CVSS:3.1/AV:N/AC:L/PR:L/UI:R/S:U/C:H/I:H/A:H"
    }
  ]
}