{
  "id": "GHSA-8538-25v4-25pg",
  "summary": "XXE vulnerability in Jenkins JAPEX Plugin",
  "details": "JAPEX Plugin 1.7 and earlier does not configure its XML parser to prevent XML external entity (XXE) attacks.\n\nThis allows attackers able to control XML input files for the 'Record Japex test report' post-build step to have Jenkins parse a crafted file that uses external entities for extraction of secrets from the Jenkins controller or server-side request forgery.",
  "aliases": [
    "CVE-2022-45400"
  ],
  "modified": "2023-11-08T04:10:52.780310Z",
  "published": "2022-11-16T12:00:23Z",
  "database_specific": {
    "nvd_published_at": "2022-11-15T20:15:00Z",
    "github_reviewed_at": "2022-11-21T22:26:29Z",
    "severity": "HIGH",
    "github_reviewed": true,
    "cwe_ids": [
      "CWE-611"
    ]
  },
  "references": [
    {
      "type": "ADVISORY",
      "url": "https://nvd.nist.gov/vuln/detail/CVE-2022-45400"
    },
    {
      "type": "PACKAGE",
      "url": "https://github.com/jenkinsci/japex-plugin"
    },
    {
      "type": "WEB",
      "url": "https://www.jenkins.io/security/advisory/2022-11-15/#SECURITY-2941"
    }
  ],
  "affected": [
    {
      "package": {
        "name": "org.jvnet.hudson.plugins:japex",
        "ecosystem": "Maven",
        "purl": "pkg:maven/org.jvnet.hudson.plugins/japex"
      },
      "ranges": [
        {
          "type": "ECOSYSTEM",
          "events": [
            {
              "introduced": "0"
            },
            {
              "last_affected": "1.7"
            }
          ]
        }
      ],
      "versions": [
        "1.3",
        "1.4",
        "1.5",
        "1.6",
        "1.7"
      ],
      "database_specific": {
        "source": "https://github.com/github/advisory-database/blob/main/advisories/github-reviewed/2022/11/GHSA-8538-25v4-25pg/GHSA-8538-25v4-25pg.json"
      }
    }
  ],
  "schema_version": "1.6.0",
  "severity": [
    {
      "type": "CVSS_V3",
      "score": "CVSS:3.1/AV:N/AC:L/PR:L/UI:N/S:U/C:H/I:L/A:N"
    }
  ]
}