{
  "id": "GHSA-fg2q-v428-2gph",
  "summary": "Eclipse Vorto resolved Maven build artifacts for the Xtext project over HTTP instead of HTTPS",
  "details": "Eclipse Vorto versions prior to 0.11 resolved Maven build artifacts for the Xtext project over HTTP instead of HTTPS. Any of these dependent artifacts could have been maliciously compromised by a MITM attack. Hence produced build artifacts of Vorto might be infected.",
  "aliases": [
    "CVE-2019-10248"
  ],
  "modified": "2023-11-08T04:00:43.895825Z",
  "published": "2022-05-24T16:44:08Z",
  "database_specific": {
    "nvd_published_at": "2019-04-22T21:29:00Z",
    "github_reviewed_at": "2022-11-22T19:37:26Z",
    "severity": "HIGH",
    "github_reviewed": true,
    "cwe_ids": [
      "CWE-494",
      "CWE-669",
      "CWE-829"
    ]
  },
  "references": [
    {
      "type": "ADVISORY",
      "url": "https://nvd.nist.gov/vuln/detail/CVE-2019-10248"
    },
    {
      "type": "WEB",
      "url": "https://bugs.eclipse.org/bugs/show_bug.cgi?id=546622"
    },
    {
      "type": "PACKAGE",
      "url": "https://github.com/eclipse/vorto"
    }
  ],
  "affected": [
    {
      "package": {
        "name": "org.eclipse.vorto:org.eclipse.vorto.core",
        "ecosystem": "Maven",
        "purl": "pkg:maven/org.eclipse.vorto/org.eclipse.vorto.core"
      },
      "ranges": [
        {
          "type": "ECOSYSTEM",
          "events": [
            {
              "introduced": "0"
            },
            {
              "fixed": "0.11.0"
            }
          ]
        }
      ],
      "versions": [
        "0.10.0",
        "0.10.0.M1",
        "0.10.0.M10",
        "0.10.0.M11",
        "0.10.0.M2",
        "0.10.0.M3",
        "0.10.0.M4",
        "0.10.0.M5",
        "0.10.0.M6",
        "0.10.0.M7",
        "0.10.0.M8",
        "0.10.0.M9",
        "0.10.1",
        "0.9.0"
      ],
      "database_specific": {
        "source": "https://github.com/github/advisory-database/blob/main/advisories/github-reviewed/2022/05/GHSA-fg2q-v428-2gph/GHSA-fg2q-v428-2gph.json"
      }
    }
  ],
  "schema_version": "1.6.0",
  "severity": [
    {
      "type": "CVSS_V3",
      "score": "CVSS:3.0/AV:N/AC:H/PR:N/UI:N/S:U/C:H/I:H/A:H"
    }
  ]
}