{
  "id": "GHSA-x92v-xv3x-9v29",
  "summary": "CSRF vulnerability in Jenkins Chef Sinatra Plugin allow XXE",
  "details": "Jenkins Chef Sinatra Plugin 1.20 and earlier does not perform a permission check in a method implementing form validation.\n\nThis allows attackers with Overall/Read permission to have Jenkins send an HTTP request to an attacker-controlled URL and have it parse the response as XML.\n\nAs the plugin does not configure its XML parser to prevent XML external entity (XXE) attacks, attackers can have Jenkins parse a crafted XML response that uses external entities for extraction of secrets from the Jenkins controller or server-side request forgery.\n\nAdditionally, this form validation method does not require POST requests, resulting in a cross-site request forgery (CSRF) vulnerability.",
  "aliases": [
    "CVE-2022-25207"
  ],
  "modified": "2024-02-16T08:12:03.135127Z",
  "published": "2022-02-16T00:01:15Z",
  "database_specific": {
    "nvd_published_at": "2022-02-15T17:15:00Z",
    "cwe_ids": [
      "CWE-352"
    ],
    "severity": "HIGH",
    "github_reviewed": true,
    "github_reviewed_at": "2022-12-01T22:14:51Z"
  },
  "references": [
    {
      "type": "ADVISORY",
      "url": "https://nvd.nist.gov/vuln/detail/CVE-2022-25207"
    },
    {
      "type": "PACKAGE",
      "url": "https://github.com/jenkinsci/sinatra-chef-builder-plugin"
    },
    {
      "type": "WEB",
      "url": "https://www.jenkins.io/security/advisory/2022-02-15/#SECURITY-1377"
    },
    {
      "type": "WEB",
      "url": "http://www.openwall.com/lists/oss-security/2022/02/15/2"
    }
  ],
  "affected": [
    {
      "package": {
        "name": "org.jenkins-ci.plugins:sinatra-chef-builder",
        "ecosystem": "Maven",
        "purl": "pkg:maven/org.jenkins-ci.plugins/sinatra-chef-builder"
      },
      "ranges": [
        {
          "type": "ECOSYSTEM",
          "events": [
            {
              "introduced": "0"
            },
            {
              "last_affected": "1.20"
            }
          ]
        }
      ],
      "versions": [
        "1.14",
        "1.15",
        "1.20",
        "1.3"
      ],
      "database_specific": {
        "source": "https://github.com/github/advisory-database/blob/main/advisories/github-reviewed/2022/02/GHSA-x92v-xv3x-9v29/GHSA-x92v-xv3x-9v29.json"
      }
    }
  ],
  "schema_version": "1.6.0",
  "severity": [
    {
      "type": "CVSS_V3",
      "score": "CVSS:3.1/AV:N/AC:L/PR:N/UI:R/S:U/C:H/I:H/A:H"
    }
  ]
}