{
  "id": "GHSA-rm7j-f5g5-27vv",
  "summary": "Duplicate Advisory: Denial of Service  in JSON-Java",
  "details": "## Duplicate Advisory\nThis advisory has been withdrawn because it is a duplicate of GHSA-4jq9-2xhw-jpx7. This link is maintained to preserve external references.\n\n## Original Description\nDenial of Service  in JSON-Java versions prior to 20230618. \u00a0A bug in the parser means that an input string of modest size can lead to indefinite amounts of memory being used.\u00a0 \n",
  "modified": "2024-06-25T02:39:18.592269Z",
  "published": "2023-10-12T18:30:28Z",
  "withdrawn": "2023-11-14T22:24:36Z",
  "database_specific": {
    "nvd_published_at": "2023-10-12T17:15:10Z",
    "cwe_ids": [
      "CWE-770"
    ],
    "severity": "HIGH",
    "github_reviewed": true,
    "github_reviewed_at": "2023-10-12T19:49:51Z"
  },
  "references": [
    {
      "type": "WEB",
      "url": "https://github.com/google/security-research/security/advisories/GHSA-4jq9-2xhw-jpx7"
    },
    {
      "type": "ADVISORY",
      "url": "https://nvd.nist.gov/vuln/detail/CVE-2023-5072"
    },
    {
      "type": "WEB",
      "url": "https://github.com/stleary/JSON-java/issues/758"
    },
    {
      "type": "WEB",
      "url": "https://github.com/stleary/JSON-java/issues/771"
    },
    {
      "type": "WEB",
      "url": "https://github.com/stleary/JSON-java/pull/759"
    },
    {
      "type": "WEB",
      "url": "https://github.com/stleary/JSON-java/commit/60662e2f8384d3449822a3a1179bfe8de67b55bb"
    },
    {
      "type": "PACKAGE",
      "url": "https://github.com/stleary/JSON-java"
    },
    {
      "type": "WEB",
      "url": "https://security.netapp.com/advisory/ntap-20240621-0007"
    },
    {
      "type": "WEB",
      "url": "http://www.openwall.com/lists/oss-security/2023/12/13/4"
    }
  ],
  "affected": [
    {
      "package": {
        "name": "org.json:json",
        "ecosystem": "Maven",
        "purl": "pkg:maven/org.json/json"
      },
      "ranges": [
        {
          "type": "ECOSYSTEM",
          "events": [
            {
              "introduced": "0"
            },
            {
              "fixed": "20231013"
            }
          ]
        }
      ],
      "versions": [
        "20070829",
        "20080701",
        "20090211",
        "20131018",
        "20140107",
        "20141113",
        "20150729",
        "20151123",
        "20160212",
        "20160807",
        "20160810",
        "20170516",
        "20171018",
        "20180130",
        "20180813",
        "20190722",
        "20200518",
        "20201115",
        "20210307",
        "20211205",
        "20220320",
        "20220924",
        "20230227",
        "20230618"
      ],
      "database_specific": {
        "last_known_affected_version_range": "<= 20230618",
        "source": "https://github.com/github/advisory-database/blob/main/advisories/github-reviewed/2023/10/GHSA-rm7j-f5g5-27vv/GHSA-rm7j-f5g5-27vv.json"
      }
    }
  ],
  "schema_version": "1.6.0",
  "severity": [
    {
      "type": "CVSS_V3",
      "score": "CVSS:3.1/AV:N/AC:L/PR:N/UI:N/S:U/C:N/I:N/A:H"
    }
  ]
}