{
  "id": "GHSA-cqm6-hrgq-6869",
  "summary": "Apache OpenMeetings has Inadequate Encryption Strength",
  "details": "Apache OpenMeetings 1.0.0 uses not very strong cryptographic storage, captcha is not used in registration and forget password dialogs and auth forms missing brute force protection.",
  "aliases": [
    "CVE-2017-7673"
  ],
  "modified": "2023-11-08T03:59:26.160127Z",
  "published": "2022-05-13T01:47:04Z",
  "database_specific": {
    "nvd_published_at": "2017-07-17T13:18:00Z",
    "github_reviewed_at": "2022-11-22T18:57:29Z",
    "severity": "CRITICAL",
    "github_reviewed": true,
    "cwe_ids": [
      "CWE-326"
    ]
  },
  "references": [
    {
      "type": "ADVISORY",
      "url": "https://nvd.nist.gov/vuln/detail/CVE-2017-7673"
    },
    {
      "type": "PACKAGE",
      "url": "https://github.com/apache/openmeetings"
    },
    {
      "type": "WEB",
      "url": "http://markmail.org/message/3hshl26omwjo6c5i"
    },
    {
      "type": "WEB",
      "url": "http://www.securityfocus.com/bid/99587"
    }
  ],
  "affected": [
    {
      "package": {
        "name": "org.apache.openmeetings:openmeetings-parent",
        "ecosystem": "Maven",
        "purl": "pkg:maven/org.apache.openmeetings/openmeetings-parent"
      },
      "ranges": [
        {
          "type": "ECOSYSTEM",
          "events": [
            {
              "introduced": "1.0.0"
            },
            {
              "fixed": "3.3.0"
            }
          ]
        }
      ],
      "versions": [
        "3.1.2",
        "3.1.3",
        "3.1.4",
        "3.1.5",
        "3.2.0",
        "3.2.1"
      ],
      "database_specific": {
        "source": "https://github.com/github/advisory-database/blob/main/advisories/github-reviewed/2022/05/GHSA-cqm6-hrgq-6869/GHSA-cqm6-hrgq-6869.json"
      }
    }
  ],
  "schema_version": "1.6.0",
  "severity": [
    {
      "type": "CVSS_V3",
      "score": "CVSS:3.0/AV:N/AC:L/PR:N/UI:N/S:U/C:H/I:H/A:H"
    }
  ]
}