{
  "id": "GHSA-rmm5-g63h-m6g9",
  "summary": "Improper Restriction of XML External Entity Reference in pippo-core",
  "details": "jaxb/JaxbEngine.java in Pippo 1.11.0 allows XXE.",
  "aliases": [
    "CVE-2018-20059"
  ],
  "modified": "2024-03-04T22:46:04.851115Z",
  "published": "2018-12-19T19:24:39Z",
  "database_specific": {
    "nvd_published_at": null,
    "cwe_ids": [
      "CWE-611"
    ],
    "severity": "CRITICAL",
    "github_reviewed": true,
    "github_reviewed_at": "2020-06-16T21:55:08Z"
  },
  "references": [
    {
      "type": "ADVISORY",
      "url": "https://nvd.nist.gov/vuln/detail/CVE-2018-20059"
    },
    {
      "type": "WEB",
      "url": "https://github.com/pippo-java/pippo/issues/486"
    },
    {
      "type": "WEB",
      "url": "https://github.com/pippo-java/pippo/commit/9f36e5891c0b11f840e1e1561ae96d83ba9ce759"
    },
    {
      "type": "ADVISORY",
      "url": "https://github.com/advisories/GHSA-rmm5-g63h-m6g9"
    },
    {
      "type": "PACKAGE",
      "url": "https://github.com/pippo-java/pippo"
    }
  ],
  "affected": [
    {
      "package": {
        "name": "ro.pippo:pippo-core",
        "ecosystem": "Maven",
        "purl": "pkg:maven/ro.pippo/pippo-core"
      },
      "ranges": [
        {
          "type": "ECOSYSTEM",
          "events": [
            {
              "introduced": "0"
            },
            {
              "fixed": "1.12.0"
            }
          ]
        }
      ],
      "versions": [
        "0.10.0",
        "0.4.0",
        "0.4.1",
        "0.4.2",
        "0.5.0",
        "0.6.0",
        "0.6.1",
        "0.7.0",
        "0.8.0",
        "0.9.0",
        "0.9.1",
        "1.0.0",
        "1.1.0",
        "1.10.0",
        "1.11.0",
        "1.2.0",
        "1.3.0",
        "1.4.0",
        "1.5.0",
        "1.6.0",
        "1.7.0",
        "1.8.0",
        "1.9.0"
      ],
      "database_specific": {
        "source": "https://github.com/github/advisory-database/blob/main/advisories/github-reviewed/2018/12/GHSA-rmm5-g63h-m6g9/GHSA-rmm5-g63h-m6g9.json"
      }
    }
  ],
  "schema_version": "1.6.0",
  "severity": [
    {
      "type": "CVSS_V3",
      "score": "CVSS:3.0/AV:N/AC:L/PR:N/UI:N/S:U/C:H/I:H/A:H"
    }
  ]
}