{
  "id": "GHSA-vmm8-82m2-pcp5",
  "summary": "Use of a Broken or Risky Cryptographic Algorithm in PostgreSQL",
  "details": "A flaw was found in PostgreSQL versions before 13.1, before 12.5, before 11.10, before 10.15, before 9.6.20 and before 9.5.24. If a client application that creates additional database connections only reuses the basic connection parameters while dropping security-relevant parameters, an opportunity for a man-in-the-middle attack, or the ability to observe clear-text transmissions, could exist. The highest threat from this vulnerability is to data confidentiality and integrity as well as system availability.",
  "modified": "2023-03-14T07:01:09.286382Z",
  "published": "2022-02-15T01:57:18Z",
  "withdrawn": "2023-03-14T07:01:09.286382Z",
  "database_specific": {
    "severity": "HIGH",
    "github_reviewed": true,
    "cwe_ids": [
      "CWE-327"
    ]
  },
  "references": [
    {
      "type": "ADVISORY",
      "url": "https://nvd.nist.gov/vuln/detail/CVE-2020-25694"
    },
    {
      "type": "WEB",
      "url": "https://bugzilla.redhat.com/show_bug.cgi?id=1894423"
    },
    {
      "type": "WEB",
      "url": "https://lists.debian.org/debian-lts-announce/2020/12/msg00005.html"
    },
    {
      "type": "WEB",
      "url": "https://security.gentoo.org/glsa/202012-07"
    },
    {
      "type": "WEB",
      "url": "https://security.netapp.com/advisory/ntap-20201202-0003/"
    },
    {
      "type": "WEB",
      "url": "https://www.postgresql.org/support/security/"
    }
  ],
  "affected": [
    {
      "package": {
        "name": "org.postgresql:postgresql",
        "ecosystem": "Maven",
        "purl": "pkg:maven/org.postgresql/postgresql"
      },
      "ranges": [
        {
          "type": "ECOSYSTEM",
          "events": [
            {
              "introduced": "0"
            },
            {
              "fixed": "13.1"
            }
          ]
        }
      ],
      "versions": [
        "9.2-1002-jdbc4",
        "9.2-1003-jdbc3",
        "9.2-1003-jdbc4",
        "9.2-1004-jdbc3",
        "9.2-1004-jdbc4",
        "9.2-1004-jdbc41",
        "9.3-1100-jdbc3",
        "9.3-1100-jdbc4",
        "9.3-1100-jdbc41",
        "9.3-1101-jdbc3",
        "9.3-1101-jdbc4",
        "9.3-1101-jdbc41",
        "9.3-1102-jdbc3",
        "9.3-1102-jdbc4",
        "9.3-1102-jdbc41",
        "9.3-1103-jdbc3",
        "9.3-1103-jdbc4",
        "9.3-1103-jdbc41",
        "9.3-1104-jdbc4",
        "9.3-1104-jdbc41",
        "9.4-1200-jdbc4",
        "9.4-1200-jdbc41",
        "9.4-1201-jdbc4",
        "9.4-1201-jdbc41",
        "9.4-1202-jdbc4",
        "9.4-1202-jdbc41",
        "9.4-1202-jdbc42",
        "9.4-1203-jdbc4",
        "9.4-1203-jdbc41",
        "9.4-1203-jdbc42",
        "9.4-1204-jdbc4",
        "9.4-1204-jdbc41",
        "9.4-1204-jdbc42",
        "9.4-1205-jdbc4",
        "9.4-1205-jdbc41",
        "9.4-1205-jdbc42",
        "9.4-1206-jdbc4",
        "9.4-1206-jdbc41",
        "9.4-1206-jdbc42",
        "9.4.1207",
        "9.4.1207.jre6",
        "9.4.1207.jre7",
        "9.4.1208",
        "9.4.1208.jre6",
        "9.4.1208.jre7",
        "9.4.1209",
        "9.4.1209.jre6",
        "9.4.1209.jre7",
        "9.4.1210",
        "9.4.1210.jre6",
        "9.4.1210.jre7",
        "9.4.1211",
        "9.4.1211.jre6",
        "9.4.1211.jre7",
        "9.4.1212",
        "9.4.1212.jre6",
        "9.4.1212.jre7"
      ],
      "database_specific": {
        "source": "https://github.com/github/advisory-database/blob/main/advisories/github-reviewed/2022/02/GHSA-vmm8-82m2-pcp5/GHSA-vmm8-82m2-pcp5.json"
      }
    }
  ],
  "schema_version": "1.6.0",
  "severity": [
    {
      "type": "CVSS_V3",
      "score": "CVSS:3.1/AV:N/AC:H/PR:N/UI:N/S:U/C:H/I:H/A:H"
    }
  ]
}