{
  "id": "GHSA-wpcv-5jgp-69f3",
  "summary": "Genie Path Traversal vulnerability via File Uploads",
  "details": "### Overview\nPath Traversal Vulnerability via  File Uploads in Genie \n\n### Impact\nAny Genie OSS users running their own instance and relying on the filesystem to store file attachments submitted to the Genie application may be impacted. Using this technique, it is possible to write a file with any user-specified filename and file contents to any location on the file system that the Java process has write access - potentially leading to remote code execution (RCE).\n\nGenie users who do not store these attachments locally on the underlying file system are not vulnerable to this issue. \n\n### Description\nGenie's API accepts a multipart/form-data file upload which can be saved to a location on disk. However, it takes a user-supplied filename as part of the request and uses this as the filename when writing the file to disk. Since this filename is user-controlled, it is possible for a malicious actor to manipulate the filename in order to break out of the default attachment storage path and perform path traversal. \n\nUsing this technique it is possible to write a file with any user specified name and file contents to any location on the file system that the Java process has write access to.\n\n### Patches\nThis path traversal issue is fixed in Genie OSS v4.3.18. This issue was fixed in https://github.com/Netflix/genie/pull/1216 and  https://github.com/Netflix/genie/pull/1217 and a [new release](https://github.com/Netflix/genie/releases/tag/v4.3.18) with the fix was created. Please, upgrade your Genie OSS instances to the new version.",
  "aliases": [
    "CVE-2024-4701"
  ],
  "modified": "2024-05-14T20:20:04.185895Z",
  "published": "2024-05-09T21:35:23Z",
  "database_specific": {
    "nvd_published_at": "2024-05-14T15:44:27Z",
    "cwe_ids": [
      "CWE-22"
    ],
    "severity": "CRITICAL",
    "github_reviewed": true,
    "github_reviewed_at": "2024-05-09T21:35:23Z"
  },
  "references": [
    {
      "type": "WEB",
      "url": "https://github.com/Netflix/genie/security/advisories/GHSA-wpcv-5jgp-69f3"
    },
    {
      "type": "ADVISORY",
      "url": "https://nvd.nist.gov/vuln/detail/CVE-2024-4701"
    },
    {
      "type": "WEB",
      "url": "https://github.com/Netflix/genie/pull/1217"
    },
    {
      "type": "WEB",
      "url": "https://github.com/Netflix/genie/commit/6bad017d8078c94e80d6c6fe8abd693910bf55cf"
    },
    {
      "type": "PACKAGE",
      "url": "https://github.com/Netflix/genie"
    },
    {
      "type": "WEB",
      "url": "https://github.com/Netflix/genie/releases/tag/v4.3.18"
    },
    {
      "type": "WEB",
      "url": "https://github.com/Netflix/security-bulletins/blob/master/advisories/nflx-2024-001.md"
    }
  ],
  "affected": [
    {
      "package": {
        "name": "com.netflix.genie:genie-web",
        "ecosystem": "Maven",
        "purl": "pkg:maven/com.netflix.genie/genie-web"
      },
      "ranges": [
        {
          "type": "ECOSYSTEM",
          "events": [
            {
              "introduced": "0"
            },
            {
              "fixed": "4.3.18"
            }
          ]
        }
      ],
      "versions": [
        "0.20",
        "0.21",
        "0.22",
        "0.23",
        "0.24",
        "1.0.0",
        "1.0.1",
        "2.0.0",
        "2.1.0",
        "2.1.0-rc.1",
        "2.1.0-rc.2",
        "2.1.0-rc.3",
        "2.1.1",
        "2.1.2",
        "2.2.0",
        "2.2.0-rc.1",
        "2.2.0-rc.2",
        "2.2.0-rc.3",
        "2.2.1",
        "2.2.3",
        "3.0.0",
        "3.0.0-rc.1",
        "3.0.0-rc.10",
        "3.0.0-rc.11",
        "3.0.0-rc.12",
        "3.0.0-rc.13",
        "3.0.0-rc.14",
        "3.0.0-rc.15",
        "3.0.0-rc.16",
        "3.0.0-rc.17",
        "3.0.0-rc.18",
        "3.0.0-rc.19",
        "3.0.0-rc.2",
        "3.0.0-rc.20",
        "3.0.0-rc.21",
        "3.0.0-rc.22",
        "3.0.0-rc.23",
        "3.0.0-rc.24",
        "3.0.0-rc.25",
        "3.0.0-rc.26",
        "3.0.0-rc.27",
        "3.0.0-rc.28",
        "3.0.0-rc.29",
        "3.0.0-rc.3",
        "3.0.0-rc.30",
        "3.0.0-rc.31",
        "3.0.0-rc.32",
        "3.0.0-rc.33",
        "3.0.0-rc.34",
        "3.0.0-rc.35",
        "3.0.0-rc.36",
        "3.0.0-rc.37",
        "3.0.0-rc.4",
        "3.0.0-rc.5",
        "3.0.0-rc.6",
        "3.0.0-rc.7",
        "3.0.0-rc.8",
        "3.0.0-rc.9",
        "3.0.1",
        "3.0.10",
        "3.0.11",
        "3.0.2",
        "3.0.3",
        "3.0.4",
        "3.0.5",
        "3.0.6",
        "3.0.7",
        "3.0.8",
        "3.0.9",
        "3.1.0",
        "3.1.0-rc.1",
        "3.1.0-rc.2",
        "3.1.0-rc.7",
        "3.1.0-rc.8",
        "3.1.1",
        "3.1.2",
        "3.1.3",
        "3.2.0",
        "3.2.1",
        "3.2.2",
        "3.2.3",
        "3.2.4",
        "3.2.5",
        "3.3.0",
        "3.3.10",
        "3.3.11",
        "3.3.12",
        "3.3.13",
        "3.3.14",
        "3.3.15",
        "3.3.16",
        "3.3.17",
        "3.3.18",
        "3.3.19",
        "3.3.2",
        "3.3.20",
        "3.3.22",
        "3.3.3",
        "3.3.4",
        "3.3.5",
        "3.3.6",
        "3.3.7",
        "3.3.8",
        "3.3.9",
        "4.0.0",
        "4.0.0-rc.1",
        "4.0.0-rc.10",
        "4.0.0-rc.11",
        "4.0.0-rc.12",
        "4.0.0-rc.13",
        "4.0.0-rc.14",
        "4.0.0-rc.15",
        "4.0.0-rc.16",
        "4.0.0-rc.17",
        "4.0.0-rc.18",
        "4.0.0-rc.19",
        "4.0.0-rc.2",
        "4.0.0-rc.20",
        "4.0.0-rc.21",
        "4.0.0-rc.22",
        "4.0.0-rc.23",
        "4.0.0-rc.24",
        "4.0.0-rc.25",
        "4.0.0-rc.26",
        "4.0.0-rc.27",
        "4.0.0-rc.28",
        "4.0.0-rc.29",
        "4.0.0-rc.3",
        "4.0.0-rc.30",
        "4.0.0-rc.31",
        "4.0.0-rc.32",
        "4.0.0-rc.33",
        "4.0.0-rc.34",
        "4.0.0-rc.35",
        "4.0.0-rc.36",
        "4.0.0-rc.37",
        "4.0.0-rc.4",
        "4.0.0-rc.40",
        "4.0.0-rc.41",
        "4.0.0-rc.42",
        "4.0.0-rc.44",
        "4.0.0-rc.45",
        "4.0.0-rc.46",
        "4.0.0-rc.47",
        "4.0.0-rc.48",
        "4.0.0-rc.49",
        "4.0.0-rc.5",
        "4.0.0-rc.50",
        "4.0.0-rc.51",
        "4.0.0-rc.53",
        "4.0.0-rc.54",
        "4.0.0-rc.55",
        "4.0.0-rc.57",
        "4.0.0-rc.58",
        "4.0.0-rc.59",
        "4.0.0-rc.60",
        "4.0.0-rc.61",
        "4.0.0-rc.63",
        "4.0.0-rc.64",
        "4.0.0-rc.65",
        "4.0.0-rc.66",
        "4.0.0-rc.67",
        "4.0.0-rc.68",
        "4.0.0-rc.69",
        "4.0.0-rc.70",
        "4.0.0-rc.71",
        "4.0.0-rc.72",
        "4.0.0-rc.73",
        "4.0.0-rc.74",
        "4.0.0-rc.75",
        "4.0.0-rc.77",
        "4.0.0-rc.78",
        "4.0.0-rc.8",
        "4.0.0-rc.80",
        "4.0.0-rc.81",
        "4.0.0-rc.82",
        "4.0.0-rc.83",
        "4.0.0-rc.85",
        "4.0.0-rc.86",
        "4.0.0-rc.87",
        "4.0.0-rc.88",
        "4.0.0-rc.9",
        "4.0.0-rc.90",
        "4.0.0-rc.91",
        "4.0.0-rc.92",
        "4.0.0-rc.94",
        "4.0.0-rc.95",
        "4.0.0-rc.96",
        "4.0.0-rc.97",
        "4.0.0-rc.98",
        "4.0.1",
        "4.0.2",
        "4.0.3",
        "4.0.4",
        "4.0.5",
        "4.0.6",
        "4.1.0",
        "4.1.1",
        "4.1.2",
        "4.1.3",
        "4.1.4",
        "4.1.5",
        "4.1.6",
        "4.2.0",
        "4.2.1",
        "4.2.2",
        "4.3.0",
        "4.3.11",
        "4.3.12",
        "4.3.13",
        "4.3.14",
        "4.3.15",
        "4.3.16",
        "4.3.17",
        "4.3.2",
        "4.3.3",
        "4.3.4",
        "4.3.5",
        "4.3.6",
        "4.3.7",
        "4.3.8"
      ],
      "database_specific": {
        "source": "https://github.com/github/advisory-database/blob/main/advisories/github-reviewed/2024/05/GHSA-wpcv-5jgp-69f3/GHSA-wpcv-5jgp-69f3.json"
      }
    }
  ],
  "schema_version": "1.6.0",
  "severity": [
    {
      "type": "CVSS_V3",
      "score": "CVSS:3.1/AV:N/AC:L/PR:L/UI:N/S:C/C:H/I:H/A:L"
    }
  ]
}