{
  "id": "GHSA-c29g-q3h3-mwcf",
  "summary": "xxl-rpc deserialization vulnerability",
  "details": "xxl-rpc v1.7.0 was discovered to contain a deserialization vulnerability via the component `com.xxl.rpc.core.remoting.net.impl.netty.codec.NettyDecode#decode`.",
  "aliases": [
    "CVE-2023-33496"
  ],
  "modified": "2024-02-16T08:19:07.494376Z",
  "published": "2023-06-07T21:30:18Z",
  "database_specific": {
    "nvd_published_at": "2023-06-07T21:15:13Z",
    "cwe_ids": [
      "CWE-502"
    ],
    "severity": "CRITICAL",
    "github_reviewed": true,
    "github_reviewed_at": "2023-06-09T22:52:46Z"
  },
  "references": [
    {
      "type": "ADVISORY",
      "url": "https://nvd.nist.gov/vuln/detail/CVE-2023-33496"
    },
    {
      "type": "WEB",
      "url": "https://github.com/edirc-wong/record/blob/main/deserialization_vulnerability_report.md"
    },
    {
      "type": "PACKAGE",
      "url": "https://github.com/xuxueli/xxl-rpc"
    }
  ],
  "affected": [
    {
      "package": {
        "name": "com.xuxueli:xxl-rpc-core",
        "ecosystem": "Maven",
        "purl": "pkg:maven/com.xuxueli/xxl-rpc-core"
      },
      "ranges": [
        {
          "type": "ECOSYSTEM",
          "events": [
            {
              "introduced": "0"
            },
            {
              "last_affected": "1.7.0"
            }
          ]
        }
      ],
      "versions": [
        "1.2.0",
        "1.2.1",
        "1.2.2",
        "1.3.0",
        "1.3.1",
        "1.3.2",
        "1.4.0",
        "1.4.1",
        "1.4.2",
        "1.5.0",
        "1.6.0",
        "1.7.0"
      ],
      "database_specific": {
        "source": "https://github.com/github/advisory-database/blob/main/advisories/github-reviewed/2023/06/GHSA-c29g-q3h3-mwcf/GHSA-c29g-q3h3-mwcf.json"
      }
    }
  ],
  "schema_version": "1.6.0",
  "severity": [
    {
      "type": "CVSS_V3",
      "score": "CVSS:3.1/AV:N/AC:L/PR:N/UI:N/S:U/C:H/I:H/A:H"
    }
  ]
}