{
  "id": "GHSA-p94q-9q2m-pfh2",
  "summary": "SQL injection in net.mingsoft:ms-mcms",
  "details": "MCMS v5.2.5 was discovered to contain a SQL injection vulnerability via the categoryId parameter in the file IContentDao.xml.",
  "aliases": [
    "CVE-2022-23898"
  ],
  "modified": "2023-11-08T04:08:27.891856Z",
  "published": "2022-03-04T00:00:17Z",
  "database_specific": {
    "nvd_published_at": "2022-03-03T19:15:00Z",
    "github_reviewed_at": "2022-09-08T00:00:35Z",
    "severity": "CRITICAL",
    "github_reviewed": true,
    "cwe_ids": [
      "CWE-89"
    ]
  },
  "references": [
    {
      "type": "ADVISORY",
      "url": "https://nvd.nist.gov/vuln/detail/CVE-2022-23898"
    },
    {
      "type": "WEB",
      "url": "https://github.com/ming-soft/MCMS/issues/62"
    },
    {
      "type": "PACKAGE",
      "url": "https://github.com/ming-soft/MCMS"
    }
  ],
  "affected": [
    {
      "package": {
        "name": "net.mingsoft:ms-mcms",
        "ecosystem": "Maven",
        "purl": "pkg:maven/net.mingsoft/ms-mcms"
      },
      "ranges": [
        {
          "type": "ECOSYSTEM",
          "events": [
            {
              "introduced": "0"
            },
            {
              "last_affected": "5.2.5"
            }
          ]
        }
      ],
      "versions": [
        "4.6.3-SNAPSHOTS",
        "4.6.5",
        "4.7.1",
        "4.7.2",
        "5.0.0",
        "5.0.1",
        "5.1",
        "5.2",
        "5.2.0",
        "5.2.0.RELEASE",
        "5.2.1",
        "5.2.2",
        "5.2.3",
        "5.2.4",
        "5.2.5"
      ],
      "database_specific": {
        "source": "https://github.com/github/advisory-database/blob/main/advisories/github-reviewed/2022/03/GHSA-p94q-9q2m-pfh2/GHSA-p94q-9q2m-pfh2.json"
      }
    }
  ],
  "schema_version": "1.6.0",
  "severity": [
    {
      "type": "CVSS_V3",
      "score": "CVSS:3.1/AV:N/AC:L/PR:N/UI:N/S:U/C:H/I:H/A:H"
    }
  ]
}