{
  "id": "GHSA-qxf8-8837-hq7w",
  "summary": "Script security sandbox bypass in Matrix Project Plugin",
  "details": "A sandbox bypass vulnerability exists in Jenkins Matrix Project Plugin 1.13 and earlier in pom.xml, src/main/java/hudson/matrix/FilterScript.java that allows attackers with Job/Configure permission to execute arbitrary code on the Jenkins master JVM.",
  "aliases": [
    "CVE-2019-1003031"
  ],
  "modified": "2024-02-16T08:11:34.795110Z",
  "published": "2022-05-13T01:15:07Z",
  "database_specific": {
    "nvd_published_at": "2019-03-08T21:29:00Z",
    "cwe_ids": [
      "CWE-693"
    ],
    "severity": "CRITICAL",
    "github_reviewed": true,
    "github_reviewed_at": "2022-06-01T19:43:45Z"
  },
  "references": [
    {
      "type": "ADVISORY",
      "url": "https://nvd.nist.gov/vuln/detail/CVE-2019-1003031"
    },
    {
      "type": "WEB",
      "url": "https://github.com/jenkinsci/matrix-project-plugin/commit/765fc39694b31f8dd6e3d27cf51d1708b5df2be7"
    },
    {
      "type": "WEB",
      "url": "https://access.redhat.com/errata/RHSA-2019:0739"
    },
    {
      "type": "PACKAGE",
      "url": "https://github.com/jenkinsci/matrix-project-plugin"
    },
    {
      "type": "WEB",
      "url": "https://jenkins.io/security/advisory/2019-03-06/#SECURITY-1339"
    },
    {
      "type": "WEB",
      "url": "http://www.securityfocus.com/bid/107476"
    }
  ],
  "affected": [
    {
      "package": {
        "name": "org.jenkins-ci.plugins:matrix-project",
        "ecosystem": "Maven",
        "purl": "pkg:maven/org.jenkins-ci.plugins/matrix-project"
      },
      "ranges": [
        {
          "type": "ECOSYSTEM",
          "events": [
            {
              "introduced": "0"
            },
            {
              "fixed": "1.14"
            }
          ]
        }
      ],
      "versions": [
        "1.0",
        "1.0-beta-1",
        "1.1",
        "1.10",
        "1.11",
        "1.12",
        "1.13",
        "1.2",
        "1.2.1",
        "1.3",
        "1.4",
        "1.4.1",
        "1.5",
        "1.6",
        "1.7",
        "1.7.1",
        "1.8",
        "1.9"
      ],
      "database_specific": {
        "source": "https://github.com/github/advisory-database/blob/main/advisories/github-reviewed/2022/05/GHSA-qxf8-8837-hq7w/GHSA-qxf8-8837-hq7w.json"
      }
    }
  ],
  "schema_version": "1.6.0",
  "severity": [
    {
      "type": "CVSS_V3",
      "score": "CVSS:3.1/AV:N/AC:L/PR:L/UI:N/S:C/C:H/I:H/A:H"
    }
  ]
}