{
  "id": "GHSA-cx7f-g6mp-7hqm",
  "summary": "Path traversal vulnerability in functional web frameworks",
  "details": "Applications serving static resources through the functional web frameworks WebMvc.fn or WebFlux.fn are vulnerable to path traversal attacks. An attacker can craft malicious HTTP requests and obtain any file on the file system that is also accessible to the process in which the Spring application is running.\n\nSpecifically, an application is vulnerable when both of the following are true:\n\n  *  the web application uses RouterFunctions\u00a0to serve static resources\n  *  resource handling is explicitly configured with a FileSystemResource\u00a0location\n\n\nHowever, malicious requests are blocked and rejected when any of the following is true:\n\n  *  the  Spring Security HTTP Firewall https://docs.spring.io/spring-security/reference/servlet/exploits/firewall.html \u00a0is in use\n  *  the application runs on Tomcat or Jetty",
  "aliases": [
    "CVE-2024-38816"
  ],
  "modified": "2024-11-05T22:22:05.322310Z",
  "published": "2024-09-13T06:30:42Z",
  "database_specific": {
    "nvd_published_at": "2024-09-13T06:15:11Z",
    "cwe_ids": [
      "CWE-22"
    ],
    "severity": "HIGH",
    "github_reviewed": true,
    "github_reviewed_at": "2024-09-13T19:32:23Z"
  },
  "references": [
    {
      "type": "ADVISORY",
      "url": "https://nvd.nist.gov/vuln/detail/CVE-2024-38816"
    },
    {
      "type": "WEB",
      "url": "https://github.com/spring-projects/spring-framework/commit/d86bf8b2056429edf5494456cffcb2b243331c49"
    },
    {
      "type": "PACKAGE",
      "url": "https://github.com/spring-projects/spring-framework"
    },
    {
      "type": "WEB",
      "url": "https://spring.io/security/cve-2024-38816"
    }
  ],
  "affected": [
    {
      "package": {
        "name": "org.springframework:spring-webmvc",
        "ecosystem": "Maven",
        "purl": "pkg:maven/org.springframework/spring-webmvc"
      },
      "ranges": [
        {
          "type": "ECOSYSTEM",
          "events": [
            {
              "introduced": "0"
            },
            {
              "fixed": "6.1.13"
            }
          ]
        }
      ],
      "versions": [
        "1.0",
        "1.0-rc1",
        "1.0.1",
        "1.1",
        "1.1-rc1",
        "1.1-rc2",
        "1.1.1",
        "1.1.2",
        "1.1.3",
        "1.1.4",
        "1.1.5",
        "1.2",
        "1.2-rc1",
        "1.2-rc2",
        "1.2.1",
        "1.2.2",
        "1.2.3",
        "1.2.4",
        "1.2.5",
        "1.2.6",
        "1.2.7",
        "1.2.8",
        "1.2.9",
        "2.0",
        "2.0-m1",
        "2.0-m2",
        "2.0-m3",
        "2.0-m4",
        "2.0-m5",
        "2.0-rc1",
        "2.0-rc2",
        "2.0.1",
        "2.0.2",
        "2.0.3",
        "2.0.4",
        "2.0.5",
        "2.0.6",
        "2.0.7",
        "2.0.8",
        "2.5",
        "2.5.1",
        "2.5.2",
        "2.5.3",
        "2.5.4",
        "2.5.5",
        "2.5.6",
        "2.5.6.SEC01",
        "2.5.6.SEC02",
        "2.5.6.SEC03",
        "3.0.0.RELEASE",
        "3.0.1.RELEASE",
        "3.0.2.RELEASE",
        "3.0.3.RELEASE",
        "3.0.4.RELEASE",
        "3.0.5.RELEASE",
        "3.0.6.RELEASE",
        "3.0.7.RELEASE",
        "3.1.0.RELEASE",
        "3.1.1.RELEASE",
        "3.1.2.RELEASE",
        "3.1.3.RELEASE",
        "3.1.4.RELEASE",
        "3.2.0.RELEASE",
        "3.2.1.RELEASE",
        "3.2.10.RELEASE",
        "3.2.11.RELEASE",
        "3.2.12.RELEASE",
        "3.2.13.RELEASE",
        "3.2.14.RELEASE",
        "3.2.15.RELEASE",
        "3.2.16.RELEASE",
        "3.2.17.RELEASE",
        "3.2.18.RELEASE",
        "3.2.2.RELEASE",
        "3.2.3.RELEASE",
        "3.2.4.RELEASE",
        "3.2.5.RELEASE",
        "3.2.6.RELEASE",
        "3.2.7.RELEASE",
        "3.2.8.RELEASE",
        "3.2.9.RELEASE",
        "4.0.0.RELEASE",
        "4.0.1.RELEASE",
        "4.0.2.RELEASE",
        "4.0.3.RELEASE",
        "4.0.4.RELEASE",
        "4.0.5.RELEASE",
        "4.0.6.RELEASE",
        "4.0.7.RELEASE",
        "4.0.8.RELEASE",
        "4.0.9.RELEASE",
        "4.1.0.RELEASE",
        "4.1.1.RELEASE",
        "4.1.2.RELEASE",
        "4.1.3.RELEASE",
        "4.1.4.RELEASE",
        "4.1.5.RELEASE",
        "4.1.6.RELEASE",
        "4.1.7.RELEASE",
        "4.1.8.RELEASE",
        "4.1.9.RELEASE",
        "4.2.0.RELEASE",
        "4.2.1.RELEASE",
        "4.2.2.RELEASE",
        "4.2.3.RELEASE",
        "4.2.4.RELEASE",
        "4.2.5.RELEASE",
        "4.2.6.RELEASE",
        "4.2.7.RELEASE",
        "4.2.8.RELEASE",
        "4.2.9.RELEASE",
        "4.3.0.RELEASE",
        "4.3.1.RELEASE",
        "4.3.10.RELEASE",
        "4.3.11.RELEASE",
        "4.3.12.RELEASE",
        "4.3.13.RELEASE",
        "4.3.14.RELEASE",
        "4.3.15.RELEASE",
        "4.3.16.RELEASE",
        "4.3.17.RELEASE",
        "4.3.18.RELEASE",
        "4.3.19.RELEASE",
        "4.3.2.RELEASE",
        "4.3.20.RELEASE",
        "4.3.21.RELEASE",
        "4.3.22.RELEASE",
        "4.3.23.RELEASE",
        "4.3.24.RELEASE",
        "4.3.25.RELEASE",
        "4.3.26.RELEASE",
        "4.3.27.RELEASE",
        "4.3.28.RELEASE",
        "4.3.29.RELEASE",
        "4.3.3.RELEASE",
        "4.3.30.RELEASE",
        "4.3.4.RELEASE",
        "4.3.5.RELEASE",
        "4.3.6.RELEASE",
        "4.3.7.RELEASE",
        "4.3.8.RELEASE",
        "4.3.9.RELEASE",
        "5.0.0.RELEASE",
        "5.0.1.RELEASE",
        "5.0.10.RELEASE",
        "5.0.11.RELEASE",
        "5.0.12.RELEASE",
        "5.0.13.RELEASE",
        "5.0.14.RELEASE",
        "5.0.15.RELEASE",
        "5.0.16.RELEASE",
        "5.0.17.RELEASE",
        "5.0.18.RELEASE",
        "5.0.19.RELEASE",
        "5.0.2.RELEASE",
        "5.0.20.RELEASE",
        "5.0.3.RELEASE",
        "5.0.4.RELEASE",
        "5.0.5.RELEASE",
        "5.0.6.RELEASE",
        "5.0.7.RELEASE",
        "5.0.8.RELEASE",
        "5.0.9.RELEASE",
        "5.1.0.RELEASE",
        "5.1.1.RELEASE",
        "5.1.10.RELEASE",
        "5.1.11.RELEASE",
        "5.1.12.RELEASE",
        "5.1.13.RELEASE",
        "5.1.14.RELEASE",
        "5.1.15.RELEASE",
        "5.1.16.RELEASE",
        "5.1.17.RELEASE",
        "5.1.18.RELEASE",
        "5.1.19.RELEASE",
        "5.1.2.RELEASE",
        "5.1.20.RELEASE",
        "5.1.3.RELEASE",
        "5.1.4.RELEASE",
        "5.1.5.RELEASE",
        "5.1.6.RELEASE",
        "5.1.7.RELEASE",
        "5.1.8.RELEASE",
        "5.1.9.RELEASE",
        "5.2.0.RELEASE",
        "5.2.1.RELEASE",
        "5.2.10.RELEASE",
        "5.2.11.RELEASE",
        "5.2.12.RELEASE",
        "5.2.13.RELEASE",
        "5.2.14.RELEASE",
        "5.2.15.RELEASE",
        "5.2.16.RELEASE",
        "5.2.17.RELEASE",
        "5.2.18.RELEASE",
        "5.2.19.RELEASE",
        "5.2.2.RELEASE",
        "5.2.20.RELEASE",
        "5.2.21.RELEASE",
        "5.2.22.RELEASE",
        "5.2.23.RELEASE",
        "5.2.24.RELEASE",
        "5.2.25.RELEASE",
        "5.2.3.RELEASE",
        "5.2.4.RELEASE",
        "5.2.5.RELEASE",
        "5.2.6.RELEASE",
        "5.2.7.RELEASE",
        "5.2.8.RELEASE",
        "5.2.9.RELEASE",
        "5.3.0",
        "5.3.1",
        "5.3.10",
        "5.3.11",
        "5.3.12",
        "5.3.13",
        "5.3.14",
        "5.3.15",
        "5.3.16",
        "5.3.17",
        "5.3.18",
        "5.3.19",
        "5.3.2",
        "5.3.20",
        "5.3.21",
        "5.3.22",
        "5.3.23",
        "5.3.24",
        "5.3.25",
        "5.3.26",
        "5.3.27",
        "5.3.28",
        "5.3.29",
        "5.3.3",
        "5.3.30",
        "5.3.31",
        "5.3.32",
        "5.3.33",
        "5.3.34",
        "5.3.35",
        "5.3.36",
        "5.3.37",
        "5.3.38",
        "5.3.39",
        "5.3.4",
        "5.3.5",
        "5.3.6",
        "5.3.7",
        "5.3.8",
        "5.3.9",
        "6.0.0",
        "6.0.1",
        "6.0.10",
        "6.0.11",
        "6.0.12",
        "6.0.13",
        "6.0.14",
        "6.0.15",
        "6.0.16",
        "6.0.17",
        "6.0.18",
        "6.0.19",
        "6.0.2",
        "6.0.20",
        "6.0.21",
        "6.0.22",
        "6.0.23",
        "6.0.3",
        "6.0.4",
        "6.0.5",
        "6.0.6",
        "6.0.7",
        "6.0.8",
        "6.0.9",
        "6.1.0",
        "6.1.1",
        "6.1.10",
        "6.1.11",
        "6.1.12",
        "6.1.2",
        "6.1.3",
        "6.1.4",
        "6.1.5",
        "6.1.6",
        "6.1.7",
        "6.1.8",
        "6.1.9"
      ],
      "database_specific": {
        "source": "https://github.com/github/advisory-database/blob/main/advisories/github-reviewed/2024/09/GHSA-cx7f-g6mp-7hqm/GHSA-cx7f-g6mp-7hqm.json"
      }
    },
    {
      "package": {
        "name": "org.springframework:spring-webflux",
        "ecosystem": "Maven",
        "purl": "pkg:maven/org.springframework/spring-webflux"
      },
      "ranges": [
        {
          "type": "ECOSYSTEM",
          "events": [
            {
              "introduced": "0"
            },
            {
              "fixed": "6.1.13"
            }
          ]
        }
      ],
      "versions": [
        "5.0.0.RELEASE",
        "5.0.1.RELEASE",
        "5.0.10.RELEASE",
        "5.0.11.RELEASE",
        "5.0.12.RELEASE",
        "5.0.13.RELEASE",
        "5.0.14.RELEASE",
        "5.0.15.RELEASE",
        "5.0.16.RELEASE",
        "5.0.17.RELEASE",
        "5.0.18.RELEASE",
        "5.0.19.RELEASE",
        "5.0.2.RELEASE",
        "5.0.20.RELEASE",
        "5.0.3.RELEASE",
        "5.0.4.RELEASE",
        "5.0.5.RELEASE",
        "5.0.6.RELEASE",
        "5.0.7.RELEASE",
        "5.0.8.RELEASE",
        "5.0.9.RELEASE",
        "5.1.0.RELEASE",
        "5.1.1.RELEASE",
        "5.1.10.RELEASE",
        "5.1.11.RELEASE",
        "5.1.12.RELEASE",
        "5.1.13.RELEASE",
        "5.1.14.RELEASE",
        "5.1.15.RELEASE",
        "5.1.16.RELEASE",
        "5.1.17.RELEASE",
        "5.1.18.RELEASE",
        "5.1.19.RELEASE",
        "5.1.2.RELEASE",
        "5.1.20.RELEASE",
        "5.1.3.RELEASE",
        "5.1.4.RELEASE",
        "5.1.5.RELEASE",
        "5.1.6.RELEASE",
        "5.1.7.RELEASE",
        "5.1.8.RELEASE",
        "5.1.9.RELEASE",
        "5.2.0.RELEASE",
        "5.2.1.RELEASE",
        "5.2.10.RELEASE",
        "5.2.11.RELEASE",
        "5.2.12.RELEASE",
        "5.2.13.RELEASE",
        "5.2.14.RELEASE",
        "5.2.15.RELEASE",
        "5.2.16.RELEASE",
        "5.2.17.RELEASE",
        "5.2.18.RELEASE",
        "5.2.19.RELEASE",
        "5.2.2.RELEASE",
        "5.2.20.RELEASE",
        "5.2.21.RELEASE",
        "5.2.22.RELEASE",
        "5.2.23.RELEASE",
        "5.2.24.RELEASE",
        "5.2.25.RELEASE",
        "5.2.3.RELEASE",
        "5.2.4.RELEASE",
        "5.2.5.RELEASE",
        "5.2.6.RELEASE",
        "5.2.7.RELEASE",
        "5.2.8.RELEASE",
        "5.2.9.RELEASE",
        "5.3.0",
        "5.3.1",
        "5.3.10",
        "5.3.11",
        "5.3.12",
        "5.3.13",
        "5.3.14",
        "5.3.15",
        "5.3.16",
        "5.3.17",
        "5.3.18",
        "5.3.19",
        "5.3.2",
        "5.3.20",
        "5.3.21",
        "5.3.22",
        "5.3.23",
        "5.3.24",
        "5.3.25",
        "5.3.26",
        "5.3.27",
        "5.3.28",
        "5.3.29",
        "5.3.3",
        "5.3.30",
        "5.3.31",
        "5.3.32",
        "5.3.33",
        "5.3.34",
        "5.3.35",
        "5.3.36",
        "5.3.37",
        "5.3.38",
        "5.3.39",
        "5.3.4",
        "5.3.5",
        "5.3.6",
        "5.3.7",
        "5.3.8",
        "5.3.9",
        "6.0.0",
        "6.0.1",
        "6.0.10",
        "6.0.11",
        "6.0.12",
        "6.0.13",
        "6.0.14",
        "6.0.15",
        "6.0.16",
        "6.0.17",
        "6.0.18",
        "6.0.19",
        "6.0.2",
        "6.0.20",
        "6.0.21",
        "6.0.22",
        "6.0.23",
        "6.0.3",
        "6.0.4",
        "6.0.5",
        "6.0.6",
        "6.0.7",
        "6.0.8",
        "6.0.9",
        "6.1.0",
        "6.1.1",
        "6.1.10",
        "6.1.11",
        "6.1.12",
        "6.1.2",
        "6.1.3",
        "6.1.4",
        "6.1.5",
        "6.1.6",
        "6.1.7",
        "6.1.8",
        "6.1.9"
      ],
      "database_specific": {
        "source": "https://github.com/github/advisory-database/blob/main/advisories/github-reviewed/2024/09/GHSA-cx7f-g6mp-7hqm/GHSA-cx7f-g6mp-7hqm.json"
      }
    }
  ],
  "schema_version": "1.6.0",
  "severity": [
    {
      "type": "CVSS_V3",
      "score": "CVSS:3.1/AV:N/AC:L/PR:N/UI:N/S:U/C:H/I:N/A:N"
    }
  ]
}