{
  "id": "GHSA-4hvc-qwr2-f8rv",
  "summary": "Redisson vulnerable to Deserialization of Untrusted Data",
  "details": "Redisson is a Java Redis client that uses the Netty framework. Prior to version 3.22.0, some of the messages received from the Redis server contain Java objects that the client deserializes without further validation. Attackers that manage to trick clients into communicating with a malicious server can include especially crafted objects in its responses that, once deserialized by the client, force it to execute arbitrary code. This can be abused to take control of the machine the client is running in. Version 3.22.0 contains a patch for this issue.\n\nSome post-fix advice is available. Do NOT use `Kryo5Codec` as deserialization codec, as it is still vulnerable to arbitrary object deserialization due to the `setRegistrationRequired(false)` call. On the contrary, `KryoCodec` is safe to use. The fix applied to `SerializationCodec` only consists of adding an optional allowlist of class names, even though making this behavior the default is recommended. When instantiating `SerializationCodec` please use the `SerializationCodec(ClassLoader classLoader, Set<String> allowedClasses)` constructor to restrict the allowed classes for deserialization.",
  "aliases": [
    "CVE-2023-42809"
  ],
  "modified": "2024-08-05T21:58:56.532751Z",
  "published": "2024-08-05T21:29:22Z",
  "database_specific": {
    "nvd_published_at": "2023-10-04T20:15:10Z",
    "cwe_ids": [
      "CWE-502"
    ],
    "severity": "CRITICAL",
    "github_reviewed": true,
    "github_reviewed_at": "2024-08-05T21:29:22Z"
  },
  "references": [
    {
      "type": "ADVISORY",
      "url": "https://nvd.nist.gov/vuln/detail/CVE-2023-42809"
    },
    {
      "type": "WEB",
      "url": "https://github.com/redisson/redisson/commit/fe6a2571801656ff1599ef87bdee20f519a5d1fe"
    },
    {
      "type": "PACKAGE",
      "url": "https://github.com/redisson/redisson"
    },
    {
      "type": "ADVISORY",
      "url": "https://securitylab.github.com/advisories/GHSL-2023-053_Redisson"
    }
  ],
  "affected": [
    {
      "package": {
        "name": "org.redisson:redisson",
        "ecosystem": "Maven",
        "purl": "pkg:maven/org.redisson/redisson"
      },
      "ranges": [
        {
          "type": "ECOSYSTEM",
          "events": [
            {
              "introduced": "0"
            },
            {
              "fixed": "3.22.0"
            }
          ]
        }
      ],
      "versions": [
        "0.9.0",
        "1.0.1",
        "1.0.2",
        "1.0.3",
        "1.0.4",
        "1.1.0",
        "1.1.1",
        "1.1.2",
        "1.1.3",
        "1.1.4",
        "1.1.5",
        "1.1.6",
        "1.1.7",
        "1.2.0",
        "1.2.1",
        "1.3.0",
        "1.3.1",
        "2.0.0",
        "2.1.0",
        "2.1.1",
        "2.1.2",
        "2.1.3",
        "2.1.4",
        "2.1.5",
        "2.1.6",
        "2.10.0",
        "2.10.1",
        "2.10.2",
        "2.10.3",
        "2.10.4",
        "2.10.5",
        "2.10.6",
        "2.10.7",
        "2.11.0",
        "2.11.1",
        "2.11.2",
        "2.11.3",
        "2.11.4",
        "2.11.5",
        "2.12.0",
        "2.12.1",
        "2.12.2",
        "2.12.3",
        "2.12.4",
        "2.12.5",
        "2.13.0",
        "2.13.1",
        "2.13.2",
        "2.14.0",
        "2.14.1",
        "2.15.0",
        "2.15.1",
        "2.15.2",
        "2.2.0",
        "2.2.1",
        "2.2.10",
        "2.2.11",
        "2.2.12",
        "2.2.13",
        "2.2.14",
        "2.2.15",
        "2.2.16",
        "2.2.17",
        "2.2.18",
        "2.2.19",
        "2.2.2",
        "2.2.20",
        "2.2.21",
        "2.2.22",
        "2.2.23",
        "2.2.24",
        "2.2.25",
        "2.2.26",
        "2.2.27",
        "2.2.3",
        "2.2.4",
        "2.2.5",
        "2.2.6",
        "2.2.7",
        "2.2.8",
        "2.2.9",
        "2.3.0",
        "2.4.0",
        "2.5.0",
        "2.5.1",
        "2.6.0",
        "2.7.0",
        "2.7.1",
        "2.7.2",
        "2.7.3",
        "2.7.4",
        "2.8.0",
        "2.8.1",
        "2.8.2",
        "2.9.0",
        "2.9.1",
        "2.9.2",
        "2.9.3",
        "2.9.4",
        "3.0.0",
        "3.0.1",
        "3.1.0",
        "3.10.0",
        "3.10.1",
        "3.10.2",
        "3.10.3",
        "3.10.4",
        "3.10.5",
        "3.10.6",
        "3.10.7",
        "3.11.0",
        "3.11.1",
        "3.11.2",
        "3.11.3",
        "3.11.4",
        "3.11.5",
        "3.11.6",
        "3.12.0",
        "3.12.1",
        "3.12.2",
        "3.12.3",
        "3.12.4",
        "3.12.5",
        "3.13.0",
        "3.13.1",
        "3.13.2",
        "3.13.3",
        "3.13.4",
        "3.13.5",
        "3.13.6",
        "3.14.0",
        "3.14.1",
        "3.15.0",
        "3.15.1",
        "3.15.2",
        "3.15.3",
        "3.15.4",
        "3.15.5",
        "3.15.6",
        "3.16.0",
        "3.16.1",
        "3.16.2",
        "3.16.3",
        "3.16.4",
        "3.16.5",
        "3.16.6",
        "3.16.7",
        "3.16.8",
        "3.17.0",
        "3.17.1",
        "3.17.2",
        "3.17.3",
        "3.17.4",
        "3.17.5",
        "3.17.6",
        "3.17.7",
        "3.18.0",
        "3.18.1",
        "3.19.0",
        "3.19.1",
        "3.19.2",
        "3.19.3",
        "3.2.0",
        "3.2.1",
        "3.2.2",
        "3.2.3",
        "3.2.4",
        "3.20.0",
        "3.20.1",
        "3.21.0",
        "3.21.1",
        "3.21.2",
        "3.21.3",
        "3.3.0",
        "3.3.1",
        "3.3.2",
        "3.4.0",
        "3.4.1",
        "3.4.2",
        "3.4.3",
        "3.4.4",
        "3.5.0",
        "3.5.1",
        "3.5.2",
        "3.5.3",
        "3.5.4",
        "3.5.5",
        "3.5.6",
        "3.5.7",
        "3.6.0",
        "3.6.1",
        "3.6.2",
        "3.6.3",
        "3.6.4",
        "3.6.5",
        "3.7.0",
        "3.7.1",
        "3.7.2",
        "3.7.3",
        "3.7.4",
        "3.7.5",
        "3.8.0",
        "3.8.1",
        "3.8.2",
        "3.9.0",
        "3.9.1"
      ],
      "database_specific": {
        "source": "https://github.com/github/advisory-database/blob/main/advisories/github-reviewed/2024/08/GHSA-4hvc-qwr2-f8rv/GHSA-4hvc-qwr2-f8rv.json"
      }
    }
  ],
  "schema_version": "1.6.0",
  "severity": [
    {
      "type": "CVSS_V3",
      "score": "CVSS:3.1/AV:N/AC:L/PR:N/UI:R/S:C/C:H/I:H/A:H"
    },
    {
      "type": "CVSS_V4",
      "score": "CVSS:4.0/AV:N/AC:L/AT:N/PR:N/UI:A/VC:H/VI:H/VA:H/SC:H/SI:H/SA:H"
    }
  ]
}