{
  "id": "GHSA-wp4h-pvgw-5727",
  "summary": "Improperly Controlled Modification of Dynamically-Determined Object Attributes in Apache Struts",
  "details": "Apache Struts 2.0.0 to 2.5.20 forced double OGNL evaluation, when evaluated on raw user input in tag attributes, may lead to remote code execution.",
  "aliases": [
    "CVE-2019-0230"
  ],
  "modified": "2023-11-08T04:00:32.343736Z",
  "published": "2021-12-02T14:50:51Z",
  "database_specific": {
    "nvd_published_at": "2020-09-14T17:15:00Z",
    "github_reviewed_at": "2021-12-02T14:45:03Z",
    "severity": "CRITICAL",
    "github_reviewed": true,
    "cwe_ids": [
      "CWE-1321",
      "CWE-915"
    ]
  },
  "references": [
    {
      "type": "ADVISORY",
      "url": "https://nvd.nist.gov/vuln/detail/CVE-2019-0230"
    },
    {
      "type": "WEB",
      "url": "https://cwiki.apache.org/confluence/display/ww/s2-059"
    },
    {
      "type": "PACKAGE",
      "url": "https://github.com/apache/struts"
    },
    {
      "type": "WEB",
      "url": "https://launchpad.support.sap.com/#/notes/2982840"
    },
    {
      "type": "WEB",
      "url": "https://lists.apache.org/thread.html/r1125f3044a0946d1e7e6f125a6170b58d413ebd4a95157e4608041c7@%3Cannounce.apache.org%3E"
    },
    {
      "type": "WEB",
      "url": "https://lists.apache.org/thread.html/r90890afea72a9571d666820b2fe5942a0a5f86be406fa31da3dd0922@%3Cannounce.apache.org%3E"
    },
    {
      "type": "WEB",
      "url": "https://www.oracle.com/security-alerts/cpuApr2021.html"
    },
    {
      "type": "WEB",
      "url": "https://www.oracle.com/security-alerts/cpujan2021.html"
    },
    {
      "type": "WEB",
      "url": "https://www.oracle.com/security-alerts/cpuoct2021.html"
    },
    {
      "type": "WEB",
      "url": "http://packetstormsecurity.com/files/160108/Apache-Struts-2.5.20-Double-OGNL-Evaluation.html"
    },
    {
      "type": "WEB",
      "url": "http://packetstormsecurity.com/files/160721/Apache-Struts-2-Forced-Multi-OGNL-Evaluation.html"
    }
  ],
  "affected": [
    {
      "package": {
        "name": "org.apache.struts:struts2-core",
        "ecosystem": "Maven",
        "purl": "pkg:maven/org.apache.struts/struts2-core"
      },
      "ranges": [
        {
          "type": "ECOSYSTEM",
          "events": [
            {
              "introduced": "2.0.0"
            },
            {
              "fixed": "2.5.22"
            }
          ]
        }
      ],
      "versions": [
        "2.0.11",
        "2.0.11.1",
        "2.0.11.2",
        "2.0.12",
        "2.0.14",
        "2.0.5",
        "2.0.6",
        "2.0.8",
        "2.0.9",
        "2.1.2",
        "2.1.6",
        "2.1.8",
        "2.1.8.1",
        "2.2.1",
        "2.2.1.1",
        "2.2.3",
        "2.2.3.1",
        "2.3.1",
        "2.3.1.1",
        "2.3.1.2",
        "2.3.12",
        "2.3.14",
        "2.3.14.1",
        "2.3.14.2",
        "2.3.14.3",
        "2.3.15",
        "2.3.15.1",
        "2.3.15.2",
        "2.3.15.3",
        "2.3.16",
        "2.3.16.1",
        "2.3.16.2",
        "2.3.16.3",
        "2.3.20",
        "2.3.20.1",
        "2.3.20.3",
        "2.3.24",
        "2.3.24.1",
        "2.3.24.3",
        "2.3.28",
        "2.3.28.1",
        "2.3.29",
        "2.3.3",
        "2.3.30",
        "2.3.31",
        "2.3.32",
        "2.3.33",
        "2.3.34",
        "2.3.35",
        "2.3.36",
        "2.3.37",
        "2.3.4",
        "2.3.4.1",
        "2.3.7",
        "2.3.8",
        "2.5",
        "2.5-BETA1",
        "2.5-BETA2",
        "2.5-BETA3",
        "2.5.1",
        "2.5.10",
        "2.5.10.1",
        "2.5.12",
        "2.5.13",
        "2.5.14",
        "2.5.14.1",
        "2.5.16",
        "2.5.17",
        "2.5.18",
        "2.5.2",
        "2.5.20",
        "2.5.5",
        "2.5.8"
      ],
      "database_specific": {
        "source": "https://github.com/github/advisory-database/blob/main/advisories/github-reviewed/2021/12/GHSA-wp4h-pvgw-5727/GHSA-wp4h-pvgw-5727.json"
      }
    }
  ],
  "schema_version": "1.6.0",
  "severity": [
    {
      "type": "CVSS_V3",
      "score": "CVSS:3.1/AV:N/AC:L/PR:N/UI:N/S:U/C:H/I:H/A:H"
    }
  ]
}