{
  "id": "GHSA-wrqf-rrrw-w3mg",
  "summary": "Code injection in Apache Druid",
  "details": "Apache Druid includes the ability to execute user-provided JavaScript code embedded in various types of requests. This functionality is intended for use in high-trust environments, and is disabled by default. However, in Druid 0.20.0 and earlier, it is possible for an authenticated user to send a specially-crafted request that forces Druid to run user-provided JavaScript code for that request, regardless of server configuration. This can be leveraged to execute code on the target machine with the privileges of the Druid server process.",
  "aliases": [
    "CVE-2021-25646"
  ],
  "modified": "2023-11-08T04:05:15.702845Z",
  "published": "2021-06-16T17:40:47Z",
  "database_specific": {
    "nvd_published_at": "2021-01-29T20:15:00Z",
    "github_reviewed_at": "2021-04-05T21:52:53Z",
    "severity": "HIGH",
    "github_reviewed": true,
    "cwe_ids": [
      "CWE-732"
    ]
  },
  "references": [
    {
      "type": "ADVISORY",
      "url": "https://nvd.nist.gov/vuln/detail/CVE-2021-25646"
    },
    {
      "type": "WEB",
      "url": "https://lists.apache.org/thread.html/r04fa1ba93599487c95a8497044d37f8c02a439bfcf92b4567bfb7c8f@%3Ccommits.druid.apache.org%3E"
    },
    {
      "type": "WEB",
      "url": "https://lists.apache.org/thread.html/r121abe8014d381943b63c60615149d40bde9dc1c868bcee90d0d0848@%3Ccommits.druid.apache.org%3E"
    },
    {
      "type": "WEB",
      "url": "https://lists.apache.org/thread.html/r20e0c3b10ae2c05a3aad40f1476713c45bdefc32c920b9986b941d8f@%3Cannounce.apache.org%3E"
    },
    {
      "type": "WEB",
      "url": "https://lists.apache.org/thread.html/r443e2916c612fbd119839c0fc0729327d6031913a75081adac5b43ad@%3Cdev.druid.apache.org%3E"
    },
    {
      "type": "WEB",
      "url": "https://lists.apache.org/thread.html/r4f84b542417ea46202867c0a8b3eaf3b4cfed30e09174a52122ba210@%3Ccommits.druid.apache.org%3E"
    },
    {
      "type": "WEB",
      "url": "https://lists.apache.org/thread.html/r5ef625076982aee7d23c23f07717e626b73f421fba5154d1e4de15e1@%3Ccommits.druid.apache.org%3E"
    },
    {
      "type": "WEB",
      "url": "https://lists.apache.org/thread.html/r64431c2b97209f566b5dff92415e7afba0ed3bfab4695ebaa8a62e5d@%3Cdev.druid.apache.org%3E"
    },
    {
      "type": "WEB",
      "url": "https://lists.apache.org/thread.html/r7dff4790e7a5c697fc0360adf11f5aeb31cd6ad80644fffee690673c@%3Ccommits.druid.apache.org%3E"
    },
    {
      "type": "WEB",
      "url": "https://lists.apache.org/thread.html/r87aa94e28dd21ee2252d30c63f01ab9cb5474ee5bdd98dd8d7d734aa@%3Ccommits.druid.apache.org%3E"
    },
    {
      "type": "WEB",
      "url": "https://lists.apache.org/thread.html/ra4225912f501016bc5e0ac44e14b8d6779173a3a1dc7baacaabcc9ba@%3Ccommits.druid.apache.org%3E"
    },
    {
      "type": "WEB",
      "url": "https://lists.apache.org/thread.html/rc167d5e57f3120578718a7a458ce3e73b3830ac4efbb1b085bd06b92@%3Cdev.druid.apache.org%3E"
    },
    {
      "type": "WEB",
      "url": "https://lists.apache.org/thread.html/rea9436a4063927a567d698431ddae55e760c3f876c22ac5b9813685f@%3Ccommits.druid.apache.org%3E"
    },
    {
      "type": "WEB",
      "url": "https://lists.apache.org/thread.html/rfda8a3aa6ac06a80c5cbfdeae0fc85f88a5984e32ea05e6dda46f866%40%3Cdev.druid.apache.org%3E"
    },
    {
      "type": "WEB",
      "url": "https://lists.apache.org/thread.html/rfeb775822cd3baef1595b60f6860f5ca849eb1903236483f3297bd5c@%3Ccommits.druid.apache.org%3E"
    },
    {
      "type": "WEB",
      "url": "http://packetstormsecurity.com/files/162345/Apache-Druid-0.20.0-Remote-Command-Execution.html"
    },
    {
      "type": "WEB",
      "url": "http://www.openwall.com/lists/oss-security/2021/01/29/6"
    }
  ],
  "affected": [
    {
      "package": {
        "name": "org.apache.druid:druid",
        "ecosystem": "Maven",
        "purl": "pkg:maven/org.apache.druid/druid"
      },
      "ranges": [
        {
          "type": "ECOSYSTEM",
          "events": [
            {
              "introduced": "0"
            },
            {
              "fixed": "0.20.1"
            }
          ]
        }
      ],
      "versions": [
        "0.13.0-incubating",
        "0.14.0-incubating",
        "0.14.1-incubating",
        "0.14.2-incubating",
        "0.15.0-incubating",
        "0.15.1-incubating",
        "0.16.0-incubating",
        "0.16.1-incubating",
        "0.17.0",
        "0.17.1",
        "0.18.0",
        "0.18.1",
        "0.19.0",
        "0.20.0"
      ],
      "database_specific": {
        "source": "https://github.com/github/advisory-database/blob/main/advisories/github-reviewed/2021/06/GHSA-wrqf-rrrw-w3mg/GHSA-wrqf-rrrw-w3mg.json"
      }
    }
  ],
  "schema_version": "1.6.0",
  "severity": [
    {
      "type": "CVSS_V3",
      "score": "CVSS:3.1/AV:N/AC:L/PR:L/UI:N/S:U/C:H/I:H/A:H"
    }
  ]
}