{
  "id": "GHSA-f976-24hc-mjvr",
  "summary": "Session fixation vulnerability in Jenkins OpenID Plugin ",
  "details": "Jenkins OpenID Plugin 2.4 and earlier does not invalidate the previous session on login.",
  "aliases": [
    "CVE-2023-24444"
  ],
  "modified": "2023-11-08T04:11:45.893411Z",
  "published": "2023-01-26T21:30:18Z",
  "database_specific": {
    "nvd_published_at": "2023-01-26T21:18:00Z",
    "github_reviewed_at": "2023-01-27T01:02:10Z",
    "severity": "HIGH",
    "github_reviewed": true,
    "cwe_ids": [
      "CWE-384"
    ]
  },
  "references": [
    {
      "type": "ADVISORY",
      "url": "https://nvd.nist.gov/vuln/detail/CVE-2023-24444"
    },
    {
      "type": "WEB",
      "url": "https://www.jenkins.io/security/advisory/2023-01-24/#SECURITY-2996"
    }
  ],
  "affected": [
    {
      "package": {
        "name": "org.jenkins-ci.plugins:openid",
        "ecosystem": "Maven",
        "purl": "pkg:maven/org.jenkins-ci.plugins/openid"
      },
      "ranges": [
        {
          "type": "ECOSYSTEM",
          "events": [
            {
              "introduced": "0"
            },
            {
              "last_affected": "2.4"
            }
          ]
        }
      ],
      "versions": [
        "1.0",
        "1.1",
        "1.2",
        "1.3",
        "1.4",
        "1.5",
        "1.6",
        "1.7",
        "1.8",
        "2.0",
        "2.1",
        "2.1.1",
        "2.2",
        "2.3",
        "2.4"
      ],
      "database_specific": {
        "source": "https://github.com/github/advisory-database/blob/main/advisories/github-reviewed/2023/01/GHSA-f976-24hc-mjvr/GHSA-f976-24hc-mjvr.json"
      }
    }
  ],
  "schema_version": "1.6.0"
}