{
  "id": "GHSA-6w39-qhmq-g8cp",
  "summary": "CSRF vulnerability in Jenkins Publish Over FTP Plugin",
  "details": "A cross-site request forgery (CSRF) vulnerability in Jenkins Publish Over FTP Plugin 1.16 and earlier allows attackers to connect to an FTP server using attacker-specified credentials.",
  "aliases": [
    "CVE-2022-29050"
  ],
  "modified": "2023-11-08T04:09:07.641684Z",
  "published": "2022-04-13T00:00:16Z",
  "database_specific": {
    "nvd_published_at": "2022-04-12T20:15:00Z",
    "github_reviewed_at": "2022-05-04T20:56:35Z",
    "severity": "HIGH",
    "github_reviewed": true,
    "cwe_ids": [
      "CWE-352"
    ]
  },
  "references": [
    {
      "type": "ADVISORY",
      "url": "https://nvd.nist.gov/vuln/detail/CVE-2022-29050"
    },
    {
      "type": "WEB",
      "url": "https://github.com/jenkinsci/publish-over-ftp-plugin/commit/b265201428557ab91304e06199ad38221efc23e7"
    },
    {
      "type": "PACKAGE",
      "url": "https://github.com/jenkinsci/publish-over-ftp-plugin"
    },
    {
      "type": "WEB",
      "url": "https://www.jenkins.io/security/advisory/2022-04-12/#SECURITY-2321"
    }
  ],
  "affected": [
    {
      "package": {
        "name": "org.jenkins-ci.plugins:publish-over-ftp",
        "ecosystem": "Maven",
        "purl": "pkg:maven/org.jenkins-ci.plugins/publish-over-ftp"
      },
      "ranges": [
        {
          "type": "ECOSYSTEM",
          "events": [
            {
              "introduced": "0"
            },
            {
              "fixed": "1.17"
            }
          ]
        }
      ],
      "versions": [
        "0.5",
        "0.6",
        "0.7",
        "0.8",
        "1.0",
        "1.1",
        "1.10",
        "1.11",
        "1.12",
        "1.13",
        "1.14",
        "1.15",
        "1.16",
        "1.2",
        "1.3",
        "1.4",
        "1.5",
        "1.6",
        "1.7",
        "1.8",
        "1.9"
      ],
      "database_specific": {
        "source": "https://github.com/github/advisory-database/blob/main/advisories/github-reviewed/2022/04/GHSA-6w39-qhmq-g8cp/GHSA-6w39-qhmq-g8cp.json"
      }
    }
  ],
  "schema_version": "1.6.0",
  "severity": [
    {
      "type": "CVSS_V3",
      "score": "CVSS:3.1/AV:N/AC:L/PR:N/UI:R/S:U/C:H/I:H/A:H"
    }
  ]
}