{
  "id": "GHSA-j7m2-58wv-9v79",
  "summary": "Vulnerability in Torpedo Query",
  "details": "Torpedo Query before 2.5.3 mishandles the LIKE operator in ConditionBuilder.java, LikeCondition.java, and NotLikeCondition.java.",
  "aliases": [
    "CVE-2019-11343"
  ],
  "modified": "2024-02-17T05:36:11.066941Z",
  "published": "2022-02-10T20:47:29Z",
  "database_specific": {
    "nvd_published_at": "2020-03-12T21:15:00Z",
    "cwe_ids": [],
    "severity": "CRITICAL",
    "github_reviewed": true,
    "github_reviewed_at": "2021-05-03T18:10:05Z"
  },
  "references": [
    {
      "type": "ADVISORY",
      "url": "https://nvd.nist.gov/vuln/detail/CVE-2019-11343"
    },
    {
      "type": "WEB",
      "url": "https://github.com/xjodoin/torpedoquery/commit/3c20b874fba9cc2a78b9ace10208de1602b56c3f"
    },
    {
      "type": "WEB",
      "url": "https://github.com/xjodoin/torpedoquery"
    },
    {
      "type": "WEB",
      "url": "https://github.com/xjodoin/torpedoquery/compare/v2.5.2...v2.5.3"
    }
  ],
  "affected": [
    {
      "package": {
        "name": "org.torpedoquery:org.torpedoquery",
        "ecosystem": "Maven",
        "purl": "pkg:maven/org.torpedoquery/org.torpedoquery"
      },
      "ranges": [
        {
          "type": "ECOSYSTEM",
          "events": [
            {
              "introduced": "0"
            },
            {
              "fixed": "2.5.3"
            }
          ]
        }
      ],
      "versions": [
        "1.2.0",
        "1.2.1",
        "1.3.0",
        "1.3.1",
        "1.3.2",
        "1.4.0",
        "1.4.1",
        "1.5.0",
        "1.5.1",
        "1.6.0",
        "1.7.0",
        "2.0.0",
        "2.1.0",
        "2.2.0",
        "2.2.1",
        "2.3.0",
        "2.4.0",
        "2.5.0",
        "2.5.1",
        "2.5.2"
      ],
      "database_specific": {
        "source": "https://github.com/github/advisory-database/blob/main/advisories/github-reviewed/2022/02/GHSA-j7m2-58wv-9v79/GHSA-j7m2-58wv-9v79.json"
      }
    }
  ],
  "schema_version": "1.6.0",
  "severity": [
    {
      "type": "CVSS_V3",
      "score": "CVSS:3.1/AV:N/AC:L/PR:N/UI:N/S:U/C:H/I:H/A:H"
    }
  ]
}