{
  "id": "GHSA-923w-9p3x-hmgw",
  "summary": "Jenkins GitLab Plugin missing permission checks",
  "details": "Jenkins GitLab Plugin did not perform permission checks on a method implementing form validation. This allowed users with Overall/Read access to Jenkins to connect to an attacker-specified URL using attacker-specified credentials IDs obtained through another method, capturing credentials stored in Jenkins.\n\nAdditionally, this form validation method did not require POST requests, resulting in a cross-site request forgery vulnerability.\n\nThis form validation method now requires POST requests and Overall/Administer permissions.",
  "aliases": [
    "CVE-2019-10301"
  ],
  "modified": "2024-02-16T08:07:08.149885Z",
  "published": "2022-05-24T16:43:53Z",
  "database_specific": {
    "nvd_published_at": "2019-04-18T17:29:00Z",
    "cwe_ids": [
      "CWE-862"
    ],
    "severity": "HIGH",
    "github_reviewed": true,
    "github_reviewed_at": "2023-10-26T20:57:44Z"
  },
  "references": [
    {
      "type": "ADVISORY",
      "url": "https://nvd.nist.gov/vuln/detail/CVE-2019-10301"
    },
    {
      "type": "WEB",
      "url": "https://github.com/jenkinsci/gitlab-plugin/commit/f028c65539a8892f2d1f738cacc1ea5830adf5d3"
    },
    {
      "type": "WEB",
      "url": "https://jenkins.io/security/advisory/2019-04-17/#SECURITY-1357"
    },
    {
      "type": "WEB",
      "url": "https://web.archive.org/web/20200227075952/http://www.securityfocus.com/bid/108045"
    }
  ],
  "affected": [
    {
      "package": {
        "name": "org.jenkins-ci.plugins:gitlab-plugin",
        "ecosystem": "Maven",
        "purl": "pkg:maven/org.jenkins-ci.plugins/gitlab-plugin"
      },
      "ranges": [
        {
          "type": "ECOSYSTEM",
          "events": [
            {
              "introduced": "0"
            },
            {
              "fixed": "1.5.12"
            }
          ]
        }
      ],
      "versions": [
        "1.0.10",
        "1.0.11",
        "1.0.7",
        "1.0.9",
        "1.1.0",
        "1.1.1",
        "1.1.10",
        "1.1.12",
        "1.1.13",
        "1.1.14",
        "1.1.15",
        "1.1.16",
        "1.1.17",
        "1.1.18",
        "1.1.19",
        "1.1.2",
        "1.1.20",
        "1.1.21",
        "1.1.22",
        "1.1.23",
        "1.1.24",
        "1.1.25",
        "1.1.26",
        "1.1.27",
        "1.1.28",
        "1.1.29",
        "1.1.3",
        "1.1.31",
        "1.1.32",
        "1.1.6",
        "1.1.7",
        "1.1.9",
        "1.2.0",
        "1.2.1",
        "1.2.2",
        "1.2.3",
        "1.2.4",
        "1.2.5",
        "1.3.0",
        "1.3.1",
        "1.3.2",
        "1.4.0",
        "1.4.1",
        "1.4.2",
        "1.4.3",
        "1.4.4",
        "1.4.5",
        "1.4.6",
        "1.4.7",
        "1.4.8",
        "1.5.0",
        "1.5.1",
        "1.5.10",
        "1.5.11",
        "1.5.2",
        "1.5.3",
        "1.5.4",
        "1.5.5",
        "1.5.6",
        "1.5.7",
        "1.5.8",
        "1.5.9"
      ],
      "database_specific": {
        "last_known_affected_version_range": "<= 1.5.11",
        "source": "https://github.com/github/advisory-database/blob/main/advisories/github-reviewed/2022/05/GHSA-923w-9p3x-hmgw/GHSA-923w-9p3x-hmgw.json"
      }
    }
  ],
  "schema_version": "1.6.0",
  "severity": [
    {
      "type": "CVSS_V3",
      "score": "CVSS:3.1/AV:N/AC:L/PR:L/UI:N/S:U/C:H/I:H/A:H"
    }
  ]
}