{
  "id": "GHSA-v4rr-65x6-g69f",
  "summary": "XXE vulnerability in Jenkins Flaky Test Handler Plugin",
  "details": "Jenkins Flaky Test Handler Plugin 1.2.1 and earlier does not configure its XML parser to prevent XML external entity (XXE) attacks.",
  "aliases": [
    "CVE-2022-28140"
  ],
  "modified": "2023-11-08T04:09:01.858694Z",
  "published": "2022-03-30T00:00:25Z",
  "database_specific": {
    "nvd_published_at": "2022-03-29T13:15:00Z",
    "github_reviewed_at": "2022-05-03T20:56:05Z",
    "severity": "HIGH",
    "github_reviewed": true,
    "cwe_ids": [
      "CWE-611"
    ]
  },
  "references": [
    {
      "type": "ADVISORY",
      "url": "https://nvd.nist.gov/vuln/detail/CVE-2022-28140"
    },
    {
      "type": "WEB",
      "url": "https://github.com/jenkinsci/flaky-test-handler-plugin/commit/c4ab38fef3658a02315a00288b934bdd9981b3a4"
    },
    {
      "type": "PACKAGE",
      "url": "https://github.com/jenkinsci/flaky-test-handler-plugin"
    },
    {
      "type": "WEB",
      "url": "https://www.jenkins.io/security/advisory/2022-03-29/#SECURITY-1896"
    },
    {
      "type": "WEB",
      "url": "http://www.openwall.com/lists/oss-security/2022/03/29/1"
    }
  ],
  "affected": [
    {
      "package": {
        "name": "org.jenkins-ci.plugins:flaky-test-handler",
        "ecosystem": "Maven",
        "purl": "pkg:maven/org.jenkins-ci.plugins/flaky-test-handler"
      },
      "ranges": [
        {
          "type": "ECOSYSTEM",
          "events": [
            {
              "introduced": "0"
            },
            {
              "fixed": "1.2.2"
            }
          ]
        }
      ],
      "versions": [
        "1.0.0",
        "1.0.1",
        "1.0.2",
        "1.0.3",
        "1.0.4",
        "1.1.0",
        "1.2.0",
        "1.2.1"
      ],
      "database_specific": {
        "source": "https://github.com/github/advisory-database/blob/main/advisories/github-reviewed/2022/03/GHSA-v4rr-65x6-g69f/GHSA-v4rr-65x6-g69f.json"
      }
    }
  ],
  "schema_version": "1.6.0",
  "severity": [
    {
      "type": "CVSS_V3",
      "score": "CVSS:3.1/AV:N/AC:L/PR:L/UI:N/S:U/C:H/I:H/A:N"
    }
  ]
}