{
  "id": "GHSA-v64w-96p6-fx7w",
  "summary": "Apache Geronimo JMX Remoting functionality allows remote code execution in 3.x before v3.0.1",
  "details": "The JMX Remoting functionality in Apache Geronimo 3.x before 3.0.1, as used in IBM WebSphere Application Server (WAS) Community Edition 3.0.0.3 and other products, does not properly implement the RMI classloader, which allows remote attackers to execute arbitrary code by using the JMX connector to send a crafted serialized object.",
  "aliases": [
    "CVE-2013-1777"
  ],
  "modified": "2024-03-05T18:46:01.391298Z",
  "published": "2022-05-17T04:48:11Z",
  "database_specific": {
    "nvd_published_at": "2013-07-11T22:55:00Z",
    "cwe_ids": [
      "CWE-94"
    ],
    "severity": "HIGH",
    "github_reviewed": true,
    "github_reviewed_at": "2022-07-27T21:38:21Z"
  },
  "references": [
    {
      "type": "ADVISORY",
      "url": "https://nvd.nist.gov/vuln/detail/CVE-2013-1777"
    },
    {
      "type": "WEB",
      "url": "https://github.com/apache/geronimo/commit/ee031c5e62b0d358250d06c2aa6722518579a6c5"
    },
    {
      "type": "PACKAGE",
      "url": "https://github.com/apache/geronimo"
    },
    {
      "type": "WEB",
      "url": "https://issues.apache.org/jira/browse/GERONIMO-6477"
    },
    {
      "type": "WEB",
      "url": "http://archives.neohapsis.com/archives/bugtraq/2013-07/0008.html"
    },
    {
      "type": "WEB",
      "url": "http://geronimo.apache.org/30x-security-report.html"
    },
    {
      "type": "WEB",
      "url": "http://svn.apache.org/viewvc/geronimo/server/trunk"
    },
    {
      "type": "WEB",
      "url": "http://svn.apache.org/viewvc?view=revision&revision=1458113"
    },
    {
      "type": "WEB",
      "url": "http://www-01.ibm.com/support/docview.wss?uid=swg21643282"
    }
  ],
  "affected": [
    {
      "package": {
        "name": "org.apache.geronimo.framework:geronimo-jmx-remoting",
        "ecosystem": "Maven",
        "purl": "pkg:maven/org.apache.geronimo.framework/geronimo-jmx-remoting"
      },
      "ranges": [
        {
          "type": "ECOSYSTEM",
          "events": [
            {
              "introduced": "3.0-beta-1"
            },
            {
              "fixed": "3.0.1"
            }
          ]
        }
      ],
      "versions": [
        "3.0-M1",
        "3.0-beta-1",
        "3.0.0"
      ],
      "database_specific": {
        "source": "https://github.com/github/advisory-database/blob/main/advisories/github-reviewed/2022/05/GHSA-v64w-96p6-fx7w/GHSA-v64w-96p6-fx7w.json"
      }
    }
  ],
  "schema_version": "1.6.0"
}