{
  "id": "GHSA-vpfp-5gwq-g533",
  "summary": "Improper Authentication in Apache ShenYu Admin",
  "details": "A flaw was found in Apache ShenYu Admin. The incorrect use of JWT in ShenyuAdminBootstrap allows an attacker to bypass authentication. This issue affected Apache ShenYu 2.3.0 and 2.4.0.",
  "aliases": [
    "CVE-2021-37580"
  ],
  "modified": "2024-02-16T08:24:45.527587Z",
  "published": "2021-11-17T23:15:30Z",
  "database_specific": {
    "nvd_published_at": "2021-11-16T10:15:00Z",
    "cwe_ids": [
      "CWE-287"
    ],
    "severity": "CRITICAL",
    "github_reviewed": true,
    "github_reviewed_at": "2021-11-17T22:31:03Z"
  },
  "references": [
    {
      "type": "ADVISORY",
      "url": "https://nvd.nist.gov/vuln/detail/CVE-2021-37580"
    },
    {
      "type": "WEB",
      "url": "https://github.com/apache/shenyu/commit/f78adb26926ba53b4ec5c21f2cf7e931461d601d"
    },
    {
      "type": "PACKAGE",
      "url": "https://github.com/apache/shenyu"
    },
    {
      "type": "WEB",
      "url": "https://github.com/apache/shenyu/releases/tag/v2.4.1"
    },
    {
      "type": "WEB",
      "url": "https://lists.apache.org/thread/o15j25qwtpcw62k48xw1tnv48skh3zgb"
    },
    {
      "type": "WEB",
      "url": "http://www.openwall.com/lists/oss-security/2021/11/16/1"
    }
  ],
  "affected": [
    {
      "package": {
        "name": "org.apache.shenyu:shenyu-admin",
        "ecosystem": "Maven",
        "purl": "pkg:maven/org.apache.shenyu/shenyu-admin"
      },
      "ranges": [
        {
          "type": "ECOSYSTEM",
          "events": [
            {
              "introduced": "2.3.0"
            },
            {
              "fixed": "2.4.1"
            }
          ]
        }
      ],
      "versions": [
        "2.4.0"
      ],
      "database_specific": {
        "source": "https://github.com/github/advisory-database/blob/main/advisories/github-reviewed/2021/11/GHSA-vpfp-5gwq-g533/GHSA-vpfp-5gwq-g533.json"
      }
    }
  ],
  "schema_version": "1.6.0",
  "severity": [
    {
      "type": "CVSS_V3",
      "score": "CVSS:3.1/AV:N/AC:L/PR:N/UI:N/S:U/C:H/I:H/A:H"
    }
  ]
}