{
  "id": "GHSA-fmq7-gh8v-mjvc",
  "summary": "WildFly vulnerable to Insecure Default Initialization of Resource",
  "details": "A flaw was found in WildFly, where an attacker can see deployment names, endpoints, and any other data the trace payload may contain.",
  "aliases": [
    "BIT-wildfly-2022-1278",
    "CVE-2022-1278"
  ],
  "modified": "2023-12-06T01:01:51.527714Z",
  "published": "2022-09-14T00:00:48Z",
  "database_specific": {
    "nvd_published_at": "2022-09-13T14:15:00Z",
    "github_reviewed_at": "2022-09-15T03:23:37Z",
    "severity": "HIGH",
    "github_reviewed": true,
    "cwe_ids": [
      "CWE-1188"
    ]
  },
  "references": [
    {
      "type": "ADVISORY",
      "url": "https://nvd.nist.gov/vuln/detail/CVE-2022-1278"
    },
    {
      "type": "WEB",
      "url": "https://bugzilla.redhat.com/show_bug.cgi?id=2073401"
    },
    {
      "type": "PACKAGE",
      "url": "https://github.com/wildfly/boms"
    },
    {
      "type": "WEB",
      "url": "https://issues.redhat.com/browse/WFLY-16238"
    }
  ],
  "affected": [
    {
      "package": {
        "name": "org.wildfly.bom:wildfly",
        "ecosystem": "Maven",
        "purl": "pkg:maven/org.wildfly.bom/wildfly"
      },
      "ranges": [
        {
          "type": "ECOSYSTEM",
          "events": [
            {
              "introduced": "0"
            },
            {
              "fixed": "27.0.0.Beta1"
            }
          ]
        }
      ],
      "versions": [
        "11.0.0.Alpha1",
        "11.0.0.Alpha2",
        "11.0.0.Beta1",
        "11.0.0.Beta2",
        "11.0.0.Beta3",
        "11.0.0.CR1",
        "11.0.0.Final",
        "12.0.0.CR1",
        "12.0.0.Final",
        "13.0.0.Alpha1",
        "13.0.0.Alpha2",
        "13.0.0.Alpha3",
        "13.0.0.Alpha5",
        "13.0.0.Final",
        "14.0.0.Alpha1",
        "14.0.0.Beta2",
        "14.0.0.Final",
        "14.0.1.Final",
        "15.0.0.Beta1",
        "15.0.0.Final",
        "15.0.1.Final",
        "16.0.0.Beta1",
        "16.0.0.Final",
        "17.0.0.Beta1",
        "17.0.0.Final",
        "17.0.1.Final",
        "18.0.0.Beta1",
        "18.0.0.Final",
        "18.0.1.Final",
        "19.0.0.Beta1",
        "19.0.0.Beta2",
        "19.0.0.Beta3",
        "19.0.0.Final",
        "19.0.1.Final",
        "19.1.0.Final",
        "20.0.0.Beta1",
        "20.0.0.Final",
        "20.0.1.Final",
        "21.0.0.Beta1",
        "21.0.0.Final",
        "21.0.1.Final",
        "21.0.2.Final",
        "22.0.0.Alpha1",
        "22.0.0.Beta1",
        "22.0.0.Final",
        "22.0.1.Final",
        "23.0.0.Beta1",
        "23.0.0.Final",
        "23.0.1.Final",
        "23.0.2.Final",
        "24.0.0.Beta1",
        "24.0.0.Final",
        "24.0.0.SP1",
        "24.0.1.Final",
        "25.0.0.Beta1",
        "25.0.0.Final",
        "25.0.1.Final",
        "26.0.0.Beta1",
        "26.0.0.Final",
        "26.0.1.Final",
        "26.1.0.Beta1",
        "26.1.0.Final",
        "26.1.1.Final",
        "26.1.2.Final",
        "26.1.3.Final",
        "27.0.0.Alpha4"
      ],
      "database_specific": {
        "source": "https://github.com/github/advisory-database/blob/main/advisories/github-reviewed/2022/09/GHSA-fmq7-gh8v-mjvc/GHSA-fmq7-gh8v-mjvc.json"
      }
    }
  ],
  "schema_version": "1.6.0",
  "severity": [
    {
      "type": "CVSS_V3",
      "score": "CVSS:3.1/AV:N/AC:L/PR:N/UI:N/S:U/C:H/I:N/A:N"
    }
  ]
}