{
  "id": "GHSA-p76j-5v6v-6c22",
  "summary": "Apache NiFi JMS Deserialization issue",
  "details": "Apache NiFi JMS Deserialization issue because of ActiveMQ client vulnerability. Malicious JMS content could cause denial of service. See ActiveMQ CVE-2015-5254 announcement for more information. The fix to upgrade the activemq-client library to 5.15.3 was applied on the Apache NiFi 1.6.0 release. Users running a prior 1.x release should upgrade to the appropriate release.",
  "aliases": [
    "CVE-2018-1310"
  ],
  "modified": "2023-11-08T03:59:52.526665Z",
  "published": "2022-05-14T03:16:19Z",
  "database_specific": {
    "nvd_published_at": "2018-05-23T14:29:00Z",
    "github_reviewed_at": "2022-11-01T22:35:11Z",
    "severity": "HIGH",
    "github_reviewed": true,
    "cwe_ids": [
      "CWE-502"
    ]
  },
  "references": [
    {
      "type": "ADVISORY",
      "url": "https://nvd.nist.gov/vuln/detail/CVE-2018-1310"
    },
    {
      "type": "WEB",
      "url": "https://nifi.apache.org/security.html#CVE-2018-1310"
    }
  ],
  "affected": [
    {
      "package": {
        "name": "org.apache.nifi:nifi",
        "ecosystem": "Maven",
        "purl": "pkg:maven/org.apache.nifi/nifi"
      },
      "ranges": [
        {
          "type": "ECOSYSTEM",
          "events": [
            {
              "introduced": "0"
            },
            {
              "fixed": "1.6.0"
            }
          ]
        }
      ],
      "versions": [
        "0.0.1-incubating",
        "0.0.2-incubating",
        "0.1.0-incubating",
        "0.2.0-incubating",
        "0.2.1",
        "0.3.0",
        "0.4.0",
        "0.4.1",
        "0.5.0",
        "0.5.1",
        "0.6.0",
        "0.6.1",
        "0.7.0",
        "0.7.1",
        "0.7.2",
        "0.7.3",
        "0.7.4",
        "1.0.0",
        "1.0.0-BETA",
        "1.0.1",
        "1.1.0",
        "1.1.1",
        "1.1.2",
        "1.2.0",
        "1.3.0",
        "1.4.0",
        "1.5.0"
      ],
      "database_specific": {
        "source": "https://github.com/github/advisory-database/blob/main/advisories/github-reviewed/2022/05/GHSA-p76j-5v6v-6c22/GHSA-p76j-5v6v-6c22.json"
      }
    }
  ],
  "schema_version": "1.6.0",
  "severity": [
    {
      "type": "CVSS_V3",
      "score": "CVSS:3.0/AV:N/AC:L/PR:N/UI:N/S:U/C:N/I:N/A:H"
    }
  ]
}