{
  "id": "GHSA-fg29-37px-c7wm",
  "summary": "RuoYi vulnerable to SQL injection vulnerability",
  "details": "RuoYi up to v4.6 was discovered to contain a SQL injection vulnerability via /system/dept/edit. ",
  "aliases": [
    "CVE-2023-49371"
  ],
  "modified": "2023-12-07T22:52:00Z",
  "published": "2023-12-01T15:31:22Z",
  "database_specific": {
    "nvd_published_at": "2023-12-01T15:15:07Z",
    "cwe_ids": [
      "CWE-89"
    ],
    "severity": "CRITICAL",
    "github_reviewed": true,
    "github_reviewed_at": "2023-12-01T19:24:17Z"
  },
  "references": [
    {
      "type": "ADVISORY",
      "url": "https://nvd.nist.gov/vuln/detail/CVE-2023-49371"
    },
    {
      "type": "WEB",
      "url": "https://gist.github.com/Maverickfir/53405b944b2830b43a84abf4b1734847"
    },
    {
      "type": "WEB",
      "url": "https://github.com/Maverickfir/RuoYi-v4.6-vulnerability/blob/main/Ruoyiv4.6.md"
    }
  ],
  "affected": [
    {
      "package": {
        "name": "com.ruoyi:ruoyi",
        "ecosystem": "Maven",
        "purl": "pkg:maven/com.ruoyi/ruoyi"
      },
      "ranges": [
        {
          "type": "ECOSYSTEM",
          "events": [
            {
              "introduced": "0"
            },
            {
              "last_affected": "4.6"
            }
          ]
        }
      ],
      "database_specific": {
        "source": "https://github.com/github/advisory-database/blob/main/advisories/github-reviewed/2023/12/GHSA-fg29-37px-c7wm/GHSA-fg29-37px-c7wm.json"
      },
      "versions": []
    }
  ],
  "schema_version": "1.6.0",
  "severity": [
    {
      "type": "CVSS_V3",
      "score": "CVSS:3.1/AV:N/AC:L/PR:N/UI:N/S:U/C:H/I:H/A:H"
    }
  ]
}