{
  "id": "GHSA-5gwq-4275-q4qc",
  "summary": "Jenkins AWS CodePipeline Plugin has Insufficiently Protected Credentials",
  "details": "Jenkins project Jenkins AWS CodePipeline Plugin version 0.36 and earlier contains a Insufficiently Protected Credentials vulnerability in AWSCodePipelineSCM.java that can result in Credentials Disclosure. This attack appear to be exploitable via local file access. This vulnerability appears to have been fixed in 0.37 and later.",
  "aliases": [
    "CVE-2018-1000401"
  ],
  "modified": "2023-11-08T03:59:37.849942Z",
  "published": "2022-05-13T01:48:37Z",
  "database_specific": {
    "nvd_published_at": "2018-07-09T13:29:00Z",
    "github_reviewed_at": "2022-11-08T12:51:29Z",
    "severity": "HIGH",
    "github_reviewed": true,
    "cwe_ids": [
      "CWE-522"
    ]
  },
  "references": [
    {
      "type": "ADVISORY",
      "url": "https://nvd.nist.gov/vuln/detail/CVE-2018-1000401"
    },
    {
      "type": "WEB",
      "url": "https://github.com/jenkinsci/aws-codepipeline-plugin/commit/a45d3dc52c8b6f49e813a2ee8b796f0302649c69"
    },
    {
      "type": "WEB",
      "url": "https://jenkins.io/security/advisory/2018-06-25/#SECURITY-967"
    }
  ],
  "affected": [
    {
      "package": {
        "name": "com.amazonaws:aws-codepipeline",
        "ecosystem": "Maven",
        "purl": "pkg:maven/com.amazonaws/aws-codepipeline"
      },
      "ranges": [
        {
          "type": "ECOSYSTEM",
          "events": [
            {
              "introduced": "0"
            },
            {
              "fixed": "0.37"
            }
          ]
        }
      ],
      "versions": [
        "0.10",
        "0.11",
        "0.12",
        "0.13",
        "0.14",
        "0.15",
        "0.16",
        "0.17",
        "0.19",
        "0.20",
        "0.21",
        "0.22",
        "0.23",
        "0.26",
        "0.27",
        "0.28",
        "0.29",
        "0.31",
        "0.32",
        "0.33",
        "0.34",
        "0.35",
        "0.36",
        "0.9"
      ],
      "database_specific": {
        "source": "https://github.com/github/advisory-database/blob/main/advisories/github-reviewed/2022/05/GHSA-5gwq-4275-q4qc/GHSA-5gwq-4275-q4qc.json"
      }
    }
  ],
  "schema_version": "1.6.0",
  "severity": [
    {
      "type": "CVSS_V3",
      "score": "CVSS:3.0/AV:L/AC:L/PR:L/UI:N/S:U/C:H/I:H/A:H"
    }
  ]
}