{
  "id": "GHSA-gc67-crq6-hgh5",
  "summary": "Improper Input Validation in Parquet-MR",
  "details": "Improper Input Validation vulnerability in Parquet-MR of Apache Parquet allows an attacker to DoS by malicious Parquet files. This issue affects Apache Parquet-MR version 1.9.0 and later versions.",
  "aliases": [
    "CVE-2021-41561"
  ],
  "modified": "2023-11-08T04:06:59.842754Z",
  "published": "2022-01-06T23:59:25Z",
  "database_specific": {
    "nvd_published_at": "2021-12-20T12:15:00Z",
    "github_reviewed_at": "2022-01-06T23:39:35Z",
    "severity": "HIGH",
    "github_reviewed": true,
    "cwe_ids": [
      "CWE-20"
    ]
  },
  "references": [
    {
      "type": "ADVISORY",
      "url": "https://nvd.nist.gov/vuln/detail/CVE-2021-41561"
    },
    {
      "type": "PACKAGE",
      "url": "https://github.com/apache/parquet-mr"
    },
    {
      "type": "WEB",
      "url": "https://lists.apache.org/thread/1bjlscbqtfzl160hrm9lnpjpppp5z3zr"
    },
    {
      "type": "WEB",
      "url": "http://www.openwall.com/lists/oss-security/2021/12/20/1"
    }
  ],
  "affected": [
    {
      "package": {
        "name": "org.apache.parquet:parquet",
        "ecosystem": "Maven",
        "purl": "pkg:maven/org.apache.parquet/parquet"
      },
      "ranges": [
        {
          "type": "ECOSYSTEM",
          "events": [
            {
              "introduced": "1.12.0"
            },
            {
              "fixed": "1.12.2"
            }
          ]
        }
      ],
      "versions": [
        "1.12.0",
        "1.12.1"
      ],
      "database_specific": {
        "source": "https://github.com/github/advisory-database/blob/main/advisories/github-reviewed/2022/01/GHSA-gc67-crq6-hgh5/GHSA-gc67-crq6-hgh5.json"
      }
    },
    {
      "package": {
        "name": "org.apache.parquet:parquet",
        "ecosystem": "Maven",
        "purl": "pkg:maven/org.apache.parquet/parquet"
      },
      "ranges": [
        {
          "type": "ECOSYSTEM",
          "events": [
            {
              "introduced": "0"
            },
            {
              "fixed": "1.11.2"
            }
          ]
        }
      ],
      "versions": [
        "1.10.0",
        "1.10.1",
        "1.11.0",
        "1.11.1",
        "1.7.0",
        "1.8.0",
        "1.8.1",
        "1.8.2",
        "1.8.3",
        "1.9.0"
      ],
      "database_specific": {
        "source": "https://github.com/github/advisory-database/blob/main/advisories/github-reviewed/2022/01/GHSA-gc67-crq6-hgh5/GHSA-gc67-crq6-hgh5.json"
      }
    }
  ],
  "schema_version": "1.6.0",
  "severity": [
    {
      "type": "CVSS_V3",
      "score": "CVSS:3.1/AV:N/AC:L/PR:N/UI:N/S:U/C:N/I:N/A:H"
    }
  ]
}