{
  "id": "GHSA-w3rc-2whg-w934",
  "summary": "Mingsoft MCMS SQL injection vulnerability in /mdiy/model/delete URI via models List",
  "details": "Mingsoft MCMS 5.2.8 was discovered to contain a SQL injection vulnerability in /mdiy/model/delete URI via models Lists.",
  "aliases": [
    "CVE-2022-36599"
  ],
  "modified": "2023-11-08T04:10:03.251707Z",
  "published": "2022-08-17T00:00:30Z",
  "database_specific": {
    "nvd_published_at": "2022-08-16T13:15:00Z",
    "github_reviewed_at": "2022-08-30T19:56:06Z",
    "severity": "CRITICAL",
    "github_reviewed": true,
    "cwe_ids": [
      "CWE-89"
    ]
  },
  "references": [
    {
      "type": "ADVISORY",
      "url": "https://nvd.nist.gov/vuln/detail/CVE-2022-36599"
    },
    {
      "type": "PACKAGE",
      "url": "https://gitee.com/mingSoft/MCMS"
    },
    {
      "type": "WEB",
      "url": "https://gitee.com/mingSoft/MCMS/issues/I5I1P5"
    }
  ],
  "affected": [
    {
      "package": {
        "name": "net.mingsoft:ms-mcms",
        "ecosystem": "Maven",
        "purl": "pkg:maven/net.mingsoft/ms-mcms"
      },
      "ranges": [
        {
          "type": "ECOSYSTEM",
          "events": [
            {
              "introduced": "0"
            },
            {
              "last_affected": "5.2.8"
            }
          ]
        }
      ],
      "versions": [
        "4.6.3-SNAPSHOTS",
        "4.6.5",
        "4.7.1",
        "4.7.2",
        "5.0.0",
        "5.0.1",
        "5.1",
        "5.2",
        "5.2.0",
        "5.2.0.RELEASE",
        "5.2.1",
        "5.2.2",
        "5.2.3",
        "5.2.4",
        "5.2.5",
        "5.2.6",
        "5.2.7",
        "5.2.8"
      ],
      "database_specific": {
        "source": "https://github.com/github/advisory-database/blob/main/advisories/github-reviewed/2022/08/GHSA-w3rc-2whg-w934/GHSA-w3rc-2whg-w934.json"
      }
    }
  ],
  "schema_version": "1.6.0",
  "severity": [
    {
      "type": "CVSS_V3",
      "score": "CVSS:3.1/AV:N/AC:L/PR:N/UI:N/S:U/C:H/I:H/A:H"
    }
  ]
}