{
  "id": "GHSA-qgm7-m77f-j8pf",
  "summary": "Jenkins Performance Publisher Plugin vulnerable to XML external entity (XXE) attacks",
  "details": "Jenkins Performance Publisher Plugin 8.09 and earlier does not configure its XML parser to prevent XML external entity (XXE) attacks.\n\nThis allows attackers able to control PerfPublisher report files to have Jenkins parse a crafted XML document that uses external entities for extraction of secrets from the Jenkins controller or server-side request forgery.",
  "aliases": [
    "CVE-2023-28682"
  ],
  "modified": "2023-11-08T04:12:13.838904Z",
  "published": "2023-04-02T21:30:16Z",
  "database_specific": {
    "nvd_published_at": "2023-04-02T21:15:00Z",
    "github_reviewed_at": "2023-04-03T22:55:48Z",
    "severity": "HIGH",
    "github_reviewed": true,
    "cwe_ids": [
      "CWE-611"
    ]
  },
  "references": [
    {
      "type": "ADVISORY",
      "url": "https://nvd.nist.gov/vuln/detail/CVE-2023-28682"
    },
    {
      "type": "PACKAGE",
      "url": "https://github.com/jenkinsci/perfpublisher-plugin"
    },
    {
      "type": "WEB",
      "url": "https://www.jenkins.io/security/advisory/2023-03-21/#SECURITY-2928"
    }
  ],
  "affected": [
    {
      "package": {
        "name": "org.jenkins-ci.plugins:perfpublisher",
        "ecosystem": "Maven",
        "purl": "pkg:maven/org.jenkins-ci.plugins/perfpublisher"
      },
      "ranges": [
        {
          "type": "ECOSYSTEM",
          "events": [
            {
              "introduced": "0"
            },
            {
              "last_affected": "8.09"
            }
          ]
        }
      ],
      "versions": [
        "8.01",
        "8.02",
        "8.03",
        "8.04",
        "8.05",
        "8.06",
        "8.07",
        "8.08",
        "8.09"
      ],
      "database_specific": {
        "source": "https://github.com/github/advisory-database/blob/main/advisories/github-reviewed/2023/04/GHSA-qgm7-m77f-j8pf/GHSA-qgm7-m77f-j8pf.json"
      }
    }
  ],
  "schema_version": "1.6.0",
  "severity": [
    {
      "type": "CVSS_V3",
      "score": "CVSS:3.1/AV:N/AC:L/PR:L/UI:N/S:U/C:H/I:L/A:N"
    }
  ]
}