{
  "id": "GHSA-xm92-rf24-h74w",
  "summary": "Apache Geronimo Application Server multiple directory traversal vulnerabilities",
  "details": "Multiple directory traversal vulnerabilities in the web administration console in Apache Geronimo Application Server 2.1 through 2.1.3 on Windows allow remote attackers to upload files to arbitrary directories via directory traversal sequences in the (1) group, (2) artifact, (3) version, or (4) fileType parameter to console/portal//Services/Repository (aka the Services/Repository portlet); the (5) createDB parameter to console/portal/Embedded DB/DB Manager (aka the Embedded DB/DB Manager portlet); or the (6) filename parameter to the createKeystore script in the Security/Keystores portlet.",
  "aliases": [
    "CVE-2008-5518"
  ],
  "modified": "2024-02-26T22:43:42.021090Z",
  "published": "2022-05-14T02:40:10Z",
  "database_specific": {
    "nvd_published_at": "2009-04-17T14:30:00Z",
    "cwe_ids": [
      "CWE-22"
    ],
    "severity": "HIGH",
    "github_reviewed": true,
    "github_reviewed_at": "2024-02-26T22:14:31Z"
  },
  "references": [
    {
      "type": "ADVISORY",
      "url": "https://nvd.nist.gov/vuln/detail/CVE-2008-5518"
    },
    {
      "type": "WEB",
      "url": "https://github.com/apache/geronimo/commit/aa0c2c26dde8930cad924796af7c17a13d236b16"
    },
    {
      "type": "WEB",
      "url": "https://exchange.xforce.ibmcloud.com/vulnerabilities/49898"
    },
    {
      "type": "WEB",
      "url": "https://exchange.xforce.ibmcloud.com/vulnerabilities/49899"
    },
    {
      "type": "WEB",
      "url": "https://exchange.xforce.ibmcloud.com/vulnerabilities/49900"
    },
    {
      "type": "PACKAGE",
      "url": "https://github.com/apache/geronimo"
    },
    {
      "type": "WEB",
      "url": "https://web.archive.org/web/20090419162753/http://secunia.com/advisories/34715"
    },
    {
      "type": "WEB",
      "url": "https://web.archive.org/web/20090422192030/http://dsecrg.com/pages/vul/show.php?id=118"
    },
    {
      "type": "WEB",
      "url": "https://web.archive.org/web/20200229223125/http://www.securityfocus.com/bid/34562"
    },
    {
      "type": "WEB",
      "url": "https://www.exploit-db.com/exploits/8458"
    },
    {
      "type": "WEB",
      "url": "http://geronimo.apache.org/21x-security-report.html#2.1.xSecurityReport-214"
    },
    {
      "type": "WEB",
      "url": "http://issues.apache.org/jira/browse/GERONIMO-4597"
    }
  ],
  "affected": [
    {
      "package": {
        "name": "org.apache.geronimo.plugins:console",
        "ecosystem": "Maven",
        "purl": "pkg:maven/org.apache.geronimo.plugins/console"
      },
      "ranges": [
        {
          "type": "ECOSYSTEM",
          "events": [
            {
              "introduced": "2.1.0"
            },
            {
              "fixed": "2.1.4"
            }
          ]
        }
      ],
      "versions": [
        "2.1",
        "2.1.1",
        "2.1.2",
        "2.1.3"
      ],
      "database_specific": {
        "source": "https://github.com/github/advisory-database/blob/main/advisories/github-reviewed/2022/05/GHSA-xm92-rf24-h74w/GHSA-xm92-rf24-h74w.json"
      }
    }
  ],
  "schema_version": "1.6.0"
}