{
  "id": "GHSA-f3jh-qvm4-mg39",
  "summary": "Erroneous authentication pass in Spring Security",
  "details": "In Spring Security, versions 5.7.x prior to 5.7.12, 5.8.x prior to 5.8.11, versions 6.0.x prior to 6.0.9, versions 6.1.x prior to 6.1.8, versions 6.2.x prior to 6.2.3, an application is possible vulnerable to broken access control when it directly uses the AuthenticatedVoter#vote passing a null Authentication parameter.\n\nSpecifically, an application is vulnerable if:\n\nThe application uses AuthenticatedVoter directly and a null authentication parameter is passed to it resulting in an erroneous true return value.\n\nAn application is not vulnerable if any of the following is true:\n\n* The application does not use AuthenticatedVoter#vote directly.\n* The application does not pass null to AuthenticatedVoter#vote.\n\nNote that AuthenticatedVoter is deprecated since 5.8, use implementations of AuthorizationManager as a replacement.",
  "aliases": [
    "CVE-2024-22257"
  ],
  "modified": "2024-04-19T09:46:23.463073Z",
  "published": "2024-03-18T15:30:51Z",
  "related": [
    "CGA-wh3x-h7mf-cf4h",
    "CGA-x76q-rg2f-q72m"
  ],
  "database_specific": {
    "nvd_published_at": "2024-03-18T15:15:41Z",
    "cwe_ids": [
      "CWE-287"
    ],
    "severity": "HIGH",
    "github_reviewed": true,
    "github_reviewed_at": "2024-03-18T20:10:27Z"
  },
  "references": [
    {
      "type": "ADVISORY",
      "url": "https://nvd.nist.gov/vuln/detail/CVE-2024-22257"
    },
    {
      "type": "WEB",
      "url": "https://github.com/spring-projects/spring-security/commit/5a7f12f1a9fdb4edaab6f61495f1d781a7273b61"
    },
    {
      "type": "PACKAGE",
      "url": "https://github.com/spring-projects/spring-security"
    },
    {
      "type": "WEB",
      "url": "https://security.netapp.com/advisory/ntap-20240419-0005"
    },
    {
      "type": "WEB",
      "url": "https://spring.io/security/cve-2024-22257"
    }
  ],
  "affected": [
    {
      "package": {
        "name": "org.springframework.security:spring-security-core",
        "ecosystem": "Maven",
        "purl": "pkg:maven/org.springframework.security/spring-security-core"
      },
      "ranges": [
        {
          "type": "ECOSYSTEM",
          "events": [
            {
              "introduced": "0"
            },
            {
              "fixed": "5.7.12"
            }
          ]
        }
      ],
      "versions": [
        "2.0.0",
        "2.0.1",
        "2.0.2",
        "2.0.3",
        "2.0.4",
        "2.0.5.RELEASE",
        "2.0.6.RELEASE",
        "2.0.7.RELEASE",
        "2.0.8.RELEASE",
        "3.0.0.RELEASE",
        "3.0.1.RELEASE",
        "3.0.2.RELEASE",
        "3.0.3.RELEASE",
        "3.0.4.RELEASE",
        "3.0.5.RELEASE",
        "3.0.6.RELEASE",
        "3.0.7.RELEASE",
        "3.0.8.RELEASE",
        "3.1.0.RELEASE",
        "3.1.1.RELEASE",
        "3.1.2.RELEASE",
        "3.1.3.RELEASE",
        "3.1.4.RELEASE",
        "3.1.5.RELEASE",
        "3.1.6.RELEASE",
        "3.1.7.RELEASE",
        "3.2.0.RELEASE",
        "3.2.1.RELEASE",
        "3.2.10.RELEASE",
        "3.2.2.RELEASE",
        "3.2.3.RELEASE",
        "3.2.4.RELEASE",
        "3.2.5.RELEASE",
        "3.2.6.RELEASE",
        "3.2.7.RELEASE",
        "3.2.8.RELEASE",
        "3.2.9.RELEASE",
        "4.0.0.RELEASE",
        "4.0.1.RELEASE",
        "4.0.2.RELEASE",
        "4.0.3.RELEASE",
        "4.0.4.RELEASE",
        "4.1.0.RELEASE",
        "4.1.1.RELEASE",
        "4.1.2.RELEASE",
        "4.1.3.RELEASE",
        "4.1.4.RELEASE",
        "4.1.5.RELEASE",
        "4.2.0.RELEASE",
        "4.2.1.RELEASE",
        "4.2.10.RELEASE",
        "4.2.11.RELEASE",
        "4.2.12.RELEASE",
        "4.2.13.RELEASE",
        "4.2.14.RELEASE",
        "4.2.15.RELEASE",
        "4.2.16.RELEASE",
        "4.2.17.RELEASE",
        "4.2.18.RELEASE",
        "4.2.19.RELEASE",
        "4.2.2.RELEASE",
        "4.2.20.RELEASE",
        "4.2.3.RELEASE",
        "4.2.4.RELEASE",
        "4.2.5.RELEASE",
        "4.2.6.RELEASE",
        "4.2.7.RELEASE",
        "4.2.8.RELEASE",
        "4.2.9.RELEASE",
        "5.0.0.RELEASE",
        "5.0.1.RELEASE",
        "5.0.10.RELEASE",
        "5.0.11.RELEASE",
        "5.0.12.RELEASE",
        "5.0.13.RELEASE",
        "5.0.14.RELEASE",
        "5.0.15.RELEASE",
        "5.0.16.RELEASE",
        "5.0.17.RELEASE",
        "5.0.18.RELEASE",
        "5.0.19.RELEASE",
        "5.0.2.RELEASE",
        "5.0.3.RELEASE",
        "5.0.4.RELEASE",
        "5.0.5.RELEASE",
        "5.0.6.RELEASE",
        "5.0.7.RELEASE",
        "5.0.8.RELEASE",
        "5.0.9.RELEASE",
        "5.1.0.RELEASE",
        "5.1.1.RELEASE",
        "5.1.10.RELEASE",
        "5.1.11.RELEASE",
        "5.1.12.RELEASE",
        "5.1.13.RELEASE",
        "5.1.2.RELEASE",
        "5.1.3.RELEASE",
        "5.1.4.RELEASE",
        "5.1.5.RELEASE",
        "5.1.6.RELEASE",
        "5.1.7.RELEASE",
        "5.1.8.RELEASE",
        "5.1.9.RELEASE",
        "5.2.0.RELEASE",
        "5.2.1.RELEASE",
        "5.2.10.RELEASE",
        "5.2.11.RELEASE",
        "5.2.12.RELEASE",
        "5.2.13.RELEASE",
        "5.2.14.RELEASE",
        "5.2.15.RELEASE",
        "5.2.2.RELEASE",
        "5.2.3.RELEASE",
        "5.2.4.RELEASE",
        "5.2.5.RELEASE",
        "5.2.6.RELEASE",
        "5.2.7.RELEASE",
        "5.2.8.RELEASE",
        "5.2.9.RELEASE",
        "5.3.0.RELEASE",
        "5.3.1.RELEASE",
        "5.3.10.RELEASE",
        "5.3.11.RELEASE",
        "5.3.12.RELEASE",
        "5.3.13.RELEASE",
        "5.3.2.RELEASE",
        "5.3.3.RELEASE",
        "5.3.4.RELEASE",
        "5.3.5.RELEASE",
        "5.3.6.RELEASE",
        "5.3.7.RELEASE",
        "5.3.8.RELEASE",
        "5.3.9.RELEASE",
        "5.4.0",
        "5.4.1",
        "5.4.10",
        "5.4.11",
        "5.4.2",
        "5.4.3",
        "5.4.4",
        "5.4.5",
        "5.4.6",
        "5.4.7",
        "5.4.8",
        "5.4.9",
        "5.5.0",
        "5.5.1",
        "5.5.2",
        "5.5.3",
        "5.5.4",
        "5.5.5",
        "5.5.6",
        "5.5.7",
        "5.5.8",
        "5.6.0",
        "5.6.1",
        "5.6.10",
        "5.6.11",
        "5.6.12",
        "5.6.2",
        "5.6.3",
        "5.6.4",
        "5.6.5",
        "5.6.6",
        "5.6.7",
        "5.6.8",
        "5.6.9",
        "5.7.0",
        "5.7.1",
        "5.7.10",
        "5.7.11",
        "5.7.2",
        "5.7.3",
        "5.7.4",
        "5.7.5",
        "5.7.6",
        "5.7.7",
        "5.7.8",
        "5.7.9"
      ],
      "database_specific": {
        "source": "https://github.com/github/advisory-database/blob/main/advisories/github-reviewed/2024/03/GHSA-f3jh-qvm4-mg39/GHSA-f3jh-qvm4-mg39.json"
      }
    },
    {
      "package": {
        "name": "org.springframework.security:spring-security-core",
        "ecosystem": "Maven",
        "purl": "pkg:maven/org.springframework.security/spring-security-core"
      },
      "ranges": [
        {
          "type": "ECOSYSTEM",
          "events": [
            {
              "introduced": "5.8.0"
            },
            {
              "fixed": "5.8.11"
            }
          ]
        }
      ],
      "versions": [
        "5.8.0",
        "5.8.1",
        "5.8.10",
        "5.8.2",
        "5.8.3",
        "5.8.4",
        "5.8.5",
        "5.8.6",
        "5.8.7",
        "5.8.8",
        "5.8.9"
      ],
      "database_specific": {
        "source": "https://github.com/github/advisory-database/blob/main/advisories/github-reviewed/2024/03/GHSA-f3jh-qvm4-mg39/GHSA-f3jh-qvm4-mg39.json"
      }
    },
    {
      "package": {
        "name": "org.springframework.security:spring-security-core",
        "ecosystem": "Maven",
        "purl": "pkg:maven/org.springframework.security/spring-security-core"
      },
      "ranges": [
        {
          "type": "ECOSYSTEM",
          "events": [
            {
              "introduced": "6.0.0"
            },
            {
              "fixed": "6.1.8"
            }
          ]
        }
      ],
      "versions": [
        "6.0.0",
        "6.0.1",
        "6.0.2",
        "6.0.3",
        "6.0.4",
        "6.0.5",
        "6.0.6",
        "6.0.7",
        "6.0.8",
        "6.1.0",
        "6.1.1",
        "6.1.2",
        "6.1.3",
        "6.1.4",
        "6.1.5",
        "6.1.6",
        "6.1.7"
      ],
      "database_specific": {
        "source": "https://github.com/github/advisory-database/blob/main/advisories/github-reviewed/2024/03/GHSA-f3jh-qvm4-mg39/GHSA-f3jh-qvm4-mg39.json"
      }
    },
    {
      "package": {
        "name": "org.springframework.security:spring-security-core",
        "ecosystem": "Maven",
        "purl": "pkg:maven/org.springframework.security/spring-security-core"
      },
      "ranges": [
        {
          "type": "ECOSYSTEM",
          "events": [
            {
              "introduced": "6.2.0"
            },
            {
              "fixed": "6.2.3"
            }
          ]
        }
      ],
      "versions": [
        "6.2.0",
        "6.2.1",
        "6.2.2"
      ],
      "database_specific": {
        "source": "https://github.com/github/advisory-database/blob/main/advisories/github-reviewed/2024/03/GHSA-f3jh-qvm4-mg39/GHSA-f3jh-qvm4-mg39.json"
      }
    }
  ],
  "schema_version": "1.6.0",
  "severity": [
    {
      "type": "CVSS_V3",
      "score": "CVSS:3.1/AV:N/AC:L/PR:N/UI:N/S:U/C:H/I:L/A:N"
    }
  ]
}