{
  "id": "GHSA-6xhj-p29v-82j8",
  "summary": "Apache Sentry may allow attacker to access/remove data from Sentry protected table",
  "details": "An authenticated user can execute ALTER TABLE EXCHANGE PARTITIONS without being authorized by Apache Sentry before 2.0.1. This can allow an attacker unauthorized access to the partitioned data of a Sentry protected table and can allow an attacker to remove data from a Sentry protected table.",
  "aliases": [
    "CVE-2018-8028"
  ],
  "modified": "2023-11-08T04:00:24.670288Z",
  "published": "2022-05-13T01:53:29Z",
  "database_specific": {
    "nvd_published_at": "2018-08-23T15:29:00Z",
    "github_reviewed_at": "2022-11-22T19:25:07Z",
    "severity": "HIGH",
    "github_reviewed": true,
    "cwe_ids": [
      "CWE-862"
    ]
  },
  "references": [
    {
      "type": "ADVISORY",
      "url": "https://nvd.nist.gov/vuln/detail/CVE-2018-8028"
    },
    {
      "type": "WEB",
      "url": "https://cwiki.apache.org/confluence/display/SENTRY/Vulnerabilities+found+in+Apache+Sentry"
    },
    {
      "type": "PACKAGE",
      "url": "https://github.com/apache/sentry"
    }
  ],
  "affected": [
    {
      "package": {
        "name": "org.apache.sentry:sentry",
        "ecosystem": "Maven",
        "purl": "pkg:maven/org.apache.sentry/sentry"
      },
      "ranges": [
        {
          "type": "ECOSYSTEM",
          "events": [
            {
              "introduced": "0"
            },
            {
              "fixed": "2.0.1"
            }
          ]
        }
      ],
      "versions": [
        "1.7.0",
        "1.7.1",
        "1.8.0",
        "2.0.0"
      ],
      "database_specific": {
        "source": "https://github.com/github/advisory-database/blob/main/advisories/github-reviewed/2022/05/GHSA-6xhj-p29v-82j8/GHSA-6xhj-p29v-82j8.json"
      }
    }
  ],
  "schema_version": "1.6.0",
  "severity": [
    {
      "type": "CVSS_V3",
      "score": "CVSS:3.0/AV:N/AC:L/PR:L/UI:N/S:U/C:H/I:H/A:H"
    }
  ]
}