{
  "id": "GHSA-8m35-r25c-qr56",
  "summary": "GraniteDS Insecure Deserialization",
  "details": "The Java implementation of GraniteDS, version 3.1.1.GA, AMF3 deserializers derives class instances from java.io.Externalizable rather than the AMF3 specification's recommendation of flash.utils.IExternalizable. A remote attacker with the ability to spoof or control an RMI server connection may be able to send serialized Java objects that execute arbitrary code when deserialized.",
  "aliases": [
    "CVE-2017-3199"
  ],
  "modified": "2024-02-16T08:20:23.643690Z",
  "published": "2022-05-13T01:28:41Z",
  "database_specific": {
    "nvd_published_at": "2018-06-11T17:29:00Z",
    "cwe_ids": [
      "CWE-502"
    ],
    "severity": "HIGH",
    "github_reviewed": true,
    "github_reviewed_at": "2023-07-25T23:03:24Z"
  },
  "references": [
    {
      "type": "ADVISORY",
      "url": "https://nvd.nist.gov/vuln/detail/CVE-2017-3199"
    },
    {
      "type": "WEB",
      "url": "https://codewhitesec.blogspot.com/2017/04/amf.html"
    },
    {
      "type": "PACKAGE",
      "url": "https://github.com/graniteds/graniteds"
    },
    {
      "type": "WEB",
      "url": "https://web.archive.org/web/20210124021547/http://www.securityfocus.com/bid/97382"
    },
    {
      "type": "WEB",
      "url": "https://www.kb.cert.org/vuls/id/307983"
    },
    {
      "type": "WEB",
      "url": "http://www.securityweek.com/flaws-java-amf-libraries-allow-remote-code-execution"
    }
  ],
  "affected": [
    {
      "package": {
        "name": "org.graniteds:granite-core",
        "ecosystem": "Maven",
        "purl": "pkg:maven/org.graniteds/granite-core"
      },
      "ranges": [
        {
          "type": "ECOSYSTEM",
          "events": [
            {
              "introduced": "0"
            },
            {
              "last_affected": "3.1.1.GA"
            }
          ]
        }
      ],
      "versions": [
        "1.1.0.GA",
        "1.2.0",
        "1.2.0.RC1",
        "1.2.0_SP1",
        "2.0.0.B1",
        "2.0.0.B2",
        "2.0.0.GA",
        "2.0.0.RC1",
        "2.0.0.SP1",
        "2.1.0.GA",
        "2.1.0.RC2",
        "2.2.0.GA",
        "2.2.0.RC2",
        "2.2.0.SP1",
        "2.2.0.SP2",
        "2.2.1.GA",
        "2.3.0.GA",
        "2.3.0.RC1",
        "2.3.1.GA",
        "2.3.2.GA",
        "3.0.0.M1",
        "3.0.0.M2",
        "3.0.0.M3"
      ],
      "database_specific": {
        "source": "https://github.com/github/advisory-database/blob/main/advisories/github-reviewed/2022/05/GHSA-8m35-r25c-qr56/GHSA-8m35-r25c-qr56.json"
      }
    }
  ],
  "schema_version": "1.6.0",
  "severity": [
    {
      "type": "CVSS_V3",
      "score": "CVSS:3.1/AV:N/AC:H/PR:N/UI:N/S:U/C:H/I:H/A:H"
    }
  ]
}