{
  "id": "GHSA-65hj-9ppw-77xc",
  "summary": "ff4j is vulnerable to Remote Code Execution (RCE)",
  "details": "ff4j 1.8.1 is vulnerable to Remote Code Execution (RCE). This issue has been patched in version 1.9.",
  "aliases": [
    "CVE-2022-44262"
  ],
  "modified": "2024-02-16T08:19:18.829937Z",
  "published": "2022-12-01T06:30:26Z",
  "database_specific": {
    "nvd_published_at": "2022-12-01T05:15:00Z",
    "cwe_ids": [
      "CWE-94"
    ],
    "severity": "CRITICAL",
    "github_reviewed": true,
    "github_reviewed_at": "2022-12-05T22:13:55Z"
  },
  "references": [
    {
      "type": "ADVISORY",
      "url": "https://nvd.nist.gov/vuln/detail/CVE-2022-44262"
    },
    {
      "type": "WEB",
      "url": "https://github.com/ff4j/ff4j/issues/624"
    },
    {
      "type": "WEB",
      "url": "https://github.com/ff4j/ff4j/commit/62d03140f3bfbd380d0f4b4e5a94dcb8baa9d9c6"
    },
    {
      "type": "PACKAGE",
      "url": "https://github.com/ff4j/ff4j"
    }
  ],
  "affected": [
    {
      "package": {
        "name": "org.ff4j:ff4j-core",
        "ecosystem": "Maven",
        "purl": "pkg:maven/org.ff4j/ff4j-core"
      },
      "ranges": [
        {
          "type": "ECOSYSTEM",
          "events": [
            {
              "introduced": "1.8.1"
            },
            {
              "fixed": "1.9"
            }
          ]
        }
      ],
      "versions": [
        "1.8.1",
        "1.8.10",
        "1.8.11",
        "1.8.12",
        "1.8.13",
        "1.8.2",
        "1.8.3",
        "1.8.4",
        "1.8.5",
        "1.8.6",
        "1.8.7",
        "1.8.8",
        "1.8.9"
      ],
      "database_specific": {
        "source": "https://github.com/github/advisory-database/blob/main/advisories/github-reviewed/2022/12/GHSA-65hj-9ppw-77xc/GHSA-65hj-9ppw-77xc.json"
      }
    }
  ],
  "schema_version": "1.6.0",
  "severity": [
    {
      "type": "CVSS_V3",
      "score": "CVSS:3.1/AV:N/AC:L/PR:N/UI:N/S:U/C:H/I:H/A:H"
    }
  ]
}