{
  "id": "GHSA-prjv-jj26-wf8h",
  "summary": "ClassLoader manipulation in Apache Struts",
  "details": "ParametersInterceptor in Apache Struts before 2.3.20 does not properly restrict access to the getClass method, which allows remote attackers to \"manipulate\" the ClassLoader and execute arbitrary code via a crafted request. NOTE: this vulnerability exists because of an incomplete fix for CVE-2014-0094.",
  "aliases": [
    "CVE-2014-0112"
  ],
  "modified": "2024-02-16T08:18:05.684079Z",
  "published": "2022-05-14T00:54:16Z",
  "database_specific": {
    "nvd_published_at": "2014-04-29T10:37:00Z",
    "cwe_ids": [],
    "severity": "HIGH",
    "github_reviewed": true,
    "github_reviewed_at": "2022-11-03T22:57:46Z"
  },
  "references": [
    {
      "type": "ADVISORY",
      "url": "https://nvd.nist.gov/vuln/detail/CVE-2014-0112"
    },
    {
      "type": "WEB",
      "url": "https://access.redhat.com/errata/RHSA-2019:0910"
    },
    {
      "type": "WEB",
      "url": "https://bugzilla.redhat.com/show_bug.cgi?id=1091939"
    },
    {
      "type": "WEB",
      "url": "https://cwiki.apache.org/confluence/display/WW/S2-021"
    },
    {
      "type": "PACKAGE",
      "url": "https://github.com/apache/struts"
    },
    {
      "type": "WEB",
      "url": "http://jvn.jp/en/jp/JVN19294237/index.html"
    },
    {
      "type": "WEB",
      "url": "http://jvndb.jvn.jp/jvndb/JVNDB-2014-000045"
    },
    {
      "type": "WEB",
      "url": "http://packetstormsecurity.com/files/127215/VMware-Security-Advisory-2014-0007.html"
    },
    {
      "type": "WEB",
      "url": "http://www-01.ibm.com/support/docview.wss?uid=swg21676706"
    },
    {
      "type": "WEB",
      "url": "http://www.oracle.com/technetwork/topics/security/cpuapr2015-2365600.html"
    },
    {
      "type": "WEB",
      "url": "http://www.vmware.com/security/advisories/VMSA-2014-0007.html"
    }
  ],
  "affected": [
    {
      "package": {
        "name": "org.apache.struts:struts2-core",
        "ecosystem": "Maven",
        "purl": "pkg:maven/org.apache.struts/struts2-core"
      },
      "ranges": [
        {
          "type": "ECOSYSTEM",
          "events": [
            {
              "introduced": "0"
            },
            {
              "fixed": "2.3.20"
            }
          ]
        }
      ],
      "versions": [
        "2.0.11",
        "2.0.11.1",
        "2.0.11.2",
        "2.0.12",
        "2.0.14",
        "2.0.5",
        "2.0.6",
        "2.0.8",
        "2.0.9",
        "2.1.2",
        "2.1.6",
        "2.1.8",
        "2.1.8.1",
        "2.2.1",
        "2.2.1.1",
        "2.2.3",
        "2.2.3.1",
        "2.3.1",
        "2.3.1.1",
        "2.3.1.2",
        "2.3.12",
        "2.3.14",
        "2.3.14.1",
        "2.3.14.2",
        "2.3.14.3",
        "2.3.15",
        "2.3.15.1",
        "2.3.15.2",
        "2.3.15.3",
        "2.3.16",
        "2.3.16.1",
        "2.3.16.2",
        "2.3.16.3",
        "2.3.3",
        "2.3.4",
        "2.3.4.1",
        "2.3.7",
        "2.3.8"
      ],
      "database_specific": {
        "source": "https://github.com/github/advisory-database/blob/main/advisories/github-reviewed/2022/05/GHSA-prjv-jj26-wf8h/GHSA-prjv-jj26-wf8h.json"
      }
    }
  ],
  "schema_version": "1.6.0"
}