{
  "id": "GHSA-w877-jfw7-46rj",
  "summary": "DeepJavaLibrary API absolute path traversal",
  "details": "## Summary\n\nDeepJavaLibrary(DJL) versions 0.1.0 through 0.27.0 do not prevent absolute path archived artifacts from inserting archived files directly into the system, overwriting system files. This is fixed in DJL 0.28.0 and patched in DJL Large Model Inference containers 0.27.0.\n\n**Impacted versions: 0.1.0 through 0.27.0**\n\n## Patches\n\nPatched Deep Learning Containers:\n[v1.1-djl-0.27.0-inf-cpu-full](https://github.com/aws/deep-learning-containers/releases/tag/v1.1-djl-0.27.0-inf-cpu-full)\n[v1.4-djl-0.27.0-inf-ds-0.12.6](https://github.com/aws/deep-learning-containers/releases/tag/v1.4-djl-0.27.0-inf-ds-0.12.6)\n[v1.4-djl-0.27.0-inf-trt-0.8.0](https://github.com/aws/deep-learning-containers/releases/tag/v1.4-djl-0.27.0-inf-trt-0.8.0)\n[v1.3-djl-0.27.0-inf-neuronx-sdk2.18.1](https://github.com/aws/deep-learning-containers/releases/tag/v1.3-djl-0.27.0-inf-neuronx-sdk2.18.1)\n\nPatched Library:\n[v0.28.0](https://github.com/deepjavalibrary/djl/releases/tag/v0.28.0)\n",
  "aliases": [
    "CGA-mcv5-fjr6-wxgg",
    "CVE-2024-37902"
  ],
  "modified": "2024-06-25T02:35:10.436021Z",
  "published": "2024-06-17T21:20:44Z",
  "related": [
    "CGA-c6gj-pfw2-897g"
  ],
  "database_specific": {
    "nvd_published_at": "2024-06-17T20:15:14Z",
    "cwe_ids": [
      "CWE-22"
    ],
    "severity": "CRITICAL",
    "github_reviewed": true,
    "github_reviewed_at": "2024-06-17T21:20:44Z"
  },
  "references": [
    {
      "type": "WEB",
      "url": "https://github.com/deepjavalibrary/djl/security/advisories/GHSA-w877-jfw7-46rj"
    },
    {
      "type": "ADVISORY",
      "url": "https://nvd.nist.gov/vuln/detail/CVE-2024-37902"
    },
    {
      "type": "WEB",
      "url": "https://github.com/aws/deep-learning-containers/releases/tag/v1.1-djl-0.27.0-inf-cpu-full"
    },
    {
      "type": "WEB",
      "url": "https://github.com/aws/deep-learning-containers/releases/tag/v1.3-djl-0.27.0-inf-neuronx-sdk2.18.1"
    },
    {
      "type": "WEB",
      "url": "https://github.com/aws/deep-learning-containers/releases/tag/v1.4-djl-0.27.0-inf-ds-0.12.6"
    },
    {
      "type": "WEB",
      "url": "https://github.com/aws/deep-learning-containers/releases/tag/v1.4-djl-0.27.0-inf-trt-0.8.0"
    },
    {
      "type": "PACKAGE",
      "url": "https://github.com/deepjavalibrary/djl"
    },
    {
      "type": "WEB",
      "url": "https://github.com/deepjavalibrary/djl/releases/tag/v0.28.0"
    }
  ],
  "affected": [
    {
      "package": {
        "name": "ai.djl:api",
        "ecosystem": "Maven",
        "purl": "pkg:maven/ai.djl/api"
      },
      "ranges": [
        {
          "type": "ECOSYSTEM",
          "events": [
            {
              "introduced": "0.1.0"
            },
            {
              "fixed": "0.28.0"
            }
          ]
        }
      ],
      "versions": [
        "0.10.0",
        "0.11.0",
        "0.12.0",
        "0.13.0",
        "0.14.0",
        "0.15.0",
        "0.16.0",
        "0.17.0",
        "0.18.0",
        "0.19.0",
        "0.2.0",
        "0.2.1",
        "0.20.0",
        "0.21.0",
        "0.22.0",
        "0.22.1",
        "0.23.0",
        "0.24.0",
        "0.25.0",
        "0.26.0",
        "0.27.0",
        "0.3.0",
        "0.4.0",
        "0.4.1",
        "0.5.0",
        "0.6.0",
        "0.7.0",
        "0.8.0",
        "0.9.0"
      ],
      "database_specific": {
        "source": "https://github.com/github/advisory-database/blob/main/advisories/github-reviewed/2024/06/GHSA-w877-jfw7-46rj/GHSA-w877-jfw7-46rj.json"
      }
    }
  ],
  "schema_version": "1.6.0",
  "severity": [
    {
      "type": "CVSS_V3",
      "score": "CVSS:3.1/AV:N/AC:L/PR:N/UI:N/S:C/C:H/I:H/A:H"
    }
  ]
}