{
  "id": "GHSA-h8w4-qv99-f7vj",
  "summary": "Authorization bypass in org.springframework.security.oauth:spring-security-oauth2",
  "details": "Spring Security OAuth, versions 2.3 prior to 2.3.4, and 2.2 prior to 2.2.3, and 2.1 prior to 2.1.3, and 2.0 prior to 2.0.16, and older unsupported versions could be susceptible to a privilege escalation under certain conditions. A malicious user or attacker can craft a request to the approval endpoint that can modify the previously saved authorization request and lead to a privilege escalation on the subsequent approval. This scenario can happen if the application is configured to use a custom approval endpoint that declares AuthorizationRequest as a controller method argument. This vulnerability exposes applications that meet all of the following requirements: Act in the role of an Authorization Server (e.g. @EnableAuthorizationServer) and use a custom Approval Endpoint that declares AuthorizationRequest as a controller method argument. This vulnerability does not expose applications that: Act in the role of an Authorization Server and use the default Approval Endpoint, act in the role of a Resource Server only (e.g. @EnableResourceServer), act in the role of a Client only (e.g. @EnableOAuthClient).",
  "aliases": [
    "CVE-2018-15758"
  ],
  "modified": "2024-03-04T21:31:06.766684Z",
  "published": "2018-10-19T22:00:28Z",
  "database_specific": {
    "nvd_published_at": null,
    "cwe_ids": [
      "CWE-269"
    ],
    "severity": "HIGH",
    "github_reviewed": true,
    "github_reviewed_at": "2020-06-16T21:39:36Z"
  },
  "references": [
    {
      "type": "ADVISORY",
      "url": "https://nvd.nist.gov/vuln/detail/CVE-2018-15758"
    },
    {
      "type": "WEB",
      "url": "https://github.com/spring-attic/spring-security-oauth/commit/4082ec7ae3d39198a47b5c803ccb20dacefb0b0"
    },
    {
      "type": "WEB",
      "url": "https://github.com/spring-attic/spring-security-oauth/commit/623776689fdcc8047f5a908c71f348e1f172a97"
    },
    {
      "type": "WEB",
      "url": "https://github.com/spring-attic/spring-security-oauth/commit/ddd65cd9417ae1e4a69e4193a622300db38e2ef"
    },
    {
      "type": "WEB",
      "url": "https://github.com/spring-attic/spring-security-oauth/commit/f92223afc71687bd3156298054903f50aa71fbf"
    },
    {
      "type": "WEB",
      "url": "https://access.redhat.com/errata/RHSA-2019:2413"
    },
    {
      "type": "ADVISORY",
      "url": "https://github.com/advisories/GHSA-h8w4-qv99-f7vj"
    },
    {
      "type": "WEB",
      "url": "https://pivotal.io/security/cve-2018-15758"
    },
    {
      "type": "WEB",
      "url": "http://www.securityfocus.com/bid/105687"
    }
  ],
  "affected": [
    {
      "package": {
        "name": "org.springframework.security.oauth:spring-security-oauth2",
        "ecosystem": "Maven",
        "purl": "pkg:maven/org.springframework.security.oauth/spring-security-oauth2"
      },
      "ranges": [
        {
          "type": "ECOSYSTEM",
          "events": [
            {
              "introduced": "2.0.0"
            },
            {
              "fixed": "2.0.16"
            }
          ]
        }
      ],
      "versions": [
        "2.0.0.RELEASE",
        "2.0.1.RELEASE",
        "2.0.10.RELEASE",
        "2.0.11.RELEASE",
        "2.0.12.RELEASE",
        "2.0.13.RELEASE",
        "2.0.14.RELEASE",
        "2.0.15.RELEASE",
        "2.0.2.RELEASE",
        "2.0.3.RELEASE",
        "2.0.4.RELEASE",
        "2.0.5.RELEASE",
        "2.0.6.RELEASE",
        "2.0.7.RELEASE",
        "2.0.8.RELEASE",
        "2.0.9.RELEASE"
      ],
      "database_specific": {
        "source": "https://github.com/github/advisory-database/blob/main/advisories/github-reviewed/2018/10/GHSA-h8w4-qv99-f7vj/GHSA-h8w4-qv99-f7vj.json"
      }
    },
    {
      "package": {
        "name": "org.springframework.security.oauth:spring-security-oauth2",
        "ecosystem": "Maven",
        "purl": "pkg:maven/org.springframework.security.oauth/spring-security-oauth2"
      },
      "ranges": [
        {
          "type": "ECOSYSTEM",
          "events": [
            {
              "introduced": "2.1.0"
            },
            {
              "fixed": "2.1.3"
            }
          ]
        }
      ],
      "versions": [
        "2.1.0.RELEASE",
        "2.1.1.RELEASE",
        "2.1.2.RELEASE"
      ],
      "database_specific": {
        "source": "https://github.com/github/advisory-database/blob/main/advisories/github-reviewed/2018/10/GHSA-h8w4-qv99-f7vj/GHSA-h8w4-qv99-f7vj.json"
      }
    },
    {
      "package": {
        "name": "org.springframework.security.oauth:spring-security-oauth2",
        "ecosystem": "Maven",
        "purl": "pkg:maven/org.springframework.security.oauth/spring-security-oauth2"
      },
      "ranges": [
        {
          "type": "ECOSYSTEM",
          "events": [
            {
              "introduced": "2.2.0"
            },
            {
              "fixed": "2.2.3.RELEASE"
            }
          ]
        }
      ],
      "versions": [
        "2.2.0.RELEASE",
        "2.2.1.RELEASE",
        "2.2.2.RELEASE"
      ],
      "database_specific": {
        "source": "https://github.com/github/advisory-database/blob/main/advisories/github-reviewed/2018/10/GHSA-h8w4-qv99-f7vj/GHSA-h8w4-qv99-f7vj.json"
      }
    },
    {
      "package": {
        "name": "org.springframework.security.oauth:spring-security-oauth2",
        "ecosystem": "Maven",
        "purl": "pkg:maven/org.springframework.security.oauth/spring-security-oauth2"
      },
      "ranges": [
        {
          "type": "ECOSYSTEM",
          "events": [
            {
              "introduced": "2.3.0"
            },
            {
              "fixed": "2.3.4.RELEASE"
            }
          ]
        }
      ],
      "versions": [
        "2.3.0.RELEASE",
        "2.3.1.RELEASE",
        "2.3.2.RELEASE",
        "2.3.3.RELEASE"
      ],
      "database_specific": {
        "source": "https://github.com/github/advisory-database/blob/main/advisories/github-reviewed/2018/10/GHSA-h8w4-qv99-f7vj/GHSA-h8w4-qv99-f7vj.json"
      }
    }
  ],
  "schema_version": "1.6.0",
  "severity": [
    {
      "type": "CVSS_V3",
      "score": "CVSS:3.0/AV:N/AC:H/PR:N/UI:N/S:U/C:H/I:H/A:H"
    }
  ]
}