{
  "id": "GHSA-7rcw-fwfh-2h2g",
  "summary": "Jenkins Pipeline: Deprecated Groovy Libraries Plugin Protection Mechanism Failure",
  "details": "Jenkins Pipeline: Deprecated Groovy Libraries Plugin 552.vd9cc05b8a2e1 and earlier uses the names of Pipeline libraries to create directories without canonicalization or sanitization.\n\nThis allows attackers with Item/Configure permission to execute arbitrary code in the context of the Jenkins controller JVM using specially crafted library names if a global Pipeline library is already configured.\n\nPipeline: Deprecated Groovy Libraries Plugin 561.va_ce0de3c2d69 sanitizes the names of Pipeline libraries when creating library directories.",
  "aliases": [
    "CVE-2022-25182"
  ],
  "modified": "2024-02-16T08:13:08.301406Z",
  "published": "2022-02-16T00:01:31Z",
  "database_specific": {
    "nvd_published_at": "2022-02-15T17:15:00Z",
    "cwe_ids": [
      "CWE-693"
    ],
    "severity": "HIGH",
    "github_reviewed": true,
    "github_reviewed_at": "2022-06-20T22:38:43Z"
  },
  "references": [
    {
      "type": "ADVISORY",
      "url": "https://nvd.nist.gov/vuln/detail/CVE-2022-25182"
    },
    {
      "type": "WEB",
      "url": "https://github.com/jenkinsci/workflow-cps-global-lib-plugin/commit/ace0de3c2d691662021ea10306eeb407da6b6365"
    },
    {
      "type": "WEB",
      "url": "https://www.jenkins.io/security/advisory/2022-02-15/#SECURITY-2422"
    }
  ],
  "affected": [
    {
      "package": {
        "name": "org.jenkins-ci.plugins.workflow:workflow-cps-global-lib",
        "ecosystem": "Maven",
        "purl": "pkg:maven/org.jenkins-ci.plugins.workflow/workflow-cps-global-lib"
      },
      "ranges": [
        {
          "type": "ECOSYSTEM",
          "events": [
            {
              "introduced": "0"
            },
            {
              "fixed": "561.va_ce0de3c2d69"
            }
          ]
        }
      ],
      "versions": [
        "0.1-beta-5",
        "0.1-beta-6",
        "0.1-beta-7",
        "0.1-beta-8",
        "1.0",
        "1.0-beta-1",
        "1.1",
        "1.10",
        "1.10-beta-1",
        "1.10.1",
        "1.11",
        "1.11-beta-1",
        "1.11-beta-2",
        "1.11-beta-3",
        "1.11-beta-4",
        "1.12",
        "1.12-beta-1",
        "1.12-beta-2",
        "1.12-beta-3",
        "1.13",
        "1.14",
        "1.14-beta-1",
        "1.14.1",
        "1.14.1-beta-1",
        "1.14.2",
        "1.15",
        "1.15-beta-1",
        "1.2",
        "1.3",
        "1.4",
        "1.4.1",
        "1.4.2",
        "1.4.3",
        "1.4.3-beta-1",
        "1.5",
        "1.6",
        "1.6-alpha-1",
        "1.7",
        "1.7-alpha-1",
        "1.8",
        "1.9",
        "1.9-beta-1",
        "2.0",
        "2.1",
        "2.10",
        "2.11",
        "2.12",
        "2.12.1",
        "2.13",
        "2.13.1",
        "2.14",
        "2.15",
        "2.16",
        "2.17",
        "2.18",
        "2.18.1",
        "2.19",
        "2.2",
        "2.20",
        "2.21",
        "2.21.1",
        "2.21.3",
        "2.3",
        "2.4",
        "2.5",
        "2.6",
        "2.7",
        "2.8",
        "2.9",
        "544.vff04fa68714d",
        "545.v7b28cce323cf",
        "548.v9085a486966a",
        "552.554.vdba55efb9e88",
        "552.vd9cc05b8a2e1"
      ],
      "database_specific": {
        "last_known_affected_version_range": "<= 552.vd9cc05b8a2e1",
        "source": "https://github.com/github/advisory-database/blob/main/advisories/github-reviewed/2022/02/GHSA-7rcw-fwfh-2h2g/GHSA-7rcw-fwfh-2h2g.json"
      }
    }
  ],
  "schema_version": "1.6.0",
  "severity": [
    {
      "type": "CVSS_V3",
      "score": "CVSS:3.1/AV:N/AC:L/PR:L/UI:N/S:U/C:H/I:H/A:H"
    }
  ]
}