{
  "id": "GHSA-9fc5-q25c-r2wr",
  "summary": "Jasig Java CAS Client, .NET CAS Client, and phpCAS contain URL parameter injection vulnerability",
  "details": "A URL parameter injection vulnerability was found in the back-channel ticket validation step of the CAS protocol in Jasig Java CAS Client before 3.3.2, .NET CAS Client before 1.0.2, and phpCAS before 1.3.3 that allow remote attackers to inject arbitrary web script or HTML via the (1) service parameter to validation/AbstractUrlBasedTicketValidator.java or (2) pgtUrl parameter to validation/Cas20ServiceTicketValidator.java.",
  "aliases": [
    "CVE-2014-4172"
  ],
  "modified": "2024-04-12T22:01:27.708442Z",
  "published": "2022-05-17T19:57:18Z",
  "database_specific": {
    "nvd_published_at": "2020-01-24T19:15:00Z",
    "cwe_ids": [
      "CWE-74"
    ],
    "severity": "CRITICAL",
    "github_reviewed": true,
    "github_reviewed_at": "2022-11-22T19:02:31Z"
  },
  "references": [
    {
      "type": "ADVISORY",
      "url": "https://nvd.nist.gov/vuln/detail/CVE-2014-4172"
    },
    {
      "type": "WEB",
      "url": "https://github.com/Jasig/phpCAS/pull/125"
    },
    {
      "type": "WEB",
      "url": "https://github.com/Jasig/dotnet-cas-client/commit/f0e030014fb7a39e5f38469f43199dc590fd0e8d"
    },
    {
      "type": "WEB",
      "url": "https://github.com/Jasig/java-cas-client/commit/ae37092100c8eaec610dab6d83e5e05a8ee58814"
    },
    {
      "type": "WEB",
      "url": "https://github.com/apereo/java-cas-client/commit/266eba7c2d870d70caba6f41576d19f2fcc869b1"
    },
    {
      "type": "WEB",
      "url": "https://bugs.debian.org/cgi-bin/bugreport.cgi?bug=759718"
    },
    {
      "type": "WEB",
      "url": "https://bugzilla.redhat.com/show_bug.cgi?id=1131350"
    },
    {
      "type": "WEB",
      "url": "https://exchange.xforce.ibmcloud.com/vulnerabilities/95673"
    },
    {
      "type": "WEB",
      "url": "https://github.com/Jasig/phpCAS/blob/master/docs/ChangeLog"
    },
    {
      "type": "WEB",
      "url": "https://issues.jasig.org/browse/CASC-228"
    },
    {
      "type": "WEB",
      "url": "https://www.debian.org/security/2014/dsa-3017.en.html"
    },
    {
      "type": "WEB",
      "url": "https://www.mail-archive.com/cas-user@lists.jasig.org/msg17338.html"
    },
    {
      "type": "WEB",
      "url": "http://lists.fedoraproject.org/pipermail/package-announce/2014-August/137182.html"
    }
  ],
  "affected": [
    {
      "package": {
        "name": "DotNetCasClient",
        "ecosystem": "NuGet",
        "purl": "pkg:nuget/DotNetCasClient"
      },
      "ranges": [
        {
          "type": "ECOSYSTEM",
          "events": [
            {
              "introduced": "0"
            },
            {
              "fixed": "1.0.2"
            }
          ]
        }
      ],
      "versions": [
        "1.0.0",
        "1.0.1"
      ],
      "database_specific": {
        "source": "https://github.com/github/advisory-database/blob/main/advisories/github-reviewed/2022/05/GHSA-9fc5-q25c-r2wr/GHSA-9fc5-q25c-r2wr.json"
      }
    },
    {
      "package": {
        "name": "org.jasig.cas:cas-client",
        "ecosystem": "Maven",
        "purl": "pkg:maven/org.jasig.cas/cas-client"
      },
      "ranges": [
        {
          "type": "ECOSYSTEM",
          "events": [
            {
              "introduced": "0"
            },
            {
              "fixed": "3.3.2"
            }
          ]
        }
      ],
      "versions": [
        "3.0",
        "3.0-rc1",
        "3.0-rc2",
        "3.1",
        "3.1-M1",
        "3.1-RC1",
        "3.1-RC2",
        "3.1-RC3",
        "3.1.1",
        "3.1.10",
        "3.1.2",
        "3.1.3",
        "3.1.3-rc1",
        "3.1.3-rc2",
        "3.1.3-rc3",
        "3.1.4",
        "3.1.5",
        "3.1.6",
        "3.1.7",
        "3.1.8",
        "3.1.9"
      ],
      "database_specific": {
        "source": "https://github.com/github/advisory-database/blob/main/advisories/github-reviewed/2022/05/GHSA-9fc5-q25c-r2wr/GHSA-9fc5-q25c-r2wr.json"
      }
    },
    {
      "package": {
        "name": "jasig/phpcas",
        "ecosystem": "Packagist",
        "purl": "pkg:composer/jasig/phpcas"
      },
      "ranges": [
        {
          "type": "ECOSYSTEM",
          "events": [
            {
              "introduced": "0"
            },
            {
              "fixed": "1.3.3"
            }
          ]
        }
      ],
      "database_specific": {
        "source": "https://github.com/github/advisory-database/blob/main/advisories/github-reviewed/2022/05/GHSA-9fc5-q25c-r2wr/GHSA-9fc5-q25c-r2wr.json"
      },
      "versions": []
    }
  ],
  "schema_version": "1.6.0",
  "severity": [
    {
      "type": "CVSS_V3",
      "score": "CVSS:3.1/AV:N/AC:L/PR:N/UI:N/S:U/C:H/I:H/A:H"
    }
  ]
}