{
  "id": "GHSA-86fh-j58m-7pf5",
  "summary": "Improper Privilege Management in Apache Ozone",
  "details": "In Apache Ozone versions prior to 1.2.0, Initially generated block tokens are persisted to the metadata database and can be retrieved with authenticated users with permission to the key. Authenticated users may use them even after access is revoked.",
  "aliases": [
    "CVE-2021-36372"
  ],
  "modified": "2024-01-31T15:13:11Z",
  "published": "2021-11-23T17:57:14Z",
  "database_specific": {
    "nvd_published_at": "2021-11-19T10:15:00Z",
    "cwe_ids": [
      "CWE-273"
    ],
    "severity": "CRITICAL",
    "github_reviewed": true,
    "github_reviewed_at": "2021-11-22T19:04:02Z"
  },
  "references": [
    {
      "type": "ADVISORY",
      "url": "https://nvd.nist.gov/vuln/detail/CVE-2021-36372"
    },
    {
      "type": "PACKAGE",
      "url": "https://github.com/apache/ozone"
    },
    {
      "type": "WEB",
      "url": "https://mail-archives.apache.org/mod_mbox/ozone-dev/202111.mbox/%3C5029c1ac-4685-8492-e3cb-ab48c5c370cf%40apache.org%3E"
    },
    {
      "type": "WEB",
      "url": "http://www.openwall.com/lists/oss-security/2021/11/19/1"
    }
  ],
  "affected": [
    {
      "package": {
        "name": "org.apache.ozone:ozone-main",
        "ecosystem": "Maven",
        "purl": "pkg:maven/org.apache.ozone/ozone-main"
      },
      "ranges": [
        {
          "type": "ECOSYSTEM",
          "events": [
            {
              "introduced": "0"
            },
            {
              "fixed": "1.2.0"
            }
          ]
        }
      ],
      "database_specific": {
        "source": "https://github.com/github/advisory-database/blob/main/advisories/github-reviewed/2021/11/GHSA-86fh-j58m-7pf5/GHSA-86fh-j58m-7pf5.json"
      },
      "versions": []
    }
  ],
  "schema_version": "1.6.0",
  "severity": [
    {
      "type": "CVSS_V3",
      "score": "CVSS:3.1/AV:N/AC:L/PR:N/UI:N/S:U/C:H/I:H/A:H"
    }
  ]
}