{
  "id": "GHSA-g4r8-28fp-f255",
  "summary": "aXMLRPC XML External Entity vulnerability",
  "details": "A vulnerability classified as problematic was found in gturri aXMLRPC up to 1.12.0. This vulnerability affects the function `ResponseParser` of the file `src/main/java/de/timroes/axmlrpc/ResponseParser.java`. The manipulation leads to xml external entity reference. Upgrading to version 1.12.1 is able to address this issue. The name of the patch is ad6615b3ec41353e614f6ea5fdd5b046442a832b. It is recommended to upgrade the affected component. VDB-217450 is the identifier assigned to this vulnerability.",
  "aliases": [
    "CVE-2020-36641"
  ],
  "modified": "2024-02-16T08:18:11.151581Z",
  "published": "2023-01-05T12:30:27Z",
  "database_specific": {
    "nvd_published_at": "2023-01-05T12:15:00Z",
    "cwe_ids": [
      "CWE-611"
    ],
    "severity": "CRITICAL",
    "github_reviewed": true,
    "github_reviewed_at": "2023-01-11T23:48:32Z"
  },
  "references": [
    {
      "type": "ADVISORY",
      "url": "https://nvd.nist.gov/vuln/detail/CVE-2020-36641"
    },
    {
      "type": "WEB",
      "url": "https://github.com/gturri/aXMLRPC/commit/456752ebc1ef4c0db980cb5b01a0b3cd0a9e0bae"
    },
    {
      "type": "WEB",
      "url": "https://github.com/gturri/aXMLRPC/commit/ad6615b3ec41353e614f6ea5fdd5b046442a832b"
    },
    {
      "type": "PACKAGE",
      "url": "https://github.com/gturri/aXMLRPC"
    },
    {
      "type": "WEB",
      "url": "https://github.com/gturri/aXMLRPC/releases/tag/aXMLRPC-1.12.1"
    },
    {
      "type": "WEB",
      "url": "https://github.com/gturri/aXMLRPC/releases/tag/aXMLRPC-1.14.0"
    },
    {
      "type": "WEB",
      "url": "https://vuldb.com/?ctiid.217450"
    },
    {
      "type": "WEB",
      "url": "https://vuldb.com/?id.217450"
    }
  ],
  "affected": [
    {
      "package": {
        "name": "fr.turri:aXMLRPC",
        "ecosystem": "Maven",
        "purl": "pkg:maven/fr.turri/aXMLRPC"
      },
      "ranges": [
        {
          "type": "ECOSYSTEM",
          "events": [
            {
              "introduced": "0"
            },
            {
              "fixed": "1.12.1"
            }
          ]
        }
      ],
      "versions": [
        "1.10.0",
        "1.11.0",
        "1.12.0",
        "1.8.2",
        "1.8.3",
        "1.9.0"
      ],
      "database_specific": {
        "source": "https://github.com/github/advisory-database/blob/main/advisories/github-reviewed/2023/01/GHSA-g4r8-28fp-f255/GHSA-g4r8-28fp-f255.json"
      }
    }
  ],
  "schema_version": "1.6.0",
  "severity": [
    {
      "type": "CVSS_V3",
      "score": "CVSS:3.1/AV:N/AC:L/PR:N/UI:N/S:U/C:H/I:H/A:H"
    }
  ]
}