{
  "id": "GHSA-rc2q-x9mf-w3vf",
  "summary": "TestNG is vulnerable to Path Traversal",
  "details": "### Impact\n\nAffected by this vulnerability is the function `testngXmlExistsInJar` of the file `testng-core/src/main/java/org/testng/JarFileUtils.java` of the component `XML File Parser`.\n\nThe manipulation leads to path traversal only for `.xml`, `.yaml` and `.yml` files by default. The attack implies running an unsafe test JAR. However since that JAR can also contain executable code itself, the path traversal is unlikely to be the main attack.\n\n### Patches\n\nA patch is available in [version 7.7.0](https://github.com/cbeust/testng/releases/tag/7.7.0) at commit 9150736cd2c123a6a3b60e6193630859f9f0422b. It is recommended to apply a patch to fix this issue. The patch was pushed into the master branch but no releases have yet been made with the patch included.\n\nA backport of the fix is available in [version 7.5.1]((https://github.com/cbeust/testng/releases/tag/7.5.1) for Java 8 projects.\n\n### Workaround\n\n* Specify which tests to run when invoking TestNG by configuring them on the CLI or in the build tool controlling the run.\n* Do not run tests with untrusted JARs on the classpath, this includes pull requests on open source projects.",
  "aliases": [
    "CVE-2022-4065"
  ],
  "modified": "2023-11-08T04:10:24.506184Z",
  "published": "2022-11-19T21:30:25Z",
  "database_specific": {
    "nvd_published_at": "2022-11-19T19:15:00Z",
    "cwe_ids": [
      "CWE-22"
    ],
    "severity": "HIGH",
    "github_reviewed": true,
    "github_reviewed_at": "2022-12-02T22:31:06Z"
  },
  "references": [
    {
      "type": "ADVISORY",
      "url": "https://nvd.nist.gov/vuln/detail/CVE-2022-4065"
    },
    {
      "type": "WEB",
      "url": "https://github.com/cbeust/testng/pull/1596"
    },
    {
      "type": "WEB",
      "url": "https://github.com/cbeust/testng/pull/2806"
    },
    {
      "type": "WEB",
      "url": "https://github.com/testng-team/testng/pull/2899"
    },
    {
      "type": "WEB",
      "url": "https://github.com/cbeust/testng/commit/9150736cd2c123a6a3b60e6193630859f9f0422b"
    },
    {
      "type": "PACKAGE",
      "url": "https://github.com/cbeust/testng"
    },
    {
      "type": "WEB",
      "url": "https://github.com/cbeust/testng/releases/tag/7.7.0"
    },
    {
      "type": "WEB",
      "url": "https://github.com/cbeust/testng/releases/tag/7.7.1"
    },
    {
      "type": "WEB",
      "url": "https://github.com/testng-team/testng/releases/tag/7.5.1"
    },
    {
      "type": "WEB",
      "url": "https://vuldb.com/?ctiid.214027"
    },
    {
      "type": "WEB",
      "url": "https://vuldb.com/?id.214027"
    }
  ],
  "affected": [
    {
      "package": {
        "name": "org.testng:testng",
        "ecosystem": "Maven",
        "purl": "pkg:maven/org.testng/testng"
      },
      "ranges": [
        {
          "type": "ECOSYSTEM",
          "events": [
            {
              "introduced": "6.13"
            },
            {
              "fixed": "7.5.1"
            }
          ]
        }
      ],
      "versions": [
        "6.13",
        "6.13.1",
        "6.14.2",
        "6.14.3",
        "7.0.0",
        "7.0.0-beta1",
        "7.0.0-beta2",
        "7.0.0-beta3",
        "7.0.0-beta4",
        "7.0.0-beta7",
        "7.1.0",
        "7.3.0",
        "7.4.0",
        "7.5"
      ],
      "database_specific": {
        "source": "https://github.com/github/advisory-database/blob/main/advisories/github-reviewed/2022/11/GHSA-rc2q-x9mf-w3vf/GHSA-rc2q-x9mf-w3vf.json"
      }
    },
    {
      "package": {
        "name": "org.testng:testng",
        "ecosystem": "Maven",
        "purl": "pkg:maven/org.testng/testng"
      },
      "ranges": [
        {
          "type": "ECOSYSTEM",
          "events": [
            {
              "introduced": "7.6.0"
            },
            {
              "fixed": "7.7.0"
            }
          ]
        }
      ],
      "versions": [
        "7.6.0",
        "7.6.1"
      ],
      "database_specific": {
        "source": "https://github.com/github/advisory-database/blob/main/advisories/github-reviewed/2022/11/GHSA-rc2q-x9mf-w3vf/GHSA-rc2q-x9mf-w3vf.json"
      }
    }
  ],
  "schema_version": "1.6.0",
  "severity": [
    {
      "type": "CVSS_V3",
      "score": "CVSS:3.1/AV:L/AC:L/PR:N/UI:R/S:U/C:H/I:H/A:H"
    }
  ]
}