{
  "id": "GHSA-g7wm-22m6-5774",
  "summary": "Asset Pipeline plugin for Grails vulnerable to Path Traversal",
  "details": "An issue was discovered in the Asset Pipeline plugin before 3.0.4 for Grails. An attacker can perform directory traversal via a crafted request when a servlet-based application is executed in Jetty, because there is a classloader vulnerability that can allow a reverse file traversal route in AssetPipelineFilter.groovy or AssetPipelineFilterCore.groovy.",
  "aliases": [
    "CVE-2018-17605"
  ],
  "modified": "2023-11-08T04:00:04.390465Z",
  "published": "2022-05-14T01:44:59Z",
  "database_specific": {
    "nvd_published_at": "2018-09-28T09:29:00Z",
    "github_reviewed_at": "2022-11-22T19:24:42Z",
    "severity": "HIGH",
    "github_reviewed": true,
    "cwe_ids": [
      "CWE-22"
    ]
  },
  "references": [
    {
      "type": "ADVISORY",
      "url": "https://nvd.nist.gov/vuln/detail/CVE-2018-17605"
    },
    {
      "type": "WEB",
      "url": "https://github.com/grails/grails-core/issues/11068"
    },
    {
      "type": "WEB",
      "url": "https://github.com/bertramdev/asset-pipeline/commit/a29533c52e4b60e244082433e116d2a038d01017"
    }
  ],
  "affected": [
    {
      "package": {
        "name": "org.grails.plugins:asset-pipeline",
        "ecosystem": "Maven",
        "purl": "pkg:maven/org.grails.plugins/asset-pipeline"
      },
      "ranges": [
        {
          "type": "ECOSYSTEM",
          "events": [
            {
              "introduced": "0"
            },
            {
              "fixed": "3.0.4"
            }
          ]
        }
      ],
      "database_specific": {
        "source": "https://github.com/github/advisory-database/blob/main/advisories/github-reviewed/2022/05/GHSA-g7wm-22m6-5774/GHSA-g7wm-22m6-5774.json"
      },
      "versions": []
    }
  ],
  "schema_version": "1.6.0",
  "severity": [
    {
      "type": "CVSS_V3",
      "score": "CVSS:3.0/AV:N/AC:L/PR:N/UI:N/S:U/C:H/I:N/A:N"
    }
  ]
}