{
  "id": "GHSA-hffx-r282-w2g9",
  "summary": "Path Traversal in Liferay Portal",
  "details": "A Zip slip vulnerability in the Elasticsearch Connector in Liferay Portal 7.3.3 through 7.4.3.18, and Liferay DXP 7.3 before update 6, and 7.4 before update 19 allows attackers to create or overwrite existing files on the filesystem via the installation of a malicious Elasticsearch Sidecar plugin.",
  "aliases": [
    "BIT-liferay-2022-42123",
    "CVE-2022-42123"
  ],
  "modified": "2023-12-06T01:02:39.802688Z",
  "published": "2022-11-15T12:00:16Z",
  "database_specific": {
    "nvd_published_at": "2022-11-15T01:15:00Z",
    "github_reviewed_at": "2022-11-21T23:50:32Z",
    "severity": "HIGH",
    "github_reviewed": true,
    "cwe_ids": [
      "CWE-22"
    ]
  },
  "references": [
    {
      "type": "ADVISORY",
      "url": "https://nvd.nist.gov/vuln/detail/CVE-2022-42123"
    },
    {
      "type": "WEB",
      "url": "https://issues.liferay.com/browse/LPE-17518"
    },
    {
      "type": "WEB",
      "url": "https://portal.liferay.dev/learn/security/known-vulnerabilities/-/asset_publisher/HbL5mxmVrnXW/content/cve-2022-42123"
    }
  ],
  "affected": [
    {
      "package": {
        "name": "com.liferay.portal:release.portal.bom",
        "ecosystem": "Maven",
        "purl": "pkg:maven/com.liferay.portal/release.portal.bom"
      },
      "ranges": [
        {
          "type": "ECOSYSTEM",
          "events": [
            {
              "introduced": "7.3.3"
            },
            {
              "fixed": "7.4.3.19"
            }
          ]
        }
      ],
      "versions": [
        "7.3.3",
        "7.3.3-1",
        "7.3.4",
        "7.3.5",
        "7.3.6",
        "7.3.7",
        "7.4.0",
        "7.4.1",
        "7.4.1-1",
        "7.4.2",
        "7.4.2-1",
        "7.4.3.10",
        "7.4.3.11",
        "7.4.3.12",
        "7.4.3.13",
        "7.4.3.14",
        "7.4.3.15",
        "7.4.3.16",
        "7.4.3.17",
        "7.4.3.18",
        "7.4.3.4",
        "7.4.3.5",
        "7.4.3.6",
        "7.4.3.7",
        "7.4.3.8",
        "7.4.3.9"
      ],
      "database_specific": {
        "source": "https://github.com/github/advisory-database/blob/main/advisories/github-reviewed/2022/11/GHSA-hffx-r282-w2g9/GHSA-hffx-r282-w2g9.json"
      }
    }
  ],
  "schema_version": "1.6.0",
  "severity": [
    {
      "type": "CVSS_V3",
      "score": "CVSS:3.1/AV:N/AC:L/PR:N/UI:N/S:U/C:N/I:H/A:N"
    }
  ]
}