{
  "id": "GHSA-jjvc-v8gw-5255",
  "summary": "Apache Linkis DataSource remote code execution vulnerability",
  "details": "In Apache Linkis <= 1.5.0, data source management module, when adding Mysql data source, exists remote code execution vulnerability for java version < 1.8.0_241. The deserialization vulnerability exploited through jrmp can inject malicious files into the server and execute them. \n\nThis attack requires the attacker to obtain an authorized account from Linkis before it can be carried out.\u00a0 We recommend that users upgrade the java version to >= 1.8.0_241. Or users upgrade Linkis to version 1.6.0.\n\n",
  "aliases": [
    "CVE-2023-46801"
  ],
  "modified": "2024-07-15T17:59:22.132918Z",
  "published": "2024-07-15T09:36:22Z",
  "database_specific": {
    "nvd_published_at": "2024-07-15T08:15:02Z",
    "cwe_ids": [
      "CWE-502"
    ],
    "severity": "HIGH",
    "github_reviewed": true,
    "github_reviewed_at": "2024-07-15T17:36:37Z"
  },
  "references": [
    {
      "type": "ADVISORY",
      "url": "https://nvd.nist.gov/vuln/detail/CVE-2023-46801"
    },
    {
      "type": "PACKAGE",
      "url": "https://github.com/apache/linkis"
    },
    {
      "type": "WEB",
      "url": "https://linkis.apache.org/download/release-notes-1.6.0"
    },
    {
      "type": "WEB",
      "url": "https://lists.apache.org/thread/0dnzh64xy1n7qo3rgo2loz9zn7m9xgdx"
    }
  ],
  "affected": [
    {
      "package": {
        "name": "org.apache.linkis:linkis-datasource",
        "ecosystem": "Maven",
        "purl": "pkg:maven/org.apache.linkis/linkis-datasource"
      },
      "ranges": [
        {
          "type": "ECOSYSTEM",
          "events": [
            {
              "introduced": "1.4.0"
            },
            {
              "fixed": "1.6.0"
            }
          ]
        }
      ],
      "versions": [
        "1.4.0",
        "1.5.0"
      ],
      "database_specific": {
        "source": "https://github.com/github/advisory-database/blob/main/advisories/github-reviewed/2024/07/GHSA-jjvc-v8gw-5255/GHSA-jjvc-v8gw-5255.json"
      }
    }
  ],
  "schema_version": "1.6.0",
  "severity": [
    {
      "type": "CVSS_V3",
      "score": "CVSS:3.1/AV:N/AC:H/PR:L/UI:N/S:U/C:H/I:H/A:H"
    },
    {
      "type": "CVSS_V4",
      "score": "CVSS:4.0/AV:N/AC:L/AT:P/PR:L/UI:N/VC:H/VI:H/VA:H/SC:N/SI:N/SA:N"
    }
  ]
}