{
  "id": "GHSA-64r9-x74q-wxmh",
  "summary": "Stored XSS vulnerability in Jenkins Pipeline: Supporting APIs Plugin",
  "details": "Pipeline: Supporting APIs Plugin provides a feature to add hyperlinks, that send POST requests when clicked, to build logs. These links are used by Pipeline: Input Step Plugin to allow users to proceed or abort the build, or by Pipeline: Job Plugin to allow users to forcibly terminate the build after aborting it.\n\nPipeline: Supporting APIs Plugin 838.va_3a_087b_4055b and earlier does not sanitize or properly encode URLs of these hyperlinks in build logs.\n\nThis results in a stored cross-site scripting (XSS) vulnerability exploitable by attackers able to create Pipelines.\n\nPipeline: Supporting APIs Plugin 839.v35e2736cfd5c properly encodes URLs of these hyperlinks in build logs.",
  "aliases": [
    "CVE-2022-43409"
  ],
  "modified": "2024-02-16T08:15:09.093959Z",
  "published": "2022-10-19T19:00:22Z",
  "database_specific": {
    "nvd_published_at": "2022-10-19T16:15:00Z",
    "cwe_ids": [
      "CWE-79"
    ],
    "severity": "HIGH",
    "github_reviewed": true,
    "github_reviewed_at": "2022-10-19T22:22:35Z"
  },
  "references": [
    {
      "type": "ADVISORY",
      "url": "https://nvd.nist.gov/vuln/detail/CVE-2022-43409"
    },
    {
      "type": "WEB",
      "url": "https://github.com/jenkinsci/workflow-support-plugin/commit/35e2736cfd5c56799eece176328906d92b6a0dd1"
    },
    {
      "type": "PACKAGE",
      "url": "https://github.com/jenkinsci/workflow-support-plugin"
    },
    {
      "type": "WEB",
      "url": "https://www.jenkins.io/security/advisory/2022-10-19/#SECURITY-2881"
    },
    {
      "type": "WEB",
      "url": "http://www.openwall.com/lists/oss-security/2022/10/19/3"
    }
  ],
  "affected": [
    {
      "package": {
        "name": "org.jenkins-ci.plugins.workflow:workflow-support",
        "ecosystem": "Maven",
        "purl": "pkg:maven/org.jenkins-ci.plugins.workflow/workflow-support"
      },
      "ranges": [
        {
          "type": "ECOSYSTEM",
          "events": [
            {
              "introduced": "0"
            },
            {
              "fixed": "839.v35e2736cfd5c"
            }
          ]
        }
      ],
      "versions": [
        "0.1-beta-1",
        "0.1-beta-2",
        "0.1-beta-3",
        "0.1-beta-4",
        "0.1-beta-5",
        "0.1-beta-6",
        "0.1-beta-7",
        "0.1-beta-8",
        "1.0",
        "1.0-beta-1",
        "1.1",
        "1.10",
        "1.10-beta-1",
        "1.10.1",
        "1.11",
        "1.11-beta-1",
        "1.11-beta-2",
        "1.11-beta-3",
        "1.11-beta-4",
        "1.12",
        "1.12-beta-1",
        "1.12-beta-2",
        "1.12-beta-3",
        "1.13",
        "1.14",
        "1.14-beta-1",
        "1.14.1",
        "1.14.1-beta-1",
        "1.14.2",
        "1.15",
        "1.15-beta-1",
        "1.2",
        "1.3",
        "1.4",
        "1.4.1",
        "1.4.2",
        "1.4.3",
        "1.4.3-beta-1",
        "1.5",
        "1.6",
        "1.6-alpha-1",
        "1.7",
        "1.7-alpha-1",
        "1.8",
        "1.9",
        "1.9-beta-1",
        "2.0",
        "2.1",
        "2.10",
        "2.11",
        "2.12",
        "2.13",
        "2.14",
        "2.15",
        "2.16",
        "2.17",
        "2.17-durability-beta-1",
        "2.17-durability-beta-2",
        "2.17-durability-beta-3",
        "2.18",
        "2.19",
        "2.2",
        "2.20",
        "2.21",
        "2.21-beta-1",
        "2.22",
        "2.23",
        "2.24",
        "2.3",
        "2.4",
        "2.5",
        "2.6",
        "2.8",
        "2.9",
        "3.0",
        "3.0-java11-alpha-1",
        "3.1",
        "3.2",
        "3.3",
        "3.4",
        "3.5",
        "3.6",
        "3.7",
        "3.8",
        "792.v1a3cd6ade3ef",
        "804.vba10a18a1476",
        "813.vb_d7c3d2984a_0",
        "815.vd60466279fc8",
        "817.v58126df57338",
        "818.v4eb_969241b_c7",
        "819.v37d707a_71d9b_",
        "820.vd1a_6cc65ef33",
        "827.829.v01c0a_3d76c4f",
        "827.v7ef666c4d65c",
        "833.va_1c71061486b_",
        "838.va_3a_087b_4055b"
      ],
      "database_specific": {
        "source": "https://github.com/github/advisory-database/blob/main/advisories/github-reviewed/2022/10/GHSA-64r9-x74q-wxmh/GHSA-64r9-x74q-wxmh.json"
      }
    }
  ],
  "schema_version": "1.6.0",
  "severity": [
    {
      "type": "CVSS_V3",
      "score": "CVSS:3.1/AV:N/AC:L/PR:L/UI:R/S:U/C:H/I:H/A:H"
    }
  ]
}