{
  "id": "GHSA-758m-6g3q-g3hh",
  "summary": "Policy resource matcher in Apache Ranger before 0.7.1 ignores characters after '' wildcard character",
  "details": "Policy resource matcher in Apache Ranger before 0.7.1 ignores characters after '*' wildcard character - like my*test, test*.txt. This can result in unintended behavior.",
  "aliases": [
    "CVE-2017-7676"
  ],
  "modified": "2023-11-08T03:59:26.341460Z",
  "published": "2018-10-17T17:22:38Z",
  "database_specific": {
    "nvd_published_at": null,
    "github_reviewed_at": "2020-06-16T21:21:27Z",
    "severity": "CRITICAL",
    "github_reviewed": true,
    "cwe_ids": [
      "CWE-20"
    ]
  },
  "references": [
    {
      "type": "ADVISORY",
      "url": "https://nvd.nist.gov/vuln/detail/CVE-2017-7676"
    },
    {
      "type": "WEB",
      "url": "https://cwiki.apache.org/confluence/display/RANGER/Vulnerabilities+found+in+Ranger"
    },
    {
      "type": "ADVISORY",
      "url": "https://github.com/advisories/GHSA-758m-6g3q-g3hh"
    },
    {
      "type": "WEB",
      "url": "http://www.securityfocus.com/bid/98958"
    }
  ],
  "affected": [
    {
      "package": {
        "name": "org.apache.ranger:ranger",
        "ecosystem": "Maven",
        "purl": "pkg:maven/org.apache.ranger/ranger"
      },
      "ranges": [
        {
          "type": "ECOSYSTEM",
          "events": [
            {
              "introduced": "0"
            },
            {
              "fixed": "0.7.1"
            }
          ]
        }
      ],
      "versions": [
        "0.6.0",
        "0.6.1",
        "0.6.2",
        "0.6.3",
        "0.7.0"
      ],
      "database_specific": {
        "source": "https://github.com/github/advisory-database/blob/main/advisories/github-reviewed/2018/10/GHSA-758m-6g3q-g3hh/GHSA-758m-6g3q-g3hh.json"
      }
    }
  ],
  "schema_version": "1.6.0",
  "severity": [
    {
      "type": "CVSS_V3",
      "score": "CVSS:3.0/AV:N/AC:L/PR:N/UI:N/S:U/C:H/I:H/A:H"
    }
  ]
}