{
  "id": "GHSA-qmfc-6www-fjqw",
  "summary": "Code injection in Apache Dubbo",
  "details": "Apache Dubbo prior to 2.6.9 and 2.7.10 supports Script routing which will enable a customer to route the request to the right server. These rules are used by the customers when making a request in order to find the right endpoint. When parsing these rules, Dubbo customers use ScriptEngine and run the rule provided by the script which by default may enable executing arbitrary code.",
  "aliases": [
    "CVE-2021-30181"
  ],
  "modified": "2023-11-08T04:05:45.725183Z",
  "published": "2022-03-18T17:57:04Z",
  "database_specific": {
    "nvd_published_at": "2021-06-01T14:15:00Z",
    "github_reviewed_at": "2021-06-02T20:15:20Z",
    "severity": "CRITICAL",
    "github_reviewed": true,
    "cwe_ids": [
      "CWE-94"
    ]
  },
  "references": [
    {
      "type": "ADVISORY",
      "url": "https://nvd.nist.gov/vuln/detail/CVE-2021-30181"
    },
    {
      "type": "WEB",
      "url": "https://lists.apache.org/thread.html/re22410dc704a09bc7032ddf15140cf5e7df3e8ece390fc9032ff5587%40%3Cdev.dubbo.apache.org%3E"
    }
  ],
  "affected": [
    {
      "package": {
        "name": "com.alibaba:dubbo",
        "ecosystem": "Maven",
        "purl": "pkg:maven/com.alibaba/dubbo"
      },
      "ranges": [
        {
          "type": "ECOSYSTEM",
          "events": [
            {
              "introduced": "2.5.0"
            },
            {
              "fixed": "2.6.9"
            }
          ]
        }
      ],
      "versions": [
        "2.5.0",
        "2.5.1",
        "2.5.10",
        "2.5.2",
        "2.5.3",
        "2.5.4",
        "2.5.5",
        "2.5.6",
        "2.5.7",
        "2.5.8",
        "2.5.9",
        "2.6.0",
        "2.6.1",
        "2.6.2",
        "2.6.3",
        "2.6.4",
        "2.6.5",
        "2.6.6",
        "2.6.7",
        "2.6.8"
      ],
      "database_specific": {
        "source": "https://github.com/github/advisory-database/blob/main/advisories/github-reviewed/2022/03/GHSA-qmfc-6www-fjqw/GHSA-qmfc-6www-fjqw.json"
      }
    },
    {
      "package": {
        "name": "org.apache.dubbo:dubbo",
        "ecosystem": "Maven",
        "purl": "pkg:maven/org.apache.dubbo/dubbo"
      },
      "ranges": [
        {
          "type": "ECOSYSTEM",
          "events": [
            {
              "introduced": "2.5.0"
            },
            {
              "fixed": "2.7.10"
            }
          ]
        }
      ],
      "versions": [
        "2.7.0",
        "2.7.1",
        "2.7.2",
        "2.7.3",
        "2.7.4",
        "2.7.4.1",
        "2.7.5",
        "2.7.6",
        "2.7.7",
        "2.7.8",
        "2.7.9"
      ],
      "database_specific": {
        "source": "https://github.com/github/advisory-database/blob/main/advisories/github-reviewed/2022/03/GHSA-qmfc-6www-fjqw/GHSA-qmfc-6www-fjqw.json"
      }
    }
  ],
  "schema_version": "1.6.0",
  "severity": [
    {
      "type": "CVSS_V3",
      "score": "CVSS:3.1/AV:N/AC:L/PR:N/UI:N/S:U/C:H/I:H/A:H"
    }
  ]
}