{
  "id": "GHSA-85v8-vx4w-q684",
  "summary": "Keycloak Improper Bruteforce Detection",
  "details": "A flaw was found in Keycloak 4.2.1.Final, 4.3.0.Final. When TOPT enabled, an improper implementation of the Brute Force detection algorithm will not enforce its protection measures.",
  "aliases": [
    "CVE-2018-14657"
  ],
  "modified": "2024-02-16T07:59:57.779970Z",
  "published": "2022-05-13T01:12:25Z",
  "database_specific": {
    "nvd_published_at": "2018-11-13T19:29:00Z",
    "cwe_ids": [
      "CWE-307"
    ],
    "severity": "HIGH",
    "github_reviewed": true,
    "github_reviewed_at": "2023-07-20T23:45:06Z"
  },
  "references": [
    {
      "type": "ADVISORY",
      "url": "https://nvd.nist.gov/vuln/detail/CVE-2018-14657"
    },
    {
      "type": "WEB",
      "url": "https://access.redhat.com/errata/RHSA-2018:3592"
    },
    {
      "type": "WEB",
      "url": "https://access.redhat.com/errata/RHSA-2018:3593"
    },
    {
      "type": "WEB",
      "url": "https://access.redhat.com/errata/RHSA-2018:3595"
    },
    {
      "type": "WEB",
      "url": "https://bugzilla.redhat.com/show_bug.cgi?id=CVE-2018-14657"
    },
    {
      "type": "PACKAGE",
      "url": "https://github.com/keycloak/keycloak"
    }
  ],
  "affected": [
    {
      "package": {
        "name": "org.keycloak:keycloak-parent",
        "ecosystem": "Maven",
        "purl": "pkg:maven/org.keycloak/keycloak-parent"
      },
      "ranges": [
        {
          "type": "ECOSYSTEM",
          "events": [
            {
              "introduced": "0"
            },
            {
              "fixed": "4.6.0.Final"
            }
          ]
        }
      ],
      "versions": [
        "1.0-alpha-1",
        "1.0-alpha-1-12062013",
        "1.0-alpha-2",
        "1.0-alpha-3",
        "1.0-alpha-4",
        "1.0-beta-1",
        "1.0-beta-1-20150521",
        "1.0-beta-1-20150523",
        "1.0-beta-2",
        "1.0-beta-3",
        "1.0-beta-4",
        "1.0-final",
        "1.0-rc-1",
        "1.0-rc-2",
        "1.0.1.Final",
        "1.0.2.Final",
        "1.0.3.Final",
        "1.0.4.Final",
        "1.0.5.Final",
        "1.1.0.Beta1",
        "1.1.0.Beta2",
        "1.1.0.Final",
        "1.1.1.Final",
        "1.2.0.Beta1",
        "1.2.0.CR1",
        "1.2.0.Final",
        "1.3.0.Final",
        "1.3.1.Final",
        "1.4.0.Final",
        "1.5.0-Final",
        "1.5.0.Final",
        "1.5.1.Final",
        "1.6.0.Final",
        "1.6.1.Final",
        "1.7.0.CR1",
        "1.7.0.Final",
        "1.8.0.Alpha1",
        "1.8.0.CR1",
        "1.8.0.CR2",
        "1.8.0.CR3",
        "1.8.0.Final",
        "1.8.1.Final",
        "1.9.0.CR1",
        "1.9.0.Final",
        "1.9.1.Final",
        "1.9.2.Final",
        "1.9.3.Final",
        "1.9.4.Final",
        "1.9.5.Final",
        "1.9.7.Final",
        "1.9.8.Final",
        "2.0.0.CR1",
        "2.0.0.Final",
        "2.1.0.CR1",
        "2.1.0.Final",
        "2.2.0.CR1",
        "2.2.0.Final",
        "2.2.1.Final",
        "2.3.0.CR1",
        "2.3.0.Final",
        "2.4.0.CR1",
        "2.4.0.Final",
        "2.5.0.CR1",
        "2.5.0.Final",
        "2.5.1.Final",
        "2.5.4.Final",
        "2.5.5.Final",
        "3.0.0.CR1",
        "3.0.0.Final",
        "3.1.0.CR1",
        "3.1.0.Final",
        "3.2.0.CR1",
        "3.2.0.Final",
        "3.2.1.Final",
        "3.3.0.CR1",
        "3.3.0.CR2",
        "3.3.0.Final",
        "3.4.0.CR1",
        "3.4.0.Final",
        "3.4.1.CR1",
        "3.4.1.Final",
        "3.4.2.Final",
        "3.4.3.Final",
        "4.0.0.Beta1",
        "4.0.0.Beta2",
        "4.0.0.Beta3",
        "4.0.0.Final",
        "4.1.0.Final",
        "4.2.0.Final",
        "4.2.1.Final",
        "4.3.0.Final",
        "4.4.0.Final",
        "4.5.0.Final"
      ],
      "database_specific": {
        "source": "https://github.com/github/advisory-database/blob/main/advisories/github-reviewed/2022/05/GHSA-85v8-vx4w-q684/GHSA-85v8-vx4w-q684.json"
      }
    }
  ],
  "schema_version": "1.6.0",
  "severity": [
    {
      "type": "CVSS_V3",
      "score": "CVSS:3.1/AV:N/AC:H/PR:N/UI:N/S:U/C:H/I:H/A:H"
    }
  ]
}