{
  "id": "GHSA-4gh2-m88h-8cj8",
  "summary": "Disabled permissions can be granted by Jenkins SSH2 Easy Plugin",
  "details": "Jenkins SSH2 Easy Plugin 1.4 and earlier does not verify that permissions configured to be granted are enabled, potentially allowing users formerly granted (typically optional permissions, like Overall/Manage) to access functionality they're no longer entitled to.",
  "aliases": [
    "CVE-2023-41939"
  ],
  "modified": "2024-02-16T08:12:06.771099Z",
  "published": "2023-09-06T15:30:26Z",
  "database_specific": {
    "nvd_published_at": "2023-09-06T13:15:10Z",
    "cwe_ids": [
      "CWE-281"
    ],
    "severity": "HIGH",
    "github_reviewed": true,
    "github_reviewed_at": "2024-01-30T23:07:24Z"
  },
  "references": [
    {
      "type": "ADVISORY",
      "url": "https://nvd.nist.gov/vuln/detail/CVE-2023-41939"
    },
    {
      "type": "WEB",
      "url": "https://www.jenkins.io/security/advisory/2023-09-06/#SECURITY-3064"
    },
    {
      "type": "WEB",
      "url": "http://www.openwall.com/lists/oss-security/2023/09/06/9"
    }
  ],
  "affected": [
    {
      "package": {
        "name": "org.jenkins-ci.plugins:ssh2easy",
        "ecosystem": "Maven",
        "purl": "pkg:maven/org.jenkins-ci.plugins/ssh2easy"
      },
      "ranges": [
        {
          "type": "ECOSYSTEM",
          "events": [
            {
              "introduced": "0"
            },
            {
              "fixed": "1.6"
            }
          ]
        }
      ],
      "versions": [
        "1.0",
        "1.1",
        "1.2",
        "1.3",
        "1.4"
      ],
      "database_specific": {
        "source": "https://github.com/github/advisory-database/blob/main/advisories/github-reviewed/2023/09/GHSA-4gh2-m88h-8cj8/GHSA-4gh2-m88h-8cj8.json"
      }
    }
  ],
  "schema_version": "1.6.0",
  "severity": [
    {
      "type": "CVSS_V3",
      "score": "CVSS:3.1/AV:N/AC:L/PR:L/UI:N/S:U/C:H/I:H/A:H"
    }
  ]
}