{
  "id": "GHSA-rqj9-cq6j-958r",
  "summary": "Arbitrary Command Execution in Hadoop",
  "details": "In Apache Hadoop 2.7.4 to 2.7.6, the security fix for CVE-2016-6811 is incomplete. A user who can escalate to yarn user can possibly run arbitrary commands as root user.",
  "aliases": [
    "CVE-2018-11766"
  ],
  "modified": "2023-11-08T03:59:47.071659Z",
  "published": "2018-12-21T17:50:26Z",
  "database_specific": {
    "nvd_published_at": null,
    "github_reviewed_at": "2020-06-16T21:55:32Z",
    "severity": "HIGH",
    "github_reviewed": true,
    "cwe_ids": []
  },
  "references": [
    {
      "type": "ADVISORY",
      "url": "https://nvd.nist.gov/vuln/detail/CVE-2018-11766"
    },
    {
      "type": "ADVISORY",
      "url": "https://github.com/advisories/GHSA-rqj9-cq6j-958r"
    },
    {
      "type": "WEB",
      "url": "https://lists.apache.org/thread.html/ff37bbbe09d5f03090e2dd2c3dea95de16ef4249e731f19b8959ce4c@%3Cgeneral.hadoop.apache.org%3E"
    },
    {
      "type": "WEB",
      "url": "http://www.securityfocus.com/bid/106035"
    }
  ],
  "affected": [
    {
      "package": {
        "name": "org.apache.hadoop:hadoop-main",
        "ecosystem": "Maven",
        "purl": "pkg:maven/org.apache.hadoop/hadoop-main"
      },
      "ranges": [
        {
          "type": "ECOSYSTEM",
          "events": [
            {
              "introduced": "2.7.4"
            },
            {
              "fixed": "2.7.7"
            }
          ]
        }
      ],
      "versions": [
        "2.7.4",
        "2.7.5",
        "2.7.6"
      ],
      "database_specific": {
        "last_known_affected_version_range": "<= 2.7.6",
        "source": "https://github.com/github/advisory-database/blob/main/advisories/github-reviewed/2018/12/GHSA-rqj9-cq6j-958r/GHSA-rqj9-cq6j-958r.json"
      }
    }
  ],
  "schema_version": "1.6.0",
  "severity": [
    {
      "type": "CVSS_V3",
      "score": "CVSS:3.0/AV:N/AC:L/PR:L/UI:N/S:U/C:H/I:H/A:H"
    }
  ]
}