{
  "id": "GHSA-463w-hxfv-g9f6",
  "summary": "Apache Archiva vulnerable to Sensitive Information Disclosure via anonymous user",
  "details": "Apache Archiva prior to 2.2.9 may allow the anonymous user to read arbitrary files. If anonymous read enabled, it's possible to read the database file directly without logging in.",
  "aliases": [
    "CVE-2022-40308"
  ],
  "modified": "2023-11-08T04:10:23.285735Z",
  "published": "2022-11-15T19:00:52Z",
  "database_specific": {
    "nvd_published_at": "2022-11-15T13:15:00Z",
    "github_reviewed_at": "2022-11-22T00:17:45Z",
    "severity": "HIGH",
    "github_reviewed": true,
    "cwe_ids": [
      "CWE-200",
      "CWE-862"
    ]
  },
  "references": [
    {
      "type": "ADVISORY",
      "url": "https://nvd.nist.gov/vuln/detail/CVE-2022-40308"
    },
    {
      "type": "WEB",
      "url": "https://archiva.apache.org/security.html"
    },
    {
      "type": "PACKAGE",
      "url": "https://github.com/apache/archiva"
    },
    {
      "type": "WEB",
      "url": "https://lists.apache.org/thread/x01pnn0jjsw512cscxsbxzrjmz64n4cc"
    },
    {
      "type": "WEB",
      "url": "http://www.openwall.com/lists/oss-security/2022/11/15/2"
    }
  ],
  "affected": [
    {
      "package": {
        "name": "org.apache.archiva:archiva-common",
        "ecosystem": "Maven",
        "purl": "pkg:maven/org.apache.archiva/archiva-common"
      },
      "ranges": [
        {
          "type": "ECOSYSTEM",
          "events": [
            {
              "introduced": "0"
            },
            {
              "fixed": "2.2.9"
            }
          ]
        }
      ],
      "versions": [
        "1.1",
        "1.1.1",
        "1.1.2",
        "1.1.3",
        "1.1.4",
        "1.2",
        "1.2-M1",
        "1.2.1",
        "1.2.2",
        "1.3",
        "1.3.1",
        "1.3.2",
        "1.3.3",
        "1.3.4",
        "1.3.5",
        "1.3.6",
        "1.3.8",
        "1.3.9",
        "1.4-M1",
        "1.4-M2",
        "1.4-M3",
        "1.4-M4",
        "2.0.0",
        "2.0.1",
        "2.1.0",
        "2.1.1",
        "2.2.0",
        "2.2.1",
        "2.2.3",
        "2.2.4",
        "2.2.5",
        "2.2.6",
        "2.2.7",
        "2.2.8"
      ],
      "database_specific": {
        "source": "https://github.com/github/advisory-database/blob/main/advisories/github-reviewed/2022/11/GHSA-463w-hxfv-g9f6/GHSA-463w-hxfv-g9f6.json"
      }
    }
  ],
  "schema_version": "1.6.0",
  "severity": [
    {
      "type": "CVSS_V3",
      "score": "CVSS:3.1/AV:N/AC:L/PR:N/UI:N/S:U/C:H/I:N/A:N"
    }
  ]
}