{
  "id": "GHSA-cqhr-jqvc-qw9p",
  "summary": "Java Melody vulnerable to cross-site scripting",
  "details": "JavaMelody is a monitoring tool for JavaEE applications. Versions prior to 1.61.0 are vulnerable to a cross-site scripting (XSS) attack. This issue was patched in version 1.61.0, and users are recommended to upgrade to the latest version. There are no known workarounds.",
  "aliases": [
    "CVE-2016-1000273"
  ],
  "modified": "2023-11-08T03:58:08.580462Z",
  "published": "2022-07-20T01:36:35Z",
  "database_specific": {
    "nvd_published_at": null,
    "github_reviewed_at": "2022-07-20T01:36:35Z",
    "severity": "CRITICAL",
    "github_reviewed": true,
    "cwe_ids": [
      "CWE-79"
    ]
  },
  "references": [
    {
      "type": "WEB",
      "url": "https://github.com/javamelody/javamelody/commit/e0497c1980acebd257d3da78dfde29ae9bdffdf6"
    },
    {
      "type": "PACKAGE",
      "url": "https://github.com/javamelody/javamelody"
    },
    {
      "type": "WEB",
      "url": "https://github.com/javamelody/javamelody/wiki/ReleaseNotes#1620"
    }
  ],
  "affected": [
    {
      "package": {
        "name": "net.bull.javamelody:javamelody-core",
        "ecosystem": "Maven",
        "purl": "pkg:maven/net.bull.javamelody/javamelody-core"
      },
      "ranges": [
        {
          "type": "ECOSYSTEM",
          "events": [
            {
              "introduced": "0"
            },
            {
              "fixed": "1.61.0"
            }
          ]
        }
      ],
      "versions": [
        "1.10.0",
        "1.11.0",
        "1.11.1",
        "1.12.0",
        "1.13.0",
        "1.14.0",
        "1.15.0",
        "1.16.0",
        "1.16.1",
        "1.17.0",
        "1.18.0",
        "1.19.0",
        "1.20.0",
        "1.21.0",
        "1.22.0",
        "1.23.0",
        "1.25.0",
        "1.26.0",
        "1.27.0",
        "1.28.0",
        "1.29.0",
        "1.29.1",
        "1.30.0",
        "1.31.0",
        "1.32.0",
        "1.32.1",
        "1.33.0",
        "1.34.0",
        "1.35.0",
        "1.36.0",
        "1.37.0",
        "1.38.0",
        "1.39.0",
        "1.40.0",
        "1.41.0",
        "1.42.0",
        "1.43.0",
        "1.44.0",
        "1.45.0",
        "1.46.0",
        "1.47.0",
        "1.48.0",
        "1.49.0",
        "1.50.0",
        "1.51.0",
        "1.52.0",
        "1.53.0",
        "1.54.0",
        "1.55.0",
        "1.56.0",
        "1.57.0",
        "1.58.0",
        "1.59.0",
        "1.60.0",
        "1.8.1",
        "1.8.2",
        "1.9.0"
      ],
      "database_specific": {
        "source": "https://github.com/github/advisory-database/blob/main/advisories/github-reviewed/2022/07/GHSA-cqhr-jqvc-qw9p/GHSA-cqhr-jqvc-qw9p.json"
      }
    }
  ],
  "schema_version": "1.6.0",
  "severity": [
    {
      "type": "CVSS_V3",
      "score": "CVSS:3.1/AV:N/AC:L/PR:N/UI:N/S:C/C:H/I:H/A:H"
    }
  ]
}