{
  "id": "GHSA-5hg8-r9vq-gjqp",
  "summary": "Improper Restriction of XML External Entity Reference in Apache FOP",
  "details": "In Apache FOP before 2.2, files lying on the filesystem of the server which uses FOP can be revealed to arbitrary users who send maliciously formed SVG files. The file types that can be shown depend on the user context in which the exploitable application is running. If the user is root a full compromise of the server - including confidential or sensitive files - would be possible. XXE can also be used to attack the availability of the server via denial of service as the references within a xml document can trivially trigger an amplification attack.",
  "aliases": [
    "CVE-2017-5661"
  ],
  "modified": "2023-11-08T03:59:23.103292Z",
  "published": "2022-05-13T01:07:54Z",
  "database_specific": {
    "nvd_published_at": "2017-04-18T14:59:00Z",
    "github_reviewed_at": "2022-07-01T11:57:29Z",
    "severity": "HIGH",
    "github_reviewed": true,
    "cwe_ids": [
      "CWE-611"
    ]
  },
  "references": [
    {
      "type": "ADVISORY",
      "url": "https://nvd.nist.gov/vuln/detail/CVE-2017-5661"
    },
    {
      "type": "WEB",
      "url": "https://www.tenable.com/security/tns-2021-14"
    },
    {
      "type": "WEB",
      "url": "https://xmlgraphics.apache.org/security.html"
    },
    {
      "type": "WEB",
      "url": "http://www.debian.org/security/2017/dsa-3864"
    },
    {
      "type": "WEB",
      "url": "http://www.securityfocus.com/bid/97947"
    }
  ],
  "affected": [
    {
      "package": {
        "name": "org.apache.xmlgraphics:fop",
        "ecosystem": "Maven",
        "purl": "pkg:maven/org.apache.xmlgraphics/fop"
      },
      "ranges": [
        {
          "type": "ECOSYSTEM",
          "events": [
            {
              "introduced": "0"
            },
            {
              "fixed": "2.2"
            }
          ]
        }
      ],
      "versions": [
        "0.93",
        "0.94",
        "0.95",
        "0.95-1",
        "0.95beta",
        "0.95beta-1",
        "1.0",
        "1.1",
        "2.0",
        "2.1"
      ],
      "database_specific": {
        "source": "https://github.com/github/advisory-database/blob/main/advisories/github-reviewed/2022/05/GHSA-5hg8-r9vq-gjqp/GHSA-5hg8-r9vq-gjqp.json"
      }
    }
  ],
  "schema_version": "1.6.0",
  "severity": [
    {
      "type": "CVSS_V3",
      "score": "CVSS:3.0/AV:N/AC:L/PR:L/UI:R/S:U/C:H/I:N/A:H"
    }
  ]
}