{
  "id": "GHSA-895m-ww55-59vw",
  "summary": "Exposure of Sensitive Information to an Unauthorized Actor in Apache Hadoop",
  "details": "The YARN NodeManager in Apache Hadoop 2.6.x before 2.6.5 and 2.7.x before 2.7.3 can leak the password for credential store provider used by the NodeManager to YARN Applications.",
  "aliases": [
    "CVE-2016-3086"
  ],
  "modified": "2023-11-08T03:58:25.259101Z",
  "published": "2022-05-17T01:08:00Z",
  "database_specific": {
    "nvd_published_at": "2017-09-05T13:29:00Z",
    "github_reviewed_at": "2022-07-06T19:57:06Z",
    "severity": "CRITICAL",
    "github_reviewed": true,
    "cwe_ids": [
      "CWE-200"
    ]
  },
  "references": [
    {
      "type": "ADVISORY",
      "url": "https://nvd.nist.gov/vuln/detail/CVE-2016-3086"
    },
    {
      "type": "WEB",
      "url": "http://mail-archives.apache.org/mod_mbox/hadoop-general/201701.mbox/%3C0ed32746-5a53-9051-5877-2b1abd88beb6%40apache.org%3E"
    },
    {
      "type": "WEB",
      "url": "http://www.securityfocus.com/bid/95335"
    }
  ],
  "affected": [
    {
      "package": {
        "name": "org.apache.hadoop:hadoop-yarn-server-nodemanager",
        "ecosystem": "Maven",
        "purl": "pkg:maven/org.apache.hadoop/hadoop-yarn-server-nodemanager"
      },
      "ranges": [
        {
          "type": "ECOSYSTEM",
          "events": [
            {
              "introduced": "2.6.0"
            },
            {
              "fixed": "2.6.5"
            }
          ]
        }
      ],
      "versions": [
        "2.6.0",
        "2.6.1",
        "2.6.2",
        "2.6.3",
        "2.6.4"
      ],
      "database_specific": {
        "last_known_affected_version_range": "<= 2.6.4",
        "source": "https://github.com/github/advisory-database/blob/main/advisories/github-reviewed/2022/05/GHSA-895m-ww55-59vw/GHSA-895m-ww55-59vw.json"
      }
    },
    {
      "package": {
        "name": "org.apache.hadoop:hadoop-yarn-server-nodemanager",
        "ecosystem": "Maven",
        "purl": "pkg:maven/org.apache.hadoop/hadoop-yarn-server-nodemanager"
      },
      "ranges": [
        {
          "type": "ECOSYSTEM",
          "events": [
            {
              "introduced": "2.7.0"
            },
            {
              "fixed": "2.7.3"
            }
          ]
        }
      ],
      "versions": [
        "2.7.0",
        "2.7.1",
        "2.7.2"
      ],
      "database_specific": {
        "last_known_affected_version_range": "<= 2.7.2",
        "source": "https://github.com/github/advisory-database/blob/main/advisories/github-reviewed/2022/05/GHSA-895m-ww55-59vw/GHSA-895m-ww55-59vw.json"
      }
    }
  ],
  "schema_version": "1.6.0",
  "severity": [
    {
      "type": "CVSS_V3",
      "score": "CVSS:3.0/AV:N/AC:L/PR:N/UI:N/S:U/C:H/I:H/A:H"
    }
  ]
}