{
  "id": "GHSA-m929-7fr6-cvjg",
  "summary": "Spring Data Commons, used in combination with XMLBeam, contains a property binder vulnerability caused by improper restriction of XML external entity references",
  "details": "Spring Data Commons, versions 1.13 prior to 1.13.12 and 2.0 prior to 2.0.7, used in combination with XMLBeam 1.4.14 or earlier versions, contains a property binder vulnerability caused by improper restriction of XML external entity references as underlying library XMLBeam does not restrict external reference expansion. An unauthenticated remote malicious user can supply specially crafted request parameters against Spring Data's projection-based request payload binding to access arbitrary files on the system.",
  "aliases": [
    "CVE-2018-1259"
  ],
  "modified": "2023-11-08T03:59:50.464107Z",
  "published": "2018-10-17T17:23:36Z",
  "database_specific": {
    "nvd_published_at": "2018-05-11T20:29:00Z",
    "github_reviewed_at": "2020-06-16T21:45:35Z",
    "severity": "HIGH",
    "github_reviewed": true,
    "cwe_ids": [
      "CWE-611"
    ]
  },
  "references": [
    {
      "type": "ADVISORY",
      "url": "https://nvd.nist.gov/vuln/detail/CVE-2018-1259"
    },
    {
      "type": "WEB",
      "url": "https://access.redhat.com/errata/RHSA-2018:1809"
    },
    {
      "type": "WEB",
      "url": "https://access.redhat.com/errata/RHSA-2018:3768"
    },
    {
      "type": "ADVISORY",
      "url": "https://github.com/advisories/GHSA-m929-7fr6-cvjg"
    },
    {
      "type": "WEB",
      "url": "https://pivotal.io/security/cve-2018-1259"
    },
    {
      "type": "WEB",
      "url": "https://www.oracle.com/security-alerts/cpujul2022.html"
    }
  ],
  "affected": [
    {
      "package": {
        "name": "org.springframework.data:spring-data-commons",
        "ecosystem": "Maven",
        "purl": "pkg:maven/org.springframework.data/spring-data-commons"
      },
      "ranges": [
        {
          "type": "ECOSYSTEM",
          "events": [
            {
              "introduced": "1.13.0"
            },
            {
              "fixed": "1.13.12"
            }
          ]
        }
      ],
      "versions": [
        "1.13.0.RELEASE",
        "1.13.1.RELEASE",
        "1.13.10.RELEASE",
        "1.13.11.RELEASE",
        "1.13.2.RELEASE",
        "1.13.3.RELEASE",
        "1.13.4.RELEASE",
        "1.13.5.RELEASE",
        "1.13.6.RELEASE",
        "1.13.7.RELEASE",
        "1.13.8.RELEASE",
        "1.13.9.RELEASE"
      ],
      "database_specific": {
        "source": "https://github.com/github/advisory-database/blob/main/advisories/github-reviewed/2018/10/GHSA-m929-7fr6-cvjg/GHSA-m929-7fr6-cvjg.json"
      }
    },
    {
      "package": {
        "name": "org.springframework.data:spring-data-commons",
        "ecosystem": "Maven",
        "purl": "pkg:maven/org.springframework.data/spring-data-commons"
      },
      "ranges": [
        {
          "type": "ECOSYSTEM",
          "events": [
            {
              "introduced": "2.0.0"
            },
            {
              "fixed": "2.0.7"
            }
          ]
        }
      ],
      "versions": [
        "2.0.0.RELEASE",
        "2.0.1.RELEASE",
        "2.0.2.RELEASE",
        "2.0.3.RELEASE",
        "2.0.4.RELEASE",
        "2.0.5.RELEASE",
        "2.0.6.RELEASE"
      ],
      "database_specific": {
        "source": "https://github.com/github/advisory-database/blob/main/advisories/github-reviewed/2018/10/GHSA-m929-7fr6-cvjg/GHSA-m929-7fr6-cvjg.json"
      }
    }
  ],
  "schema_version": "1.6.0",
  "severity": [
    {
      "type": "CVSS_V3",
      "score": "CVSS:3.0/AV:N/AC:L/PR:N/UI:N/S:U/C:H/I:N/A:N"
    }
  ]
}