{
  "id": "GHSA-xvhf-q744-5xm8",
  "summary": "XXE vulnerability in NUnit Plugin",
  "details": "NUnit Plugin 0.25 and earlier does not configure the XML parser to prevent XML external entity (XXE) attacks.\n\nThis allows a user able to control the input files for its post-build step to have Jenkins parse a crafted file that uses external entities for extraction of secrets from the Jenkins controller, server-side request forgery, or denial-of-service attacks.\n\nNUnit Plugin 0.26 disables external entity processing for its XML parser.",
  "aliases": [
    "CVE-2020-2115"
  ],
  "modified": "2024-02-16T08:25:58.132139Z",
  "published": "2022-05-24T17:08:46Z",
  "database_specific": {
    "nvd_published_at": "2020-02-12T15:15:00Z",
    "cwe_ids": [
      "CWE-611"
    ],
    "severity": "HIGH",
    "github_reviewed": true,
    "github_reviewed_at": "2023-01-14T05:26:14Z"
  },
  "references": [
    {
      "type": "ADVISORY",
      "url": "https://nvd.nist.gov/vuln/detail/CVE-2020-2115"
    },
    {
      "type": "WEB",
      "url": "https://github.com/jenkinsci/nunit-plugin/commit/8f0b6a7b6a927c4b7003fdcd76862a3348b8205a"
    },
    {
      "type": "PACKAGE",
      "url": "https://github.com/jenkinsci/nunit-plugin"
    },
    {
      "type": "WEB",
      "url": "https://jenkins.io/security/advisory/2020-02-12/#SECURITY-1752"
    },
    {
      "type": "WEB",
      "url": "http://www.openwall.com/lists/oss-security/2020/02/12/3"
    }
  ],
  "affected": [
    {
      "package": {
        "name": "org.jenkins-ci.plugins:nunit",
        "ecosystem": "Maven",
        "purl": "pkg:maven/org.jenkins-ci.plugins/nunit"
      },
      "ranges": [
        {
          "type": "ECOSYSTEM",
          "events": [
            {
              "introduced": "0"
            },
            {
              "fixed": "0.26"
            }
          ]
        }
      ],
      "versions": [
        "0.15",
        "0.16",
        "0.17",
        "0.18",
        "0.19",
        "0.20",
        "0.21",
        "0.22",
        "0.23",
        "0.24",
        "0.25"
      ],
      "database_specific": {
        "source": "https://github.com/github/advisory-database/blob/main/advisories/github-reviewed/2022/05/GHSA-xvhf-q744-5xm8/GHSA-xvhf-q744-5xm8.json"
      }
    }
  ],
  "schema_version": "1.6.0",
  "severity": [
    {
      "type": "CVSS_V3",
      "score": "CVSS:3.1/AV:N/AC:L/PR:L/UI:N/S:U/C:H/I:L/A:L"
    }
  ]
}