{
  "id": "GHSA-fgwc-3j6w-ch22",
  "summary": "easy-rules-mvel vulnerable to remote code execution",
  "details": "easy-rules-mvel v4.1.0 was discovered to contain a remote code execution (RCE) vulnerability via the component `mVELRule`.",
  "aliases": [
    "CVE-2023-50571"
  ],
  "modified": "2024-01-05T19:49:32Z",
  "published": "2023-12-29T15:30:37Z",
  "database_specific": {
    "nvd_published_at": "2023-12-29T15:15:09Z",
    "cwe_ids": [],
    "severity": "HIGH",
    "github_reviewed": true,
    "github_reviewed_at": "2023-12-29T19:42:00Z"
  },
  "references": [
    {
      "type": "ADVISORY",
      "url": "https://nvd.nist.gov/vuln/detail/CVE-2023-50571"
    },
    {
      "type": "WEB",
      "url": "https://github.com/j-easy/easy-rules/issues/419"
    },
    {
      "type": "PACKAGE",
      "url": "https://github.com/j-easy/easy-rules"
    }
  ],
  "affected": [
    {
      "package": {
        "name": "org.jeasy:easy-rules-mvel",
        "ecosystem": "Maven",
        "purl": "pkg:maven/org.jeasy/easy-rules-mvel"
      },
      "versions": [
        "4.1.0"
      ],
      "database_specific": {
        "source": "https://github.com/github/advisory-database/blob/main/advisories/github-reviewed/2023/12/GHSA-fgwc-3j6w-ch22/GHSA-fgwc-3j6w-ch22.json"
      }
    }
  ],
  "schema_version": "1.6.0",
  "severity": [
    {
      "type": "CVSS_V3",
      "score": "CVSS:3.1/AV:L/AC:L/PR:N/UI:R/S:U/C:H/I:H/A:H"
    }
  ]
}