{
  "id": "GHSA-8xpj-9j9g-fc9r",
  "summary": "SQL Injection in elide-datastore-aggregation",
  "details": "### Impact\nWhen leveraging the following together:\n\n- Elide Aggregation Data Store for Analytic Queries\n- Parameterized Columns (A column that requires a client provided parameter)\n- A parameterized column of type TEXT\n\nThere is the potential for a hacker to provide a carefully crafted query that would bypass server side authorization filters through SQL injection.  A recent patch to Elide 6.1.2 allowed the '-' character to be included in parameterized TEXT columns.  This character can be interpreted as SQL comments ('--') and allow the attacker to remove the WHERE clause from the generated query and bypass authorization filters.\n\n### Patches\nA [fix](https://github.com/yahoo/elide/pull/2581) is provided in [Elide 6.1.4](https://github.com/yahoo/elide/releases/tag/6.1.4).\n\n### Workarounds\nThe vulnerability only exists for parameterized columns of type TEXT and only for analytic queries (CRUD is not impacted).   Workarounds include leveraging a different type of parameterized column (TIME, MONEY, etc) or not leveraging parameterized columns.\n\n### For more information\nIf you have any questions or comments about this advisory:\n* Open an issue in [elide](https://github.com/yahoo/elide)\n* Contact us in [Discord](https://discord.com/invite/3vh8ac57cc)\n",
  "aliases": [
    "CVE-2022-24827"
  ],
  "modified": "2023-11-08T04:08:37.999017Z",
  "published": "2022-04-08T22:43:17Z",
  "database_specific": {
    "nvd_published_at": "2022-04-11T21:15:00Z",
    "github_reviewed_at": "2022-04-08T22:43:17Z",
    "severity": "HIGH",
    "github_reviewed": true,
    "cwe_ids": [
      "CWE-89"
    ]
  },
  "references": [
    {
      "type": "WEB",
      "url": "https://github.com/yahoo/elide/security/advisories/GHSA-8xpj-9j9g-fc9r"
    },
    {
      "type": "ADVISORY",
      "url": "https://nvd.nist.gov/vuln/detail/CVE-2022-24827"
    },
    {
      "type": "WEB",
      "url": "https://github.com/yahoo/elide/pull/2581"
    },
    {
      "type": "PACKAGE",
      "url": "https://github.com/yahoo/elide"
    },
    {
      "type": "WEB",
      "url": "https://github.com/yahoo/elide/releases/tag/6.1.4"
    }
  ],
  "affected": [
    {
      "package": {
        "name": "com.yahoo.elide:elide-datastore-aggregation",
        "ecosystem": "Maven",
        "purl": "pkg:maven/com.yahoo.elide/elide-datastore-aggregation"
      },
      "ranges": [
        {
          "type": "ECOSYSTEM",
          "events": [
            {
              "introduced": "6.1.3"
            },
            {
              "fixed": "6.1.4"
            }
          ]
        }
      ],
      "versions": [
        "6.1.3"
      ],
      "database_specific": {
        "source": "https://github.com/github/advisory-database/blob/main/advisories/github-reviewed/2022/04/GHSA-8xpj-9j9g-fc9r/GHSA-8xpj-9j9g-fc9r.json"
      }
    }
  ],
  "schema_version": "1.6.0",
  "severity": [
    {
      "type": "CVSS_V3",
      "score": "CVSS:3.1/AV:N/AC:H/PR:N/UI:N/S:U/C:H/I:H/A:H"
    }
  ]
}