{
  "id": "GHSA-q5rx-8c2h-5q7j",
  "summary": "Apache Gobblin trusts all certificates used for LDAP connections in Gobblin-as-a-Service",
  "details": "Apache Gobblin trusts all certificates used for LDAP connections in Gobblin-as-a-Service. This affects versions <= 0.15.0. Users should update to version 0.16.0 which addresses this issue.",
  "aliases": [
    "CVE-2021-36152"
  ],
  "modified": "2023-11-08T04:06:12.167064Z",
  "published": "2022-02-06T00:01:07Z",
  "database_specific": {
    "nvd_published_at": "2022-02-04T23:15:00Z",
    "github_reviewed_at": "2022-02-07T23:07:32Z",
    "severity": "CRITICAL",
    "github_reviewed": true,
    "cwe_ids": []
  },
  "references": [
    {
      "type": "ADVISORY",
      "url": "https://nvd.nist.gov/vuln/detail/CVE-2021-36152"
    },
    {
      "type": "WEB",
      "url": "https://lists.apache.org/thread/3bxf7rbf4zh95r78jtgth6gwhr5fyl2j"
    }
  ],
  "affected": [
    {
      "package": {
        "name": "org.apache.gobblin:gobblin-core",
        "ecosystem": "Maven",
        "purl": "pkg:maven/org.apache.gobblin/gobblin-core"
      },
      "ranges": [
        {
          "type": "ECOSYSTEM",
          "events": [
            {
              "introduced": "0"
            },
            {
              "fixed": "0.16.0"
            }
          ]
        }
      ],
      "versions": [
        "0.12.0",
        "0.13.0",
        "0.14.0",
        "0.15.0"
      ],
      "database_specific": {
        "source": "https://github.com/github/advisory-database/blob/main/advisories/github-reviewed/2022/02/GHSA-q5rx-8c2h-5q7j/GHSA-q5rx-8c2h-5q7j.json"
      }
    }
  ],
  "schema_version": "1.6.0",
  "severity": [
    {
      "type": "CVSS_V3",
      "score": "CVSS:3.1/AV:N/AC:L/PR:N/UI:N/S:U/C:H/I:H/A:H"
    }
  ]
}