{
  "id": "GHSA-98p6-6428-77v7",
  "summary": "Jenkins NeoLoad Plugin stores credentials in cleartext",
  "details": "Jenkins NeoLoad Plugin prior to version 2.2.6 stores credentials unencrypted in its global configuration file and in job config.xml files on the Jenkins master where they can be viewed by users with Extended Read permission, or access to the master file system.",
  "aliases": [
    "CVE-2019-10440"
  ],
  "modified": "2024-02-17T05:43:52.987697Z",
  "published": "2022-05-24T16:58:49Z",
  "database_specific": {
    "nvd_published_at": "2019-10-16T14:15:00Z",
    "cwe_ids": [
      "CWE-312"
    ],
    "severity": "HIGH",
    "github_reviewed": true,
    "github_reviewed_at": "2022-12-06T21:47:27Z"
  },
  "references": [
    {
      "type": "ADVISORY",
      "url": "https://nvd.nist.gov/vuln/detail/CVE-2019-10440"
    },
    {
      "type": "WEB",
      "url": "https://github.com/jenkinsci/neoload-plugin/commit/83c8300c8318502b4f4d4c802dd2a10cadfee4c9"
    },
    {
      "type": "PACKAGE",
      "url": "https://github.com/jenkinsci/neoload-plugin"
    },
    {
      "type": "WEB",
      "url": "https://jenkins.io/security/advisory/2019-10-16/#SECURITY-1427"
    },
    {
      "type": "WEB",
      "url": "https://www.zerodayinitiative.com/advisories/ZDI-19-932"
    },
    {
      "type": "WEB",
      "url": "http://www.openwall.com/lists/oss-security/2019/10/16/6"
    }
  ],
  "affected": [
    {
      "package": {
        "name": "org.jenkins-ci.plugins:neoload-jenkins-plugin",
        "ecosystem": "Maven",
        "purl": "pkg:maven/org.jenkins-ci.plugins/neoload-jenkins-plugin"
      },
      "ranges": [
        {
          "type": "ECOSYSTEM",
          "events": [
            {
              "introduced": "0"
            },
            {
              "fixed": "2.2.6"
            }
          ]
        }
      ],
      "versions": [
        "1.0.0",
        "1.0.1",
        "1.0.2",
        "2.0.0",
        "2.0.1",
        "2.0.2",
        "2.1.0",
        "2.1.1",
        "2.2.0",
        "2.2.1",
        "2.2.2",
        "2.2.3",
        "2.2.4",
        "2.2.5"
      ],
      "database_specific": {
        "source": "https://github.com/github/advisory-database/blob/main/advisories/github-reviewed/2022/05/GHSA-98p6-6428-77v7/GHSA-98p6-6428-77v7.json"
      }
    }
  ],
  "schema_version": "1.6.0",
  "severity": [
    {
      "type": "CVSS_V3",
      "score": "CVSS:3.1/AV:N/AC:L/PR:L/UI:N/S:U/C:H/I:H/A:H"
    }
  ]
}