{
  "id": "GHSA-fqg2-c97r-rqcj",
  "summary": "Exposure of Sensitive Information in Jenkins Kubernetes Plugin",
  "details": "An exposure of sensitive information vulnerability exists in Jenkins Kubernetes Plugin 1.10.1 and earlier in KubernetesCloud.java that allows attackers to capture credentials with a known credentials ID stored in Jenkins.",
  "aliases": [
    "CVE-2018-1999040"
  ],
  "modified": "2024-02-16T08:19:58.369799Z",
  "published": "2022-05-13T01:50:55Z",
  "database_specific": {
    "nvd_published_at": "2018-08-01T13:29:00Z",
    "cwe_ids": [
      "CWE-200"
    ],
    "severity": "HIGH",
    "github_reviewed": true,
    "github_reviewed_at": "2022-11-03T23:19:45Z"
  },
  "references": [
    {
      "type": "ADVISORY",
      "url": "https://nvd.nist.gov/vuln/detail/CVE-2018-1999040"
    },
    {
      "type": "WEB",
      "url": "https://github.com/jenkinsci/kubernetes-plugin/commit/bf7a47847dfb5ef2d1e2a537e2eb9f28063988c6"
    },
    {
      "type": "WEB",
      "url": "https://jenkins.io/security/advisory/2018-07-30/#SECURITY-1016"
    }
  ],
  "affected": [
    {
      "package": {
        "name": "org.csanchez.jenkins.plugins:kubernetes",
        "ecosystem": "Maven",
        "purl": "pkg:maven/org.csanchez.jenkins.plugins/kubernetes"
      },
      "ranges": [
        {
          "type": "ECOSYSTEM",
          "events": [
            {
              "introduced": "0"
            },
            {
              "fixed": "1.10.2"
            }
          ]
        }
      ],
      "versions": [
        "0.1",
        "0.10",
        "0.11",
        "0.12",
        "0.2",
        "0.3",
        "0.4",
        "0.4.1",
        "0.5",
        "0.6",
        "0.7",
        "0.8",
        "0.9",
        "1.0",
        "1.1",
        "1.1.1",
        "1.1.2",
        "1.1.3",
        "1.1.4",
        "1.10.0",
        "1.10.1",
        "1.2",
        "1.2.1",
        "1.3",
        "1.3.1",
        "1.3.2",
        "1.3.3",
        "1.4",
        "1.4.1",
        "1.5",
        "1.5.1",
        "1.5.2",
        "1.6.0",
        "1.6.1",
        "1.6.2",
        "1.6.3",
        "1.6.4",
        "1.7.0",
        "1.7.1",
        "1.8.0",
        "1.8.1",
        "1.8.2",
        "1.8.3",
        "1.8.4",
        "1.9.0",
        "1.9.1",
        "1.9.2",
        "1.9.3"
      ],
      "database_specific": {
        "last_known_affected_version_range": "<= 1.10.1",
        "source": "https://github.com/github/advisory-database/blob/main/advisories/github-reviewed/2022/05/GHSA-fqg2-c97r-rqcj/GHSA-fqg2-c97r-rqcj.json"
      }
    }
  ],
  "schema_version": "1.6.0",
  "severity": [
    {
      "type": "CVSS_V3",
      "score": "CVSS:3.0/AV:N/AC:L/PR:L/UI:N/S:U/C:H/I:H/A:H"
    }
  ]
}