{
  "id": "GHSA-qxqf-2mfx-x8jw",
  "summary": "veraPDF has potential XSLT injection vulnerability when using policy files",
  "details": "### Impact\n\nExecuting policy checks using custom schematron files invokes an XSL transformation that may theoretically lead to a remote code execution (RCE) vulnerability.\n\n### Patches\n\nThis has been patched and users should upgrade to veraPDF v1.24.2\n\n### Workarounds\n\nThis doesn't affect the standard validation and policy checks functionality, veraPDF's common use cases. Most veraPDF users don't insert any custom XSLT code into policy profiles, which are based on Schematron syntax rather than direct XSL transforms. For users who do, only load custom policy files from sources you trust.\n\n### References\n\nOriginal issue: <https://github.com/veraPDF/veraPDF-library/issues/1415>\n",
  "aliases": [
    "CVE-2024-28109"
  ],
  "modified": "2024-05-20T15:12:19.843728Z",
  "published": "2024-05-20T14:57:07Z",
  "database_specific": {
    "nvd_published_at": "2024-03-28T14:15:13Z",
    "cwe_ids": [
      "CWE-91"
    ],
    "severity": "HIGH",
    "github_reviewed": true,
    "github_reviewed_at": "2024-05-20T14:57:07Z"
  },
  "references": [
    {
      "type": "WEB",
      "url": "https://github.com/veraPDF/veraPDF-library/security/advisories/GHSA-qxqf-2mfx-x8jw"
    },
    {
      "type": "ADVISORY",
      "url": "https://nvd.nist.gov/vuln/detail/CVE-2024-28109"
    },
    {
      "type": "WEB",
      "url": "https://github.com/veraPDF/veraPDF-library/issues/1415"
    },
    {
      "type": "WEB",
      "url": "https://github.com/veraPDF/veraPDF-library/commit/614ffa477a2cf0819e4b0df1ab133610e0da25fb"
    },
    {
      "type": "WEB",
      "url": "https://github.com/veraPDF/veraPDF-library/commit/9386ecbe1a1d1fb9e886d19df28851ed07890d9f"
    },
    {
      "type": "WEB",
      "url": "https://github.com/veraPDF/veraPDF-library/commit/d5314cbdf4e058e0716f80dbdad2dbd8d96e6bfe"
    },
    {
      "type": "PACKAGE",
      "url": "https://github.com/veraPDF/veraPDF-library"
    }
  ],
  "affected": [
    {
      "package": {
        "name": "org.verapdf:core",
        "ecosystem": "Maven",
        "purl": "pkg:maven/org.verapdf/core"
      },
      "ranges": [
        {
          "type": "ECOSYSTEM",
          "events": [
            {
              "introduced": "0"
            },
            {
              "fixed": "1.24.2"
            }
          ]
        }
      ],
      "versions": [
        "1.10.1",
        "1.10.2",
        "1.10.3",
        "1.12.1",
        "1.14.1-RC",
        "1.14.100",
        "1.14.101",
        "1.14.102",
        "1.14.103",
        "1.14.105",
        "1.14.2-RC",
        "1.14.3-RC",
        "1.14.6-RC",
        "1.16.1",
        "1.18.11",
        "1.18.2",
        "1.18.3",
        "1.20.1",
        "1.20.2",
        "1.22.1",
        "1.22.2",
        "1.24.1",
        "1.4.1",
        "1.6.1",
        "1.6.2",
        "1.8.1"
      ],
      "database_specific": {
        "source": "https://github.com/github/advisory-database/blob/main/advisories/github-reviewed/2024/05/GHSA-qxqf-2mfx-x8jw/GHSA-qxqf-2mfx-x8jw.json"
      }
    },
    {
      "package": {
        "name": "org.verapdf:core-jakarta",
        "ecosystem": "Maven",
        "purl": "pkg:maven/org.verapdf/core-jakarta"
      },
      "ranges": [
        {
          "type": "ECOSYSTEM",
          "events": [
            {
              "introduced": "0"
            },
            {
              "fixed": "1.24.2"
            }
          ]
        }
      ],
      "versions": [
        "1.24.1"
      ],
      "database_specific": {
        "source": "https://github.com/github/advisory-database/blob/main/advisories/github-reviewed/2024/05/GHSA-qxqf-2mfx-x8jw/GHSA-qxqf-2mfx-x8jw.json"
      }
    },
    {
      "package": {
        "name": "org.verapdf:core-arlington",
        "ecosystem": "Maven",
        "purl": "pkg:maven/org.verapdf/core-arlington"
      },
      "ranges": [
        {
          "type": "ECOSYSTEM",
          "events": [
            {
              "introduced": "0"
            },
            {
              "fixed": "1.25.127"
            }
          ]
        }
      ],
      "database_specific": {
        "source": "https://github.com/github/advisory-database/blob/main/advisories/github-reviewed/2024/05/GHSA-qxqf-2mfx-x8jw/GHSA-qxqf-2mfx-x8jw.json"
      },
      "versions": []
    },
    {
      "package": {
        "name": "org.verapdf:library-arlington",
        "ecosystem": "Maven",
        "purl": "pkg:maven/org.verapdf/library-arlington"
      },
      "ranges": [
        {
          "type": "ECOSYSTEM",
          "events": [
            {
              "introduced": "0"
            },
            {
              "fixed": "1.25.127"
            }
          ]
        }
      ],
      "database_specific": {
        "source": "https://github.com/github/advisory-database/blob/main/advisories/github-reviewed/2024/05/GHSA-qxqf-2mfx-x8jw/GHSA-qxqf-2mfx-x8jw.json"
      },
      "versions": []
    },
    {
      "package": {
        "name": "org.verapdf:library",
        "ecosystem": "Maven",
        "purl": "pkg:maven/org.verapdf/library"
      },
      "ranges": [
        {
          "type": "ECOSYSTEM",
          "events": [
            {
              "introduced": "0"
            },
            {
              "fixed": "1.24.2"
            }
          ]
        }
      ],
      "database_specific": {
        "source": "https://github.com/github/advisory-database/blob/main/advisories/github-reviewed/2024/05/GHSA-qxqf-2mfx-x8jw/GHSA-qxqf-2mfx-x8jw.json"
      },
      "versions": []
    },
    {
      "package": {
        "name": "org.verapdf:library-jakarta",
        "ecosystem": "Maven",
        "purl": "pkg:maven/org.verapdf/library-jakarta"
      },
      "ranges": [
        {
          "type": "ECOSYSTEM",
          "events": [
            {
              "introduced": "0"
            },
            {
              "fixed": "1.24.2"
            }
          ]
        }
      ],
      "database_specific": {
        "source": "https://github.com/github/advisory-database/blob/main/advisories/github-reviewed/2024/05/GHSA-qxqf-2mfx-x8jw/GHSA-qxqf-2mfx-x8jw.json"
      },
      "versions": []
    }
  ],
  "schema_version": "1.6.0",
  "severity": [
    {
      "type": "CVSS_V3",
      "score": "CVSS:3.1/AV:N/AC:L/PR:L/UI:N/S:U/C:H/I:H/A:N"
    }
  ]
}