{
  "id": "GHSA-q6g2-g7f3-rr83",
  "summary": "Jettison vulnerable to infinite recursion",
  "details": "An infinite recursion is triggered in Jettison when constructing a JSONArray from a Collection that contains a self-reference in one of its elements. This leads to a StackOverflowError exception being thrown.",
  "aliases": [
    "CVE-2023-1436"
  ],
  "modified": "2024-02-20T05:34:09.671471Z",
  "published": "2023-03-22T06:30:21Z",
  "database_specific": {
    "nvd_published_at": "2023-03-22T06:15:00Z",
    "cwe_ids": [
      "CWE-674"
    ],
    "severity": "HIGH",
    "github_reviewed": true,
    "github_reviewed_at": "2023-03-22T21:23:09Z"
  },
  "references": [
    {
      "type": "ADVISORY",
      "url": "https://nvd.nist.gov/vuln/detail/CVE-2023-1436"
    },
    {
      "type": "WEB",
      "url": "https://github.com/jettison-json/jettison/issues/60"
    },
    {
      "type": "WEB",
      "url": "https://github.com/jettison-json/jettison/pull/62"
    },
    {
      "type": "PACKAGE",
      "url": "https://github.com/jettison-json/jettison"
    },
    {
      "type": "WEB",
      "url": "https://github.com/jettison-json/jettison/releases/tag/jettison-1.5.4"
    },
    {
      "type": "WEB",
      "url": "https://research.jfrog.com/vulnerabilities/jettison-json-array-dos-xray-427911"
    }
  ],
  "affected": [
    {
      "package": {
        "name": "org.codehaus.jettison:jettison",
        "ecosystem": "Maven",
        "purl": "pkg:maven/org.codehaus.jettison/jettison"
      },
      "ranges": [
        {
          "type": "ECOSYSTEM",
          "events": [
            {
              "introduced": "0"
            },
            {
              "fixed": "1.5.4"
            }
          ]
        }
      ],
      "versions": [
        "1.0",
        "1.0-RC1",
        "1.0-RC2",
        "1.0-alpha-1",
        "1.0-beta-1",
        "1.0.1",
        "1.1",
        "1.2",
        "1.3",
        "1.3.1",
        "1.3.2",
        "1.3.3",
        "1.3.4",
        "1.3.5",
        "1.3.6",
        "1.3.7",
        "1.3.8",
        "1.4.0",
        "1.4.1",
        "1.5.0",
        "1.5.1",
        "1.5.2",
        "1.5.3"
      ],
      "database_specific": {
        "source": "https://github.com/github/advisory-database/blob/main/advisories/github-reviewed/2023/03/GHSA-q6g2-g7f3-rr83/GHSA-q6g2-g7f3-rr83.json"
      }
    }
  ],
  "schema_version": "1.6.0",
  "severity": [
    {
      "type": "CVSS_V3",
      "score": "CVSS:3.1/AV:N/AC:L/PR:N/UI:N/S:U/C:N/I:N/A:H"
    }
  ]
}