{
  "id": "GHSA-8x6c-375h-pm4f",
  "summary": "Cleartext Storage of Sensitive Information in Jenkins Extensive Testing Plugin",
  "details": "Jenkins Extensive Testing Plugin stores credentials unencrypted in job config.xml files on the Jenkins master where they can be viewed by users with Extended Read permission, or access to the master file system.",
  "aliases": [
    "CVE-2019-10448"
  ],
  "modified": "2023-11-08T04:00:52.090593Z",
  "published": "2022-05-24T16:58:49Z",
  "database_specific": {
    "nvd_published_at": "2019-10-16T14:15:00Z",
    "cwe_ids": [
      "CWE-312",
      "CWE-522"
    ],
    "severity": "HIGH",
    "github_reviewed": true,
    "github_reviewed_at": "2022-11-02T00:05:07Z"
  },
  "references": [
    {
      "type": "ADVISORY",
      "url": "https://nvd.nist.gov/vuln/detail/CVE-2019-10448"
    },
    {
      "type": "WEB",
      "url": "https://jenkins.io/security/advisory/2019-10-16/#SECURITY-1432"
    }
  ],
  "affected": [
    {
      "package": {
        "name": "jenkins.xtc:extensivetesting",
        "ecosystem": "Maven",
        "purl": "pkg:maven/jenkins.xtc/extensivetesting"
      },
      "versions": [
        "1.4.4b"
      ],
      "database_specific": {
        "source": "https://github.com/github/advisory-database/blob/main/advisories/github-reviewed/2022/05/GHSA-8x6c-375h-pm4f/GHSA-8x6c-375h-pm4f.json"
      }
    }
  ],
  "schema_version": "1.6.0",
  "severity": [
    {
      "type": "CVSS_V3",
      "score": "CVSS:3.1/AV:N/AC:L/PR:L/UI:N/S:U/C:H/I:H/A:H"
    }
  ]
}