{
  "id": "GHSA-6mjp-2rm6-9g85",
  "summary": "XWiki CKEditor.HTMLConverter vulnerable to Remote Code Execution via Cross-Site Request Forgery",
  "details": "### Impact\nThe `CKEditor.HTMLConverter` document lacked a protection against Cross-Site Request Forgery (CSRF), allowing to execute macros with the rights of the current user. If a privileged user with programming rights was tricked into executing a GET request to this document with certain parameters (e.g., via an image with a corresponding URL embedded in a comment or via a redirect), this would allow arbitrary remote code execution and the attacker could gain rights, access private information or impact the availability of the wiki.\n\nThe attack can be demonstrated by accessing the URL `<server>/xwiki/bin/view/Main?sheet=CKEditor.HTMLConverter&language=en&sourceSyntax=xwiki%2F2.1&stripHTMLEnvelope=true&fromHTML=false&toHTML=true&text=%7B%7Bgroovy%7D%7Dprintln%28%22Hello+from+Groovy%21%22%29%7B%7B%2Fgroovy%7D%7D` where `<server>` is the URL of the XWiki installation as a user with programming rights. If this displays the text \"Hello from Groovy!\", the installation is vulnerable.\n\n### Patches\nThe issue has been patched in the CKEditor Integration version 1.64.3. This has also been patched in the version of the CKEditor integration that is bundled starting with XWiki 14.6 RC1.\n\n### Workarounds\nThere are no known workarounds for this other than upgrading the CKEditor integration to a fixed version.\n\n### References\n* https://github.com/xwiki-contrib/application-ckeditor/commit/6b1053164386aefc526df7512bc664918aa6849b\n* https://jira.xwiki.org/browse/CKEDITOR-475\n\n### For more information\nIf you have any questions or comments about this advisory:\n* Open an issue in [Jira XWiki.org](https://jira.xwiki.org/)\n* Email us at [Security Mailing List](mailto:security@xwiki.org)",
  "aliases": [
    "CVE-2023-22457"
  ],
  "modified": "2023-11-08T04:11:35.428114Z",
  "published": "2023-01-06T17:15:47Z",
  "database_specific": {
    "nvd_published_at": "2023-01-04T15:15:00Z",
    "github_reviewed_at": "2023-01-06T17:15:47Z",
    "severity": "CRITICAL",
    "github_reviewed": true,
    "cwe_ids": [
      "CWE-352"
    ]
  },
  "references": [
    {
      "type": "WEB",
      "url": "https://github.com/xwiki-contrib/application-ckeditor/security/advisories/GHSA-6mjp-2rm6-9g85"
    },
    {
      "type": "ADVISORY",
      "url": "https://nvd.nist.gov/vuln/detail/CVE-2023-22457"
    },
    {
      "type": "WEB",
      "url": "https://github.com/xwiki-contrib/application-ckeditor/commit/6b1053164386aefc526df7512bc664918aa6849b"
    },
    {
      "type": "PACKAGE",
      "url": "https://github.com/xwiki-contrib/application-ckeditor"
    },
    {
      "type": "WEB",
      "url": "https://jira.xwiki.org/browse/CKEDITOR-475"
    }
  ],
  "affected": [
    {
      "package": {
        "name": "org.xwiki.contrib:application-ckeditor-ui",
        "ecosystem": "Maven",
        "purl": "pkg:maven/org.xwiki.contrib/application-ckeditor-ui"
      },
      "ranges": [
        {
          "type": "ECOSYSTEM",
          "events": [
            {
              "introduced": "0"
            },
            {
              "fixed": "1.64.3"
            }
          ]
        }
      ],
      "database_specific": {
        "source": "https://github.com/github/advisory-database/blob/main/advisories/github-reviewed/2023/01/GHSA-6mjp-2rm6-9g85/GHSA-6mjp-2rm6-9g85.json"
      },
      "versions": []
    }
  ],
  "schema_version": "1.6.0",
  "severity": [
    {
      "type": "CVSS_V3",
      "score": "CVSS:3.1/AV:N/AC:L/PR:L/UI:R/S:C/C:H/I:H/A:H"
    }
  ]
}