{
  "id": "GHSA-h66p-m766-33fv",
  "summary": "AWS CodeDeploy Plugin stored AWS Secret Key in plain text",
  "details": "Jenkins project Jenkins AWS CodeDeploy Plugin version 1.19 and earlier contains a Insufficiently Protected Credentials vulnerability in AWSCodeDeployPublisher.java that can result in Credentials Disclosure. This attack appears to be exploitable via local file access. \n\nAWS CodeDeploy Plugin 1.20 and newer stores the AWS Secret Key encrypted in the configuration files on disk and no longer transfers it to users viewing the configuration form in plain text. Existing jobs need to have their configuration saved for existing plain text secret keys to be overwritten.",
  "aliases": [
    "CVE-2018-1000403"
  ],
  "modified": "2023-11-08T03:59:37.971848Z",
  "published": "2022-05-13T01:48:37Z",
  "database_specific": {
    "nvd_published_at": "2018-07-09T13:29:00Z",
    "github_reviewed_at": "2022-07-27T20:57:55Z",
    "severity": "HIGH",
    "github_reviewed": true,
    "cwe_ids": [
      "CWE-522"
    ]
  },
  "references": [
    {
      "type": "ADVISORY",
      "url": "https://nvd.nist.gov/vuln/detail/CVE-2018-1000403"
    },
    {
      "type": "PACKAGE",
      "url": "https://github.com/jenkinsci/aws-codedeploy-plugin"
    },
    {
      "type": "WEB",
      "url": "https://jenkins.io/security/advisory/2018-06-25/#SECURITY-833"
    }
  ],
  "affected": [
    {
      "package": {
        "name": "com.amazonaws:codedeploy",
        "ecosystem": "Maven",
        "purl": "pkg:maven/com.amazonaws/codedeploy"
      },
      "ranges": [
        {
          "type": "ECOSYSTEM",
          "events": [
            {
              "introduced": "0"
            },
            {
              "fixed": "1.20"
            }
          ]
        }
      ],
      "versions": [
        "1.10",
        "1.11",
        "1.12",
        "1.15",
        "1.17",
        "1.18",
        "1.19",
        "1.3",
        "1.5",
        "1.6",
        "1.7",
        "1.8",
        "1.9"
      ],
      "database_specific": {
        "source": "https://github.com/github/advisory-database/blob/main/advisories/github-reviewed/2022/05/GHSA-h66p-m766-33fv/GHSA-h66p-m766-33fv.json"
      }
    }
  ],
  "schema_version": "1.6.0",
  "severity": [
    {
      "type": "CVSS_V3",
      "score": "CVSS:3.0/AV:L/AC:L/PR:L/UI:N/S:U/C:H/I:H/A:H"
    }
  ]
}