{
  "id": "GHSA-65fg-84f6-3jq3",
  "summary": "SQL Injection in Log4j 1.2.x",
  "details": "By design, the JDBCAppender in Log4j 1.2.x accepts an SQL statement as a configuration parameter where the values to be inserted are converters from PatternLayout. The message converter, %m, is likely to always be included. This allows attackers to manipulate the SQL by entering crafted strings into input fields or headers of an application that are logged allowing unintended SQL queries to be executed. Note this issue only affects Log4j 1.x when specifically configured to use the JDBCAppender, which is not the default. Beginning in version 2.0-beta8, the JDBCAppender was re-introduced with proper support for parameterized SQL queries and further customization over the columns written to in logs. Apache Log4j 1.2 reached end of life in August 2015. Users should upgrade to Log4j 2 as it addresses numerous other issues from the previous versions.",
  "aliases": [
    "CVE-2022-23305"
  ],
  "modified": "2024-02-16T08:18:09.971724Z",
  "published": "2022-01-21T23:26:47Z",
  "database_specific": {
    "nvd_published_at": "2022-01-18T16:15:00Z",
    "cwe_ids": [
      "CWE-89"
    ],
    "severity": "CRITICAL",
    "github_reviewed": true,
    "github_reviewed_at": "2022-01-19T22:31:49Z"
  },
  "references": [
    {
      "type": "ADVISORY",
      "url": "https://nvd.nist.gov/vuln/detail/CVE-2022-23305"
    },
    {
      "type": "PACKAGE",
      "url": "https://github.com/apache/logging-log4j1"
    },
    {
      "type": "WEB",
      "url": "https://lists.apache.org/thread/pt6lh3pbsvxqlwlp4c5l798dv2hkc85y"
    },
    {
      "type": "WEB",
      "url": "https://logging.apache.org/log4j/1.2/index.html"
    },
    {
      "type": "WEB",
      "url": "https://security.netapp.com/advisory/ntap-20220217-0007"
    },
    {
      "type": "WEB",
      "url": "https://www.oracle.com/security-alerts/cpuapr2022.html"
    },
    {
      "type": "WEB",
      "url": "https://www.oracle.com/security-alerts/cpujul2022.html"
    },
    {
      "type": "WEB",
      "url": "http://www.openwall.com/lists/oss-security/2022/01/18/4"
    }
  ],
  "affected": [
    {
      "package": {
        "name": "log4j:log4j",
        "ecosystem": "Maven",
        "purl": "pkg:maven/log4j/log4j"
      },
      "ranges": [
        {
          "type": "ECOSYSTEM",
          "events": [
            {
              "introduced": "0"
            },
            {
              "last_affected": "1.2.17"
            }
          ]
        }
      ],
      "versions": [
        "1.1.3",
        "1.2.11",
        "1.2.12",
        "1.2.13",
        "1.2.14",
        "1.2.15",
        "1.2.16",
        "1.2.17",
        "1.2.4",
        "1.2.5",
        "1.2.6",
        "1.2.7",
        "1.2.8",
        "1.2.9"
      ],
      "database_specific": {
        "source": "https://github.com/github/advisory-database/blob/main/advisories/github-reviewed/2022/01/GHSA-65fg-84f6-3jq3/GHSA-65fg-84f6-3jq3.json"
      }
    },
    {
      "package": {
        "name": "org.zenframework.z8.dependencies.commons:log4j-1.2.17",
        "ecosystem": "Maven",
        "purl": "pkg:maven/org.zenframework.z8.dependencies.commons/log4j-1.2.17"
      },
      "ranges": [
        {
          "type": "ECOSYSTEM",
          "events": [
            {
              "introduced": "0"
            },
            {
              "last_affected": "2.0"
            }
          ]
        }
      ],
      "versions": [
        "2.0"
      ],
      "database_specific": {
        "source": "https://github.com/github/advisory-database/blob/main/advisories/github-reviewed/2022/01/GHSA-65fg-84f6-3jq3/GHSA-65fg-84f6-3jq3.json"
      }
    }
  ],
  "schema_version": "1.6.0",
  "severity": [
    {
      "type": "CVSS_V3",
      "score": "CVSS:3.1/AV:N/AC:L/PR:N/UI:N/S:U/C:H/I:H/A:H"
    }
  ]
}