{
  "id": "GHSA-79h8-7735-v3f9",
  "summary": "System command execution vulnerability in Selection tasks Jenkins Plugin",
  "details": "Jenkins Selection tasks Plugin 1.0 and earlier executes a user-specified program on the Jenkins controller, allowing attackers with Job/Configure permission to execute an arbitrary system command on the Jenkins controller as the OS user that the Jenkins process is running as.",
  "aliases": [
    "CVE-2020-2276"
  ],
  "modified": "2023-11-08T04:03:01.870887Z",
  "published": "2022-05-24T17:28:27Z",
  "database_specific": {
    "nvd_published_at": "2020-09-16T14:15:00Z",
    "github_reviewed_at": "2022-12-28T22:49:00Z",
    "severity": "HIGH",
    "github_reviewed": true,
    "cwe_ids": [
      "CWE-78"
    ]
  },
  "references": [
    {
      "type": "ADVISORY",
      "url": "https://nvd.nist.gov/vuln/detail/CVE-2020-2276"
    },
    {
      "type": "PACKAGE",
      "url": "https://github.com/jenkinsci/selection-tasks-plugin"
    },
    {
      "type": "WEB",
      "url": "https://www.jenkins.io/security/advisory/2020-09-16/#SECURITY-1967"
    },
    {
      "type": "WEB",
      "url": "http://www.openwall.com/lists/oss-security/2020/09/16/3"
    }
  ],
  "affected": [
    {
      "package": {
        "name": "org.jvnet.hudson.plugins:selection-tasks-plugin",
        "ecosystem": "Maven",
        "purl": "pkg:maven/org.jvnet.hudson.plugins/selection-tasks-plugin"
      },
      "ranges": [
        {
          "type": "ECOSYSTEM",
          "events": [
            {
              "introduced": "0"
            },
            {
              "last_affected": "1.0"
            }
          ]
        }
      ],
      "versions": [
        "1.0"
      ],
      "database_specific": {
        "source": "https://github.com/github/advisory-database/blob/main/advisories/github-reviewed/2022/05/GHSA-79h8-7735-v3f9/GHSA-79h8-7735-v3f9.json"
      }
    }
  ],
  "schema_version": "1.6.0",
  "severity": [
    {
      "type": "CVSS_V3",
      "score": "CVSS:3.1/AV:N/AC:L/PR:L/UI:N/S:U/C:H/I:H/A:H"
    }
  ]
}