{
  "id": "GHSA-wgx7-jwwm-cgjv",
  "summary": "Improper Authentication in Apache Spark",
  "details": "In Apache Spark 2.4.5 and earlier, a standalone resource manager's master may be configured to require authentication (spark.authenticate) via a shared secret. When enabled, however, a specially-crafted RPC to the master can succeed in starting an application's resources on the Spark cluster, even without the shared key. This can be leveraged to execute shell commands on the host machine. This does not affect Spark clusters using other resource managers (YARN, Mesos, etc).",
  "aliases": [
    "BIT-spark-2020-9480",
    "CVE-2020-9480",
    "PYSEC-2020-95"
  ],
  "modified": "2024-10-15T16:40:37.173246Z",
  "published": "2022-02-10T23:05:20Z",
  "database_specific": {
    "nvd_published_at": "2020-06-23T22:15:00Z",
    "cwe_ids": [
      "CWE-287",
      "CWE-306"
    ],
    "severity": "CRITICAL",
    "github_reviewed": true,
    "github_reviewed_at": "2021-05-11T21:39:30Z"
  },
  "references": [
    {
      "type": "ADVISORY",
      "url": "https://nvd.nist.gov/vuln/detail/CVE-2020-9480"
    },
    {
      "type": "WEB",
      "url": "https://github.com/pypa/advisory-database/tree/main/vulns/pyspark/PYSEC-2020-95.yaml"
    },
    {
      "type": "WEB",
      "url": "https://lists.apache.org/thread.html/r03ad9fe7c07d6039fba9f2152d345274473cb0af3d8a4794a6645f4b@%3Cuser.spark.apache.org%3E"
    },
    {
      "type": "WEB",
      "url": "https://lists.apache.org/thread.html/ra0e62a18ad080c4ce6df5e0202a27eaada75222761efc3f7238b5a3b@%3Ccommits.doris.apache.org%3E"
    },
    {
      "type": "WEB",
      "url": "https://lists.apache.org/thread.html/rb3956440747e41940d552d377d50b144b60085e7ff727adb0e575d8d@%3Ccommits.submarine.apache.org%3E"
    },
    {
      "type": "WEB",
      "url": "https://lists.apache.org/thread.html/ree9e87aae81852330290a478692e36ea6db47a52a694545c7d66e3e2@%3Cdev.spark.apache.org%3E"
    },
    {
      "type": "WEB",
      "url": "https://spark.apache.org/security.html#CVE-2020-9480"
    },
    {
      "type": "WEB",
      "url": "https://www.oracle.com/security-alerts/cpuApr2021.html"
    }
  ],
  "affected": [
    {
      "package": {
        "name": "org.apache.spark:spark-parent_2.11",
        "ecosystem": "Maven",
        "purl": "pkg:maven/org.apache.spark/spark-parent_2.11"
      },
      "ranges": [
        {
          "type": "ECOSYSTEM",
          "events": [
            {
              "introduced": "0"
            },
            {
              "fixed": "2.4.6"
            }
          ]
        }
      ],
      "versions": [
        "1.3.0",
        "1.3.1",
        "1.4.0",
        "1.4.1",
        "1.5.0",
        "1.5.1",
        "1.5.2",
        "1.6.0",
        "1.6.1",
        "1.6.2",
        "1.6.3",
        "2.0.0",
        "2.0.0-preview",
        "2.0.1",
        "2.0.2",
        "2.1.0",
        "2.1.1",
        "2.1.2",
        "2.1.3",
        "2.2.0",
        "2.2.1",
        "2.2.2",
        "2.2.3",
        "2.3.0",
        "2.3.1",
        "2.3.2",
        "2.3.3",
        "2.3.4",
        "2.4.0",
        "2.4.1",
        "2.4.2",
        "2.4.3",
        "2.4.4",
        "2.4.5"
      ],
      "database_specific": {
        "last_known_affected_version_range": "<= 2.4.5",
        "source": "https://github.com/github/advisory-database/blob/main/advisories/github-reviewed/2022/02/GHSA-wgx7-jwwm-cgjv/GHSA-wgx7-jwwm-cgjv.json"
      }
    },
    {
      "package": {
        "name": "pyspark",
        "ecosystem": "PyPI",
        "purl": "pkg:pypi/pyspark"
      },
      "ranges": [
        {
          "type": "ECOSYSTEM",
          "events": [
            {
              "introduced": "0"
            },
            {
              "fixed": "2.4.6"
            }
          ]
        }
      ],
      "versions": [
        "2.1.1",
        "2.1.2",
        "2.1.3",
        "2.2.0",
        "2.2.1",
        "2.2.2",
        "2.2.3",
        "2.3.0",
        "2.3.1",
        "2.3.2",
        "2.3.3",
        "2.3.4",
        "2.4.0",
        "2.4.1",
        "2.4.2",
        "2.4.3",
        "2.4.4",
        "2.4.5"
      ],
      "database_specific": {
        "source": "https://github.com/github/advisory-database/blob/main/advisories/github-reviewed/2022/02/GHSA-wgx7-jwwm-cgjv/GHSA-wgx7-jwwm-cgjv.json"
      }
    }
  ],
  "schema_version": "1.6.0",
  "severity": [
    {
      "type": "CVSS_V3",
      "score": "CVSS:3.1/AV:N/AC:L/PR:N/UI:N/S:U/C:H/I:H/A:H"
    },
    {
      "type": "CVSS_V4",
      "score": "CVSS:4.0/AV:N/AC:L/AT:N/PR:N/UI:N/VC:H/VI:H/VA:H/SC:N/SI:N/SA:N"
    }
  ]
}