{
  "id": "GHSA-8qq4-8jvq-mfw4",
  "summary": "Exposure of Sensitive Information to an Unauthorized Actor in Apache Tomcat",
  "details": "When using a VirtualDirContext with Apache Tomcat 7.0.0 to 7.0.80 it was possible to bypass security constraints and/or view the source code of JSPs for resources served by the VirtualDirContext using a specially crafted request.",
  "aliases": [
    "CVE-2017-12616"
  ],
  "modified": "2024-02-20T05:33:03.833090Z",
  "published": "2022-05-14T01:10:16Z",
  "database_specific": {
    "nvd_published_at": "2017-09-19T13:29:00Z",
    "cwe_ids": [
      "CWE-200"
    ],
    "severity": "HIGH",
    "github_reviewed": true,
    "github_reviewed_at": "2022-07-01T21:20:58Z"
  },
  "references": [
    {
      "type": "ADVISORY",
      "url": "https://nvd.nist.gov/vuln/detail/CVE-2017-12616"
    },
    {
      "type": "WEB",
      "url": "https://access.redhat.com/errata/RHSA-2018:0465"
    },
    {
      "type": "WEB",
      "url": "https://access.redhat.com/errata/RHSA-2018:0466"
    },
    {
      "type": "PACKAGE",
      "url": "https://github.com/apache/tomcat"
    },
    {
      "type": "WEB",
      "url": "https://lists.apache.org/thread.html/1df9b4552464caa42047062fe7175da0da06c18ecc8daf99258bbda6@%3Cannounce.tomcat.apache.org%3E"
    },
    {
      "type": "WEB",
      "url": "https://lists.apache.org/thread.html/388a323769f1dff84c9ec905455aa73fbcb20338e3c7eb131457f708@%3Cdev.tomcat.apache.org%3E"
    },
    {
      "type": "WEB",
      "url": "https://lists.apache.org/thread.html/3d19773b4cf0377db62d1e9328bf9160bf1819f04f988315086931d7@%3Cdev.tomcat.apache.org%3E"
    },
    {
      "type": "WEB",
      "url": "https://lists.apache.org/thread.html/845312a10aabbe2c499fca94003881d2c79fc993d85f34c1f5c77424@%3Cdev.tomcat.apache.org%3E"
    },
    {
      "type": "WEB",
      "url": "https://lists.apache.org/thread.html/r9136ff5b13e4f1941360b5a309efee2c114a14855578c3a2cbe5d19c@%3Cdev.tomcat.apache.org%3E"
    },
    {
      "type": "WEB",
      "url": "https://lists.debian.org/debian-lts-announce/2018/06/msg00008.html"
    },
    {
      "type": "WEB",
      "url": "https://security.netapp.com/advisory/ntap-20171018-0001"
    },
    {
      "type": "WEB",
      "url": "https://support.hpe.com/hpsc/doc/public/display?docLocale=en_US&docId=emr_na-hpesbux03828en_us"
    },
    {
      "type": "WEB",
      "url": "https://usn.ubuntu.com/3665-1"
    },
    {
      "type": "WEB",
      "url": "https://www.synology.com/support/security/Synology_SA_17_54_Tomcat"
    }
  ],
  "affected": [
    {
      "package": {
        "name": "org.apache.tomcat:tomcat-catalina",
        "ecosystem": "Maven",
        "purl": "pkg:maven/org.apache.tomcat/tomcat-catalina"
      },
      "ranges": [
        {
          "type": "ECOSYSTEM",
          "events": [
            {
              "introduced": "7.0.0"
            },
            {
              "fixed": "7.0.81"
            }
          ]
        }
      ],
      "versions": [
        "7.0.0",
        "7.0.11",
        "7.0.12",
        "7.0.14",
        "7.0.16",
        "7.0.19",
        "7.0.2",
        "7.0.20",
        "7.0.21",
        "7.0.22",
        "7.0.23",
        "7.0.25",
        "7.0.26",
        "7.0.27",
        "7.0.28",
        "7.0.29",
        "7.0.30",
        "7.0.32",
        "7.0.33",
        "7.0.34",
        "7.0.35",
        "7.0.37",
        "7.0.39",
        "7.0.4",
        "7.0.40",
        "7.0.41",
        "7.0.42",
        "7.0.47",
        "7.0.5",
        "7.0.50",
        "7.0.52",
        "7.0.53",
        "7.0.54",
        "7.0.55",
        "7.0.56",
        "7.0.57",
        "7.0.59",
        "7.0.6",
        "7.0.61",
        "7.0.62",
        "7.0.63",
        "7.0.64",
        "7.0.65",
        "7.0.67",
        "7.0.68",
        "7.0.69",
        "7.0.70",
        "7.0.72",
        "7.0.73",
        "7.0.75",
        "7.0.76",
        "7.0.77",
        "7.0.78",
        "7.0.79",
        "7.0.8"
      ],
      "database_specific": {
        "last_known_affected_version_range": "<= 7.0.80",
        "source": "https://github.com/github/advisory-database/blob/main/advisories/github-reviewed/2022/05/GHSA-8qq4-8jvq-mfw4/GHSA-8qq4-8jvq-mfw4.json"
      }
    }
  ],
  "schema_version": "1.6.0",
  "severity": [
    {
      "type": "CVSS_V3",
      "score": "CVSS:3.0/AV:N/AC:L/PR:N/UI:N/S:U/C:H/I:N/A:N"
    }
  ]
}