{
  "id": "GHSA-7mgx-gvjw-m3w3",
  "summary": "CrateDB authentication bypass vulnerability",
  "details": "CrateDB 5.5.1 is contains an authentication bypass vulnerability in the Admin UI component. After configuring password authentication and_ Local_ In the case of an address, identity authentication can be bypassed by setting the X-Real IP request header to a specific value and accessing the Admin UI directly using the default user identity.",
  "aliases": [
    "CVE-2023-51982",
    "PYSEC-2024-27"
  ],
  "modified": "2024-09-13T18:41:22.508686Z",
  "published": "2024-01-30T03:30:30Z",
  "database_specific": {
    "nvd_published_at": "2024-01-30T01:15:59Z",
    "cwe_ids": [
      "CWE-287"
    ],
    "severity": "HIGH",
    "github_reviewed": true,
    "github_reviewed_at": "2024-01-30T18:43:26Z"
  },
  "references": [
    {
      "type": "ADVISORY",
      "url": "https://nvd.nist.gov/vuln/detail/CVE-2023-51982"
    },
    {
      "type": "WEB",
      "url": "https://github.com/crate/crate/issues/15231"
    },
    {
      "type": "WEB",
      "url": "https://github.com/crate/crate/pull/15234"
    },
    {
      "type": "WEB",
      "url": "https://github.com/crate/crate-python/commit/813946b9420d45877ef7c369311dbc8804d6674f"
    },
    {
      "type": "WEB",
      "url": "https://github.com/crate/crate/commit/0c166ef083bec4d64dd55c1d8cb9b3dec350d241"
    },
    {
      "type": "WEB",
      "url": "https://github.com/crate/crate/commit/5be7b3864137c23305ece10df3f7c311ee50ae4d"
    },
    {
      "type": "WEB",
      "url": "https://github.com/crate/crate/commit/b8b4cec49a1c7eb2b5af568400bd571d194dc03e"
    },
    {
      "type": "WEB",
      "url": "https://github.com/crate/crate/commit/da59311ca920743ebc58ee64c29cfe5723487f56"
    },
    {
      "type": "PACKAGE",
      "url": "https://github.com/crate/crate"
    },
    {
      "type": "WEB",
      "url": "https://github.com/pypa/advisory-database/tree/main/vulns/crate/PYSEC-2024-27.yaml"
    }
  ],
  "affected": [
    {
      "package": {
        "name": "io.crate:crate",
        "ecosystem": "Maven",
        "purl": "pkg:maven/io.crate/crate"
      },
      "ranges": [
        {
          "type": "ECOSYSTEM",
          "events": [
            {
              "introduced": "0"
            },
            {
              "fixed": "5.2.11"
            }
          ]
        }
      ],
      "database_specific": {
        "source": "https://github.com/github/advisory-database/blob/main/advisories/github-reviewed/2024/01/GHSA-7mgx-gvjw-m3w3/GHSA-7mgx-gvjw-m3w3.json"
      },
      "versions": []
    },
    {
      "package": {
        "name": "io.crate:crate",
        "ecosystem": "Maven",
        "purl": "pkg:maven/io.crate/crate"
      },
      "ranges": [
        {
          "type": "ECOSYSTEM",
          "events": [
            {
              "introduced": "5.3.0"
            },
            {
              "fixed": "5.3.8"
            }
          ]
        }
      ],
      "database_specific": {
        "source": "https://github.com/github/advisory-database/blob/main/advisories/github-reviewed/2024/01/GHSA-7mgx-gvjw-m3w3/GHSA-7mgx-gvjw-m3w3.json"
      },
      "versions": []
    },
    {
      "package": {
        "name": "io.crate:crate",
        "ecosystem": "Maven",
        "purl": "pkg:maven/io.crate/crate"
      },
      "ranges": [
        {
          "type": "ECOSYSTEM",
          "events": [
            {
              "introduced": "5.4.0"
            },
            {
              "fixed": "5.4.7"
            }
          ]
        }
      ],
      "database_specific": {
        "source": "https://github.com/github/advisory-database/blob/main/advisories/github-reviewed/2024/01/GHSA-7mgx-gvjw-m3w3/GHSA-7mgx-gvjw-m3w3.json"
      },
      "versions": []
    },
    {
      "package": {
        "name": "io.crate:crate",
        "ecosystem": "Maven",
        "purl": "pkg:maven/io.crate/crate"
      },
      "ranges": [
        {
          "type": "ECOSYSTEM",
          "events": [
            {
              "introduced": "5.5.0"
            },
            {
              "fixed": "5.5.2"
            }
          ]
        }
      ],
      "database_specific": {
        "source": "https://github.com/github/advisory-database/blob/main/advisories/github-reviewed/2024/01/GHSA-7mgx-gvjw-m3w3/GHSA-7mgx-gvjw-m3w3.json"
      },
      "versions": []
    },
    {
      "package": {
        "name": "crate",
        "ecosystem": "PyPI",
        "purl": "pkg:pypi/crate"
      },
      "ranges": [
        {
          "type": "ECOSYSTEM",
          "events": [
            {
              "introduced": "0"
            },
            {
              "last_affected": "0.35.2"
            }
          ]
        }
      ],
      "versions": [
        "0.1.10",
        "0.10.0",
        "0.10.1",
        "0.10.2",
        "0.10.3",
        "0.10.4",
        "0.10.5",
        "0.10.6",
        "0.10.7",
        "0.11.0",
        "0.11.1",
        "0.11.2",
        "0.12.0",
        "0.12.1",
        "0.12.2",
        "0.12.3",
        "0.12.4",
        "0.12.5",
        "0.13.0",
        "0.13.1",
        "0.13.2",
        "0.13.3",
        "0.13.4",
        "0.13.5",
        "0.13.6",
        "0.14.0",
        "0.14.1",
        "0.14.2",
        "0.15.0",
        "0.16.0",
        "0.16.1",
        "0.16.2",
        "0.16.3",
        "0.16.4",
        "0.16.5",
        "0.17.0",
        "0.18.0",
        "0.19.0",
        "0.19.1",
        "0.19.2",
        "0.19.3",
        "0.19.4",
        "0.19.5",
        "0.2.0",
        "0.20.0",
        "0.20.1",
        "0.21.0",
        "0.21.1",
        "0.21.2",
        "0.21.3",
        "0.22.0",
        "0.22.1",
        "0.23.0",
        "0.23.1",
        "0.23.2",
        "0.24.0",
        "0.25.0",
        "0.26.0",
        "0.27.0",
        "0.27.1",
        "0.27.2",
        "0.28.0",
        "0.29.0",
        "0.3.0",
        "0.3.1",
        "0.3.2",
        "0.3.3",
        "0.3.4",
        "0.30.0",
        "0.30.1",
        "0.31.0",
        "0.31.1",
        "0.32.0",
        "0.33.0",
        "0.34.0",
        "0.35.0",
        "0.35.1",
        "0.35.2",
        "0.4.0",
        "0.5.0",
        "0.6.0",
        "0.7.0",
        "0.7.1",
        "0.8.0",
        "0.8.1",
        "0.9.0",
        "0.9.1",
        "0.9.2",
        "0.9.3",
        "0.9.4",
        "0.9.5"
      ],
      "database_specific": {
        "source": "https://github.com/github/advisory-database/blob/main/advisories/github-reviewed/2024/01/GHSA-7mgx-gvjw-m3w3/GHSA-7mgx-gvjw-m3w3.json"
      }
    }
  ],
  "schema_version": "1.6.0",
  "severity": [
    {
      "type": "CVSS_V3",
      "score": "CVSS:3.1/AV:N/AC:L/PR:N/UI:N/S:U/C:H/I:N/A:N"
    },
    {
      "type": "CVSS_V4",
      "score": "CVSS:4.0/AV:N/AC:L/AT:N/PR:N/UI:N/VC:H/VI:N/VA:N/SC:N/SI:N/SA:N"
    }
  ]
}