{
  "id": "GHSA-rf5q-8gx3-xqfc",
  "summary": "Cross-Site Request Forgery in Jenkins Git Plugin",
  "details": "Git Plugin connects to a user-specified Git repository as part of form validation. An attacker with no direct access to Jenkins but able to guess at a username/password credentials ID could trick a developer with job configuration permissions into following a link with a maliciously crafted Jenkins URL which would result in the Jenkins Git client sending the username and password to an attacker-controlled server.",
  "aliases": [
    "CVE-2017-1000092"
  ],
  "modified": "2024-02-20T05:26:18.506912Z",
  "published": "2022-05-17T00:33:22Z",
  "database_specific": {
    "nvd_published_at": "2017-10-05T01:29:00Z",
    "cwe_ids": [
      "CWE-352"
    ],
    "severity": "HIGH",
    "github_reviewed": true,
    "github_reviewed_at": "2022-07-05T22:59:14Z"
  },
  "references": [
    {
      "type": "ADVISORY",
      "url": "https://nvd.nist.gov/vuln/detail/CVE-2017-1000092"
    },
    {
      "type": "WEB",
      "url": "https://bugzilla.redhat.com/show_bug.cgi?id=1471053"
    },
    {
      "type": "WEB",
      "url": "https://jenkins.io/security/advisory/2017-07-10"
    }
  ],
  "affected": [
    {
      "package": {
        "name": "org.jenkins-ci.plugins:git",
        "ecosystem": "Maven",
        "purl": "pkg:maven/org.jenkins-ci.plugins/git"
      },
      "ranges": [
        {
          "type": "ECOSYSTEM",
          "events": [
            {
              "introduced": "0"
            },
            {
              "fixed": "3.3.2"
            }
          ]
        }
      ],
      "versions": [
        "1.2.0",
        "1.3.0",
        "1.4.0",
        "1.5.0",
        "1.6.0-beta-1",
        "2.0",
        "2.0-beta-2",
        "2.0-beta-3",
        "2.0.1",
        "2.0.2",
        "2.0.3",
        "2.0.4",
        "2.1.0",
        "2.2.0",
        "2.2.1",
        "2.2.10",
        "2.2.11",
        "2.2.12",
        "2.2.2",
        "2.2.3",
        "2.2.4",
        "2.2.5",
        "2.2.6",
        "2.2.7",
        "2.2.8",
        "2.2.9",
        "2.3",
        "2.3-beta-1",
        "2.3-beta-2",
        "2.3-beta-3",
        "2.3-beta-4",
        "2.3.1",
        "2.3.2",
        "2.3.3",
        "2.3.4",
        "2.3.5",
        "2.4.0",
        "2.4.1",
        "2.4.2",
        "2.4.3",
        "2.4.4",
        "2.5.0",
        "2.5.0-beta1",
        "2.5.0-beta2",
        "2.5.0-beta3",
        "2.5.0-beta4",
        "2.5.0-beta5",
        "2.5.1",
        "2.5.2",
        "2.5.3",
        "2.6.0",
        "2.6.1",
        "2.6.2",
        "2.6.2-beta-1",
        "2.6.2-beta-2",
        "2.6.4",
        "2.6.5",
        "3.0.0",
        "3.0.0-beta1",
        "3.0.0-beta2",
        "3.0.1",
        "3.0.2",
        "3.0.2-beta-1",
        "3.0.2-beta-2",
        "3.0.3",
        "3.0.4",
        "3.0.5",
        "3.1.0",
        "3.2.0",
        "3.3.0",
        "3.3.1"
      ],
      "database_specific": {
        "last_known_affected_version_range": "< 3.2.2",
        "source": "https://github.com/github/advisory-database/blob/main/advisories/github-reviewed/2022/05/GHSA-rf5q-8gx3-xqfc/GHSA-rf5q-8gx3-xqfc.json"
      }
    }
  ],
  "schema_version": "1.6.0",
  "severity": [
    {
      "type": "CVSS_V3",
      "score": "CVSS:3.0/AV:N/AC:H/PR:N/UI:R/S:U/C:H/I:H/A:H"
    }
  ]
}