{
  "id": "GHSA-5ggr-mpgw-3mgx",
  "summary": "Improper Input Validation in Apache Struts",
  "details": "ActionServlet.java in Apache Struts 1 1.x through 1.3.10 does not properly restrict the Validator configuration, which allows remote attackers to conduct cross-site scripting (XSS) attacks or cause a denial of service via crafted input, a related issue to CVE-2015-0899.",
  "aliases": [
    "CVE-2016-1182"
  ],
  "modified": "2024-02-20T05:32:17.048817Z",
  "published": "2022-05-13T01:25:19Z",
  "database_specific": {
    "nvd_published_at": "2016-07-04T22:59:00Z",
    "cwe_ids": [
      "CWE-20"
    ],
    "severity": "HIGH",
    "github_reviewed": true,
    "github_reviewed_at": "2022-07-06T20:02:40Z"
  },
  "references": [
    {
      "type": "ADVISORY",
      "url": "https://nvd.nist.gov/vuln/detail/CVE-2016-1182"
    },
    {
      "type": "WEB",
      "url": "https://github.com/kawasima/struts1-forever/commit/eda3a79907ed8fcb0387a0496d0cb14332f250e8"
    },
    {
      "type": "WEB",
      "url": "https://bugzilla.redhat.com/show_bug.cgi?id=1343540"
    },
    {
      "type": "WEB",
      "url": "https://security-tracker.debian.org/tracker/CVE-2016-1182"
    },
    {
      "type": "WEB",
      "url": "https://security.netapp.com/advisory/ntap-20180629-0006"
    },
    {
      "type": "WEB",
      "url": "https://www.oracle.com/security-alerts/cpujan2020.html"
    },
    {
      "type": "WEB",
      "url": "https://www.oracle.com/security-alerts/cpujul2020.html"
    },
    {
      "type": "WEB",
      "url": "https://www.oracle.com/technetwork/security-advisory/cpuapr2019-5072813.html"
    },
    {
      "type": "WEB",
      "url": "https://www.oracle.com/technetwork/security-advisory/cpujan2019-5072801.html"
    },
    {
      "type": "WEB",
      "url": "https://www.oracle.com/technetwork/security-advisory/cpujul2019-5072835.html"
    },
    {
      "type": "WEB",
      "url": "http://jvn.jp/en/jp/JVN65044642/index.html"
    },
    {
      "type": "WEB",
      "url": "http://jvndb.jvn.jp/jvndb/JVNDB-2016-000097"
    },
    {
      "type": "WEB",
      "url": "http://www.oracle.com/technetwork/security-advisory/cpujan2018-3236628.html"
    },
    {
      "type": "WEB",
      "url": "http://www.oracle.com/technetwork/security-advisory/cpujul2016-2881720.html"
    },
    {
      "type": "WEB",
      "url": "http://www.oracle.com/technetwork/security-advisory/cpujul2018-4258247.html"
    },
    {
      "type": "WEB",
      "url": "http://www.oracle.com/technetwork/security-advisory/cpuoct2016-2881722.html"
    },
    {
      "type": "WEB",
      "url": "http://www.oracle.com/technetwork/security-advisory/cpuoct2017-3236626.html"
    },
    {
      "type": "WEB",
      "url": "http://www.oracle.com/technetwork/security-advisory/cpuoct2018-4428296.html"
    }
  ],
  "affected": [
    {
      "package": {
        "name": "org.apache.struts:struts-core",
        "ecosystem": "Maven",
        "purl": "pkg:maven/org.apache.struts/struts-core"
      },
      "ranges": [
        {
          "type": "ECOSYSTEM",
          "events": [
            {
              "introduced": "0"
            },
            {
              "last_affected": "1.3.10"
            }
          ]
        }
      ],
      "versions": [
        "1.3.10",
        "1.3.5",
        "1.3.8",
        "1.3.9"
      ],
      "database_specific": {
        "source": "https://github.com/github/advisory-database/blob/main/advisories/github-reviewed/2022/05/GHSA-5ggr-mpgw-3mgx/GHSA-5ggr-mpgw-3mgx.json"
      }
    }
  ],
  "schema_version": "1.6.0",
  "severity": [
    {
      "type": "CVSS_V3",
      "score": "CVSS:3.0/AV:N/AC:L/PR:N/UI:N/S:U/C:N/I:L/A:H"
    }
  ]
}