{
  "id": "GHSA-6r7r-jj8h-pq6v",
  "summary": "Deserialization of Untrusted Data in Jython",
  "details": "Jython before 2.7.1rc1 allows attackers to execute arbitrary code via a crafted serialized PyFunction object.",
  "aliases": [
    "CVE-2016-4000",
    "SNYK-JAVA-ORGPYTHON-31451"
  ],
  "modified": "2024-09-18T02:29:52.336316Z",
  "published": "2022-05-13T01:25:20Z",
  "database_specific": {
    "nvd_published_at": "2017-07-06T16:29:00Z",
    "github_reviewed_at": "2022-07-06T19:55:30Z",
    "severity": "CRITICAL",
    "github_reviewed": true,
    "cwe_ids": [
      "CWE-502"
    ]
  },
  "references": [
    {
      "type": "ADVISORY",
      "url": "https://nvd.nist.gov/vuln/detail/CVE-2016-4000"
    },
    {
      "type": "WEB",
      "url": "https://bugs.debian.org/cgi-bin/bugreport.cgi?bug=864859"
    },
    {
      "type": "WEB",
      "url": "https://hg.python.org/jython/file/v2.7.1rc1/NEWS"
    },
    {
      "type": "WEB",
      "url": "https://hg.python.org/jython/rev/d06e29d100c0"
    },
    {
      "type": "WEB",
      "url": "https://lists.apache.org/thread.html/0919ec1db20b1022f22b8e78f355667df74d6142b463ff17d03ad533@%3Cdevnull.infra.apache.org%3E"
    },
    {
      "type": "WEB",
      "url": "https://security-tracker.debian.org/tracker/CVE-2016-4000"
    },
    {
      "type": "WEB",
      "url": "https://security.gentoo.org/glsa/201710-28"
    },
    {
      "type": "WEB",
      "url": "https://snyk.io/vuln/SNYK-JAVA-ORGPYTHON-31451"
    },
    {
      "type": "WEB",
      "url": "https://www.oracle.com/security-alerts/cpuapr2020.html"
    },
    {
      "type": "WEB",
      "url": "https://www.oracle.com/security-alerts/cpujan2020.html"
    },
    {
      "type": "WEB",
      "url": "https://www.oracle.com/security-alerts/cpujul2020.html"
    },
    {
      "type": "WEB",
      "url": "https://www.oracle.com/technetwork/security-advisory/cpuapr2019-5072813.html"
    },
    {
      "type": "WEB",
      "url": "https://www.oracle.com/technetwork/security-advisory/cpujan2019-5072801.html"
    },
    {
      "type": "WEB",
      "url": "https://www.oracle.com/technetwork/security-advisory/cpuoct2019-5072832.html"
    },
    {
      "type": "WEB",
      "url": "http://bugs.jython.org/issue2454"
    },
    {
      "type": "WEB",
      "url": "http://www.debian.org/security/2017/dsa-3893"
    },
    {
      "type": "WEB",
      "url": "http://www.oracle.com/technetwork/security-advisory/cpuoct2018-4428296.html"
    }
  ],
  "affected": [
    {
      "package": {
        "name": "org.python:jython-standalone",
        "ecosystem": "Maven",
        "purl": "pkg:maven/org.python/jython-standalone"
      },
      "ranges": [
        {
          "type": "ECOSYSTEM",
          "events": [
            {
              "introduced": "0"
            },
            {
              "fixed": "2.7.1"
            }
          ]
        }
      ],
      "versions": [
        "2.5.1",
        "2.5.2",
        "2.5.3",
        "2.5.3-rc1",
        "2.5.4-rc1",
        "2.7-b1",
        "2.7-b2",
        "2.7-b3",
        "2.7-b4",
        "2.7-rc1",
        "2.7-rc2",
        "2.7-rc3",
        "2.7.0",
        "2.7.1-rc2",
        "2.7.1-rc3",
        "2.7.1b1",
        "2.7.1b2",
        "2.7.1b3"
      ],
      "database_specific": {
        "last_known_affected_version_range": "<= 2.7.1b3",
        "source": "https://github.com/github/advisory-database/blob/main/advisories/github-reviewed/2022/05/GHSA-6r7r-jj8h-pq6v/GHSA-6r7r-jj8h-pq6v.json"
      }
    },
    {
      "package": {
        "name": "org.python:jython",
        "ecosystem": "Maven",
        "purl": "pkg:maven/org.python/jython"
      },
      "ranges": [
        {
          "type": "ECOSYSTEM",
          "events": [
            {
              "introduced": "0"
            },
            {
              "fixed": "2.7.1-rc1"
            }
          ]
        }
      ],
      "versions": [
        "2.2",
        "2.2-beta1",
        "2.2-beta2",
        "2.2-rc1",
        "2.2-rc3",
        "2.2.1",
        "2.5.0",
        "2.5.3",
        "2.5.3-rc1",
        "2.5.4-rc1",
        "2.7-b1",
        "2.7-b2",
        "2.7-b3",
        "2.7-b4",
        "2.7-rc1",
        "2.7-rc2",
        "2.7-rc3",
        "2.7.0",
        "2.7.1b1",
        "2.7.1b2",
        "2.7.1b3"
      ],
      "database_specific": {
        "last_known_affected_version_range": "<= 2.7.1-b3",
        "source": "https://github.com/github/advisory-database/blob/main/advisories/github-reviewed/2022/05/GHSA-6r7r-jj8h-pq6v/GHSA-6r7r-jj8h-pq6v.json"
      }
    }
  ],
  "schema_version": "1.6.0",
  "severity": [
    {
      "type": "CVSS_V3",
      "score": "CVSS:3.0/AV:N/AC:L/PR:N/UI:N/S:U/C:H/I:H/A:H"
    }
  ]
}