{
  "id": "GHSA-r68h-jhhj-9jvm",
  "summary": "Validator.isValidSafeHTML is being deprecated and will be deleted from org.owasp.esapi:esapi in 1 year",
  "details": "### Impact\nThe `Validator.isValidSafeHTML` method can result in false negatives where it reports some input as safe (i.e., returns true), but really isn't, and using that same input as-is can in certain circumstances result in XSS vulnerabilities. Because this method cannot be fixed, it is being deprecated and will be removed in one years time from when this advisory is published. Full details may be found in [ESAPI Security Bulletin #12](https://github.com/ESAPI/esapi-java-legacy/blob/develop/documentation/ESAPI-security-bulletin12.pdf).\n\nNote that all versions of ESAPI, that have this method (which dates back to at least the ESAPI 1.3 release more than 15 years ago) have this issue and it will continue to exist until we remove these two methods in a future ESAPI release.\n\n### Patches\nThere is no patch. We do not believe that it is possible to patch this pretentiously named method other then perhaps renaming it to something like Validator.mightThisBeValidSafeHTML to dissuade developers from using it.\n\n### Workarounds\nStop using this method. Note that `Validator.getValidSafeHTML` is believed to be safe to use with the default **antisamy-esapi.xml** AntiSamy policy file.\n\n### Why is no CVE being filed?\nWe outline the reasons in the section \"Why no CVE for this issue?\" in [ESAPI Security Bulletin #12](https://github.com/ESAPI/esapi-java-legacy/blob/develop/documentation/ESAPI-security-bulletin12.pdf). If after reading that, if _you_ still want to file a CVE or this, knock yourself out.\n\n### References\n[CWE-79](https://cwe.mitre.org/data/definitions/79.html)\n[CWE-80](https://cwe.mitre.org/data/definitions/80.html)\n[ESAPI Security Bulletin #12](https://github.com/ESAPI/esapi-java-legacy/blob/develop/documentation/ESAPI-security-bulletin12.pdf)\n",
  "modified": "2024-02-16T08:22:06.321425Z",
  "published": "2023-11-27T17:25:46Z",
  "database_specific": {
    "nvd_published_at": null,
    "cwe_ids": [],
    "severity": "HIGH",
    "github_reviewed": true,
    "github_reviewed_at": "2023-11-27T17:25:46Z"
  },
  "references": [
    {
      "type": "WEB",
      "url": "https://github.com/ESAPI/esapi-java-legacy/security/advisories/GHSA-r68h-jhhj-9jvm"
    },
    {
      "type": "PACKAGE",
      "url": "https://github.com/ESAPI/esapi-java-legacy"
    }
  ],
  "affected": [
    {
      "package": {
        "name": "org.owasp.esapi:esapi",
        "ecosystem": "Maven",
        "purl": "pkg:maven/org.owasp.esapi/esapi"
      },
      "ranges": [
        {
          "type": "ECOSYSTEM",
          "events": [
            {
              "introduced": "0"
            },
            {
              "last_affected": "2.5.3.0"
            }
          ]
        }
      ],
      "versions": [
        "2.0.1",
        "2.0GA",
        "2.0_rc10",
        "2.0_rc11",
        "2.0_rc9",
        "2.1.0",
        "2.1.0.1",
        "2.2.0.0",
        "2.2.0.0-RC2",
        "2.2.0.0-RC3",
        "2.2.1.0",
        "2.2.1.0-RC1",
        "2.2.1.1",
        "2.2.2.0",
        "2.2.3.0",
        "2.2.3.1",
        "2.3.0.0",
        "2.4.0.0",
        "2.5.0.0",
        "2.5.1.0",
        "2.5.2.0",
        "2.5.3.0"
      ],
      "database_specific": {
        "source": "https://github.com/github/advisory-database/blob/main/advisories/github-reviewed/2023/11/GHSA-r68h-jhhj-9jvm/GHSA-r68h-jhhj-9jvm.json"
      }
    }
  ],
  "schema_version": "1.6.0"
}