{
  "id": "GHSA-hqmp-vxj7-5wpq",
  "summary": "Cross-site Scripting in Jenkins Validating Email Parameter Plugin",
  "details": "Jenkins Validating Email Parameter Plugin 1.10 and earlier does not escape the name and description of its parameter type. \n\nAdditionally, it disables the security hardening added in Jenkins 2.44 and LTS 2.32.2 as part of the [SECURITY-353 / CVE-2017-2601](https://www.jenkins.io/security/advisory/2017-02-01/#persisted-cross-site-scripting-vulnerability-in-parameter-names-and-descriptions) fix that protects the \\\"Build With Parameters\\\" and \\\"Parameters\\\" pages from vulnerabilities like this by default.\n\nThis results in a stored cross-site scripting (XSS) vulnerability exploitable by attackers with Item/Configure permission.",
  "aliases": [
    "CVE-2022-34791"
  ],
  "modified": "2023-11-08T04:09:47.312635Z",
  "published": "2022-07-01T00:01:07Z",
  "database_specific": {
    "nvd_published_at": "2022-06-30T18:15:00Z",
    "github_reviewed_at": "2022-07-12T18:20:00Z",
    "severity": "HIGH",
    "github_reviewed": true,
    "cwe_ids": [
      "CWE-79"
    ]
  },
  "references": [
    {
      "type": "ADVISORY",
      "url": "https://nvd.nist.gov/vuln/detail/CVE-2022-34791"
    },
    {
      "type": "PACKAGE",
      "url": "https://github.com/jenkinsci/validating-email-parameter-plugin"
    },
    {
      "type": "WEB",
      "url": "https://www.jenkins.io/security/advisory/2022-06-30/#SECURITY-2165"
    }
  ],
  "affected": [
    {
      "package": {
        "name": "io.jenkins.plugins:validating-email-parameter",
        "ecosystem": "Maven",
        "purl": "pkg:maven/io.jenkins.plugins/validating-email-parameter"
      },
      "ranges": [
        {
          "type": "ECOSYSTEM",
          "events": [
            {
              "introduced": "0"
            },
            {
              "last_affected": "1.10"
            }
          ]
        }
      ],
      "versions": [
        "1.10",
        "1.8"
      ],
      "database_specific": {
        "source": "https://github.com/github/advisory-database/blob/main/advisories/github-reviewed/2022/07/GHSA-hqmp-vxj7-5wpq/GHSA-hqmp-vxj7-5wpq.json"
      }
    }
  ],
  "schema_version": "1.6.0",
  "severity": [
    {
      "type": "CVSS_V3",
      "score": "CVSS:3.1/AV:N/AC:L/PR:L/UI:R/S:U/C:H/I:H/A:H"
    }
  ]
}