{
  "id": "GHSA-9mmj-64jh-ph9c",
  "summary": "Privilege escalation in XXL-Job",
  "details": "A lateral privilege escalation vulnerability in XXL-Job v2.4.1 allows users to execute arbitrary commands on another user's account via a crafted POST request to the component `/jobinfo/`.",
  "aliases": [
    "CVE-2023-33779"
  ],
  "modified": "2024-02-16T08:23:13.759334Z",
  "published": "2023-05-26T18:30:21Z",
  "database_specific": {
    "nvd_published_at": "2023-05-26T17:15:18Z",
    "cwe_ids": [],
    "severity": "HIGH",
    "github_reviewed": true,
    "github_reviewed_at": "2023-05-26T21:10:01Z"
  },
  "references": [
    {
      "type": "ADVISORY",
      "url": "https://nvd.nist.gov/vuln/detail/CVE-2023-33779"
    },
    {
      "type": "WEB",
      "url": "https://github.com/silence-silence/xxl-job-lateral-privilege-escalation-vulnerability-/blob/main/README.md"
    },
    {
      "type": "PACKAGE",
      "url": "https://github.com/xuxueli/xxl-job"
    },
    {
      "type": "WEB",
      "url": "http://xxl-job.com"
    }
  ],
  "affected": [
    {
      "package": {
        "name": "com.xuxueli:xxl-job",
        "ecosystem": "Maven",
        "purl": "pkg:maven/com.xuxueli/xxl-job"
      },
      "ranges": [
        {
          "type": "ECOSYSTEM",
          "events": [
            {
              "introduced": "0"
            },
            {
              "last_affected": "2.4.1"
            }
          ]
        }
      ],
      "versions": [
        "1.4.1",
        "1.4.2",
        "1.5.0",
        "1.5.1",
        "1.5.2",
        "1.6.0",
        "1.6.1",
        "1.6.2",
        "1.7.0",
        "1.7.1",
        "1.7.2",
        "1.8.0",
        "1.8.1",
        "1.8.2",
        "1.9.0",
        "1.9.1",
        "1.9.2",
        "2.0.0",
        "2.0.1",
        "2.0.2",
        "2.1.0",
        "2.1.1",
        "2.1.2",
        "2.2.0",
        "2.3.0",
        "2.3.1",
        "2.4.0"
      ],
      "database_specific": {
        "source": "https://github.com/github/advisory-database/blob/main/advisories/github-reviewed/2023/05/GHSA-9mmj-64jh-ph9c/GHSA-9mmj-64jh-ph9c.json"
      }
    }
  ],
  "schema_version": "1.6.0",
  "severity": [
    {
      "type": "CVSS_V3",
      "score": "CVSS:3.1/AV:N/AC:L/PR:L/UI:N/S:U/C:H/I:H/A:H"
    }
  ]
}