{
  "id": "GHSA-wgh7-54f2-x98r",
  "summary": "HTTP/2 HPACK integer overflow and buffer allocation",
  "details": "An integer overflow in `MetaDataBuilder.checkSize` allows for HTTP/2 HPACK header values to\nexceed their size limit. \n\nIn `MetaDataBuilder.java`, the following code determines if a header name or value\nexceeds the size limit, and throws an exception if the limit is exceeded:\n\n```java\n291 public void checkSize(int length, boolean huffman) throws SessionException\n292 {\n293 // Apply a huffman fudge factor\n294 if (huffman)\n295 length = (length * 4) / 3;\n296 if ((_size + length) > _maxSize)\n297 throw new HpackException.SessionException(\"Header too large %d > %d\",\n_size + length, _maxSize);\n298 }\n```\n\nHowever, when length is very large and huffman is true, the multiplication by 4 in line 295\nwill overflow, and length will become negative. (_size+length) will now be negative, and\nthe check on line 296 will not be triggered.\n\nFurthermore, `MetaDataBuilder.checkSize` allows for user-entered HPACK header value sizes to be\nnegative, potentially leading to a very large buffer allocation later on when the\nuser-entered size is multiplied by 2.\n\nIn `MetaDataBuilder.java`, the following code determines if a header name or value\nexceeds the size limit, and throws an exception if the limit is exceeded:\n\n```java\npublic void checkSize(int length, boolean huffman) throws SessionException\n{\n// Apply a huffman fudge factor\nif (huffman)\nlength = (length * 4) / 3;\nif ((_size + length) > _maxSize)\nthrow new HpackException.SessionException(\"Header too large %d > %d\", _size\n+ length, _maxSize);\n}\n```\n\nHowever, no exception is thrown in the case of a negative size.\nLater, in `Huffman.decode`, the user-entered length is multiplied by 2 before allocating a buffer:\n\n```java\npublic static String decode(ByteBuffer buffer, int length) throws\nHpackException.CompressionException\n{\nUtf8StringBuilder utf8 = new Utf8StringBuilder(length * 2);\n// ...\n```\n\nThis means that if a user provides a negative length value (or, more precisely, a length\nvalue which, when multiplied by the 4/3 fudge factor, is negative), and this length value is a\nvery large positive number when multiplied by 2, then the user can cause a very large\nbuffer to be allocated on the server.\n\n\n### Exploit Scenario 1\nAn attacker repeatedly sends HTTP messages with the HPACK header 0x00ffffffffff02.\nEach time this header is decoded:\n+ `HpackDecode.decode` will determine that a Huffman-coded value of length\n805306494 needs to be decoded.\n+ `MetaDataBuilder.checkSize` will approve this length.\n+ Huffman.decode will allocate a 1.6 GB string array.\n+ Huffman.decode will have a buffer overflow error, and the array will be deallocated\nthe next time garbage collection happens. (Note: this can be delayed by appending\nvalid huffman-coded characters to the end of the header.)\n\nDepending on the timing of garbage collection, the number of threads, and the amount of\nmemory available on the server, this may cause the server to run out of memory.\n\n\n### Exploit Scenario 2\nAn attacker repeatedly sends HTTP messages with the HPACK header 0x00ff8080ffff0b. Each\ntime this header is decoded:\n + HpackDecode.decode will determine that a Huffman-coded value of length\n-1073758081 needs to be decoded\n +  MetaDataBuilder.checkSize will approve this length\n + The number will be multiplied by 2 to get 2147451134, and Huffman.decode will\nallocate a 2.1 GB string array\n + Huffman.decode will have a buffer overflow error, and the array will be deallocated\nthe next time garbage collection happens (Note that this deallocation can be\ndelayed by adding valid Huffman-coded characters to the end of the header)\n\nDepending on the timing of garbage collection, the number of threads, and the amount of\nmemory available on the server, this may cause the server to run out of memory.\n\n### Impact\nUsers of HTTP/2 can be impacted by a remote denial of service attack.\n\n### Patches\nFixed in Jetty 10.0.16 and Jetty 11.0.16\nFixed in Jetty 9.4.53\nJetty 12.x is unaffected.\n\n### Workarounds\nNo workarounds possible, only patched versions of Jetty.\n\n### References\n* https://github.com/eclipse/jetty.project/pull/9634",
  "aliases": [
    "BIT-jenkins-2023-36478",
    "CVE-2023-36478"
  ],
  "modified": "2024-06-25T02:34:26.076894Z",
  "published": "2023-10-10T21:16:23Z",
  "database_specific": {
    "nvd_published_at": "2023-10-10T17:15:11Z",
    "cwe_ids": [
      "CWE-190"
    ],
    "severity": "HIGH",
    "github_reviewed": true,
    "github_reviewed_at": "2023-10-10T21:16:23Z"
  },
  "references": [
    {
      "type": "WEB",
      "url": "https://github.com/eclipse/jetty.project/security/advisories/GHSA-wgh7-54f2-x98r"
    },
    {
      "type": "WEB",
      "url": "https://github.com/jetty/jetty.project/security/advisories/GHSA-wgh7-54f2-x98r"
    },
    {
      "type": "ADVISORY",
      "url": "https://nvd.nist.gov/vuln/detail/CVE-2023-36478"
    },
    {
      "type": "WEB",
      "url": "https://github.com/eclipse/jetty.project/pull/9634"
    },
    {
      "type": "PACKAGE",
      "url": "https://github.com/eclipse/jetty.project"
    },
    {
      "type": "WEB",
      "url": "https://github.com/eclipse/jetty.project/releases/tag/jetty-10.0.16"
    },
    {
      "type": "WEB",
      "url": "https://github.com/eclipse/jetty.project/releases/tag/jetty-11.0.16"
    },
    {
      "type": "WEB",
      "url": "https://github.com/eclipse/jetty.project/releases/tag/jetty-9.4.53.v20231009"
    },
    {
      "type": "WEB",
      "url": "https://lists.debian.org/debian-lts-announce/2023/10/msg00045.html"
    },
    {
      "type": "WEB",
      "url": "https://security.netapp.com/advisory/ntap-20231116-0011"
    },
    {
      "type": "WEB",
      "url": "https://security.netapp.com/advisory/ntap-20240621-0006"
    },
    {
      "type": "WEB",
      "url": "https://www.debian.org/security/2023/dsa-5540"
    },
    {
      "type": "WEB",
      "url": "http://www.openwall.com/lists/oss-security/2023/10/18/4"
    }
  ],
  "affected": [
    {
      "package": {
        "name": "org.eclipse.jetty.http2:http2-hpack",
        "ecosystem": "Maven",
        "purl": "pkg:maven/org.eclipse.jetty.http2/http2-hpack"
      },
      "ranges": [
        {
          "type": "ECOSYSTEM",
          "events": [
            {
              "introduced": "10.0.0"
            },
            {
              "fixed": "10.0.16"
            }
          ]
        }
      ],
      "versions": [
        "10.0.0",
        "10.0.1",
        "10.0.10",
        "10.0.11",
        "10.0.12",
        "10.0.13",
        "10.0.14",
        "10.0.15",
        "10.0.2",
        "10.0.3",
        "10.0.4",
        "10.0.5",
        "10.0.6",
        "10.0.7",
        "10.0.8",
        "10.0.9"
      ],
      "database_specific": {
        "last_known_affected_version_range": "<= 10.0.15",
        "source": "https://github.com/github/advisory-database/blob/main/advisories/github-reviewed/2023/10/GHSA-wgh7-54f2-x98r/GHSA-wgh7-54f2-x98r.json"
      }
    },
    {
      "package": {
        "name": "org.eclipse.jetty.http2:http2-hpack",
        "ecosystem": "Maven",
        "purl": "pkg:maven/org.eclipse.jetty.http2/http2-hpack"
      },
      "ranges": [
        {
          "type": "ECOSYSTEM",
          "events": [
            {
              "introduced": "11.0.0"
            },
            {
              "fixed": "11.0.16"
            }
          ]
        }
      ],
      "versions": [
        "11.0.0",
        "11.0.1",
        "11.0.10",
        "11.0.11",
        "11.0.12",
        "11.0.13",
        "11.0.14",
        "11.0.15",
        "11.0.2",
        "11.0.3",
        "11.0.4",
        "11.0.5",
        "11.0.6",
        "11.0.7",
        "11.0.8",
        "11.0.9"
      ],
      "database_specific": {
        "last_known_affected_version_range": "<= 11.0.15",
        "source": "https://github.com/github/advisory-database/blob/main/advisories/github-reviewed/2023/10/GHSA-wgh7-54f2-x98r/GHSA-wgh7-54f2-x98r.json"
      }
    },
    {
      "package": {
        "name": "org.eclipse.jetty.http3:http3-qpack",
        "ecosystem": "Maven",
        "purl": "pkg:maven/org.eclipse.jetty.http3/http3-qpack"
      },
      "ranges": [
        {
          "type": "ECOSYSTEM",
          "events": [
            {
              "introduced": "10.0.0"
            },
            {
              "fixed": "10.0.16"
            }
          ]
        }
      ],
      "versions": [
        "10.0.10",
        "10.0.11",
        "10.0.12",
        "10.0.13",
        "10.0.14",
        "10.0.15",
        "10.0.8",
        "10.0.9"
      ],
      "database_specific": {
        "last_known_affected_version_range": "<= 10.0.15",
        "source": "https://github.com/github/advisory-database/blob/main/advisories/github-reviewed/2023/10/GHSA-wgh7-54f2-x98r/GHSA-wgh7-54f2-x98r.json"
      }
    },
    {
      "package": {
        "name": "org.eclipse.jetty.http3:http3-qpack",
        "ecosystem": "Maven",
        "purl": "pkg:maven/org.eclipse.jetty.http3/http3-qpack"
      },
      "ranges": [
        {
          "type": "ECOSYSTEM",
          "events": [
            {
              "introduced": "11.0.0"
            },
            {
              "fixed": "11.0.16"
            }
          ]
        }
      ],
      "versions": [
        "11.0.10",
        "11.0.11",
        "11.0.12",
        "11.0.13",
        "11.0.14",
        "11.0.15",
        "11.0.8",
        "11.0.9"
      ],
      "database_specific": {
        "last_known_affected_version_range": "<= 11.0.15",
        "source": "https://github.com/github/advisory-database/blob/main/advisories/github-reviewed/2023/10/GHSA-wgh7-54f2-x98r/GHSA-wgh7-54f2-x98r.json"
      }
    },
    {
      "package": {
        "name": "org.eclipse.jetty.http2:http2-hpack",
        "ecosystem": "Maven",
        "purl": "pkg:maven/org.eclipse.jetty.http2/http2-hpack"
      },
      "ranges": [
        {
          "type": "ECOSYSTEM",
          "events": [
            {
              "introduced": "9.3.0"
            },
            {
              "fixed": "9.4.53"
            }
          ]
        }
      ],
      "versions": [
        "9.3.0.v20150612",
        "9.3.1.v20150714",
        "9.3.10.M0",
        "9.3.10.v20160621",
        "9.3.11.M0",
        "9.3.11.v20160721",
        "9.3.12.v20160915",
        "9.3.13.M0",
        "9.3.13.v20161014",
        "9.3.14.v20161028",
        "9.3.15.v20161220",
        "9.3.16.v20170120",
        "9.3.17.RC0",
        "9.3.17.v20170317",
        "9.3.18.v20170406",
        "9.3.19.v20170502",
        "9.3.2.v20150730",
        "9.3.20.v20170531",
        "9.3.21.M0",
        "9.3.21.RC0",
        "9.3.21.v20170918",
        "9.3.22.v20171030",
        "9.3.23.v20180228",
        "9.3.24.v20180605",
        "9.3.25.v20180904",
        "9.3.26.v20190403",
        "9.3.27.v20190418",
        "9.3.28.v20191105",
        "9.3.29.v20201019",
        "9.3.3.v20150827",
        "9.3.30.v20211001",
        "9.3.4.RC0",
        "9.3.4.RC1",
        "9.3.4.v20151007",
        "9.3.5.v20151012",
        "9.3.6.v20151106",
        "9.3.7.RC0",
        "9.3.7.RC1",
        "9.3.7.v20160115",
        "9.3.8.RC0",
        "9.3.8.v20160314",
        "9.3.9.M0",
        "9.3.9.M1",
        "9.3.9.v20160517",
        "9.4.0.M0",
        "9.4.0.M1",
        "9.4.0.RC0",
        "9.4.0.RC1",
        "9.4.0.RC2",
        "9.4.0.RC3",
        "9.4.0.v20161208",
        "9.4.0.v20180619",
        "9.4.1.v20170120",
        "9.4.1.v20180619",
        "9.4.10.RC0",
        "9.4.10.RC1",
        "9.4.10.v20180503",
        "9.4.11.v20180605",
        "9.4.12.RC0",
        "9.4.12.RC1",
        "9.4.12.RC2",
        "9.4.12.v20180830",
        "9.4.13.v20181111",
        "9.4.14.v20181114",
        "9.4.15.v20190215",
        "9.4.16.v20190411",
        "9.4.17.v20190418",
        "9.4.18.v20190429",
        "9.4.19.v20190610",
        "9.4.2.v20170220",
        "9.4.2.v20180619",
        "9.4.20.v20190813",
        "9.4.21.v20190926",
        "9.4.22.v20191022",
        "9.4.23.v20191118",
        "9.4.24.v20191120",
        "9.4.25.v20191220",
        "9.4.26.v20200117",
        "9.4.27.v20200227",
        "9.4.28.v20200408",
        "9.4.29.v20200521",
        "9.4.3.v20170317",
        "9.4.3.v20180619",
        "9.4.30.v20200611",
        "9.4.31.v20200723",
        "9.4.32.v20200930",
        "9.4.33.v20201020",
        "9.4.34.v20201102",
        "9.4.35.v20201120",
        "9.4.36.v20210114",
        "9.4.37.v20210219",
        "9.4.38.v20210224",
        "9.4.39.v20210325",
        "9.4.4.v20170414",
        "9.4.4.v20180619",
        "9.4.40.v20210413",
        "9.4.41.v20210516",
        "9.4.42.v20210604",
        "9.4.43.v20210629",
        "9.4.44.v20210927",
        "9.4.45.v20220203",
        "9.4.46.v20220331",
        "9.4.47.v20220610",
        "9.4.48.v20220622",
        "9.4.49.v20220914",
        "9.4.5.v20170502",
        "9.4.5.v20180619",
        "9.4.50.v20221201",
        "9.4.51.v20230217",
        "9.4.52.v20230823",
        "9.4.6.v20170531",
        "9.4.6.v20180619",
        "9.4.7.RC0",
        "9.4.7.v20170914",
        "9.4.7.v20180619",
        "9.4.8.v20171121",
        "9.4.8.v20180619",
        "9.4.9.v20180320"
      ],
      "database_specific": {
        "last_known_affected_version_range": "<= 9.4.52",
        "source": "https://github.com/github/advisory-database/blob/main/advisories/github-reviewed/2023/10/GHSA-wgh7-54f2-x98r/GHSA-wgh7-54f2-x98r.json"
      }
    }
  ],
  "schema_version": "1.6.0",
  "severity": [
    {
      "type": "CVSS_V3",
      "score": "CVSS:3.1/AV:N/AC:L/PR:N/UI:N/S:U/C:N/I:N/A:H"
    }
  ]
}