{
  "id": "GHSA-rvgg-f8qm-6h7j",
  "summary": "High severity vulnerability that affects io.vertx:vertx-web",
  "details": "In version from 3.0.0 to 3.5.2 of Eclipse Vert.x, the CSRFHandler do not assert that the XSRF Cookie matches the returned XSRF header/form parameter. This allows replay attacks with previously issued tokens which are not expired yet.",
  "aliases": [
    "CVE-2018-12540"
  ],
  "modified": "2024-04-12T21:31:29.251557Z",
  "published": "2018-10-17T16:19:43Z",
  "database_specific": {
    "nvd_published_at": null,
    "cwe_ids": [
      "CWE-352"
    ],
    "severity": "HIGH",
    "github_reviewed": true,
    "github_reviewed_at": "2020-06-16T21:55:57Z"
  },
  "references": [
    {
      "type": "ADVISORY",
      "url": "https://nvd.nist.gov/vuln/detail/CVE-2018-12540"
    },
    {
      "type": "WEB",
      "url": "https://github.com/vert-x3/vertx-web/issues/970"
    },
    {
      "type": "WEB",
      "url": "https://github.com/vert-x3/vertx-web/commit/f42b193b15a29b772fc576b2d0f2497e7474a7e"
    },
    {
      "type": "WEB",
      "url": "https://access.redhat.com/errata/RHSA-2018:2371"
    },
    {
      "type": "WEB",
      "url": "https://bugs.eclipse.org/bugs/show_bug.cgi?id=536948"
    },
    {
      "type": "ADVISORY",
      "url": "https://github.com/advisories/GHSA-rvgg-f8qm-6h7j"
    },
    {
      "type": "PACKAGE",
      "url": "https://github.com/vert-x3/vertx-web"
    },
    {
      "type": "WEB",
      "url": "https://lists.apache.org/thread.html/r10aef585c521f8ef603f5831f9d97a27d920624025131da950e0c62f@%3Ccommits.pulsar.apache.org%3E"
    },
    {
      "type": "WEB",
      "url": "https://lists.apache.org/thread.html/r3fffda8e947edaa359152c8dc4c4ea9c96fd8ced1999bbce92bc6b25@%3Ccommits.pulsar.apache.org%3E"
    },
    {
      "type": "WEB",
      "url": "https://lists.apache.org/thread.html/r59482ebed302aa49ac7e0c51737499746b0d086fcdeb8f90e705951f@%3Ccommits.pulsar.apache.org%3E"
    },
    {
      "type": "WEB",
      "url": "https://lists.apache.org/thread.html/rc5b4ae8a7caae6d3d5b3266cb050823b96dd62b30718b90b778d3d8b@%3Ccommits.pulsar.apache.org%3E"
    }
  ],
  "affected": [
    {
      "package": {
        "name": "io.vertx:vertx-web",
        "ecosystem": "Maven",
        "purl": "pkg:maven/io.vertx/vertx-web"
      },
      "ranges": [
        {
          "type": "ECOSYSTEM",
          "events": [
            {
              "introduced": "3.0.0"
            },
            {
              "fixed": "3.5.3"
            }
          ]
        }
      ],
      "versions": [
        "3.0.0",
        "3.1.0",
        "3.2.0",
        "3.2.1",
        "3.3.0",
        "3.3.0.CR1",
        "3.3.0.CR2",
        "3.3.1",
        "3.3.2",
        "3.3.3",
        "3.4.0",
        "3.4.0.Beta1",
        "3.4.1",
        "3.4.2",
        "3.5.0",
        "3.5.0.Beta1",
        "3.5.1",
        "3.5.2",
        "3.5.2.CR1",
        "3.5.2.CR2",
        "3.5.2.CR3",
        "3.5.3.CR1"
      ],
      "database_specific": {
        "source": "https://github.com/github/advisory-database/blob/main/advisories/github-reviewed/2018/10/GHSA-rvgg-f8qm-6h7j/GHSA-rvgg-f8qm-6h7j.json"
      }
    }
  ],
  "schema_version": "1.6.0"
}