{
  "id": "GHSA-w3f7-2qfw-348x",
  "summary": "Jenkins HipChat Plugin allows credential capture due to incorrect authorization",
  "details": "An improper authorization vulnerability exists in Jenkins HipChat Plugin 2.2.0 and earlier in HipChatNotifier.java that allows attackers with Overall/Read access to send test notifications to an attacker-specified HipChat server with attacker-specified credentials IDs obtained through another method, capturing credentials stored in Jenkins. As of version 2.2.1, this form validation method requires POST requests and Overall/Administer permissions.\n\n",
  "aliases": [
    "CVE-2018-1000418"
  ],
  "modified": "2023-11-08T03:59:38.527226Z",
  "published": "2022-05-13T01:18:46Z",
  "database_specific": {
    "nvd_published_at": "2019-01-09T23:29:00Z",
    "github_reviewed_at": "2022-11-22T19:47:07Z",
    "severity": "HIGH",
    "github_reviewed": true,
    "cwe_ids": [
      "CWE-863"
    ]
  },
  "references": [
    {
      "type": "ADVISORY",
      "url": "https://nvd.nist.gov/vuln/detail/CVE-2018-1000418"
    },
    {
      "type": "WEB",
      "url": "https://jenkins.io/security/advisory/2018-09-25/#SECURITY-984%20(1)"
    },
    {
      "type": "WEB",
      "url": "http://www.securityfocus.com/bid/106532"
    }
  ],
  "affected": [
    {
      "package": {
        "name": "org.jvnet.hudson.plugins:hipchat",
        "ecosystem": "Maven",
        "purl": "pkg:maven/org.jvnet.hudson.plugins/hipchat"
      },
      "ranges": [
        {
          "type": "ECOSYSTEM",
          "events": [
            {
              "introduced": "0"
            },
            {
              "fixed": "2.2.1"
            }
          ]
        }
      ],
      "versions": [
        "0.1.1",
        "0.1.3",
        "0.1.4",
        "0.1.5",
        "0.1.6",
        "0.1.7",
        "0.1.8",
        "0.1.9",
        "0.2.0",
        "1.0.0",
        "2.0.0",
        "2.1.0",
        "2.1.1",
        "2.2.0"
      ],
      "database_specific": {
        "source": "https://github.com/github/advisory-database/blob/main/advisories/github-reviewed/2022/05/GHSA-w3f7-2qfw-348x/GHSA-w3f7-2qfw-348x.json"
      }
    }
  ],
  "schema_version": "1.6.0",
  "severity": [
    {
      "type": "CVSS_V3",
      "score": "CVSS:3.0/AV:N/AC:L/PR:L/UI:N/S:U/C:H/I:H/A:H"
    }
  ]
}