{
  "id": "GHSA-wm7h-9275-46v2",
  "summary": "Crash in HeaderParser in dicer",
  "details": "This affects all versions of the package `dicer`. A malicious attacker can send a modified form to the server and crash the Node.js service. A complete denial of service can be achieved by sending the malicious form in a loop.",
  "aliases": [
    "CVE-2022-24434"
  ],
  "modified": "2024-02-16T08:15:24.975936Z",
  "published": "2022-05-21T00:00:25Z",
  "database_specific": {
    "nvd_published_at": "2022-05-20T20:15:00Z",
    "cwe_ids": [
      "CWE-248"
    ],
    "severity": "HIGH",
    "github_reviewed": true,
    "github_reviewed_at": "2022-05-25T20:22:41Z"
  },
  "references": [
    {
      "type": "ADVISORY",
      "url": "https://nvd.nist.gov/vuln/detail/CVE-2022-24434"
    },
    {
      "type": "WEB",
      "url": "https://github.com/mscdex/busboy/issues/250"
    },
    {
      "type": "WEB",
      "url": "https://github.com/mscdex/dicer/pull/22"
    },
    {
      "type": "WEB",
      "url": "https://github.com/mscdex/dicer/commit/b7fca2e93e8e9d4439d8acc5c02f5e54a0112dac"
    },
    {
      "type": "PACKAGE",
      "url": "https://github.com/mscdex/dicer"
    },
    {
      "type": "WEB",
      "url": "https://snyk.io/vuln/SNYK-JAVA-ORGWEBJARSNPM-2838865"
    },
    {
      "type": "WEB",
      "url": "https://snyk.io/vuln/SNYK-JS-DICER-2311764"
    }
  ],
  "affected": [
    {
      "package": {
        "name": "dicer",
        "ecosystem": "npm",
        "purl": "pkg:npm/dicer"
      },
      "ranges": [
        {
          "type": "SEMVER",
          "events": [
            {
              "introduced": "0"
            },
            {
              "last_affected": "0.3.1"
            }
          ]
        }
      ],
      "database_specific": {
        "source": "https://github.com/github/advisory-database/blob/main/advisories/github-reviewed/2022/05/GHSA-wm7h-9275-46v2/GHSA-wm7h-9275-46v2.json"
      }
    },
    {
      "package": {
        "name": "org.webjars.npm:dicer",
        "ecosystem": "Maven",
        "purl": "pkg:maven/org.webjars.npm/dicer"
      },
      "ranges": [
        {
          "type": "ECOSYSTEM",
          "events": [
            {
              "introduced": "0"
            },
            {
              "last_affected": "0.3.0"
            }
          ]
        }
      ],
      "versions": [
        "0.2.5",
        "0.3.0"
      ],
      "database_specific": {
        "source": "https://github.com/github/advisory-database/blob/main/advisories/github-reviewed/2022/05/GHSA-wm7h-9275-46v2/GHSA-wm7h-9275-46v2.json"
      }
    }
  ],
  "schema_version": "1.6.0",
  "severity": [
    {
      "type": "CVSS_V3",
      "score": "CVSS:3.1/AV:N/AC:L/PR:N/UI:N/S:U/C:N/I:N/A:H"
    }
  ]
}