{
  "id": "GHSA-p528-3mvf-gr87",
  "summary": "Remote code execution in Spring Cloud Data Flow",
  "details": "In Spring Cloud Data Flow versions prior to 2.11.4,\u00a0a malicious user who has access to the Skipper server api can use a crafted upload request to write an arbitrary file to any location on the file system which could lead to compromising the server",
  "aliases": [
    "BIT-spring-cloud-dataflow-2024-37084",
    "CVE-2024-37084"
  ],
  "modified": "2024-08-27T13:27:10.652327Z",
  "published": "2024-07-25T12:32:00Z",
  "database_specific": {
    "nvd_published_at": "2024-07-25T10:15:07Z",
    "cwe_ids": [
      "CWE-22",
      "CWE-94"
    ],
    "severity": "CRITICAL",
    "github_reviewed": true,
    "github_reviewed_at": "2024-07-25T15:19:46Z"
  },
  "references": [
    {
      "type": "ADVISORY",
      "url": "https://nvd.nist.gov/vuln/detail/CVE-2024-37084"
    },
    {
      "type": "PACKAGE",
      "url": "https://github.com/spring-cloud/spring-cloud-dataflow"
    },
    {
      "type": "WEB",
      "url": "https://spring.io/security/cve-2024-37084"
    }
  ],
  "affected": [
    {
      "package": {
        "name": "org.springframework.cloud:spring-cloud-skipper",
        "ecosystem": "Maven",
        "purl": "pkg:maven/org.springframework.cloud/spring-cloud-skipper"
      },
      "ranges": [
        {
          "type": "ECOSYSTEM",
          "events": [
            {
              "introduced": "0"
            },
            {
              "fixed": "2.11.4"
            }
          ]
        }
      ],
      "versions": [
        "1.0.0.RELEASE",
        "1.0.1.RELEASE",
        "1.0.10.RELEASE",
        "1.0.2.RELEASE",
        "1.0.3.RELEASE",
        "1.0.4.RELEASE",
        "1.0.5.RELEASE",
        "1.0.6.RELEASE",
        "1.0.7.RELEASE",
        "1.0.8.RELEASE",
        "1.0.9.RELEASE",
        "1.1.0.RELEASE",
        "1.1.1.RELEASE",
        "1.1.2.RELEASE",
        "1.1.3.RELEASE",
        "1.1.4.RELEASE",
        "2.0.0.RELEASE",
        "2.0.1.RELEASE",
        "2.0.2.RELEASE",
        "2.0.3.RELEASE",
        "2.1.0.RELEASE",
        "2.1.1.RELEASE",
        "2.1.2.RELEASE",
        "2.1.3.RELEASE",
        "2.1.4.RELEASE",
        "2.11.0",
        "2.11.1",
        "2.11.2",
        "2.11.3",
        "2.2.0.RELEASE",
        "2.2.1.RELEASE",
        "2.2.2.RELEASE",
        "2.3.0.RELEASE",
        "2.3.2.RELEASE",
        "2.4.0.RELEASE",
        "2.4.1.RELEASE",
        "2.4.2.RELEASE",
        "2.4.3.RELEASE",
        "2.5.0",
        "2.5.1",
        "2.5.2",
        "2.5.3",
        "2.5.4",
        "2.6.0",
        "2.6.1",
        "2.6.2",
        "2.7.0",
        "2.7.1",
        "2.7.2",
        "2.7.3",
        "2.7.4",
        "2.8.0",
        "2.8.1",
        "2.8.2",
        "2.8.3",
        "2.8.4",
        "2.8.5",
        "2.8.6",
        "2.9.0",
        "2.9.1",
        "2.9.2",
        "2.9.3"
      ],
      "database_specific": {
        "source": "https://github.com/github/advisory-database/blob/main/advisories/github-reviewed/2024/07/GHSA-p528-3mvf-gr87/GHSA-p528-3mvf-gr87.json"
      }
    }
  ],
  "schema_version": "1.6.0",
  "severity": [
    {
      "type": "CVSS_V3",
      "score": "CVSS:3.1/AV:N/AC:L/PR:N/UI:N/S:U/C:H/I:H/A:H"
    },
    {
      "type": "CVSS_V4",
      "score": "CVSS:4.0/AV:N/AC:L/AT:N/PR:N/UI:N/VC:H/VI:H/VA:H/SC:N/SI:N/SA:N"
    }
  ]
}