{
  "id": "GHSA-468x-frcm-ghx6",
  "summary": "Liferay Portal and Liferay DXP vulnerable to reflected Cross-site Scripting",
  "details": "Reflected cross-site scripting (XSS) vulnerability in the instance settings for Accounts in Liferay Portal 7.4.3.44 through 7.4.3.97, and Liferay DXP 2023.Q3 before patch 6, and 7.4 update 44 through 92 allows remote attackers to inject arbitrary web script or HTML via a crafted payload injected into the \u201cBlocked Email Domains\u201d text field",
  "aliases": [
    "CVE-2023-40191"
  ],
  "modified": "2024-02-21T23:56:58.928023Z",
  "published": "2024-02-21T03:30:37Z",
  "database_specific": {
    "nvd_published_at": "2024-02-21T03:15:07Z",
    "cwe_ids": [
      "CWE-79"
    ],
    "severity": "CRITICAL",
    "github_reviewed": true,
    "github_reviewed_at": "2024-02-21T23:30:00Z"
  },
  "references": [
    {
      "type": "ADVISORY",
      "url": "https://nvd.nist.gov/vuln/detail/CVE-2023-40191"
    },
    {
      "type": "PACKAGE",
      "url": "https://github.com/liferay/liferay-portal"
    },
    {
      "type": "WEB",
      "url": "https://liferay.dev/portal/security/known-vulnerabilities/-/asset_publisher/jekt/content/cve-2023-40191"
    }
  ],
  "affected": [
    {
      "package": {
        "name": "com.liferay.portal:release.portal.bom",
        "ecosystem": "Maven",
        "purl": "pkg:maven/com.liferay.portal/release.portal.bom"
      },
      "ranges": [
        {
          "type": "ECOSYSTEM",
          "events": [
            {
              "introduced": "7.4.3.44"
            },
            {
              "last_affected": "7.4.3.97"
            }
          ]
        }
      ],
      "versions": [
        "7.4.3.44",
        "7.4.3.45",
        "7.4.3.46",
        "7.4.3.47",
        "7.4.3.48",
        "7.4.3.49",
        "7.4.3.50",
        "7.4.3.51",
        "7.4.3.52",
        "7.4.3.53",
        "7.4.3.54",
        "7.4.3.55",
        "7.4.3.56",
        "7.4.3.57",
        "7.4.3.58",
        "7.4.3.59",
        "7.4.3.60",
        "7.4.3.60-ga60",
        "7.4.3.61",
        "7.4.3.61-ga61",
        "7.4.3.62",
        "7.4.3.63",
        "7.4.3.64",
        "7.4.3.65",
        "7.4.3.66",
        "7.4.3.67",
        "7.4.3.68",
        "7.4.3.69",
        "7.4.3.70",
        "7.4.3.71",
        "7.4.3.72",
        "7.4.3.73",
        "7.4.3.74",
        "7.4.3.75",
        "7.4.3.76",
        "7.4.3.77",
        "7.4.3.78",
        "7.4.3.79",
        "7.4.3.80",
        "7.4.3.81",
        "7.4.3.82",
        "7.4.3.83",
        "7.4.3.84",
        "7.4.3.85",
        "7.4.3.85-ga85",
        "7.4.3.86",
        "7.4.3.87",
        "7.4.3.88",
        "7.4.3.89",
        "7.4.3.90",
        "7.4.3.91",
        "7.4.3.92",
        "7.4.3.93",
        "7.4.3.94",
        "7.4.3.95",
        "7.4.3.95-1",
        "7.4.3.96",
        "7.4.3.97"
      ],
      "database_specific": {
        "source": "https://github.com/github/advisory-database/blob/main/advisories/github-reviewed/2024/02/GHSA-468x-frcm-ghx6/GHSA-468x-frcm-ghx6.json"
      }
    },
    {
      "package": {
        "name": "com.liferay.portal:release.dxp.bom",
        "ecosystem": "Maven",
        "purl": "pkg:maven/com.liferay.portal/release.dxp.bom"
      },
      "ranges": [
        {
          "type": "ECOSYSTEM",
          "events": [
            {
              "introduced": "2023.Q3"
            },
            {
              "fixed": "2023.Q3.6"
            }
          ]
        }
      ],
      "versions": [
        "2023.q3.5"
      ],
      "database_specific": {
        "source": "https://github.com/github/advisory-database/blob/main/advisories/github-reviewed/2024/02/GHSA-468x-frcm-ghx6/GHSA-468x-frcm-ghx6.json"
      }
    },
    {
      "package": {
        "name": "com.liferay.portal:release.dxp.bom",
        "ecosystem": "Maven",
        "purl": "pkg:maven/com.liferay.portal/release.dxp.bom"
      },
      "ranges": [
        {
          "type": "ECOSYSTEM",
          "events": [
            {
              "introduced": "7.4.13.u44"
            },
            {
              "last_affected": "7.4.13.u92"
            }
          ]
        }
      ],
      "versions": [
        "7.4.13.u44",
        "7.4.13.u45",
        "7.4.13.u46",
        "7.4.13.u47",
        "7.4.13.u48",
        "7.4.13.u49",
        "7.4.13.u50",
        "7.4.13.u51",
        "7.4.13.u52",
        "7.4.13.u53",
        "7.4.13.u54",
        "7.4.13.u55",
        "7.4.13.u56",
        "7.4.13.u57",
        "7.4.13.u58",
        "7.4.13.u59",
        "7.4.13.u60",
        "7.4.13.u61",
        "7.4.13.u62",
        "7.4.13.u63",
        "7.4.13.u64",
        "7.4.13.u65",
        "7.4.13.u66",
        "7.4.13.u67",
        "7.4.13.u68",
        "7.4.13.u69",
        "7.4.13.u70",
        "7.4.13.u71",
        "7.4.13.u72",
        "7.4.13.u73",
        "7.4.13.u74",
        "7.4.13.u75",
        "7.4.13.u76",
        "7.4.13.u77",
        "7.4.13.u78",
        "7.4.13.u79",
        "7.4.13.u80",
        "7.4.13.u81",
        "7.4.13.u82",
        "7.4.13.u83",
        "7.4.13.u84",
        "7.4.13.u85",
        "7.4.13.u86",
        "7.4.13.u87",
        "7.4.13.u88",
        "7.4.13.u89",
        "7.4.13.u90",
        "7.4.13.u91",
        "7.4.13.u92"
      ],
      "database_specific": {
        "source": "https://github.com/github/advisory-database/blob/main/advisories/github-reviewed/2024/02/GHSA-468x-frcm-ghx6/GHSA-468x-frcm-ghx6.json"
      }
    }
  ],
  "schema_version": "1.6.0",
  "severity": [
    {
      "type": "CVSS_V3",
      "score": "CVSS:3.1/AV:N/AC:L/PR:L/UI:R/S:C/C:H/I:H/A:H"
    }
  ]
}