{
  "id": "GHSA-v9rw-hjr3-426h",
  "summary": "Jenkins Docker Swarm Plugin stored cross-site scripting vulnerability",
  "details": "Jenkins Docker Swarm Plugin processes Docker responses to generate the Docker Swarm Dashboard view.\n\nDocker Swarm Plugin 1.11 and earlier does not escape values returned from Docker before inserting them into the Docker Swarm Dashboard view. This results in a stored cross-site scripting (XSS) vulnerability exploitable by attackers able to control responses from Docker.\n\nAs of publication of this advisory, there is no fix.",
  "aliases": [
    "CVE-2023-40350"
  ],
  "modified": "2024-02-16T08:23:30.340742Z",
  "published": "2023-08-16T15:30:18Z",
  "database_specific": {
    "nvd_published_at": "2023-08-16T15:15:12Z",
    "cwe_ids": [
      "CWE-79"
    ],
    "severity": "HIGH",
    "github_reviewed": true,
    "github_reviewed_at": "2023-08-16T21:05:21Z"
  },
  "references": [
    {
      "type": "ADVISORY",
      "url": "https://nvd.nist.gov/vuln/detail/CVE-2023-40350"
    },
    {
      "type": "WEB",
      "url": "https://www.jenkins.io/security/advisory/2023-08-16/#SECURITY-2811"
    },
    {
      "type": "WEB",
      "url": "http://www.openwall.com/lists/oss-security/2023/08/16/3"
    }
  ],
  "affected": [
    {
      "package": {
        "name": "org.jenkins-ci.plugins:docker-swarm",
        "ecosystem": "Maven",
        "purl": "pkg:maven/org.jenkins-ci.plugins/docker-swarm"
      },
      "ranges": [
        {
          "type": "ECOSYSTEM",
          "events": [
            {
              "introduced": "0"
            },
            {
              "last_affected": "1.11"
            }
          ]
        }
      ],
      "versions": [
        "1.0",
        "1.1",
        "1.10",
        "1.11",
        "1.2",
        "1.3",
        "1.4",
        "1.5",
        "1.6",
        "1.7",
        "1.8",
        "1.9"
      ],
      "database_specific": {
        "source": "https://github.com/github/advisory-database/blob/main/advisories/github-reviewed/2023/08/GHSA-v9rw-hjr3-426h/GHSA-v9rw-hjr3-426h.json"
      }
    }
  ],
  "schema_version": "1.6.0",
  "severity": [
    {
      "type": "CVSS_V3",
      "score": "CVSS:3.1/AV:N/AC:H/PR:N/UI:R/S:U/C:H/I:H/A:H"
    }
  ]
}