{
  "id": "GHSA-x7rc-5mjg-5pvr",
  "summary": "Missing permission checks in Pipeline GitHub Notify Step Plugin allows capturing credentials",
  "details": "A missing permission check in Jenkins Pipeline GitHub Notify Step Plugin 1.0.4 and earlier allows attackers with Overall/Read permission to connect to an attacker-specified URL using attacker-specified credentials IDs obtained through another method, capturing credentials stored in Jenkins.",
  "aliases": [
    "CVE-2020-2117"
  ],
  "modified": "2023-11-08T04:02:50.806111Z",
  "published": "2022-05-24T17:08:46Z",
  "database_specific": {
    "nvd_published_at": "2020-02-12T15:15:00Z",
    "github_reviewed_at": "2023-01-14T05:26:42Z",
    "severity": "HIGH",
    "github_reviewed": true,
    "cwe_ids": [
      "CWE-285"
    ]
  },
  "references": [
    {
      "type": "ADVISORY",
      "url": "https://nvd.nist.gov/vuln/detail/CVE-2020-2117"
    },
    {
      "type": "PACKAGE",
      "url": "https://github.com/jenkinsci/pipeline-githubnotify-step-plugin"
    },
    {
      "type": "WEB",
      "url": "https://jenkins.io/security/advisory/2020-02-12/#SECURITY-812%20(1)"
    },
    {
      "type": "WEB",
      "url": "http://www.openwall.com/lists/oss-security/2020/02/12/3"
    }
  ],
  "affected": [
    {
      "package": {
        "name": "org.jenkins-ci.plugins:pipeline-githubnotify-step",
        "ecosystem": "Maven",
        "purl": "pkg:maven/org.jenkins-ci.plugins/pipeline-githubnotify-step"
      },
      "ranges": [
        {
          "type": "ECOSYSTEM",
          "events": [
            {
              "introduced": "0"
            },
            {
              "fixed": "1.0.5"
            }
          ]
        }
      ],
      "versions": [
        "1.0.0",
        "1.0.1",
        "1.0.2",
        "1.0.3",
        "1.0.4"
      ],
      "database_specific": {
        "source": "https://github.com/github/advisory-database/blob/main/advisories/github-reviewed/2022/05/GHSA-x7rc-5mjg-5pvr/GHSA-x7rc-5mjg-5pvr.json"
      }
    }
  ],
  "schema_version": "1.6.0",
  "severity": [
    {
      "type": "CVSS_V3",
      "score": "CVSS:3.1/AV:N/AC:L/PR:L/UI:N/S:U/C:H/I:L/A:N"
    }
  ]
}