{
  "id": "GHSA-77hf-23pq-2g7c",
  "summary": "Code injection in Apache NiFi and NiFi Registry",
  "details": "The optional ShellUserGroupProvider in Apache NiFi 1.10.0 to 1.16.2 and Apache NiFi Registry 0.6.0 to 1.16.2 does not neutralize arguments for group resolution commands, allowing injection of operating system commands on Linux and macOS platforms. The ShellUserGroupProvider is not included in the default configuration. Command injection requires ShellUserGroupProvider to be one of the enabled User Group Providers in the Authorizers configuration. Command injection also requires an authenticated user with elevated privileges. Apache NiFi requires an authenticated user with authorization to modify access policies in order to execute the command. Apache NiFi Registry requires an authenticated user with authorization to read user groups in order to execute the command. The resolution removes command formatting based on user-provided arguments.",
  "aliases": [
    "CVE-2022-33140"
  ],
  "modified": "2023-11-08T04:09:39.172751Z",
  "published": "2022-06-16T00:00:26Z",
  "database_specific": {
    "nvd_published_at": "2022-06-15T15:15:00Z",
    "github_reviewed_at": "2022-06-17T21:49:10Z",
    "severity": "HIGH",
    "github_reviewed": true,
    "cwe_ids": [
      "CWE-74",
      "CWE-78"
    ]
  },
  "references": [
    {
      "type": "ADVISORY",
      "url": "https://nvd.nist.gov/vuln/detail/CVE-2022-33140"
    },
    {
      "type": "PACKAGE",
      "url": "https://github.com/apache/nifi"
    },
    {
      "type": "WEB",
      "url": "https://lists.apache.org/thread/bzs2pcdjsdrh5039oslmfr9mbs9qqdhr"
    },
    {
      "type": "WEB",
      "url": "https://nifi.apache.org/security.html#CVE-2022-33140"
    }
  ],
  "affected": [
    {
      "package": {
        "name": "org.apache.nifi.registry:nifi-registry-core",
        "ecosystem": "Maven",
        "purl": "pkg:maven/org.apache.nifi.registry/nifi-registry-core"
      },
      "ranges": [
        {
          "type": "ECOSYSTEM",
          "events": [
            {
              "introduced": "0.6.0"
            },
            {
              "fixed": "1.16.3"
            }
          ]
        }
      ],
      "versions": [
        "0.7.0",
        "0.8.0",
        "1.14.0",
        "1.15.0",
        "1.15.1",
        "1.15.2",
        "1.15.3",
        "1.16.0",
        "1.16.1",
        "1.16.2"
      ],
      "database_specific": {
        "source": "https://github.com/github/advisory-database/blob/main/advisories/github-reviewed/2022/06/GHSA-77hf-23pq-2g7c/GHSA-77hf-23pq-2g7c.json"
      }
    },
    {
      "package": {
        "name": "org.apache.nifi:nifi",
        "ecosystem": "Maven",
        "purl": "pkg:maven/org.apache.nifi/nifi"
      },
      "ranges": [
        {
          "type": "ECOSYSTEM",
          "events": [
            {
              "introduced": "1.10.0"
            },
            {
              "fixed": "1.16.3"
            }
          ]
        }
      ],
      "versions": [
        "1.10.0",
        "1.11.0",
        "1.11.1",
        "1.11.2",
        "1.11.3",
        "1.11.4",
        "1.12.0",
        "1.12.1",
        "1.13.0",
        "1.13.1",
        "1.13.2",
        "1.14.0",
        "1.15.0",
        "1.15.1",
        "1.15.2",
        "1.15.3",
        "1.16.0",
        "1.16.1",
        "1.16.2"
      ],
      "database_specific": {
        "source": "https://github.com/github/advisory-database/blob/main/advisories/github-reviewed/2022/06/GHSA-77hf-23pq-2g7c/GHSA-77hf-23pq-2g7c.json"
      }
    }
  ],
  "schema_version": "1.6.0",
  "severity": [
    {
      "type": "CVSS_V3",
      "score": "CVSS:3.1/AV:N/AC:L/PR:L/UI:N/S:U/C:H/I:H/A:H"
    }
  ]
}