{
  "id": "GHSA-5469-c5p2-xv5g",
  "summary": "Dataease before 1.11.2 allows arbitrary code execution via crafter plugin",
  "details": "An issue in the component /api/plugin/upload of Dataease v1.11.1 allows attackers to execute arbitrary code via a crafted plugin. Version 1.11.2 contains a patch for the problem.",
  "aliases": [
    "CVE-2022-34113"
  ],
  "modified": "2024-02-16T08:23:53.210187Z",
  "published": "2022-07-23T00:00:15Z",
  "database_specific": {
    "nvd_published_at": "2022-07-22T23:15:00Z",
    "cwe_ids": [
      "CWE-94"
    ],
    "severity": "CRITICAL",
    "github_reviewed": true,
    "github_reviewed_at": "2022-07-27T22:10:26Z"
  },
  "references": [
    {
      "type": "ADVISORY",
      "url": "https://nvd.nist.gov/vuln/detail/CVE-2022-34113"
    },
    {
      "type": "WEB",
      "url": "https://github.com/dataease/dataease/issues/2431"
    },
    {
      "type": "PACKAGE",
      "url": "https://github.com/dataease/dataease"
    },
    {
      "type": "WEB",
      "url": "https://github.com/dataease/dataease/releases/tag/v1.11.2"
    }
  ],
  "affected": [
    {
      "package": {
        "name": "io.dataease:dataease-plugin-common",
        "ecosystem": "Maven",
        "purl": "pkg:maven/io.dataease/dataease-plugin-common"
      },
      "ranges": [
        {
          "type": "ECOSYSTEM",
          "events": [
            {
              "introduced": "0"
            },
            {
              "fixed": "1.11.2"
            }
          ]
        }
      ],
      "versions": [
        "1.0",
        "1.1",
        "1.10.0",
        "1.11.0",
        "1.11.1",
        "1.2",
        "1.3",
        "1.4",
        "1.5",
        "1.6",
        "1.7",
        "1.8.0",
        "1.9.0"
      ],
      "database_specific": {
        "last_known_affected_version_range": "<= 1.11.1",
        "source": "https://github.com/github/advisory-database/blob/main/advisories/github-reviewed/2022/07/GHSA-5469-c5p2-xv5g/GHSA-5469-c5p2-xv5g.json"
      }
    }
  ],
  "schema_version": "1.6.0",
  "severity": [
    {
      "type": "CVSS_V3",
      "score": "CVSS:3.1/AV:N/AC:L/PR:N/UI:N/S:U/C:H/I:H/A:H"
    }
  ]
}