{
  "id": "GHSA-v74c-qc46-9gg9",
  "summary": "Apache Submarine Server Core has a SQL Injection Vulnerability",
  "details": "Improper Neutralization of Special Elements used in an SQL Command ('SQL Injection') vulnerability in Apache Submarine Server Core.\n\nThis issue affects Apache Submarine Server Core: all versions.\n\nAs this project is retired, we do not plan to release a version that fixes this issue. Users are recommended to find an alternative or restrict access to the instance to trusted users.\n\nNOTE: This vulnerability only affects products that are no longer supported by the maintainer.\n\n",
  "aliases": [
    "CVE-2024-36263"
  ],
  "modified": "2024-06-12T20:12:56.137702Z",
  "published": "2024-06-12T15:31:45Z",
  "database_specific": {
    "nvd_published_at": "2024-06-12T14:15:11Z",
    "cwe_ids": [
      "CWE-89"
    ],
    "severity": "HIGH",
    "github_reviewed": true,
    "github_reviewed_at": "2024-06-12T19:44:49Z"
  },
  "references": [
    {
      "type": "ADVISORY",
      "url": "https://nvd.nist.gov/vuln/detail/CVE-2024-36263"
    },
    {
      "type": "WEB",
      "url": "https://github.com/apache/submarine/pull/1121"
    },
    {
      "type": "WEB",
      "url": "https://github.com/apache/submarine/commit/4e68894a1c54d763ac2697ea1ac993793da4107c"
    },
    {
      "type": "PACKAGE",
      "url": "https://github.com/apache/submarine"
    },
    {
      "type": "WEB",
      "url": "https://lists.apache.org/thread/8q9kbdg9gk9kpz5p8x6t7q8709l3vrmt"
    },
    {
      "type": "WEB",
      "url": "http://www.openwall.com/lists/oss-security/2024/06/12/1"
    }
  ],
  "affected": [
    {
      "package": {
        "name": "org.apache.submarine:submarine-server-core",
        "ecosystem": "Maven",
        "purl": "pkg:maven/org.apache.submarine/submarine-server-core"
      },
      "ranges": [
        {
          "type": "ECOSYSTEM",
          "events": [
            {
              "introduced": "0"
            },
            {
              "last_affected": "0.8.0"
            }
          ]
        }
      ],
      "versions": [
        "0.4.0",
        "0.6.0",
        "0.7.0",
        "0.8.0",
        "0.8.0-RC0"
      ],
      "database_specific": {
        "source": "https://github.com/github/advisory-database/blob/main/advisories/github-reviewed/2024/06/GHSA-v74c-qc46-9gg9/GHSA-v74c-qc46-9gg9.json"
      }
    }
  ],
  "schema_version": "1.6.0",
  "severity": [
    {
      "type": "CVSS_V3",
      "score": "CVSS:3.1/AV:N/AC:L/PR:L/UI:N/S:U/C:H/I:H/A:N"
    }
  ]
}