{
  "id": "GHSA-vhrg-v3cv-p247",
  "summary": "Deserialization of Untrusted Data in Spring Security",
  "details": "An issue was discovered in Pivotal Spring Security 4.2.0.RELEASE through 4.2.2.RELEASE, and Spring Security 5.0.0.M1. When configured to enable default typing, Jackson contained a deserialization vulnerability that could lead to arbitrary code execution. Jackson fixed this vulnerability by blacklisting known \"deserialization gadgets.\" Spring Security configures Jackson with global default typing enabled, which means that (through the previous exploit) arbitrary code could be executed if all of the following is true: (1) Spring Security's Jackson support is being leveraged by invoking SecurityJackson2Modules.getModules(ClassLoader) or SecurityJackson2Modules.enableDefaultTyping(ObjectMapper); (2) Jackson is used to deserialize data that is not trusted (Spring Security does not perform deserialization using Jackson, so this is an explicit choice of the user); and (3) there is an unknown (Jackson is not blacklisting it already) \"deserialization gadget\" that allows code execution present on the classpath. Jackson provides a blacklisting approach to protecting against this type of attack, but Spring Security should be proactive against blocking unknown \"deserialization gadgets\" when Spring Security enables default typing.",
  "aliases": [
    "CVE-2017-4995"
  ],
  "modified": "2024-03-05T22:16:02.821772Z",
  "published": "2022-05-13T01:02:16Z",
  "database_specific": {
    "nvd_published_at": "2017-11-27T10:29:00Z",
    "cwe_ids": [
      "CWE-502"
    ],
    "severity": "HIGH",
    "github_reviewed": true,
    "github_reviewed_at": "2022-06-30T19:40:27Z"
  },
  "references": [
    {
      "type": "ADVISORY",
      "url": "https://nvd.nist.gov/vuln/detail/CVE-2017-4995"
    },
    {
      "type": "WEB",
      "url": "https://github.com/FasterXML/jackson-databind/issues/1599"
    },
    {
      "type": "WEB",
      "url": "https://github.com/spring-projects/spring-security/issues/4370"
    },
    {
      "type": "WEB",
      "url": "https://github.com/FasterXML/jackson-databind/commit/60d459cedcf079c6106ae7da2ac562bc32dcabe1"
    },
    {
      "type": "WEB",
      "url": "https://github.com/FasterXML/jackson-databind/commit/6ce32ffd18facac6abdbbf559c817b47fcb622c"
    },
    {
      "type": "WEB",
      "url": "https://lists.apache.org/thread.html/4641ed8616ccc2c1fbddac2c3dc9900c96387bc226eaf0232d61909b@%3Ccommits.cassandra.apache.org%3E"
    },
    {
      "type": "WEB",
      "url": "https://lists.apache.org/thread.html/r42ac3e39e6265db12d9fc6ae1cd4b5fea7aed9830dc6f6d58228fed7@%3Ccommits.cassandra.apache.org%3E"
    },
    {
      "type": "WEB",
      "url": "https://lists.apache.org/thread.html/rf7f87810c38dc9abf9f93989f76008f504cbf7c1a355214640b2d04c@%3Ccommits.cassandra.apache.org%3E"
    },
    {
      "type": "WEB",
      "url": "https://pivotal.io/security/cve-2017-4995"
    }
  ],
  "affected": [
    {
      "package": {
        "name": "org.springframework.security:spring-security-core",
        "ecosystem": "Maven",
        "purl": "pkg:maven/org.springframework.security/spring-security-core"
      },
      "ranges": [
        {
          "type": "ECOSYSTEM",
          "events": [
            {
              "introduced": "4.2.0.RELEASE"
            },
            {
              "fixed": "4.2.3.RELEASE"
            }
          ]
        }
      ],
      "versions": [
        "4.2.0.RELEASE",
        "4.2.1.RELEASE",
        "4.2.2.RELEASE"
      ],
      "database_specific": {
        "last_known_affected_version_range": "<= 4.2.2.RELEASE",
        "source": "https://github.com/github/advisory-database/blob/main/advisories/github-reviewed/2022/05/GHSA-vhrg-v3cv-p247/GHSA-vhrg-v3cv-p247.json"
      }
    },
    {
      "package": {
        "name": "org.springframework.security:spring-security-core",
        "ecosystem": "Maven",
        "purl": "pkg:maven/org.springframework.security/spring-security-core"
      },
      "ranges": [
        {
          "type": "ECOSYSTEM",
          "events": [
            {
              "introduced": "5.0.0.M1"
            },
            {
              "fixed": "5.0.0.M2"
            }
          ]
        }
      ],
      "versions": [
        "5.0.0.M1"
      ],
      "database_specific": {
        "source": "https://github.com/github/advisory-database/blob/main/advisories/github-reviewed/2022/05/GHSA-vhrg-v3cv-p247/GHSA-vhrg-v3cv-p247.json"
      }
    }
  ],
  "schema_version": "1.6.0",
  "severity": [
    {
      "type": "CVSS_V3",
      "score": "CVSS:3.1/AV:N/AC:H/PR:N/UI:N/S:U/C:H/I:H/A:H"
    }
  ]
}