{
  "id": "GHSA-gfx6-ph4q-q54q",
  "summary": "Improper Restriction of Operations within the Bounds of a Memory Buffer in akka-http-core",
  "details": "Akka HTTP versions <= 10.0.5 Illegal Media Range in Accept Header Causes StackOverflowError Leading to Denial of Service",
  "aliases": [
    "CVE-2017-1000118"
  ],
  "modified": "2023-11-08T03:58:43.434952Z",
  "published": "2018-10-22T20:53:02Z",
  "database_specific": {
    "nvd_published_at": null,
    "github_reviewed_at": "2020-06-16T21:37:14Z",
    "severity": "HIGH",
    "github_reviewed": true,
    "cwe_ids": [
      "CWE-119"
    ]
  },
  "references": [
    {
      "type": "ADVISORY",
      "url": "https://nvd.nist.gov/vuln/detail/CVE-2017-1000118"
    },
    {
      "type": "WEB",
      "url": "https://doc.akka.io/docs/akka-http/10.0.6/security/2017-05-03-illegal-media-range-in-accept-header-causes-stackoverflowerror.html"
    },
    {
      "type": "ADVISORY",
      "url": "https://github.com/advisories/GHSA-gfx6-ph4q-q54q"
    }
  ],
  "affected": [
    {
      "package": {
        "name": "com.typesafe.akka:akka-http-core_2.12",
        "ecosystem": "Maven",
        "purl": "pkg:maven/com.typesafe.akka/akka-http-core_2.12"
      },
      "ranges": [
        {
          "type": "ECOSYSTEM",
          "events": [
            {
              "introduced": "0"
            },
            {
              "fixed": "10.0.6"
            }
          ]
        }
      ],
      "versions": [
        "10.0.0",
        "10.0.0-RC2",
        "10.0.1",
        "10.0.2",
        "10.0.3",
        "10.0.4",
        "10.0.5"
      ],
      "database_specific": {
        "source": "https://github.com/github/advisory-database/blob/main/advisories/github-reviewed/2018/10/GHSA-gfx6-ph4q-q54q/GHSA-gfx6-ph4q-q54q.json"
      }
    },
    {
      "package": {
        "name": "com.typesafe.akka:akka-http-core_2.11",
        "ecosystem": "Maven",
        "purl": "pkg:maven/com.typesafe.akka/akka-http-core_2.11"
      },
      "ranges": [
        {
          "type": "ECOSYSTEM",
          "events": [
            {
              "introduced": "0"
            },
            {
              "fixed": "10.0.6"
            }
          ]
        }
      ],
      "versions": [
        "10.0.0",
        "10.0.0-RC2",
        "10.0.1",
        "10.0.2",
        "10.0.3",
        "10.0.4",
        "10.0.5",
        "2.4-ARTERY-M1",
        "2.4-ARTERY-M2",
        "2.4-ARTERY-M3",
        "2.4-ARTERY-M4",
        "2.4.10",
        "2.4.11",
        "2.4.11.1",
        "2.4.11.2",
        "2.4.2",
        "2.4.2-RC1",
        "2.4.2-RC2",
        "2.4.2-RC3",
        "2.4.3",
        "2.4.4",
        "2.4.5",
        "2.4.6",
        "2.4.7",
        "2.4.8",
        "2.4.9",
        "2.4.9-RC1",
        "2.4.9-RC2",
        "3.0.0-RC1"
      ],
      "database_specific": {
        "source": "https://github.com/github/advisory-database/blob/main/advisories/github-reviewed/2018/10/GHSA-gfx6-ph4q-q54q/GHSA-gfx6-ph4q-q54q.json"
      }
    }
  ],
  "schema_version": "1.6.0",
  "severity": [
    {
      "type": "CVSS_V3",
      "score": "CVSS:3.0/AV:N/AC:L/PR:N/UI:N/S:U/C:N/I:N/A:H"
    }
  ]
}