{
  "id": "GHSA-q76j-58cx-wp5v",
  "summary": "Vulnerability in RPKI manifest validation",
  "details": "\nA vulnerability in RPKI manifest validation exists when objects on the manifest are hidden, or expired objects are replayed. An attacker successfully exploiting this vulnerability could prevent new ROAs from being received or selectively hide ROAs, causing routes to become INVALID.\n\nTo exploit this vulnerability, an attacker would need to perform a man in the middle attack on the TLS connection between the validator and an RRDP repository or perform a man in the middle attack against a rsync-only repository.\n\nThe update addresses the vulnerability by implementing validation methods from [RFC 6486bis](https://datatracker.ietf.org/doc/draft-ietf-sidrops-6486bis/00/) and enabling strict validation by default.",
  "modified": "2020-11-13T17:28:31Z",
  "published": "2020-11-13T17:28:49Z",
  "database_specific": {
    "nvd_published_at": null,
    "github_reviewed_at": "2020-11-13T17:28:31Z",
    "severity": "HIGH",
    "github_reviewed": true,
    "cwe_ids": [
      "CWE-20"
    ]
  },
  "references": [
    {
      "type": "WEB",
      "url": "https://github.com/RIPE-NCC/rpki-validator-3/security/advisories/GHSA-q76j-58cx-wp5v"
    }
  ],
  "affected": [
    {
      "package": {
        "name": "net.ripe.rpki:rpki-validator-3",
        "ecosystem": "Maven",
        "purl": "pkg:maven/net.ripe.rpki/rpki-validator-3"
      },
      "ranges": [
        {
          "type": "ECOSYSTEM",
          "events": [
            {
              "introduced": "0"
            },
            {
              "fixed": "3.2-2020.10.28.23.06"
            }
          ]
        }
      ],
      "database_specific": {
        "last_known_affected_version_range": "<= 3.2-2020.10.28.22.25",
        "source": "https://github.com/github/advisory-database/blob/main/advisories/github-reviewed/2020/11/GHSA-q76j-58cx-wp5v/GHSA-q76j-58cx-wp5v.json"
      },
      "versions": []
    }
  ],
  "schema_version": "1.6.0"
}