{
  "id": "GHSA-rwwx-6572-mp29",
  "summary": "org.xwiki.platform:xwiki-platform-attachment-api vulnerable to Missing Authorization on Attachment Move",
  "details": "### Impact\n\nAn attacker with edit access on any document (can be the user profile which is editable by default) can move any attachment of any other document to this attacker-controlled document. This allows the attacker to access and possibly publish any attachment of which the name is known, regardless if the attacker has view or edit rights on the source document of this attachment. Further, the attachment is deleted from the source document. This vulnerability exists since the introduction of attachment move support in XWiki 14.0 RC1.\n\n### Patches\n\nThis vulnerability has been patched in XWiki 14.4.8, 14.10.4, and 15.0 RC1.\n\n### Workarounds\n\nThere is no workaround apart from upgrading to a fixed version.\n\n### References\n\n* https://jira.xwiki.org/browse/XWIKI-20334\n* https://github.com/xwiki/xwiki-platform/commit/d7720219d60d7201c696c3196c9d4a86d0881325\n\n### For more information\n\nIf you have any questions or comments about this advisory:\n* Open an issue in [Jira XWiki.org](https://jira.xwiki.org/)\n* Email us at [Security Mailing List](mailto:security@xwiki.org)\n\n### Attribution\n\nThis vulnerability has been reported on Intigriti by [Mete](https://www.linkedin.com/in/metehan-kalkan-5a3201199).",
  "aliases": [
    "CVE-2023-37910"
  ],
  "modified": "2023-11-08T04:13:04.310730Z",
  "published": "2023-10-25T21:06:32Z",
  "database_specific": {
    "nvd_published_at": "2023-10-25T18:17:28Z",
    "cwe_ids": [
      "CWE-862"
    ],
    "severity": "HIGH",
    "github_reviewed": true,
    "github_reviewed_at": "2023-10-25T21:06:32Z"
  },
  "references": [
    {
      "type": "WEB",
      "url": "https://github.com/xwiki/xwiki-platform/security/advisories/GHSA-rwwx-6572-mp29"
    },
    {
      "type": "ADVISORY",
      "url": "https://nvd.nist.gov/vuln/detail/CVE-2023-37910"
    },
    {
      "type": "WEB",
      "url": "https://github.com/xwiki/xwiki-platform/commit/d7720219d60d7201c696c3196c9d4a86d0881325"
    },
    {
      "type": "PACKAGE",
      "url": "https://github.com/xwiki/xwiki-platform"
    },
    {
      "type": "WEB",
      "url": "https://jira.xwiki.org/browse/XWIKI-20334"
    }
  ],
  "affected": [
    {
      "package": {
        "name": "org.xwiki.platform:xwiki-platform-attachment-api",
        "ecosystem": "Maven",
        "purl": "pkg:maven/org.xwiki.platform/xwiki-platform-attachment-api"
      },
      "ranges": [
        {
          "type": "ECOSYSTEM",
          "events": [
            {
              "introduced": "14.0-rc-1"
            },
            {
              "fixed": "14.4.8"
            }
          ]
        }
      ],
      "database_specific": {
        "source": "https://github.com/github/advisory-database/blob/main/advisories/github-reviewed/2023/10/GHSA-rwwx-6572-mp29/GHSA-rwwx-6572-mp29.json"
      },
      "versions": []
    },
    {
      "package": {
        "name": "org.xwiki.platform:xwiki-platform-attachment-api",
        "ecosystem": "Maven",
        "purl": "pkg:maven/org.xwiki.platform/xwiki-platform-attachment-api"
      },
      "ranges": [
        {
          "type": "ECOSYSTEM",
          "events": [
            {
              "introduced": "14.5"
            },
            {
              "fixed": "14.10.4"
            }
          ]
        }
      ],
      "database_specific": {
        "source": "https://github.com/github/advisory-database/blob/main/advisories/github-reviewed/2023/10/GHSA-rwwx-6572-mp29/GHSA-rwwx-6572-mp29.json"
      },
      "versions": []
    }
  ],
  "schema_version": "1.6.0",
  "severity": [
    {
      "type": "CVSS_V3",
      "score": "CVSS:3.1/AV:N/AC:L/PR:L/UI:N/S:U/C:H/I:H/A:N"
    }
  ]
}