{
  "id": "GHSA-c9h3-c6qj-hh7q",
  "summary": "Apache Kafka vulnerability can lead to brokers hitting OutOfMemoryException, causing Denial of Service",
  "details": "A security vulnerability has been identified in Apache Kafka. It affects all releases since 2.8.0. The vulnerability allows malicious unauthenticated clients to allocate large amounts of memory on brokers. This can lead to brokers hitting OutOfMemoryException and causing denial of service. Example scenarios: - Kafka cluster without authentication: Any clients able to establish a network connection to a broker can trigger the issue. - Kafka cluster with SASL authentication: Any clients able to establish a network connection to a broker, without the need for valid SASL credentials, can trigger the issue. - Kafka cluster with TLS authentication: Only clients able to successfully authenticate via TLS can trigger the issue. We advise the users to upgrade the Kafka installations to one of the 3.2.3, 3.1.2, 3.0.2, 2.8.2 versions.",
  "aliases": [
    "BIT-kafka-2022-34917",
    "CVE-2022-34917"
  ],
  "modified": "2024-05-08T17:44:34Z",
  "published": "2022-09-21T00:00:52Z",
  "database_specific": {
    "nvd_published_at": "2022-09-20T09:15:00Z",
    "cwe_ids": [
      "CWE-400",
      "CWE-770",
      "CWE-789"
    ],
    "severity": "HIGH",
    "github_reviewed": true,
    "github_reviewed_at": "2022-09-21T21:15:52Z"
  },
  "references": [
    {
      "type": "ADVISORY",
      "url": "https://nvd.nist.gov/vuln/detail/CVE-2022-34917"
    },
    {
      "type": "WEB",
      "url": "https://github.com/apache/kafka/commit/14951a83e3fdead212156e5532359500d72f68bc"
    },
    {
      "type": "WEB",
      "url": "https://github.com/apache/kafka/commit/2bfa24b2bd416e7b8c4a0c566b984c43904fdecb"
    },
    {
      "type": "WEB",
      "url": "https://github.com/apache/kafka/commit/aaceb6b79bfcb1d32874ccdbc8f3138d1c1c00fb"
    },
    {
      "type": "WEB",
      "url": "https://github.com/apache/kafka/commit/c1295662768e64b4467e27c3d5158f95f2307657"
    },
    {
      "type": "WEB",
      "url": "https://issues.apache.org/jira/browse/KAFKA-14063"
    },
    {
      "type": "WEB",
      "url": "https://kafka.apache.org/cve-list"
    },
    {
      "type": "WEB",
      "url": "https://kafka.apache.org/cve-list#CVE-2022-34917"
    }
  ],
  "affected": [
    {
      "package": {
        "name": "org.apache.kafka:kafka",
        "ecosystem": "Maven",
        "purl": "pkg:maven/org.apache.kafka/kafka"
      },
      "ranges": [
        {
          "type": "ECOSYSTEM",
          "events": [
            {
              "introduced": "2.8.0"
            },
            {
              "fixed": "2.8.2"
            }
          ]
        }
      ],
      "database_specific": {
        "source": "https://github.com/github/advisory-database/blob/main/advisories/github-reviewed/2022/09/GHSA-c9h3-c6qj-hh7q/GHSA-c9h3-c6qj-hh7q.json"
      },
      "versions": []
    },
    {
      "package": {
        "name": "org.apache.kafka:kafka",
        "ecosystem": "Maven",
        "purl": "pkg:maven/org.apache.kafka/kafka"
      },
      "ranges": [
        {
          "type": "ECOSYSTEM",
          "events": [
            {
              "introduced": "3.0.0"
            },
            {
              "fixed": "3.0.2"
            }
          ]
        }
      ],
      "database_specific": {
        "source": "https://github.com/github/advisory-database/blob/main/advisories/github-reviewed/2022/09/GHSA-c9h3-c6qj-hh7q/GHSA-c9h3-c6qj-hh7q.json"
      },
      "versions": []
    },
    {
      "package": {
        "name": "org.apache.kafka:kafka",
        "ecosystem": "Maven",
        "purl": "pkg:maven/org.apache.kafka/kafka"
      },
      "ranges": [
        {
          "type": "ECOSYSTEM",
          "events": [
            {
              "introduced": "3.1.0"
            },
            {
              "fixed": "3.1.2"
            }
          ]
        }
      ],
      "database_specific": {
        "source": "https://github.com/github/advisory-database/blob/main/advisories/github-reviewed/2022/09/GHSA-c9h3-c6qj-hh7q/GHSA-c9h3-c6qj-hh7q.json"
      },
      "versions": []
    },
    {
      "package": {
        "name": "org.apache.kafka:kafka",
        "ecosystem": "Maven",
        "purl": "pkg:maven/org.apache.kafka/kafka"
      },
      "ranges": [
        {
          "type": "ECOSYSTEM",
          "events": [
            {
              "introduced": "3.2.0"
            },
            {
              "fixed": "3.2.3"
            }
          ]
        }
      ],
      "database_specific": {
        "source": "https://github.com/github/advisory-database/blob/main/advisories/github-reviewed/2022/09/GHSA-c9h3-c6qj-hh7q/GHSA-c9h3-c6qj-hh7q.json"
      },
      "versions": []
    }
  ],
  "schema_version": "1.6.0",
  "severity": [
    {
      "type": "CVSS_V3",
      "score": "CVSS:3.1/AV:N/AC:L/PR:N/UI:N/S:U/C:N/I:N/A:H"
    }
  ]
}