{
  "id": "GHSA-cpfp-m5qw-c4r3",
  "summary": "Improper Preservation of Permissions in xxl-job",
  "details": "Insecure Permissions vulnerability in xxl-job v.2.4.1 allows a remote attacker to execute arbitrary code via the Sub-Task ID component.",
  "aliases": [
    "CVE-2024-42681"
  ],
  "modified": "2024-08-19T22:05:26.715217Z",
  "published": "2024-08-15T18:31:51Z",
  "database_specific": {
    "nvd_published_at": "2024-08-15T17:15:18Z",
    "cwe_ids": [
      "CWE-276",
      "CWE-277",
      "CWE-281"
    ],
    "severity": "HIGH",
    "github_reviewed": true,
    "github_reviewed_at": "2024-08-15T22:19:00Z"
  },
  "references": [
    {
      "type": "ADVISORY",
      "url": "https://nvd.nist.gov/vuln/detail/CVE-2024-42681"
    },
    {
      "type": "WEB",
      "url": "https://github.com/xuxueli/xxl-job/issues/3516"
    },
    {
      "type": "PACKAGE",
      "url": "https://github.com/xuxueli/xxl-job"
    }
  ],
  "affected": [
    {
      "package": {
        "name": "com.xuxueli:xxl-job-core",
        "ecosystem": "Maven",
        "purl": "pkg:maven/com.xuxueli/xxl-job-core"
      },
      "ranges": [
        {
          "type": "ECOSYSTEM",
          "events": [
            {
              "introduced": "0"
            },
            {
              "last_affected": "2.4.1"
            }
          ]
        }
      ],
      "versions": [
        "1.4.1",
        "1.4.2",
        "1.5.0",
        "1.5.1",
        "1.5.2",
        "1.6.0",
        "1.6.1",
        "1.6.2",
        "1.7.0",
        "1.7.1",
        "1.7.2",
        "1.8.0",
        "1.8.1",
        "1.8.2",
        "1.9.0",
        "1.9.1",
        "1.9.2",
        "2.0.0",
        "2.0.1",
        "2.0.2",
        "2.1.0",
        "2.1.1",
        "2.1.2",
        "2.2.0",
        "2.3.0",
        "2.3.1",
        "2.4.0",
        "2.4.1"
      ],
      "database_specific": {
        "source": "https://github.com/github/advisory-database/blob/main/advisories/github-reviewed/2024/08/GHSA-cpfp-m5qw-c4r3/GHSA-cpfp-m5qw-c4r3.json"
      }
    }
  ],
  "schema_version": "1.6.0",
  "severity": [
    {
      "type": "CVSS_V3",
      "score": "CVSS:3.1/AV:N/AC:L/PR:L/UI:N/S:U/C:H/I:H/A:H"
    },
    {
      "type": "CVSS_V4",
      "score": "CVSS:4.0/AV:N/AC:L/AT:N/PR:L/UI:N/VC:H/VI:H/VA:H/SC:N/SI:N/SA:N"
    }
  ]
}