{
  "id": "GHSA-wp6c-29r3-jqw9",
  "summary": "SQL injection in jeecg-boot",
  "details": "jeecg-boot v3.5.1 was discovered to contain a SQL injection vulnerability via the title parameter at /sys/dict/loadTreeData.",
  "aliases": [
    "CVE-2023-38992"
  ],
  "modified": "2024-02-16T08:12:41.883681Z",
  "published": "2023-07-28T15:30:23Z",
  "database_specific": {
    "nvd_published_at": "2023-07-28T15:15:12Z",
    "cwe_ids": [
      "CWE-89"
    ],
    "severity": "CRITICAL",
    "github_reviewed": true,
    "github_reviewed_at": "2023-07-28T20:55:29Z"
  },
  "references": [
    {
      "type": "ADVISORY",
      "url": "https://nvd.nist.gov/vuln/detail/CVE-2023-38992"
    },
    {
      "type": "WEB",
      "url": "https://github.com/jeecgboot/jeecg-boot/issues/5173"
    },
    {
      "type": "WEB",
      "url": "https://github.com/jeecgboot/jeecg-boot/commit/648e66d5ef1547a01ff77bf9875f960ca39bbe8e"
    },
    {
      "type": "PACKAGE",
      "url": "https://github.com/jeecgboot/jeecg-boot-starter"
    }
  ],
  "affected": [
    {
      "package": {
        "name": "org.jeecgframework.boot:jeecg-boot-common",
        "ecosystem": "Maven",
        "purl": "pkg:maven/org.jeecgframework.boot/jeecg-boot-common"
      },
      "ranges": [
        {
          "type": "ECOSYSTEM",
          "events": [
            {
              "introduced": "0"
            },
            {
              "fixed": "3.5.3"
            }
          ]
        }
      ],
      "versions": [
        "3.4.0",
        "3.4.2",
        "3.4.3",
        "3.4.4",
        "3.5.0",
        "3.5.1",
        "3.5.2"
      ],
      "database_specific": {
        "source": "https://github.com/github/advisory-database/blob/main/advisories/github-reviewed/2023/07/GHSA-wp6c-29r3-jqw9/GHSA-wp6c-29r3-jqw9.json"
      }
    }
  ],
  "schema_version": "1.6.0",
  "severity": [
    {
      "type": "CVSS_V3",
      "score": "CVSS:3.1/AV:N/AC:L/PR:N/UI:N/S:U/C:H/I:H/A:H"
    }
  ]
}