{
  "id": "GHSA-m5pm-rgvf-vg22",
  "summary": "Apache OpenMeetings vulnerable to Cross-Site Request Forgery",
  "details": "Apache OpenMeetings 1.0.0 is vulnerable to Cross-Site Request Forgery (CSRF) attacks, XSS attacks, click-jacking, and MIME based attacks. The issue is fixed in version 3.3.0.",
  "aliases": [
    "CVE-2017-7666"
  ],
  "modified": "2023-11-08T03:59:25.914640Z",
  "published": "2022-05-17T02:28:11Z",
  "database_specific": {
    "nvd_published_at": "2017-07-17T13:18:00Z",
    "github_reviewed_at": "2022-11-22T18:56:58Z",
    "severity": "HIGH",
    "github_reviewed": true,
    "cwe_ids": [
      "CWE-352"
    ]
  },
  "references": [
    {
      "type": "ADVISORY",
      "url": "https://nvd.nist.gov/vuln/detail/CVE-2017-7666"
    },
    {
      "type": "PACKAGE",
      "url": "https://github.com/apache/openmeetings"
    },
    {
      "type": "WEB",
      "url": "http://markmail.org/message/fkesu4e5hhz5xdbg"
    }
  ],
  "affected": [
    {
      "package": {
        "name": "org.apache.openmeetings:openmeetings-parent",
        "ecosystem": "Maven",
        "purl": "pkg:maven/org.apache.openmeetings/openmeetings-parent"
      },
      "ranges": [
        {
          "type": "ECOSYSTEM",
          "events": [
            {
              "introduced": "1.0.0"
            },
            {
              "fixed": "3.3.0"
            }
          ]
        }
      ],
      "versions": [
        "3.1.2",
        "3.1.3",
        "3.1.4",
        "3.1.5",
        "3.2.0",
        "3.2.1"
      ],
      "database_specific": {
        "source": "https://github.com/github/advisory-database/blob/main/advisories/github-reviewed/2022/05/GHSA-m5pm-rgvf-vg22/GHSA-m5pm-rgvf-vg22.json"
      }
    }
  ],
  "schema_version": "1.6.0",
  "severity": [
    {
      "type": "CVSS_V3",
      "score": "CVSS:3.0/AV:N/AC:L/PR:N/UI:R/S:U/C:H/I:H/A:H"
    }
  ]
}