{
  "id": "GHSA-7q56-mp4c-gggg",
  "summary": "Improper Access Control in Apache Hadoop",
  "details": "In Apache Hadoop 2.6.x before 2.6.5 and 2.7.x before 2.7.3, a remote user who can authenticate with the HDFS NameNode can possibly run arbitrary commands with the same privileges as the HDFS service.",
  "aliases": [
    "CVE-2016-5393"
  ],
  "modified": "2023-11-08T03:58:31.207186Z",
  "published": "2022-05-17T03:35:31Z",
  "database_specific": {
    "nvd_published_at": "2016-11-29T06:59:00Z",
    "github_reviewed_at": "2022-07-06T19:44:12Z",
    "severity": "HIGH",
    "github_reviewed": true,
    "cwe_ids": [
      "CWE-284"
    ]
  },
  "references": [
    {
      "type": "ADVISORY",
      "url": "https://nvd.nist.gov/vuln/detail/CVE-2016-5393"
    },
    {
      "type": "WEB",
      "url": "http://mail-archives.apache.org/mod_mbox/hadoop-general/201611.mbox/%3CCAA0W1bTbUmUUSF1rjRpX-2DvWutcrPt7TJSWUcSLg1F0gyHG1Q%40mail.gmail.com%3E"
    },
    {
      "type": "WEB",
      "url": "http://www.securityfocus.com/bid/94574"
    }
  ],
  "affected": [
    {
      "package": {
        "name": "org.apache.hadoop:hadoop-common",
        "ecosystem": "Maven",
        "purl": "pkg:maven/org.apache.hadoop/hadoop-common"
      },
      "ranges": [
        {
          "type": "ECOSYSTEM",
          "events": [
            {
              "introduced": "2.6.0"
            },
            {
              "fixed": "2.6.5"
            }
          ]
        }
      ],
      "versions": [
        "2.6.0",
        "2.6.1",
        "2.6.2",
        "2.6.3",
        "2.6.4"
      ],
      "database_specific": {
        "last_known_affected_version_range": "<= 2.6.4",
        "source": "https://github.com/github/advisory-database/blob/main/advisories/github-reviewed/2022/05/GHSA-7q56-mp4c-gggg/GHSA-7q56-mp4c-gggg.json"
      }
    },
    {
      "package": {
        "name": "org.apache.hadoop:hadoop-common",
        "ecosystem": "Maven",
        "purl": "pkg:maven/org.apache.hadoop/hadoop-common"
      },
      "ranges": [
        {
          "type": "ECOSYSTEM",
          "events": [
            {
              "introduced": "2.7.0"
            },
            {
              "fixed": "2.7.3"
            }
          ]
        }
      ],
      "versions": [
        "2.7.0",
        "2.7.1",
        "2.7.2"
      ],
      "database_specific": {
        "last_known_affected_version_range": "<= 2.7.2",
        "source": "https://github.com/github/advisory-database/blob/main/advisories/github-reviewed/2022/05/GHSA-7q56-mp4c-gggg/GHSA-7q56-mp4c-gggg.json"
      }
    }
  ],
  "schema_version": "1.6.0",
  "severity": [
    {
      "type": "CVSS_V3",
      "score": "CVSS:3.0/AV:N/AC:L/PR:L/UI:N/S:U/C:H/I:H/A:H"
    }
  ]
}