{
  "id": "GHSA-r8xc-xxh3-q5x3",
  "summary": "XWiki Platform vulnerable to reflected cross-site scripting via back and xcontinue parameters in resubmit template",
  "details": "### Impact\nUsers are able to forge an URL with a payload allowing to inject Javascript in the page (XSS).\nIt's possible to exploit the resubmit template to perform a XSS, e.g. by using URL such as:\n\n > xwiki/bin/view/XWiki/Main?xpage=resubmit&resubmit=javascript:alert(document.domain)&xback=javascript:alert(document.domain)\n\nThis vulnerability exists since XWiki 2.5-milestone-2.\n\n### Patches\n\nThe vulnerability has been patched in XWiki 14.10.5 and 15.1-rc-1.\n\n### Workarounds\n\nIt's possible to workaround the vulnerability by editing the template resubmit.vm to perform checks on it, but note that the appropriate fix involves new APIs that have been recently introduced in XWiki. See the referenced jira tickets.\n\n### References\n\n  * Jira ticket about the vulnerability: https://jira.xwiki.org/browse/XWIKI-20343\n  * Introduction of the macro used for fixing all those vulnerabilities: https://jira.xwiki.org/browse/XWIKI-20583\n  * Commit containing the actual fix in the page: https://github.com/xwiki/xwiki-platform/commit/dbc92dcdace33823ffd1e1591617006cb5fc6a7f\n\n### For more information\n\nIf you have any questions or comments about this advisory:\n* Open an issue in [Jira XWiki.org](https://jira.xwiki.org/)\n* Email us at [Security Mailing List](mailto:security@xwiki.org)\n\n### Attribution\n\nThis vulnerability has been reported by Ren\u00e9 de Sain @renniepak.",
  "aliases": [
    "CVE-2023-35160"
  ],
  "modified": "2023-11-08T04:12:50.742350Z",
  "published": "2023-06-22T19:59:55Z",
  "database_specific": {
    "nvd_published_at": "2023-06-23T19:15:09Z",
    "cwe_ids": [
      "CWE-79",
      "CWE-87"
    ],
    "severity": "CRITICAL",
    "github_reviewed": true,
    "github_reviewed_at": "2023-06-22T19:59:55Z"
  },
  "references": [
    {
      "type": "WEB",
      "url": "https://github.com/xwiki/xwiki-platform/security/advisories/GHSA-r8xc-xxh3-q5x3"
    },
    {
      "type": "ADVISORY",
      "url": "https://nvd.nist.gov/vuln/detail/CVE-2023-35160"
    },
    {
      "type": "WEB",
      "url": "https://github.com/xwiki/xwiki-platform/commit/dbc92dcdace33823ffd1e1591617006cb5fc6a7f"
    },
    {
      "type": "PACKAGE",
      "url": "https://github.com/xwiki/xwiki-platform"
    },
    {
      "type": "WEB",
      "url": "https://jira.xwiki.org/browse/XWIKI-20343"
    },
    {
      "type": "WEB",
      "url": "https://jira.xwiki.org/browse/XWIKI-20583"
    }
  ],
  "affected": [
    {
      "package": {
        "name": "org.xwiki.platform:xwiki-platform-web-templates",
        "ecosystem": "Maven",
        "purl": "pkg:maven/org.xwiki.platform/xwiki-platform-web-templates"
      },
      "ranges": [
        {
          "type": "ECOSYSTEM",
          "events": [
            {
              "introduced": "2.5-milestone-2"
            },
            {
              "fixed": "14.10.5"
            }
          ]
        }
      ],
      "database_specific": {
        "source": "https://github.com/github/advisory-database/blob/main/advisories/github-reviewed/2023/06/GHSA-r8xc-xxh3-q5x3/GHSA-r8xc-xxh3-q5x3.json"
      },
      "versions": []
    },
    {
      "package": {
        "name": "org.xwiki.platform:xwiki-platform-web-templates",
        "ecosystem": "Maven",
        "purl": "pkg:maven/org.xwiki.platform/xwiki-platform-web-templates"
      },
      "ranges": [
        {
          "type": "ECOSYSTEM",
          "events": [
            {
              "introduced": "15.0-rc-1"
            },
            {
              "fixed": "15.1-rc-1"
            }
          ]
        }
      ],
      "database_specific": {
        "source": "https://github.com/github/advisory-database/blob/main/advisories/github-reviewed/2023/06/GHSA-r8xc-xxh3-q5x3/GHSA-r8xc-xxh3-q5x3.json"
      },
      "versions": []
    }
  ],
  "schema_version": "1.6.0",
  "severity": [
    {
      "type": "CVSS_V3",
      "score": "CVSS:3.1/AV:N/AC:L/PR:N/UI:R/S:C/C:H/I:H/A:H"
    }
  ]
}