{
  "id": "GHSA-qqc2-pv68-q72h",
  "summary": "Mingsoft MCMS SQL injection vulnerability",
  "details": "Mingsoft MCMS contains a SQL injection vulnerability relating to the component `net.mingsoft.mdiy.action.web.DictAction#list`. ",
  "aliases": [
    "CVE-2021-46383"
  ],
  "modified": "2024-02-16T08:13:59.193115Z",
  "published": "2022-01-27T00:01:02Z",
  "database_specific": {
    "nvd_published_at": "2022-01-26T17:15:00Z",
    "cwe_ids": [
      "CWE-89"
    ],
    "severity": "HIGH",
    "github_reviewed": true,
    "github_reviewed_at": "2023-07-12T00:33:34Z"
  },
  "references": [
    {
      "type": "ADVISORY",
      "url": "https://nvd.nist.gov/vuln/detail/CVE-2021-46383"
    },
    {
      "type": "WEB",
      "url": "https://gitee.com/mingSoft/MCMS/issues/I4QZ1I"
    }
  ],
  "affected": [
    {
      "package": {
        "name": "net.mingsoft:ms-mcms",
        "ecosystem": "Maven",
        "purl": "pkg:maven/net.mingsoft/ms-mcms"
      },
      "ranges": [
        {
          "type": "ECOSYSTEM",
          "events": [
            {
              "introduced": "0"
            },
            {
              "fixed": "5.2.6"
            }
          ]
        }
      ],
      "versions": [
        "4.6.3-SNAPSHOTS",
        "4.6.5",
        "4.7.1",
        "4.7.2",
        "5.0.0",
        "5.0.1",
        "5.1",
        "5.2",
        "5.2.0",
        "5.2.0.RELEASE",
        "5.2.1",
        "5.2.2",
        "5.2.3",
        "5.2.4",
        "5.2.5"
      ],
      "database_specific": {
        "last_known_affected_version_range": "<= 5.2.5",
        "source": "https://github.com/github/advisory-database/blob/main/advisories/github-reviewed/2022/01/GHSA-qqc2-pv68-q72h/GHSA-qqc2-pv68-q72h.json"
      }
    }
  ],
  "schema_version": "1.6.0",
  "severity": [
    {
      "type": "CVSS_V3",
      "score": "CVSS:3.1/AV:N/AC:L/PR:N/UI:N/S:U/C:H/I:N/A:N"
    }
  ]
}