{
  "id": "GHSA-rwxc-4cmw-7x75",
  "summary": "Liferay Portal and Liferay DXP vulnerable to stored Cross-site Scripting",
  "details": "Multiple stored cross-site scripting (XSS) vulnerabilities in Liferay Portal 7.2.0 through 7.4.3.13, and older unsupported versions, and Liferay DXP 7.4 before update 10, 7.3 before update 4, 7.2 before fix pack 17, and older unsupported versions allow remote authenticated users to inject arbitrary web script or HTML via a crafted payload injected into the first/middle/last name text field of the user who creates an entry in the (1) Announcement widget, or (2) Alerts widget.",
  "aliases": [
    "CVE-2024-26266"
  ],
  "modified": "2024-02-21T23:56:59.423488Z",
  "published": "2024-02-21T03:30:38Z",
  "database_specific": {
    "nvd_published_at": "2024-02-21T03:15:09Z",
    "cwe_ids": [
      "CWE-79"
    ],
    "severity": "CRITICAL",
    "github_reviewed": true,
    "github_reviewed_at": "2024-02-21T23:30:52Z"
  },
  "references": [
    {
      "type": "ADVISORY",
      "url": "https://nvd.nist.gov/vuln/detail/CVE-2024-26266"
    },
    {
      "type": "PACKAGE",
      "url": "https://github.com/liferay/liferay-portal"
    },
    {
      "type": "WEB",
      "url": "https://liferay.dev/portal/security/known-vulnerabilities/-/asset_publisher/jekt/content/cve-2024-26266"
    }
  ],
  "affected": [
    {
      "package": {
        "name": "com.liferay.portal:release.portal.bom",
        "ecosystem": "Maven",
        "purl": "pkg:maven/com.liferay.portal/release.portal.bom"
      },
      "ranges": [
        {
          "type": "ECOSYSTEM",
          "events": [
            {
              "introduced": "0"
            },
            {
              "last_affected": "7.4.3.13"
            }
          ]
        }
      ],
      "versions": [
        "7.0.6",
        "7.0.6-1",
        "7.0.6-2",
        "7.1.0",
        "7.1.1",
        "7.1.2",
        "7.1.3",
        "7.1.3-1",
        "7.2.0",
        "7.2.1",
        "7.2.1-1",
        "7.3.0",
        "7.3.0-1",
        "7.3.1",
        "7.3.1-1",
        "7.3.2",
        "7.3.2-1",
        "7.3.3",
        "7.3.3-1",
        "7.3.4",
        "7.3.5",
        "7.3.6",
        "7.3.7",
        "7.4.0",
        "7.4.1",
        "7.4.1-1",
        "7.4.2",
        "7.4.2-1",
        "7.4.3.10",
        "7.4.3.11",
        "7.4.3.12",
        "7.4.3.13",
        "7.4.3.4",
        "7.4.3.5",
        "7.4.3.6",
        "7.4.3.7",
        "7.4.3.8",
        "7.4.3.9"
      ],
      "database_specific": {
        "source": "https://github.com/github/advisory-database/blob/main/advisories/github-reviewed/2024/02/GHSA-rwxc-4cmw-7x75/GHSA-rwxc-4cmw-7x75.json"
      }
    },
    {
      "package": {
        "name": "com.liferay.portal:release.dxp.bom",
        "ecosystem": "Maven",
        "purl": "pkg:maven/com.liferay.portal/release.dxp.bom"
      },
      "ranges": [
        {
          "type": "ECOSYSTEM",
          "events": [
            {
              "introduced": "7.4.13.u1"
            },
            {
              "fixed": "7.4.13.u10"
            }
          ]
        }
      ],
      "versions": [
        "7.4.13.u1",
        "7.4.13.u2",
        "7.4.13.u3",
        "7.4.13.u4",
        "7.4.13.u5",
        "7.4.13.u6",
        "7.4.13.u7",
        "7.4.13.u8",
        "7.4.13.u9"
      ],
      "database_specific": {
        "source": "https://github.com/github/advisory-database/blob/main/advisories/github-reviewed/2024/02/GHSA-rwxc-4cmw-7x75/GHSA-rwxc-4cmw-7x75.json"
      }
    },
    {
      "package": {
        "name": "com.liferay.portal:release.dxp.bom",
        "ecosystem": "Maven",
        "purl": "pkg:maven/com.liferay.portal/release.dxp.bom"
      },
      "ranges": [
        {
          "type": "ECOSYSTEM",
          "events": [
            {
              "introduced": "7.3.10.ep3"
            },
            {
              "fixed": "7.3.10.u4"
            }
          ]
        }
      ],
      "versions": [
        "7.3.10.ep3",
        "7.3.10.ep4",
        "7.3.10.ep5",
        "7.3.10.fp1",
        "7.3.10.fp2"
      ],
      "database_specific": {
        "source": "https://github.com/github/advisory-database/blob/main/advisories/github-reviewed/2024/02/GHSA-rwxc-4cmw-7x75/GHSA-rwxc-4cmw-7x75.json"
      }
    },
    {
      "package": {
        "name": "com.liferay.portal:release.dxp.bom",
        "ecosystem": "Maven",
        "purl": "pkg:maven/com.liferay.portal/release.dxp.bom"
      },
      "ranges": [
        {
          "type": "ECOSYSTEM",
          "events": [
            {
              "introduced": "7.2.0"
            },
            {
              "fixed": "7.2.10.fp17"
            }
          ]
        }
      ],
      "versions": [
        "7.2.1",
        "7.2.10",
        "7.2.10.fp1",
        "7.2.10.fp1-1",
        "7.2.10.fp10",
        "7.2.10.fp11",
        "7.2.10.fp12",
        "7.2.10.fp13",
        "7.2.10.fp14",
        "7.2.10.fp15",
        "7.2.10.fp16",
        "7.2.10.fp2",
        "7.2.10.fp3",
        "7.2.10.fp4",
        "7.2.10.fp5",
        "7.2.10.fp6",
        "7.2.10.fp7",
        "7.2.10.fp8",
        "7.2.10.fp9"
      ],
      "database_specific": {
        "source": "https://github.com/github/advisory-database/blob/main/advisories/github-reviewed/2024/02/GHSA-rwxc-4cmw-7x75/GHSA-rwxc-4cmw-7x75.json"
      }
    }
  ],
  "schema_version": "1.6.0",
  "severity": [
    {
      "type": "CVSS_V3",
      "score": "CVSS:3.1/AV:N/AC:L/PR:L/UI:R/S:C/C:H/I:H/A:H"
    }
  ]
}