{
  "id": "GHSA-97rv-88gf-phvr",
  "summary": "Apache Dubbo: Bypass deny serialize list check in Apache Dubbo",
  "details": "Deserialization of Untrusted Data vulnerability in Apache Dubbo.This issue only affects Apache Dubbo 3.1.5.\n\nUsers are recommended to upgrade to the latest version, which fixes the issue.\n\n",
  "aliases": [
    "CVE-2023-46279"
  ],
  "modified": "2023-12-19T21:42:31Z",
  "published": "2023-12-15T09:30:17Z",
  "database_specific": {
    "nvd_published_at": "2023-12-15T09:15:07Z",
    "cwe_ids": [
      "CWE-502"
    ],
    "severity": "CRITICAL",
    "github_reviewed": true,
    "github_reviewed_at": "2023-12-15T23:25:04Z"
  },
  "references": [
    {
      "type": "ADVISORY",
      "url": "https://nvd.nist.gov/vuln/detail/CVE-2023-46279"
    },
    {
      "type": "PACKAGE",
      "url": "https://github.com/apache/dubbo"
    },
    {
      "type": "WEB",
      "url": "https://lists.apache.org/thread/zw53nxrkrfswmk9n3sfwxmcj7x030nmo"
    },
    {
      "type": "WEB",
      "url": "http://www.openwall.com/lists/oss-security/2023/12/15/3"
    }
  ],
  "affected": [
    {
      "package": {
        "name": "org.apache.dubbo:dubbo",
        "ecosystem": "Maven",
        "purl": "pkg:maven/org.apache.dubbo/dubbo"
      },
      "ranges": [
        {
          "type": "ECOSYSTEM",
          "events": [
            {
              "introduced": "3.1.5"
            },
            {
              "fixed": "3.1.6"
            }
          ]
        }
      ],
      "versions": [
        "3.1.5"
      ],
      "database_specific": {
        "source": "https://github.com/github/advisory-database/blob/main/advisories/github-reviewed/2023/12/GHSA-97rv-88gf-phvr/GHSA-97rv-88gf-phvr.json"
      }
    }
  ],
  "schema_version": "1.6.0",
  "severity": [
    {
      "type": "CVSS_V3",
      "score": "CVSS:3.1/AV:N/AC:L/PR:N/UI:N/S:U/C:H/I:H/A:H"
    }
  ]
}