{
  "id": "GHSA-xprw-xvvm-vqmv",
  "summary": "Improper Access Control in Apache Derby",
  "details": "In Apache Derby 10.1.2.1, 10.2.2.0, 10.3.1.4, and 10.4.1.3, Export processing may allow an attacker to overwrite an existing file.",
  "aliases": [
    "CVE-2010-2232"
  ],
  "modified": "2023-11-08T03:56:56.332350Z",
  "published": "2022-05-17T00:29:52Z",
  "database_specific": {
    "nvd_published_at": "2017-10-23T13:29:00Z",
    "github_reviewed_at": "2022-07-08T18:49:01Z",
    "severity": "HIGH",
    "github_reviewed": true,
    "cwe_ids": [
      "CWE-284"
    ]
  },
  "references": [
    {
      "type": "ADVISORY",
      "url": "https://nvd.nist.gov/vuln/detail/CVE-2010-2232"
    },
    {
      "type": "WEB",
      "url": "https://issues.apache.org/jira/browse/DERBY-2925"
    },
    {
      "type": "WEB",
      "url": "http://db.apache.org/derby/releases/release-10.6.2.1.html#Note+for+DERBY-2925"
    }
  ],
  "affected": [
    {
      "package": {
        "name": "org.apache.derby:derby",
        "ecosystem": "Maven",
        "purl": "pkg:maven/org.apache.derby/derby"
      },
      "ranges": [
        {
          "type": "ECOSYSTEM",
          "events": [
            {
              "introduced": "10.1.2.1"
            },
            {
              "fixed": "10.4.2.0"
            }
          ]
        }
      ],
      "versions": [
        "10.1.2.1",
        "10.1.3.1",
        "10.2.1.6",
        "10.2.2.0",
        "10.3.1.4",
        "10.3.2.1",
        "10.4.1.3"
      ],
      "database_specific": {
        "last_known_affected_version_range": "<= 10.4.1.3",
        "source": "https://github.com/github/advisory-database/blob/main/advisories/github-reviewed/2022/05/GHSA-xprw-xvvm-vqmv/GHSA-xprw-xvvm-vqmv.json"
      }
    }
  ],
  "schema_version": "1.6.0",
  "severity": [
    {
      "type": "CVSS_V3",
      "score": "CVSS:3.0/AV:N/AC:L/PR:N/UI:N/S:U/C:N/I:H/A:N"
    }
  ]
}