{
  "id": "GHSA-8rv7-g772-pp3j",
  "summary": "DataEase vulnerable to SQL injection",
  "details": "SQL injection vulnerability in DataEase v.1.18.9 allows a remote attacker to obtain sensitive information via a crafted string outside of the blacklist function.",
  "aliases": [
    "CVE-2023-40771"
  ],
  "modified": "2024-02-16T08:24:38.926275Z",
  "published": "2023-09-01T18:30:41Z",
  "database_specific": {
    "nvd_published_at": "2023-09-01T16:15:08Z",
    "cwe_ids": [
      "CWE-89"
    ],
    "severity": "HIGH",
    "github_reviewed": true,
    "github_reviewed_at": "2023-09-01T21:57:09Z"
  },
  "references": [
    {
      "type": "ADVISORY",
      "url": "https://nvd.nist.gov/vuln/detail/CVE-2023-40771"
    },
    {
      "type": "WEB",
      "url": "https://github.com/dataease/dataease/issues/5861"
    },
    {
      "type": "PACKAGE",
      "url": "https://github.com/dataease/dataease"
    }
  ],
  "affected": [
    {
      "package": {
        "name": "io.dataease:dataease-plugin-common",
        "ecosystem": "Maven",
        "purl": "pkg:maven/io.dataease/dataease-plugin-common"
      },
      "ranges": [
        {
          "type": "ECOSYSTEM",
          "events": [
            {
              "introduced": "0"
            },
            {
              "last_affected": "1.18.9"
            }
          ]
        }
      ],
      "versions": [
        "1.0",
        "1.1",
        "1.10.0",
        "1.11.0",
        "1.11.1",
        "1.11.3",
        "1.12.0",
        "1.13.0",
        "1.14.0",
        "1.15.0",
        "1.16.0",
        "1.17.0",
        "1.18.0",
        "1.18.1",
        "1.18.2",
        "1.18.3",
        "1.18.4",
        "1.18.5",
        "1.18.6",
        "1.18.7",
        "1.18.8",
        "1.18.9",
        "1.2",
        "1.3",
        "1.4",
        "1.5",
        "1.6",
        "1.7",
        "1.8.0",
        "1.9.0"
      ],
      "database_specific": {
        "source": "https://github.com/github/advisory-database/blob/main/advisories/github-reviewed/2023/09/GHSA-8rv7-g772-pp3j/GHSA-8rv7-g772-pp3j.json"
      }
    }
  ],
  "schema_version": "1.6.0",
  "severity": [
    {
      "type": "CVSS_V3",
      "score": "CVSS:3.1/AV:N/AC:L/PR:N/UI:N/S:U/C:H/I:N/A:N"
    }
  ]
}