{
  "id": "GHSA-c352-x843-ggpq",
  "summary": "XXL-JOB vulnerable to Server-Side Request Forgery",
  "details": "xxl-job <= 2.4.0 has a Server-Side Request Forgery (SSRF) vulnerability, which causes low-privileged users to control executor to RCE.",
  "aliases": [
    "CVE-2024-24113"
  ],
  "modified": "2024-02-16T08:14:17.310695Z",
  "published": "2024-02-08T15:30:27Z",
  "database_specific": {
    "nvd_published_at": "2024-02-08T13:15:09Z",
    "cwe_ids": [
      "CWE-918"
    ],
    "severity": "HIGH",
    "github_reviewed": true,
    "github_reviewed_at": "2024-02-08T18:42:13Z"
  },
  "references": [
    {
      "type": "ADVISORY",
      "url": "https://nvd.nist.gov/vuln/detail/CVE-2024-24113"
    },
    {
      "type": "WEB",
      "url": "https://github.com/xuxueli/xxl-job/issues/3375"
    },
    {
      "type": "PACKAGE",
      "url": "https://github.com/xuxueli/xxl-job"
    }
  ],
  "affected": [
    {
      "package": {
        "name": "com.xuxueli:xxl-job",
        "ecosystem": "Maven",
        "purl": "pkg:maven/com.xuxueli/xxl-job"
      },
      "ranges": [
        {
          "type": "ECOSYSTEM",
          "events": [
            {
              "introduced": "0"
            },
            {
              "last_affected": "2.4.0"
            }
          ]
        }
      ],
      "versions": [
        "1.4.1",
        "1.4.2",
        "1.5.0",
        "1.5.1",
        "1.5.2",
        "1.6.0",
        "1.6.1",
        "1.6.2",
        "1.7.0",
        "1.7.1",
        "1.7.2",
        "1.8.0",
        "1.8.1",
        "1.8.2",
        "1.9.0",
        "1.9.1",
        "1.9.2",
        "2.0.0",
        "2.0.1",
        "2.0.2",
        "2.1.0",
        "2.1.1",
        "2.1.2",
        "2.2.0",
        "2.3.0",
        "2.3.1",
        "2.4.0"
      ],
      "database_specific": {
        "source": "https://github.com/github/advisory-database/blob/main/advisories/github-reviewed/2024/02/GHSA-c352-x843-ggpq/GHSA-c352-x843-ggpq.json"
      }
    }
  ],
  "schema_version": "1.6.0",
  "severity": [
    {
      "type": "CVSS_V3",
      "score": "CVSS:3.1/AV:N/AC:L/PR:L/UI:N/S:U/C:H/I:H/A:H"
    }
  ]
}