{
  "id": "GHSA-5xh7-6v3x-vrhj",
  "summary": "XXE vulnerability in Rundeck Plugin",
  "details": "Rundeck Plugin 3.6.6 and earlier does not configure its XML parser to prevent XML external entity (XXE) attacks.\n\nThis allows a user with Overall/Read access to have Jenkins parse a crafted HTTP request with XML data that uses external entities for extraction of secrets from the Jenkins controller or server-side request forgery.\n\nRundeck Plugin 3.6.7 disables external entity resolution for its XML parser.",
  "aliases": [
    "CVE-2020-2144"
  ],
  "modified": "2024-02-16T08:23:26.859051Z",
  "published": "2022-05-24T17:10:28Z",
  "database_specific": {
    "nvd_published_at": "2020-03-09T16:15:00Z",
    "cwe_ids": [
      "CWE-611"
    ],
    "severity": "HIGH",
    "github_reviewed": true,
    "github_reviewed_at": "2023-01-14T05:23:09Z"
  },
  "references": [
    {
      "type": "ADVISORY",
      "url": "https://nvd.nist.gov/vuln/detail/CVE-2020-2144"
    },
    {
      "type": "WEB",
      "url": "https://github.com/jenkinsci/rundeck-plugin/commit/9222a2101d994b43b6c399630da978a4cf2ea62f"
    },
    {
      "type": "PACKAGE",
      "url": "https://github.com/jenkinsci/rundeck-plugin"
    },
    {
      "type": "WEB",
      "url": "https://jenkins.io/security/advisory/2020-03-09/#SECURITY-1702"
    },
    {
      "type": "WEB",
      "url": "http://www.openwall.com/lists/oss-security/2020/03/09/1"
    }
  ],
  "affected": [
    {
      "package": {
        "name": "org.jenkins-ci.plugins:rundeck",
        "ecosystem": "Maven",
        "purl": "pkg:maven/org.jenkins-ci.plugins/rundeck"
      },
      "ranges": [
        {
          "type": "ECOSYSTEM",
          "events": [
            {
              "introduced": "0"
            },
            {
              "fixed": "3.6.7"
            }
          ]
        }
      ],
      "versions": [
        "1.0",
        "1.1",
        "1.2",
        "1.3",
        "1.4",
        "1.5",
        "1.5.1",
        "1.6",
        "1.7",
        "1.8",
        "2.0",
        "2.0.1",
        "2.1",
        "2.10",
        "2.11",
        "2.2",
        "2.3",
        "2.3.1",
        "2.4",
        "2.5",
        "2.6",
        "2.7",
        "2.8",
        "2.9",
        "3.0",
        "3.1",
        "3.3",
        "3.4",
        "3.5.1",
        "3.5.4",
        "3.6.1",
        "3.6.2",
        "3.6.3",
        "3.6.4",
        "3.6.5",
        "3.6.6"
      ],
      "database_specific": {
        "source": "https://github.com/github/advisory-database/blob/main/advisories/github-reviewed/2022/05/GHSA-5xh7-6v3x-vrhj/GHSA-5xh7-6v3x-vrhj.json"
      }
    }
  ],
  "schema_version": "1.6.0",
  "severity": [
    {
      "type": "CVSS_V3",
      "score": "CVSS:3.1/AV:N/AC:L/PR:L/UI:N/S:U/C:H/I:L/A:N"
    }
  ]
}