{
  "id": "GHSA-pv4c-rj4h-gr9m",
  "summary": "Jenkins Alauda DevOps Pipeline Plugin vulnerable to cross-site request forgery",
  "details": "A cross-site request forgery vulnerability in Jenkins Alauda DevOps Pipeline Plugin 2.3.2 and earlier allows attackers to connect to an attacker-specified URL using attacker-specified credentials IDs obtained through another method, capturing credentials stored in Jenkins.",
  "aliases": [
    "CVE-2019-16573"
  ],
  "modified": "2023-11-08T04:01:19.751124Z",
  "published": "2022-05-24T17:03:48Z",
  "database_specific": {
    "nvd_published_at": "2019-12-17T15:15:00Z",
    "github_reviewed_at": "2022-11-22T19:09:12Z",
    "severity": "HIGH",
    "github_reviewed": true,
    "cwe_ids": [
      "CWE-352"
    ]
  },
  "references": [
    {
      "type": "ADVISORY",
      "url": "https://nvd.nist.gov/vuln/detail/CVE-2019-16573"
    },
    {
      "type": "WEB",
      "url": "https://jenkins.io/security/advisory/2019-12-17/#SECURITY-1600"
    },
    {
      "type": "WEB",
      "url": "http://www.openwall.com/lists/oss-security/2019/12/17/1"
    }
  ],
  "affected": [
    {
      "package": {
        "name": "com.alauda.jenkins.plugins:alauda-devops-pipeline",
        "ecosystem": "Maven",
        "purl": "pkg:maven/com.alauda.jenkins.plugins/alauda-devops-pipeline"
      },
      "ranges": [
        {
          "type": "ECOSYSTEM",
          "events": [
            {
              "introduced": "0"
            },
            {
              "last_affected": "2.3.2"
            }
          ]
        }
      ],
      "versions": [
        "1.0.0",
        "1.0.1",
        "1.0.2",
        "1.0.3",
        "1.0.4",
        "1.0.5",
        "1.0.6",
        "2.0.1",
        "2.0.2",
        "2.0.3",
        "2.3.1",
        "2.3.2"
      ],
      "database_specific": {
        "source": "https://github.com/github/advisory-database/blob/main/advisories/github-reviewed/2022/05/GHSA-pv4c-rj4h-gr9m/GHSA-pv4c-rj4h-gr9m.json"
      }
    }
  ],
  "schema_version": "1.6.0",
  "severity": [
    {
      "type": "CVSS_V3",
      "score": "CVSS:3.1/AV:N/AC:L/PR:N/UI:R/S:U/C:H/I:H/A:H"
    }
  ]
}