{
  "id": "GHSA-jhjm-5xjg-mpqp",
  "summary": "Xuxueli xxl-job allows attacker to obtain sensitive information via the pageList parameter",
  "details": "Permissions vulnerabiltiy found in Xuxueli xxl-job v2.2.0, v 2.3.0 and v.2.3.1 allows attacker to obtain sensitive information via the pageList parameter.",
  "aliases": [
    "CVE-2023-27087"
  ],
  "modified": "2023-11-08T04:12:03.258047Z",
  "published": "2023-03-21T21:30:19Z",
  "database_specific": {
    "nvd_published_at": "2023-03-21T19:15:00Z",
    "github_reviewed_at": "2023-03-21T22:41:55Z",
    "severity": "HIGH",
    "github_reviewed": true,
    "cwe_ids": []
  },
  "references": [
    {
      "type": "ADVISORY",
      "url": "https://nvd.nist.gov/vuln/detail/CVE-2023-27087"
    },
    {
      "type": "WEB",
      "url": "https://github.com/xuxueli/xxl-job/issues/3096"
    },
    {
      "type": "PACKAGE",
      "url": "https://github.com/xuxueli/xxl-job"
    }
  ],
  "affected": [
    {
      "package": {
        "name": "com.xuxueli:xxl-job",
        "ecosystem": "Maven",
        "purl": "pkg:maven/com.xuxueli/xxl-job"
      },
      "ranges": [
        {
          "type": "ECOSYSTEM",
          "events": [
            {
              "introduced": "2.2.0"
            },
            {
              "last_affected": "2.3.1"
            }
          ]
        }
      ],
      "versions": [
        "2.2.0",
        "2.3.0",
        "2.3.1"
      ],
      "database_specific": {
        "source": "https://github.com/github/advisory-database/blob/main/advisories/github-reviewed/2023/03/GHSA-jhjm-5xjg-mpqp/GHSA-jhjm-5xjg-mpqp.json"
      }
    }
  ],
  "schema_version": "1.6.0",
  "severity": [
    {
      "type": "CVSS_V3",
      "score": "CVSS:3.1/AV:N/AC:L/PR:N/UI:N/S:U/C:H/I:N/A:N"
    }
  ]
}