{
  "id": "GHSA-mv42-px54-87jw",
  "summary": "Improper Access Control in Apache Tomcat",
  "details": "The session-persistence implementation in Apache Tomcat 6.x before 6.0.45, 7.x before 7.0.68, 8.x before 8.0.31, and 9.x before 9.0.0.M2 mishandles session attributes, which allows remote authenticated users to bypass intended SecurityManager restrictions and execute arbitrary code in a privileged context via a web application that places a crafted object in a session.",
  "aliases": [
    "CVE-2016-0714"
  ],
  "modified": "2024-03-10T05:19:08.120062Z",
  "published": "2022-05-14T01:10:17Z",
  "database_specific": {
    "nvd_published_at": "2016-02-25T01:59:00Z",
    "cwe_ids": [
      "CWE-284"
    ],
    "severity": "HIGH",
    "github_reviewed": true,
    "github_reviewed_at": "2022-07-06T20:07:28Z"
  },
  "references": [
    {
      "type": "ADVISORY",
      "url": "https://nvd.nist.gov/vuln/detail/CVE-2016-0714"
    },
    {
      "type": "WEB",
      "url": "https://github.com/apache/tomcat/commit/50f1b1da794cd93b70ab5456d3c2c984408e1506"
    },
    {
      "type": "WEB",
      "url": "https://github.com/apache/tomcat/commit/79e8ad03404c131009811855f9a30d8d01c0c736"
    },
    {
      "type": "WEB",
      "url": "https://github.com/apache/tomcat/commit/824eb1d1ad922e7652ecf51adb2b9eebb5bb88b5"
    },
    {
      "type": "WEB",
      "url": "https://github.com/apache/tomcat/commit/e1b1002129fea4033329f6f619ba219527bbbd40"
    },
    {
      "type": "WEB",
      "url": "https://github.com/apache/tomcat/commit/f626da75fd59da82b14dee7b8cc46ad51eefdbe5"
    },
    {
      "type": "WEB",
      "url": "https://github.com/apache/tomcat/commit/ff1b659dc366a2ad47cd8f7e3544c796a1b15e46"
    },
    {
      "type": "WEB",
      "url": "https://github.com/apache/tomcat80/commit/2e5cc28052e84ba45196949ba602484221bbf33c"
    },
    {
      "type": "WEB",
      "url": "https://github.com/apache/tomcat80/commit/5430f30c79383e4d2d87785468905fcb00bace58"
    },
    {
      "type": "WEB",
      "url": "https://lists.apache.org/thread.html/b8a1bf18155b552dcf9a928ba808cbadad84c236d85eab3033662cfb%40%3Cdev.tomcat.apache.org%3E"
    },
    {
      "type": "WEB",
      "url": "https://lists.apache.org/thread.html/b8a1bf18155b552dcf9a928ba808cbadad84c236d85eab3033662cfb@%3Cdev.tomcat.apache.org%3E"
    },
    {
      "type": "WEB",
      "url": "https://lists.apache.org/thread.html/r03c597a64de790ba42c167efacfa23300c3d6c9fe589ab87fe02859c%40%3Cdev.tomcat.apache.org%3E"
    },
    {
      "type": "WEB",
      "url": "https://lists.apache.org/thread.html/r03c597a64de790ba42c167efacfa23300c3d6c9fe589ab87fe02859c@%3Cdev.tomcat.apache.org%3E"
    },
    {
      "type": "WEB",
      "url": "https://lists.apache.org/thread.html/r587e50b86c1a96ee301f751d50294072d142fd6dc08a8987ae9f3a9b%40%3Cdev.tomcat.apache.org%3E"
    },
    {
      "type": "WEB",
      "url": "https://lists.apache.org/thread.html/r587e50b86c1a96ee301f751d50294072d142fd6dc08a8987ae9f3a9b@%3Cdev.tomcat.apache.org%3E"
    },
    {
      "type": "WEB",
      "url": "https://lists.apache.org/thread.html/r9136ff5b13e4f1941360b5a309efee2c114a14855578c3a2cbe5d19c%40%3Cdev.tomcat.apache.org%3E"
    },
    {
      "type": "WEB",
      "url": "https://lists.apache.org/thread.html/r9136ff5b13e4f1941360b5a309efee2c114a14855578c3a2cbe5d19c@%3Cdev.tomcat.apache.org%3E"
    },
    {
      "type": "WEB",
      "url": "https://security.gentoo.org/glsa/201705-09"
    },
    {
      "type": "WEB",
      "url": "https://security.netapp.com/advisory/ntap-20180531-0001"
    },
    {
      "type": "WEB",
      "url": "https://web.archive.org/web/20170204045529/http://www.securityfocus.com/bid/83327"
    },
    {
      "type": "WEB",
      "url": "https://web.archive.org/web/20170601064840/http://www.securitytracker.com/id/1035069"
    },
    {
      "type": "WEB",
      "url": "https://web.archive.org/web/20170927131230/http://www.securitytracker.com/id/1037640"
    },
    {
      "type": "WEB",
      "url": "https://lists.apache.org/thread.html/b84ad1258a89de5c9c853c7f2d3ad77e5b8b2930be9e132d5cef6b95@%3Cdev.tomcat.apache.org%3E"
    },
    {
      "type": "WEB",
      "url": "https://lists.apache.org/thread.html/b84ad1258a89de5c9c853c7f2d3ad77e5b8b2930be9e132d5cef6b95%40%3Cdev.tomcat.apache.org%3E"
    },
    {
      "type": "WEB",
      "url": "https://lists.apache.org/thread.html/39ae1f0bd5867c15755a6f959b271ade1aea04ccdc3b2e639dcd903b@%3Cdev.tomcat.apache.org%3E"
    },
    {
      "type": "WEB",
      "url": "https://lists.apache.org/thread.html/39ae1f0bd5867c15755a6f959b271ade1aea04ccdc3b2e639dcd903b%40%3Cdev.tomcat.apache.org%3E"
    },
    {
      "type": "WEB",
      "url": "https://lists.apache.org/thread.html/37220405a377c0182d2afdbc36461c4783b2930fbeae3a17f1333113@%3Cdev.tomcat.apache.org%3E"
    },
    {
      "type": "WEB",
      "url": "https://lists.apache.org/thread.html/37220405a377c0182d2afdbc36461c4783b2930fbeae3a17f1333113%40%3Cdev.tomcat.apache.org%3E"
    },
    {
      "type": "WEB",
      "url": "https://h20566.www2.hpe.com/portal/site/hpsc/public/kb/docDisplay?docId=emr_na-c05158626"
    },
    {
      "type": "WEB",
      "url": "https://h20566.www2.hpe.com/portal/site/hpsc/public/kb/docDisplay?docId=emr_na-c05150442"
    },
    {
      "type": "WEB",
      "url": "https://h20566.www2.hpe.com/portal/site/hpsc/public/kb/docDisplay?docId=emr_na-c05054964"
    },
    {
      "type": "PACKAGE",
      "url": "https://github.com/apache/tomcat"
    },
    {
      "type": "WEB",
      "url": "https://bto.bluecoat.com/security-advisory/sa118"
    },
    {
      "type": "WEB",
      "url": "https://access.redhat.com/errata/RHSA-2016:1088"
    },
    {
      "type": "WEB",
      "url": "https://access.redhat.com/errata/RHSA-2016:1087"
    },
    {
      "type": "WEB",
      "url": "http://lists.opensuse.org/opensuse-security-announce/2016-03/msg00047.html"
    },
    {
      "type": "WEB",
      "url": "http://lists.opensuse.org/opensuse-security-announce/2016-03/msg00069.html"
    },
    {
      "type": "WEB",
      "url": "http://lists.opensuse.org/opensuse-security-announce/2016-03/msg00082.html"
    },
    {
      "type": "WEB",
      "url": "http://lists.opensuse.org/opensuse-security-announce/2016-03/msg00085.html"
    },
    {
      "type": "WEB",
      "url": "http://marc.info/?l=bugtraq&m=145974991225029&w=2"
    },
    {
      "type": "WEB",
      "url": "http://rhn.redhat.com/errata/RHSA-2016-1089.html"
    },
    {
      "type": "WEB",
      "url": "http://rhn.redhat.com/errata/RHSA-2016-2045.html"
    },
    {
      "type": "WEB",
      "url": "http://rhn.redhat.com/errata/RHSA-2016-2599.html"
    },
    {
      "type": "WEB",
      "url": "http://rhn.redhat.com/errata/RHSA-2016-2807.html"
    },
    {
      "type": "WEB",
      "url": "http://rhn.redhat.com/errata/RHSA-2016-2808.html"
    },
    {
      "type": "WEB",
      "url": "http://seclists.org/bugtraq/2016/Feb/145"
    },
    {
      "type": "WEB",
      "url": "http://svn.apache.org/viewvc?view=revision&revision=1725263"
    },
    {
      "type": "WEB",
      "url": "http://svn.apache.org/viewvc?view=revision&revision=1725914"
    },
    {
      "type": "WEB",
      "url": "http://svn.apache.org/viewvc?view=revision&revision=1726196"
    },
    {
      "type": "WEB",
      "url": "http://svn.apache.org/viewvc?view=revision&revision=1726203"
    },
    {
      "type": "WEB",
      "url": "http://svn.apache.org/viewvc?view=revision&revision=1726923"
    },
    {
      "type": "WEB",
      "url": "http://svn.apache.org/viewvc?view=revision&revision=1727034"
    },
    {
      "type": "WEB",
      "url": "http://svn.apache.org/viewvc?view=revision&revision=1727166"
    },
    {
      "type": "WEB",
      "url": "http://svn.apache.org/viewvc?view=revision&revision=1727182"
    },
    {
      "type": "WEB",
      "url": "http://tomcat.apache.org/security-6.html"
    },
    {
      "type": "WEB",
      "url": "http://tomcat.apache.org/security-7.html"
    },
    {
      "type": "WEB",
      "url": "http://tomcat.apache.org/security-8.html"
    },
    {
      "type": "WEB",
      "url": "http://tomcat.apache.org/security-9.html"
    },
    {
      "type": "WEB",
      "url": "http://www.debian.org/security/2016/dsa-3530"
    },
    {
      "type": "WEB",
      "url": "http://www.debian.org/security/2016/dsa-3552"
    },
    {
      "type": "WEB",
      "url": "http://www.debian.org/security/2016/dsa-3609"
    },
    {
      "type": "WEB",
      "url": "http://www.oracle.com/technetwork/security-advisory/cpujul2018-4258247.html"
    },
    {
      "type": "WEB",
      "url": "http://www.oracle.com/technetwork/security-advisory/cpuoct2016-2881722.html"
    },
    {
      "type": "WEB",
      "url": "http://www.oracle.com/technetwork/security-advisory/cpuoct2017-3236626.html"
    },
    {
      "type": "WEB",
      "url": "http://www.oracle.com/technetwork/topics/security/bulletinapr2016-2952098.html"
    },
    {
      "type": "WEB",
      "url": "http://www.oracle.com/technetwork/topics/security/linuxbulletinoct2016-3090545.html"
    },
    {
      "type": "WEB",
      "url": "http://www.ubuntu.com/usn/USN-3024-1"
    }
  ],
  "affected": [
    {
      "package": {
        "name": "org.apache.tomcat:tomcat",
        "ecosystem": "Maven",
        "purl": "pkg:maven/org.apache.tomcat/tomcat"
      },
      "ranges": [
        {
          "type": "ECOSYSTEM",
          "events": [
            {
              "introduced": "9.0.0.M1"
            },
            {
              "fixed": "9.0.0.M2"
            }
          ]
        }
      ],
      "versions": [
        "9.0.0.M1"
      ],
      "database_specific": {
        "source": "https://github.com/github/advisory-database/blob/main/advisories/github-reviewed/2022/05/GHSA-mv42-px54-87jw/GHSA-mv42-px54-87jw.json"
      }
    },
    {
      "package": {
        "name": "org.apache.tomcat:tomcat",
        "ecosystem": "Maven",
        "purl": "pkg:maven/org.apache.tomcat/tomcat"
      },
      "ranges": [
        {
          "type": "ECOSYSTEM",
          "events": [
            {
              "introduced": "8.0.0.RC1"
            },
            {
              "fixed": "8.0.32"
            }
          ]
        }
      ],
      "versions": [
        "8.0.1",
        "8.0.11",
        "8.0.12",
        "8.0.14",
        "8.0.15",
        "8.0.17",
        "8.0.18",
        "8.0.20",
        "8.0.21",
        "8.0.22",
        "8.0.23",
        "8.0.24",
        "8.0.26",
        "8.0.27",
        "8.0.28",
        "8.0.29",
        "8.0.3",
        "8.0.30",
        "8.0.5",
        "8.0.8",
        "8.0.9"
      ],
      "database_specific": {
        "source": "https://github.com/github/advisory-database/blob/main/advisories/github-reviewed/2022/05/GHSA-mv42-px54-87jw/GHSA-mv42-px54-87jw.json"
      }
    },
    {
      "package": {
        "name": "org.apache.tomcat:tomcat",
        "ecosystem": "Maven",
        "purl": "pkg:maven/org.apache.tomcat/tomcat"
      },
      "ranges": [
        {
          "type": "ECOSYSTEM",
          "events": [
            {
              "introduced": "7.0.0"
            },
            {
              "fixed": "7.0.70"
            }
          ]
        }
      ],
      "versions": [
        "7.0.35",
        "7.0.37",
        "7.0.39",
        "7.0.40",
        "7.0.41",
        "7.0.42",
        "7.0.47",
        "7.0.50",
        "7.0.52",
        "7.0.53",
        "7.0.54",
        "7.0.55",
        "7.0.56",
        "7.0.57",
        "7.0.59",
        "7.0.61",
        "7.0.62",
        "7.0.63",
        "7.0.64",
        "7.0.65",
        "7.0.67",
        "7.0.68",
        "7.0.69"
      ],
      "database_specific": {
        "source": "https://github.com/github/advisory-database/blob/main/advisories/github-reviewed/2022/05/GHSA-mv42-px54-87jw/GHSA-mv42-px54-87jw.json"
      }
    },
    {
      "package": {
        "name": "org.apache.tomcat:tomcat",
        "ecosystem": "Maven",
        "purl": "pkg:maven/org.apache.tomcat/tomcat"
      },
      "ranges": [
        {
          "type": "ECOSYSTEM",
          "events": [
            {
              "introduced": "6.0.0"
            },
            {
              "fixed": "6.0.46"
            }
          ]
        }
      ],
      "database_specific": {
        "source": "https://github.com/github/advisory-database/blob/main/advisories/github-reviewed/2022/05/GHSA-mv42-px54-87jw/GHSA-mv42-px54-87jw.json"
      },
      "versions": []
    }
  ],
  "schema_version": "1.6.0",
  "severity": [
    {
      "type": "CVSS_V3",
      "score": "CVSS:3.0/AV:N/AC:L/PR:L/UI:N/S:U/C:H/I:H/A:H"
    }
  ]
}