{
  "id": "GHSA-92mr-4w2q-4578",
  "summary": "Exposure of Sensitive Information to an Unauthorized Actor in Jenkins",
  "details": "The re-key admin monitor was introduced in Jenkins 1.498 and re-encrypted all secrets in JENKINS_HOME with a new key. It also created a backup directory with all old secrets, and the key used to encrypt them. These backups were world-readable and not removed afterwards. Jenkins now deletes the backup directory, if present. Upgrading from before 1.498 will no longer create a backup directory. Administrators relying on file access permissions in their manually created backups are advised to check them for the directory $JENKINS_HOME/jenkins.security.RekeySecretAdminMonitor/backups, and delete it if present.",
  "aliases": [
    "CVE-2017-1000362"
  ],
  "modified": "2024-02-20T05:33:37.903471Z",
  "published": "2022-05-17T02:25:41Z",
  "database_specific": {
    "nvd_published_at": "2017-07-17T13:18:00Z",
    "cwe_ids": [
      "CWE-200"
    ],
    "severity": "CRITICAL",
    "github_reviewed": true,
    "github_reviewed_at": "2022-07-01T22:08:29Z"
  },
  "references": [
    {
      "type": "ADVISORY",
      "url": "https://nvd.nist.gov/vuln/detail/CVE-2017-1000362"
    },
    {
      "type": "WEB",
      "url": "https://github.com/jenkinsci/jenkins/commit/0be33cf7328fad6a7596ce9505a74561a8b1eb85"
    },
    {
      "type": "WEB",
      "url": "https://github.com/jenkinsci/jenkins/commit/a572450f039fdb99410fcf6eb0ba307bd69ea458"
    },
    {
      "type": "PACKAGE",
      "url": "https://github.com/jenkinsci/jenkins"
    },
    {
      "type": "WEB",
      "url": "https://jenkins.io/security/advisory/2017-02-01"
    }
  ],
  "affected": [
    {
      "package": {
        "name": "org.jenkins-ci.main:jenkins-core",
        "ecosystem": "Maven",
        "purl": "pkg:maven/org.jenkins-ci.main/jenkins-core"
      },
      "ranges": [
        {
          "type": "ECOSYSTEM",
          "events": [
            {
              "introduced": "1.498"
            },
            {
              "fixed": "2.32.2"
            }
          ]
        }
      ],
      "versions": [
        "1.498",
        "1.499",
        "1.500",
        "1.501",
        "1.502",
        "1.503",
        "1.504",
        "1.505",
        "1.506",
        "1.507",
        "1.508",
        "1.509",
        "1.509.1",
        "1.509.2",
        "1.509.2.JENKINS-14362-jzlib",
        "1.509.2.JENKINS-8856-diag",
        "1.509.3",
        "1.509.3.JENKINS-14362-jzlib",
        "1.509.4",
        "1.510",
        "1.511",
        "1.512",
        "1.513",
        "1.514",
        "1.515",
        "1.516",
        "1.516.JENKINS-14362-jzlib",
        "1.517",
        "1.518",
        "1.518.JENKINS-14362-jzlib",
        "1.519",
        "1.520",
        "1.521",
        "1.522",
        "1.523",
        "1.524",
        "1.525",
        "1.526",
        "1.527",
        "1.528",
        "1.529",
        "1.530",
        "1.531",
        "1.532",
        "1.532.1",
        "1.532.1.JENKINS-19453",
        "1.532.2",
        "1.532.2.JENKINS-21622-diag",
        "1.532.2.JENKINS-22395-diag",
        "1.532.3",
        "1.532.3.JENKINS-22395",
        "1.532.3.JENKINS-22395-2",
        "1.533",
        "1.534",
        "1.535",
        "1.536",
        "1.537",
        "1.538",
        "1.539",
        "1.540",
        "1.541",
        "1.542",
        "1.543",
        "1.544",
        "1.545",
        "1.546",
        "1.547",
        "1.548",
        "1.549",
        "1.550",
        "1.551",
        "1.552",
        "1.553",
        "1.554",
        "1.554.1",
        "1.554.2",
        "1.554.3",
        "1.554.3.JENKINS-18065-ALLRM-all",
        "1.554.3.JENKINS-18065-JENKINS-23945",
        "1.555",
        "1.556",
        "1.557",
        "1.558",
        "1.559",
        "1.560",
        "1.561",
        "1.562",
        "1.563",
        "1.564",
        "1.565",
        "1.565.1",
        "1.565.1.JENKINS-22395-dropLinks",
        "1.565.2",
        "1.565.3",
        "1.566",
        "1.567",
        "1.568",
        "1.569",
        "1.570",
        "1.571",
        "1.572",
        "1.573",
        "1.574",
        "1.575",
        "1.576",
        "1.577",
        "1.578",
        "1.579",
        "1.580",
        "1.580.1",
        "1.580.2",
        "1.580.3",
        "1.581",
        "1.582",
        "1.583",
        "1.584",
        "1.585",
        "1.586",
        "1.587",
        "1.588",
        "1.589",
        "1.590",
        "1.591",
        "1.592",
        "1.593",
        "1.594",
        "1.595",
        "1.596",
        "1.596.1",
        "1.596.2",
        "1.596.3",
        "1.597",
        "1.598",
        "1.599",
        "1.600",
        "1.601",
        "1.602",
        "1.604",
        "1.605",
        "1.606",
        "1.607",
        "1.608",
        "1.609",
        "1.609.1",
        "1.609.2",
        "1.609.3",
        "1.610",
        "1.611",
        "1.612",
        "1.613",
        "1.614",
        "1.615",
        "1.616",
        "1.617",
        "1.618",
        "1.619",
        "1.620",
        "1.621",
        "1.622",
        "1.623",
        "1.624",
        "1.625",
        "1.625.1",
        "1.625.2",
        "1.625.3",
        "1.626",
        "1.627",
        "1.628",
        "1.629",
        "1.630",
        "1.631",
        "1.632",
        "1.633",
        "1.634",
        "1.635",
        "1.636",
        "1.637",
        "1.638",
        "1.639",
        "1.640",
        "1.641",
        "1.642",
        "1.642.1",
        "1.642.2",
        "1.642.3",
        "1.642.4",
        "1.643",
        "1.644",
        "1.645",
        "1.646",
        "1.647",
        "1.648",
        "1.649",
        "1.650",
        "1.651",
        "1.651.1",
        "1.651.2",
        "1.651.3",
        "1.652",
        "1.653",
        "1.654",
        "1.655",
        "1.656",
        "1.657",
        "1.658",
        "2.0",
        "2.0-alpha-1",
        "2.0-alpha-2",
        "2.0-alpha-3",
        "2.0-alpha-4",
        "2.0-beta-1",
        "2.0-beta-2",
        "2.0-rc-1",
        "2.1",
        "2.10",
        "2.11",
        "2.12",
        "2.13",
        "2.14",
        "2.15",
        "2.16",
        "2.17",
        "2.18",
        "2.19",
        "2.19.1",
        "2.19.2",
        "2.19.3",
        "2.19.4",
        "2.2",
        "2.20",
        "2.21",
        "2.22",
        "2.23",
        "2.24",
        "2.25",
        "2.26",
        "2.27",
        "2.28",
        "2.29",
        "2.3",
        "2.30",
        "2.31",
        "2.32",
        "2.32.1",
        "2.4",
        "2.5",
        "2.6",
        "2.7",
        "2.7.1",
        "2.7.2",
        "2.7.3",
        "2.7.4",
        "2.8",
        "2.9"
      ],
      "database_specific": {
        "last_known_affected_version_range": "<= 2.32.1",
        "source": "https://github.com/github/advisory-database/blob/main/advisories/github-reviewed/2022/05/GHSA-92mr-4w2q-4578/GHSA-92mr-4w2q-4578.json"
      }
    },
    {
      "package": {
        "name": "org.jenkins-ci.main:jenkins-core",
        "ecosystem": "Maven",
        "purl": "pkg:maven/org.jenkins-ci.main/jenkins-core"
      },
      "ranges": [
        {
          "type": "ECOSYSTEM",
          "events": [
            {
              "introduced": "2.40"
            },
            {
              "fixed": "2.44"
            }
          ]
        }
      ],
      "versions": [
        "2.40",
        "2.41",
        "2.42",
        "2.43"
      ],
      "database_specific": {
        "last_known_affected_version_range": "<= 2.43",
        "source": "https://github.com/github/advisory-database/blob/main/advisories/github-reviewed/2022/05/GHSA-92mr-4w2q-4578/GHSA-92mr-4w2q-4578.json"
      }
    }
  ],
  "schema_version": "1.6.0",
  "severity": [
    {
      "type": "CVSS_V3",
      "score": "CVSS:3.0/AV:N/AC:L/PR:N/UI:N/S:U/C:H/I:H/A:H"
    }
  ]
}