{
  "id": "GHSA-x2p8-rgfm-qw3v",
  "summary": "Access Control vulnerability within CoreNLP",
  "details": "An Incorrect Access Control vulnerability exists in CoreNLP 4.3.2 via the classifier in NERServlet.java (lines 158 and 159).",
  "aliases": [
    "CVE-2021-44550"
  ],
  "modified": "2023-11-08T04:07:17.412828Z",
  "published": "2022-02-25T00:01:07Z",
  "database_specific": {
    "nvd_published_at": "2022-02-24T15:15:00Z",
    "github_reviewed_at": "2022-02-25T22:02:34Z",
    "severity": "CRITICAL",
    "github_reviewed": true,
    "cwe_ids": [
      "CWE-863"
    ]
  },
  "references": [
    {
      "type": "ADVISORY",
      "url": "https://nvd.nist.gov/vuln/detail/CVE-2021-44550"
    },
    {
      "type": "WEB",
      "url": "https://github.com/stanfordnlp/CoreNLP/issues/1222"
    },
    {
      "type": "WEB",
      "url": "https://github.com/stanfordnlp/CoreNLP/commit/5ee097dbede547023e88f60ed3f430ff09398b87"
    },
    {
      "type": "PACKAGE",
      "url": "https://github.com/stanfordnlp/CoreNLP"
    }
  ],
  "affected": [
    {
      "package": {
        "name": "edu.stanford.nlp:stanford-corenlp",
        "ecosystem": "Maven",
        "purl": "pkg:maven/edu.stanford.nlp/stanford-corenlp"
      },
      "ranges": [
        {
          "type": "ECOSYSTEM",
          "events": [
            {
              "introduced": "0"
            },
            {
              "fixed": "4.4.0"
            }
          ]
        }
      ],
      "versions": [
        "1.2.0",
        "1.3.0",
        "1.3.1",
        "1.3.2",
        "1.3.3",
        "1.3.4",
        "1.3.5",
        "3.2.0",
        "3.3.0",
        "3.3.1",
        "3.4",
        "3.4.1",
        "3.5.0",
        "3.5.1",
        "3.5.2",
        "3.6.0",
        "3.7.0",
        "3.8.0",
        "3.9.1",
        "3.9.2",
        "4.0.0",
        "4.2.0",
        "4.2.1",
        "4.2.2",
        "4.3.0",
        "4.3.1",
        "4.3.2"
      ],
      "database_specific": {
        "last_known_affected_version_range": "<= 4.3.2",
        "source": "https://github.com/github/advisory-database/blob/main/advisories/github-reviewed/2022/02/GHSA-x2p8-rgfm-qw3v/GHSA-x2p8-rgfm-qw3v.json"
      }
    }
  ],
  "schema_version": "1.6.0",
  "severity": [
    {
      "type": "CVSS_V3",
      "score": "CVSS:3.1/AV:N/AC:L/PR:N/UI:N/S:U/C:H/I:H/A:H"
    }
  ]
}