{
  "id": "GHSA-qfwq-6jh6-8xx4",
  "summary": "OpenRefine has a path traversal in LoadLanguageCommand",
  "details": "The load-language command expects a `lang` parameter from which it constructs the path of the localization file to load, of the form `translations-$LANG.json`.\nWhen doing so, it does not check that the resulting path is in the expected directory, which means that this command could be exploited to read other JSON files on the file system.\n\nThe command should be patched by checking that the normalized path is in the expected directory.",
  "aliases": [
    "CVE-2024-49760"
  ],
  "modified": "2024-11-06T16:02:38.055827Z",
  "published": "2024-10-24T18:32:40Z",
  "database_specific": {
    "nvd_published_at": "2024-10-24T22:15:04Z",
    "cwe_ids": [
      "CWE-22"
    ],
    "severity": "HIGH",
    "github_reviewed": true,
    "github_reviewed_at": "2024-10-24T18:32:40Z"
  },
  "references": [
    {
      "type": "WEB",
      "url": "https://github.com/OpenRefine/OpenRefine/security/advisories/GHSA-qfwq-6jh6-8xx4"
    },
    {
      "type": "ADVISORY",
      "url": "https://nvd.nist.gov/vuln/detail/CVE-2024-49760"
    },
    {
      "type": "WEB",
      "url": "https://github.com/OpenRefine/OpenRefine/commit/24d084052dc55426fe460f2a17524fd18d28b20c"
    },
    {
      "type": "PACKAGE",
      "url": "https://github.com/OpenRefine/OpenRefine"
    }
  ],
  "affected": [
    {
      "package": {
        "name": "org.openrefine:openrefine",
        "ecosystem": "Maven",
        "purl": "pkg:maven/org.openrefine/openrefine"
      },
      "ranges": [
        {
          "type": "ECOSYSTEM",
          "events": [
            {
              "introduced": "0"
            },
            {
              "fixed": "3.8.3"
            }
          ]
        }
      ],
      "versions": [
        "3.6-beta1",
        "3.6-beta2",
        "3.6-rc1",
        "3.6.0",
        "3.6.1",
        "3.6.2",
        "3.7-beta1",
        "3.7-beta2",
        "3.7.0",
        "3.7.2",
        "3.8-beta1",
        "3.8-beta5",
        "3.8.0",
        "3.8.1",
        "3.8.2"
      ],
      "database_specific": {
        "source": "https://github.com/github/advisory-database/blob/main/advisories/github-reviewed/2024/10/GHSA-qfwq-6jh6-8xx4/GHSA-qfwq-6jh6-8xx4.json"
      }
    }
  ],
  "schema_version": "1.6.0",
  "severity": [
    {
      "type": "CVSS_V3",
      "score": "CVSS:3.1/AV:N/AC:L/PR:L/UI:N/S:U/C:L/I:H/A:N"
    },
    {
      "type": "CVSS_V4",
      "score": "CVSS:4.0/AV:N/AC:L/AT:N/PR:L/UI:N/VC:L/VI:H/VA:N/SC:N/SI:N/SA:N"
    }
  ]
}