{
  "id": "GHSA-pqr5-9v2j-44xg",
  "summary": "Apache Tomcat DoS via Malicious Get Request",
  "details": "Tomcat 4.0 through 4.1.12, using mod_jk 1.2.1 module on Apache 1.3 through 1.3.27, allows remote attackers to cause a denial of service (desynchronized communications) via an HTTP GET request with a Transfer-Encoding chunked field with invalid values.",
  "aliases": [
    "CVE-2002-2272"
  ],
  "modified": "2024-02-12T20:42:12.965625Z",
  "published": "2022-04-30T18:22:50Z",
  "database_specific": {
    "nvd_published_at": "2002-12-31T05:00:00Z",
    "cwe_ids": [
      "CWE-119"
    ],
    "severity": "HIGH",
    "github_reviewed": true,
    "github_reviewed_at": "2024-02-12T20:23:12Z"
  },
  "references": [
    {
      "type": "ADVISORY",
      "url": "https://nvd.nist.gov/vuln/detail/CVE-2002-2272"
    },
    {
      "type": "WEB",
      "url": "https://exchange.xforce.ibmcloud.com/vulnerabilities/10771"
    },
    {
      "type": "WEB",
      "url": "https://web.archive.org/web/20030501051114/http://www.securityfocus.com/bid/6320"
    },
    {
      "type": "WEB",
      "url": "https://web.archive.org/web/20051124132812/http://archives.neohapsis.com/archives/bugtraq/2002-12/0045.html"
    }
  ],
  "affected": [
    {
      "package": {
        "name": "org.apache.tomcat:tomcat",
        "ecosystem": "Maven",
        "purl": "pkg:maven/org.apache.tomcat/tomcat"
      },
      "ranges": [
        {
          "type": "ECOSYSTEM",
          "events": [
            {
              "introduced": "4.0.0"
            },
            {
              "last_affected": "4.1.12"
            }
          ]
        }
      ],
      "database_specific": {
        "source": "https://github.com/github/advisory-database/blob/main/advisories/github-reviewed/2022/04/GHSA-pqr5-9v2j-44xg/GHSA-pqr5-9v2j-44xg.json"
      },
      "versions": []
    }
  ],
  "schema_version": "1.6.0"
}