{
  "id": "GHSA-vp55-fhxx-vcx8",
  "summary": "Maven Extension plugin for Gradle Enterprise vulnerable to Deserialization of Untrusted Data",
  "details": "An issue was discovered in the Maven Extension plugin before 1.6 for Gradle Enterprise. It is vulnerable to, in the worst case, Remote Code Execution, and in the general case, local privilege escalation. Internally, the plugin uses a socket connection to send serialized Java objects that are deserialized by a Java standard library ObjectInputStream. This ObjectInputStream was not restricted to a list of trusted classes, thus allowing an attacker to send a malicious deserialization gadget chain to achieve code execution. The socket was not bound exclusively to localhost. The port this socket is assigned to is randomly selected by the JVM and is not intentionally exposed to the public (either by design or documentation).",
  "aliases": [
    "CVE-2020-15777"
  ],
  "modified": "2023-11-08T04:02:37.966985Z",
  "published": "2022-05-24T17:26:39Z",
  "database_specific": {
    "nvd_published_at": "2020-08-25T22:15:00Z",
    "cwe_ids": [
      "CWE-502"
    ],
    "severity": "HIGH",
    "github_reviewed": true,
    "github_reviewed_at": "2023-05-16T17:57:47Z"
  },
  "references": [
    {
      "type": "ADVISORY",
      "url": "https://nvd.nist.gov/vuln/detail/CVE-2020-15777"
    },
    {
      "type": "WEB",
      "url": "https://docs.gradle.com/enterprise/maven-extension/#1_6"
    },
    {
      "type": "WEB",
      "url": "https://docs.gradle.com/enterprise/maven-extension/#release_history"
    },
    {
      "type": "WEB",
      "url": "https://security.gradle.com/advisory/CVE-2020-15777"
    }
  ],
  "affected": [
    {
      "package": {
        "name": "com.gradle:gradle-enterprise-maven-extension",
        "ecosystem": "Maven",
        "purl": "pkg:maven/com.gradle/gradle-enterprise-maven-extension"
      },
      "ranges": [
        {
          "type": "ECOSYSTEM",
          "events": [
            {
              "introduced": "0"
            },
            {
              "fixed": "1.6"
            }
          ]
        }
      ],
      "versions": [
        "1.0",
        "1.0.1",
        "1.0.2",
        "1.0.3",
        "1.0.4",
        "1.0.5",
        "1.0.6",
        "1.0.7",
        "1.0.8",
        "1.1",
        "1.1.1",
        "1.1.2",
        "1.1.3",
        "1.1.4",
        "1.2",
        "1.2.1",
        "1.2.2",
        "1.2.3",
        "1.2.4",
        "1.2.5",
        "1.2.6",
        "1.2.7",
        "1.2.8",
        "1.3",
        "1.3.1",
        "1.3.2",
        "1.3.3",
        "1.3.4",
        "1.3.5",
        "1.3.6",
        "1.4",
        "1.4.1",
        "1.5",
        "1.5.1",
        "1.5.2",
        "1.5.3"
      ],
      "database_specific": {
        "source": "https://github.com/github/advisory-database/blob/main/advisories/github-reviewed/2022/05/GHSA-vp55-fhxx-vcx8/GHSA-vp55-fhxx-vcx8.json"
      }
    }
  ],
  "schema_version": "1.6.0",
  "severity": [
    {
      "type": "CVSS_V3",
      "score": "CVSS:3.1/AV:L/AC:L/PR:L/UI:N/S:U/C:H/I:H/A:H"
    }
  ]
}