{
  "id": "GHSA-qx6h-9567-5fqw",
  "summary": "Arbitrary file write in Apache Commons Fileupload",
  "details": "The DiskFileItem class in Apache Commons FileUpload, as used in Red Hat JBoss BRMS 5.3.1; JBoss Portal 4.3 CP07, 5.2.2, and 6.0.0; and Red Hat JBoss Web Server 1.0.2 allows remote attackers to write to arbitrary files via a NULL byte in a file name in a serialized instance.",
  "aliases": [
    "CVE-2013-2186"
  ],
  "modified": "2024-03-05T18:15:59.024661Z",
  "published": "2022-05-14T03:52:43Z",
  "database_specific": {
    "nvd_published_at": "2013-10-28T21:55:00Z",
    "cwe_ids": [
      "CWE-20"
    ],
    "severity": "HIGH",
    "github_reviewed": true,
    "github_reviewed_at": "2022-11-03T21:09:29Z"
  },
  "references": [
    {
      "type": "ADVISORY",
      "url": "https://nvd.nist.gov/vuln/detail/CVE-2013-2186"
    },
    {
      "type": "WEB",
      "url": "https://github.com/apache/commons-fileupload/commit/163a6061fbc077d4b6e4787d26857c2baba495d1"
    },
    {
      "type": "WEB",
      "url": "https://access.redhat.com/errata/RHSA-2016:0070"
    },
    {
      "type": "WEB",
      "url": "https://exchange.xforce.ibmcloud.com/vulnerabilities/88133"
    },
    {
      "type": "PACKAGE",
      "url": "https://github.com/apache/commons-fileupload"
    },
    {
      "type": "WEB",
      "url": "https://github.com/apache/commons-fileupload/blob/master/RELEASE-NOTES.txt"
    },
    {
      "type": "WEB",
      "url": "https://wiki.jenkins-ci.org/display/SECURITY/Jenkins+Security+Advisory+2014-10-01"
    },
    {
      "type": "WEB",
      "url": "https://www.tenable.com/security/research/tra-2016-23"
    },
    {
      "type": "WEB",
      "url": "http://lists.opensuse.org/opensuse-security-announce/2013-11/msg00008.html"
    },
    {
      "type": "WEB",
      "url": "http://lists.opensuse.org/opensuse-updates/2013-10/msg00033.html"
    },
    {
      "type": "WEB",
      "url": "http://lists.opensuse.org/opensuse-updates/2013-10/msg00050.html"
    },
    {
      "type": "WEB",
      "url": "http://rhn.redhat.com/errata/RHSA-2013-1448.html"
    },
    {
      "type": "WEB",
      "url": "http://ubuntu.com/usn/usn-2029-1"
    },
    {
      "type": "WEB",
      "url": "http://www.debian.org/security/2013/dsa-2827"
    },
    {
      "type": "WEB",
      "url": "http://www.securityfocus.com/bid/63174"
    }
  ],
  "affected": [
    {
      "package": {
        "name": "commons-fileupload:commons-fileupload",
        "ecosystem": "Maven",
        "purl": "pkg:maven/commons-fileupload/commons-fileupload"
      },
      "ranges": [
        {
          "type": "ECOSYSTEM",
          "events": [
            {
              "introduced": "0"
            },
            {
              "fixed": "1.3.1"
            }
          ]
        }
      ],
      "versions": [
        "1.0",
        "1.0-beta-1",
        "1.0-rc1",
        "1.1",
        "1.1.1",
        "1.2",
        "1.2.1",
        "1.2.2",
        "1.3"
      ],
      "database_specific": {
        "source": "https://github.com/github/advisory-database/blob/main/advisories/github-reviewed/2022/05/GHSA-qx6h-9567-5fqw/GHSA-qx6h-9567-5fqw.json"
      }
    }
  ],
  "schema_version": "1.6.0"
}