{
  "id": "GHSA-h86w-m5rm-xr33",
  "summary": "Unescaped parameters in the PostgreSQL JDBC driver",
  "details": "Interaction error in the PostgreSQL JDBC driver before 8.2, when used with a PostgreSQL server with the \"standard_conforming_strings\" option enabled, such as the default configuration of PostgreSQL 9.1, does not properly escape unspecified JDBC statement parameters, which allows remote attackers to perform SQL injection attacks.  NOTE: as of 20120330, it was claimed that the upstream developer planned to dispute this issue, but an official dispute has not been posted as of 20121005.",
  "aliases": [
    "CVE-2012-1618"
  ],
  "modified": "2023-11-08T03:57:04.274364Z",
  "published": "2022-05-17T05:20:42Z",
  "database_specific": {
    "nvd_published_at": "2012-10-06T22:55:00Z",
    "github_reviewed_at": "2023-02-14T00:32:49Z",
    "severity": "HIGH",
    "github_reviewed": true,
    "cwe_ids": []
  },
  "references": [
    {
      "type": "ADVISORY",
      "url": "https://nvd.nist.gov/vuln/detail/CVE-2012-1618"
    },
    {
      "type": "WEB",
      "url": "https://bugzilla.novell.com/show_bug.cgi?id=754273"
    },
    {
      "type": "PACKAGE",
      "url": "https://github.com/pgjdbc/pgjdbc"
    },
    {
      "type": "WEB",
      "url": "http://archives.neohapsis.com/archives/bugtraq/2012-03/0126.html"
    },
    {
      "type": "WEB",
      "url": "http://lists.opensuse.org/opensuse-security/2012-03/msg00024.html"
    },
    {
      "type": "WEB",
      "url": "http://www.openwall.com/lists/oss-security/2012/03/30/8"
    },
    {
      "type": "WEB",
      "url": "http://www.openwall.com/lists/oss-security/2012/03/30/9"
    },
    {
      "type": "WEB",
      "url": "http://www.openwall.com/lists/oss-security/2012/03/31/1"
    },
    {
      "type": "WEB",
      "url": "http://www.openwall.com/lists/oss-security/2012/04/02/4"
    },
    {
      "type": "WEB",
      "url": "http://www.openwall.com/lists/oss-security/2012/04/04/11"
    },
    {
      "type": "WEB",
      "url": "http://www.openwall.com/lists/oss-security/2012/04/04/4"
    },
    {
      "type": "WEB",
      "url": "http://www.openwall.com/lists/oss-security/2012/04/04/5"
    },
    {
      "type": "WEB",
      "url": "http://www.openwall.com/lists/oss-security/2012/04/04/9"
    },
    {
      "type": "WEB",
      "url": "http://www.osvdb.org/80641"
    }
  ],
  "affected": [
    {
      "package": {
        "name": "org.postgresql:postgresql",
        "ecosystem": "Maven",
        "purl": "pkg:maven/org.postgresql/postgresql"
      },
      "ranges": [
        {
          "type": "ECOSYSTEM",
          "events": [
            {
              "introduced": "0"
            },
            {
              "fixed": "8.2"
            }
          ]
        }
      ],
      "database_specific": {
        "source": "https://github.com/github/advisory-database/blob/main/advisories/github-reviewed/2022/05/GHSA-h86w-m5rm-xr33/GHSA-h86w-m5rm-xr33.json"
      },
      "versions": []
    }
  ],
  "schema_version": "1.6.0"
}