{
  "id": "GHSA-vrpg-c7c4-8mpx",
  "summary": "SSRF vulnerability in Jenkins Bitbucket Push and Pull Request Plugin allows capturing credentials",
  "details": "Jenkins Bitbucket Push and Pull Request Plugin 2.4.0 through 2.8.3 (both inclusive) trusts values provided in the webhook payload, including certain URLs, and uses configured Bitbucket credentials to connect to those URLs, allowing attackers to capture Bitbucket credentials stored in Jenkins by sending a crafted webhook payload.",
  "aliases": [
    "CVE-2023-41937"
  ],
  "modified": "2024-02-16T08:13:31.958028Z",
  "published": "2023-09-06T15:30:26Z",
  "database_specific": {
    "nvd_published_at": "2023-09-06T13:15:10Z",
    "cwe_ids": [
      "CWE-918"
    ],
    "severity": "HIGH",
    "github_reviewed": true,
    "github_reviewed_at": "2024-01-30T23:07:57Z"
  },
  "references": [
    {
      "type": "ADVISORY",
      "url": "https://nvd.nist.gov/vuln/detail/CVE-2023-41937"
    },
    {
      "type": "WEB",
      "url": "https://www.jenkins.io/security/advisory/2023-09-06/#SECURITY-3165"
    },
    {
      "type": "WEB",
      "url": "http://www.openwall.com/lists/oss-security/2023/09/06/9"
    }
  ],
  "affected": [
    {
      "package": {
        "name": "io.jenkins.plugins:bitbucket-push-and-pull-request",
        "ecosystem": "Maven",
        "purl": "pkg:maven/io.jenkins.plugins/bitbucket-push-and-pull-request"
      },
      "ranges": [
        {
          "type": "ECOSYSTEM",
          "events": [
            {
              "introduced": "2.4.0"
            },
            {
              "fixed": "2.8.4"
            }
          ]
        }
      ],
      "versions": [
        "2.4.0",
        "2.5",
        "2.5.1",
        "2.5.2",
        "2.6.0",
        "2.6.1",
        "2.6.2",
        "2.6.3",
        "2.6.4",
        "2.7.0",
        "2.7.1",
        "2.7.2",
        "2.7.3",
        "2.7.4",
        "2.8.0",
        "2.8.1",
        "2.8.2",
        "2.8.2-beta-1",
        "2.8.3"
      ],
      "database_specific": {
        "last_known_affected_version_range": "<= 2.8.3",
        "source": "https://github.com/github/advisory-database/blob/main/advisories/github-reviewed/2023/09/GHSA-vrpg-c7c4-8mpx/GHSA-vrpg-c7c4-8mpx.json"
      }
    }
  ],
  "schema_version": "1.6.0",
  "severity": [
    {
      "type": "CVSS_V3",
      "score": "CVSS:3.1/AV:N/AC:L/PR:N/UI:N/S:U/C:H/I:N/A:N"
    }
  ]
}