{
  "id": "GHSA-cq6m-74r4-x77g",
  "summary": "Cloud Foundry Runtime has Weak Password Recovery Mechanism for Forgotten Password",
  "details": "Cloud Foundry Runtime cf-release before 216, UAA before 2.5.2, and Pivotal Cloud Foundry (PCF) Elastic Runtime before 1.7.0 allow attackers to have unspecified impact by leveraging failure to expire password reset links.",
  "aliases": [
    "CVE-2015-5172"
  ],
  "modified": "2024-02-28T21:28:31.311682Z",
  "published": "2022-05-13T01:07:00Z",
  "database_specific": {
    "nvd_published_at": "2017-10-24T17:29:00Z",
    "cwe_ids": [
      "CWE-640"
    ],
    "severity": "CRITICAL",
    "github_reviewed": true,
    "github_reviewed_at": "2024-02-28T21:03:01Z"
  },
  "references": [
    {
      "type": "ADVISORY",
      "url": "https://nvd.nist.gov/vuln/detail/CVE-2015-5172"
    },
    {
      "type": "WEB",
      "url": "https://github.com/cloudfoundry/uaa/commit/cd31cc397fe17389d95b83d6a9caa46eebc54faf"
    },
    {
      "type": "PACKAGE",
      "url": "https://github.com/cloudfoundry/uaa"
    },
    {
      "type": "WEB",
      "url": "https://pivotal.io/security/cve-2015-5170-5173"
    }
  ],
  "affected": [
    {
      "package": {
        "name": "org.cloudfoundry.identity:cloudfoundry-identity-server",
        "ecosystem": "Maven",
        "purl": "pkg:maven/org.cloudfoundry.identity/cloudfoundry-identity-server"
      },
      "ranges": [
        {
          "type": "ECOSYSTEM",
          "events": [
            {
              "introduced": "0"
            },
            {
              "fixed": "2.5.2"
            }
          ]
        }
      ],
      "database_specific": {
        "source": "https://github.com/github/advisory-database/blob/main/advisories/github-reviewed/2022/05/GHSA-cq6m-74r4-x77g/GHSA-cq6m-74r4-x77g.json"
      },
      "versions": []
    }
  ],
  "schema_version": "1.6.0",
  "severity": [
    {
      "type": "CVSS_V3",
      "score": "CVSS:3.1/AV:N/AC:L/PR:N/UI:N/S:U/C:H/I:H/A:H"
    }
  ]
}