{
  "id": "GHSA-8vvh-crqv-jm64",
  "summary": "Exposure of Sensitive Information to an Unauthorized Actor in Apache Qpid Broker for Java",
  "details": "The Apache Qpid Broker for Java can be configured to use different so called AuthenticationProviders to handle user authentication. Among the choices are the SCRAM-SHA-1 and SCRAM-SHA-256 AuthenticationProvider types. It was discovered that these AuthenticationProviders in Apache Qpid Broker for Java 6.0.x before 6.0.6 and 6.1.x before 6.1.1 prematurely terminate the SCRAM SASL negotiation if the provided user name does not exist thus allowing remote attacker to determine the existence of user accounts. The Vulnerability does not apply to AuthenticationProviders other than SCRAM-SHA-1 and SCRAM-SHA-256.",
  "aliases": [
    "CVE-2016-8741"
  ],
  "modified": "2023-11-08T03:58:36.896724Z",
  "published": "2022-05-17T02:24:59Z",
  "database_specific": {
    "nvd_published_at": "2017-05-15T14:29:00Z",
    "cwe_ids": [
      "CWE-200"
    ],
    "severity": "HIGH",
    "github_reviewed": true,
    "github_reviewed_at": "2022-07-06T19:47:50Z"
  },
  "references": [
    {
      "type": "ADVISORY",
      "url": "https://nvd.nist.gov/vuln/detail/CVE-2016-8741"
    },
    {
      "type": "WEB",
      "url": "https://issues.apache.org/jira/browse/QPID-7599"
    },
    {
      "type": "WEB",
      "url": "http://qpid.2158936.n2.nabble.com/CVE-2016-8741-Apache-Qpid-Broker-for-Java-Information-Leakage-td7657025.html"
    },
    {
      "type": "WEB",
      "url": "http://www.securityfocus.com/bid/95136"
    },
    {
      "type": "WEB",
      "url": "http://www.securitytracker.com/id/1037537"
    }
  ],
  "affected": [
    {
      "package": {
        "name": "org.apache.qpid:qpid-broker",
        "ecosystem": "Maven",
        "purl": "pkg:maven/org.apache.qpid/qpid-broker"
      },
      "ranges": [
        {
          "type": "ECOSYSTEM",
          "events": [
            {
              "introduced": "6.0.0"
            },
            {
              "fixed": "6.0.6"
            }
          ]
        }
      ],
      "versions": [
        "6.0.0",
        "6.0.1",
        "6.0.2",
        "6.0.3",
        "6.0.4",
        "6.0.5"
      ],
      "database_specific": {
        "last_known_affected_version_range": "<= 6.0.5",
        "source": "https://github.com/github/advisory-database/blob/main/advisories/github-reviewed/2022/05/GHSA-8vvh-crqv-jm64/GHSA-8vvh-crqv-jm64.json"
      }
    },
    {
      "package": {
        "name": "org.apache.qpid:qpid-broker",
        "ecosystem": "Maven",
        "purl": "pkg:maven/org.apache.qpid/qpid-broker"
      },
      "ranges": [
        {
          "type": "ECOSYSTEM",
          "events": [
            {
              "introduced": "6.1.0"
            },
            {
              "fixed": "6.1.1"
            }
          ]
        }
      ],
      "versions": [
        "6.1.0"
      ],
      "database_specific": {
        "source": "https://github.com/github/advisory-database/blob/main/advisories/github-reviewed/2022/05/GHSA-8vvh-crqv-jm64/GHSA-8vvh-crqv-jm64.json"
      }
    }
  ],
  "schema_version": "1.6.0",
  "severity": [
    {
      "type": "CVSS_V3",
      "score": "CVSS:3.0/AV:N/AC:L/PR:N/UI:N/S:U/C:H/I:N/A:N"
    }
  ]
}