{
  "id": "GHSA-jhcr-hph9-g7wm",
  "summary": "Deserialization vulnerability in Helix workflow and REST",
  "details": "An attacker can use SnakeYAML to deserialize java.net.URLClassLoader and make it load a JAR from a specified URL, and then deserialize javax.script.ScriptEngineManager to load code using that ClassLoader. This unbounded deserialization can likely lead to remote code execution.\u00a0The code can be run in Helix REST start and Workflow creation.\n\nAffect all the versions lower and include 1.2.0.\n\nAffected products: helix-core, helix-rest\n\nMitigation: Short term, stop using any YAML based configuration and workflow creation.\n\u00a0 \u00a0 \u00a0 \u00a0 \u00a0 \u00a0 \u00a0 \u00a0 \u00a0 Long term, all Helix version bumping up to 1.3.0\u00a0\n\n",
  "aliases": [
    "CVE-2023-38647"
  ],
  "modified": "2024-10-02T21:50:32.858957Z",
  "published": "2023-07-26T09:30:15Z",
  "related": [
    "CGA-cw7p-62mp-g69c"
  ],
  "database_specific": {
    "nvd_published_at": "2023-07-26T08:15:10Z",
    "cwe_ids": [
      "CWE-502"
    ],
    "severity": "CRITICAL",
    "github_reviewed": true,
    "github_reviewed_at": "2023-07-26T17:38:44Z"
  },
  "references": [
    {
      "type": "ADVISORY",
      "url": "https://nvd.nist.gov/vuln/detail/CVE-2023-38647"
    },
    {
      "type": "WEB",
      "url": "https://github.com/apache/helix/commit/09d210fa29b18f3b4de8d32f2369dc2b31f71f43"
    },
    {
      "type": "WEB",
      "url": "https://github.com/apache/helix/commit/eabfda26b18c72f4f945dcaac5756665c6a2cdac"
    },
    {
      "type": "WEB",
      "url": "https://lists.apache.org/thread/zyqxhv0lc2z9w3tgr8ttrdy2zfh5jvc4"
    }
  ],
  "affected": [
    {
      "package": {
        "name": "org.apache.helix:helix-core",
        "ecosystem": "Maven",
        "purl": "pkg:maven/org.apache.helix/helix-core"
      },
      "ranges": [
        {
          "type": "ECOSYSTEM",
          "events": [
            {
              "introduced": "0"
            },
            {
              "fixed": "1.3.0"
            }
          ]
        }
      ],
      "versions": [
        "0.6.0-incubating",
        "0.6.1-incubating",
        "0.6.2-incubating",
        "0.6.3",
        "0.6.4",
        "0.6.5",
        "0.6.6",
        "0.6.7",
        "0.6.8",
        "0.6.9",
        "0.7.0-incubating",
        "0.7.1",
        "0.8.0",
        "0.8.1",
        "0.8.2",
        "0.8.3",
        "0.8.4",
        "0.9.0",
        "0.9.0.1",
        "0.9.1",
        "0.9.10",
        "0.9.4",
        "0.9.7",
        "0.9.8",
        "0.9.9",
        "1.0.0",
        "1.0.1",
        "1.0.2",
        "1.0.3",
        "1.0.4",
        "1.1.0",
        "1.2.0"
      ],
      "database_specific": {
        "source": "https://github.com/github/advisory-database/blob/main/advisories/github-reviewed/2023/07/GHSA-jhcr-hph9-g7wm/GHSA-jhcr-hph9-g7wm.json"
      }
    },
    {
      "package": {
        "name": "org.apache.helix:helix-rest",
        "ecosystem": "Maven",
        "purl": "pkg:maven/org.apache.helix/helix-rest"
      },
      "ranges": [
        {
          "type": "ECOSYSTEM",
          "events": [
            {
              "introduced": "0"
            },
            {
              "fixed": "1.3.0"
            }
          ]
        }
      ],
      "versions": [
        "0.8.0",
        "0.8.1",
        "0.8.2",
        "0.8.3",
        "0.8.4",
        "0.9.0",
        "0.9.0.1",
        "0.9.1",
        "0.9.10",
        "0.9.4",
        "0.9.7",
        "0.9.8",
        "0.9.9",
        "1.0.0",
        "1.0.1",
        "1.0.2",
        "1.0.3",
        "1.0.4",
        "1.1.0",
        "1.2.0"
      ],
      "database_specific": {
        "source": "https://github.com/github/advisory-database/blob/main/advisories/github-reviewed/2023/07/GHSA-jhcr-hph9-g7wm/GHSA-jhcr-hph9-g7wm.json"
      }
    }
  ],
  "schema_version": "1.6.0",
  "severity": [
    {
      "type": "CVSS_V3",
      "score": "CVSS:3.1/AV:N/AC:L/PR:N/UI:N/S:U/C:H/I:H/A:H"
    },
    {
      "type": "CVSS_V4",
      "score": "CVSS:4.0/AV:N/AC:L/AT:N/PR:N/UI:N/VC:H/VI:H/VA:H/SC:N/SI:N/SA:N"
    }
  ]
}