{
  "id": "GHSA-pc24-753j-gmqf",
  "summary": "Jenkins Ansible Tower Plugin missing permission check",
  "details": "Jenkins Ansible Tower Plugin did not perform permission checks on a method implementing form validation. This allowed users with Overall/Read access to Jenkins to connect to an attacker-specified URL using attacker-specified credentials IDs obtained through another method, capturing credentials stored in Jenkins.\n\nAdditionally, this form validation method did not require POST requests, resulting in a cross-site request forgery vulnerability.\n\nThis form validation method now requires POST requests and Overall/Administer permissions.",
  "aliases": [
    "CVE-2019-10311"
  ],
  "modified": "2024-02-16T08:12:41.549509Z",
  "published": "2022-05-24T16:44:55Z",
  "database_specific": {
    "nvd_published_at": "2019-04-30T13:29:00Z",
    "cwe_ids": [
      "CWE-862"
    ],
    "severity": "HIGH",
    "github_reviewed": true,
    "github_reviewed_at": "2023-10-26T21:48:24Z"
  },
  "references": [
    {
      "type": "ADVISORY",
      "url": "https://nvd.nist.gov/vuln/detail/CVE-2019-10311"
    },
    {
      "type": "WEB",
      "url": "https://web.archive.org/web/20200227073756/http://www.securityfocus.com/bid/108159"
    },
    {
      "type": "WEB",
      "url": "https://www.jenkins.io/security/advisory/2019-04-30/#SECURITY-1355%20(1)"
    },
    {
      "type": "WEB",
      "url": "http://www.openwall.com/lists/oss-security/2019/04/30/5"
    }
  ],
  "affected": [
    {
      "package": {
        "name": "org.jenkins-ci.plugins:ansible-tower",
        "ecosystem": "Maven",
        "purl": "pkg:maven/org.jenkins-ci.plugins/ansible-tower"
      },
      "ranges": [
        {
          "type": "ECOSYSTEM",
          "events": [
            {
              "introduced": "0"
            },
            {
              "fixed": "0.9.2"
            }
          ]
        }
      ],
      "versions": [
        "0.5.0",
        "0.5.1",
        "0.5.2",
        "0.5.3",
        "0.5.4",
        "0.6.0",
        "0.6.1",
        "0.7.0",
        "0.8.0",
        "0.8.1",
        "0.8.2",
        "0.8.3",
        "0.8.4",
        "0.8.5",
        "0.8.6",
        "0.8.7",
        "0.9.0",
        "0.9.1"
      ],
      "database_specific": {
        "last_known_affected_version_range": "<= 0.9.1",
        "source": "https://github.com/github/advisory-database/blob/main/advisories/github-reviewed/2022/05/GHSA-pc24-753j-gmqf/GHSA-pc24-753j-gmqf.json"
      }
    }
  ],
  "schema_version": "1.6.0",
  "severity": [
    {
      "type": "CVSS_V3",
      "score": "CVSS:3.1/AV:N/AC:L/PR:L/UI:N/S:U/C:H/I:H/A:H"
    }
  ]
}