{
  "id": "GHSA-4grc-q4fj-45p8",
  "summary": "Improper Input Validation In Eclipse BIRT",
  "details": "In Eclipse BIRT, starting from version 2.6.2, the default configuration allowed to retrieve a report from the same host using an absolute HTTP path for the report parameter (e.g. __report=http://xyz.com/report.rptdesign). If the host indicated in the __report parameter matched the HTTP Host header value, the report would be retrieved. However, the Host header can be tampered with on some configurations where no virtual hosts are put in place (e.g. in the default configuration of Apache Tomcat) or when the default host points to the BIRT server. This vulnerability was patched on Eclipse BIRT 4.13.",
  "aliases": [
    "CVE-2023-0100"
  ],
  "modified": "2023-11-08T04:11:05.517864Z",
  "published": "2023-03-15T15:30:22Z",
  "database_specific": {
    "nvd_published_at": "2023-03-15T15:15:00Z",
    "github_reviewed_at": "2023-03-16T13:26:41Z",
    "severity": "HIGH",
    "github_reviewed": true,
    "cwe_ids": [
      "CWE-20"
    ]
  },
  "references": [
    {
      "type": "ADVISORY",
      "url": "https://nvd.nist.gov/vuln/detail/CVE-2023-0100"
    },
    {
      "type": "WEB",
      "url": "https://github.com/eclipse/birt/pull/1165"
    },
    {
      "type": "WEB",
      "url": "https://bugs.eclipse.org/bugs/show_bug.cgi?id=580391"
    },
    {
      "type": "PACKAGE",
      "url": "https://github.com/eclipse/birt"
    }
  ],
  "affected": [
    {
      "package": {
        "name": "org.eclipse.birt:org.eclipse.birt.report.viewer",
        "ecosystem": "Maven",
        "purl": "pkg:maven/org.eclipse.birt/org.eclipse.birt.report.viewer"
      },
      "ranges": [
        {
          "type": "ECOSYSTEM",
          "events": [
            {
              "introduced": "2.6.2"
            },
            {
              "fixed": "4.13"
            }
          ]
        }
      ],
      "versions": [
        "4.9.0"
      ],
      "database_specific": {
        "source": "https://github.com/github/advisory-database/blob/main/advisories/github-reviewed/2023/03/GHSA-4grc-q4fj-45p8/GHSA-4grc-q4fj-45p8.json"
      }
    }
  ],
  "schema_version": "1.6.0",
  "severity": [
    {
      "type": "CVSS_V3",
      "score": "CVSS:3.1/AV:N/AC:L/PR:L/UI:N/S:U/C:H/I:H/A:H"
    }
  ]
}