{
  "id": "GHSA-9hx8-2mrv-r674",
  "summary": "Deserialization of Untrusted Data in Apache jUDDI",
  "details": "Apache jUDDI uses several classes related to Java's Remote Method Invocation (RMI) which (as an extension to UDDI) provides an alternate transport for accessing UDDI services.\n\nRMI uses the default Java serialization mechanism to pass parameters in RMI invocations. A remote attacker can send a malicious serialized object to the above RMI entries. The objects get deserialized without any check on the incoming data. In the worst case, it may let the attacker run arbitrary code remotely. \n\nFor both jUDDI web service applications and jUDDI clients, the usage of RMI is disabled by default. Since this is an optional feature and an extension to the UDDI protocol, the likelihood of impact is low. Starting with 3.3.10, all RMI related code was removed.",
  "aliases": [
    "CVE-2021-37578"
  ],
  "modified": "2023-11-08T04:06:18.699518Z",
  "published": "2021-08-09T20:41:37Z",
  "database_specific": {
    "nvd_published_at": "2021-07-29T07:15:00Z",
    "github_reviewed_at": "2021-08-02T18:16:42Z",
    "severity": "CRITICAL",
    "github_reviewed": true,
    "cwe_ids": [
      "CWE-502"
    ]
  },
  "references": [
    {
      "type": "ADVISORY",
      "url": "https://nvd.nist.gov/vuln/detail/CVE-2021-37578"
    },
    {
      "type": "WEB",
      "url": "https://github.com/apache/juddi/commit/dd880ffe7694a70cee75efeee79c9197d261866f"
    },
    {
      "type": "PACKAGE",
      "url": "https://github.com/apache/juddi"
    },
    {
      "type": "WEB",
      "url": "https://lists.apache.org/thread.html/r82047b3ba774cf870ea8e1e9ec51c6107f6cd056d4e36608148c6e71%40%3Cprivate.juddi.apache.org%3E"
    },
    {
      "type": "WEB",
      "url": "http://www.openwall.com/lists/oss-security/2021/07/29/1"
    }
  ],
  "affected": [
    {
      "package": {
        "name": "org.apache.juddi:juddi-core",
        "ecosystem": "Maven",
        "purl": "pkg:maven/org.apache.juddi/juddi-core"
      },
      "ranges": [
        {
          "type": "ECOSYSTEM",
          "events": [
            {
              "introduced": "0"
            },
            {
              "fixed": "3.3.10"
            }
          ]
        }
      ],
      "versions": [
        "3.0.0",
        "3.0.0.alpha",
        "3.0.0.beta",
        "3.0.0.rc1",
        "3.0.1",
        "3.0.2",
        "3.0.3",
        "3.0.4",
        "3.1.0",
        "3.1.1",
        "3.1.2",
        "3.1.3",
        "3.1.4",
        "3.1.5",
        "3.2.0",
        "3.2.1",
        "3.3.0",
        "3.3.1",
        "3.3.2",
        "3.3.3",
        "3.3.4",
        "3.3.5",
        "3.3.6",
        "3.3.7",
        "3.3.8",
        "3.3.9"
      ],
      "database_specific": {
        "source": "https://github.com/github/advisory-database/blob/main/advisories/github-reviewed/2021/08/GHSA-9hx8-2mrv-r674/GHSA-9hx8-2mrv-r674.json"
      }
    }
  ],
  "schema_version": "1.6.0",
  "severity": [
    {
      "type": "CVSS_V3",
      "score": "CVSS:3.1/AV:N/AC:L/PR:N/UI:N/S:U/C:H/I:H/A:H"
    }
  ]
}