{
  "id": "GHSA-cmx4-p4v5-hmr5",
  "summary": "Server-side request forgery (SSRF) in Apache Batik",
  "details": "Apache Batik is vulnerable to server-side request forgery, caused by improper input validation by the \"xlink:href\" attributes. By using a specially-crafted argument, an attacker could exploit this vulnerability to cause the underlying server to make arbitrary GET requests.",
  "aliases": [
    "CVE-2019-17566"
  ],
  "modified": "2024-02-16T08:14:56.668102Z",
  "published": "2022-02-09T00:46:46Z",
  "database_specific": {
    "nvd_published_at": "2020-11-12T18:15:00Z",
    "cwe_ids": [
      "CWE-20",
      "CWE-918"
    ],
    "severity": "HIGH",
    "github_reviewed": true,
    "github_reviewed_at": "2021-03-31T20:43:02Z"
  },
  "references": [
    {
      "type": "ADVISORY",
      "url": "https://nvd.nist.gov/vuln/detail/CVE-2019-17566"
    },
    {
      "type": "WEB",
      "url": "https://github.com/apache/xmlgraphics-batik/commit/bc6078ca949039e2076cd08b4cb169c84c1179b1"
    },
    {
      "type": "PACKAGE",
      "url": "https://github.com/apache/xmlgraphics-batik"
    },
    {
      "type": "WEB",
      "url": "https://issues.apache.org/jira/browse/BATIK-1276"
    },
    {
      "type": "WEB",
      "url": "https://lists.apache.org/thread.html/rab94fe68b180d2e2fba97abf6fe1ec83cff826be25f86cd90f047171%40%3Ccommits.myfaces.apache.org%3E"
    },
    {
      "type": "WEB",
      "url": "https://lists.apache.org/thread.html/rab94fe68b180d2e2fba97abf6fe1ec83cff826be25f86cd90f047171@%3Ccommits.myfaces.apache.org%3E"
    },
    {
      "type": "WEB",
      "url": "https://lists.apache.org/thread.html/rcab14a9ec91aa4c151e0729966282920423eff50a22759fd21db6509%40%3Ccommits.myfaces.apache.org%3E"
    },
    {
      "type": "WEB",
      "url": "https://lists.apache.org/thread.html/rcab14a9ec91aa4c151e0729966282920423eff50a22759fd21db6509@%3Ccommits.myfaces.apache.org%3E"
    },
    {
      "type": "WEB",
      "url": "https://security.gentoo.org/glsa/202401-11"
    },
    {
      "type": "WEB",
      "url": "https://www.oracle.com//security-alerts/cpujul2021.html"
    },
    {
      "type": "WEB",
      "url": "https://www.oracle.com/security-alerts/cpuApr2021.html"
    },
    {
      "type": "WEB",
      "url": "https://www.oracle.com/security-alerts/cpujan2021.html"
    },
    {
      "type": "WEB",
      "url": "https://www.oracle.com/security-alerts/cpujan2022.html"
    },
    {
      "type": "WEB",
      "url": "https://www.oracle.com/security-alerts/cpujul2022.html"
    },
    {
      "type": "WEB",
      "url": "https://www.oracle.com/security-alerts/cpuoct2021.html"
    },
    {
      "type": "WEB",
      "url": "https://xmlgraphics.apache.org/security.html"
    }
  ],
  "affected": [
    {
      "package": {
        "name": "org.apache.xmlgraphics:batik",
        "ecosystem": "Maven",
        "purl": "pkg:maven/org.apache.xmlgraphics/batik"
      },
      "ranges": [
        {
          "type": "ECOSYSTEM",
          "events": [
            {
              "introduced": "0"
            },
            {
              "fixed": "1.13"
            }
          ]
        }
      ],
      "versions": [
        "1.10",
        "1.11",
        "1.12",
        "1.9.1"
      ],
      "database_specific": {
        "source": "https://github.com/github/advisory-database/blob/main/advisories/github-reviewed/2022/02/GHSA-cmx4-p4v5-hmr5/GHSA-cmx4-p4v5-hmr5.json"
      }
    }
  ],
  "schema_version": "1.6.0",
  "severity": [
    {
      "type": "CVSS_V3",
      "score": "CVSS:3.1/AV:N/AC:L/PR:N/UI:N/S:U/C:N/I:H/A:N"
    }
  ]
}