{
  "id": "GHSA-9rhc-vjjp-gccw",
  "summary": "Stored XSS vulnerability in Locked Files Report Plugin",
  "details": "Jenkins Locked Files Report Plugin 1.6 and earlier does not escape locked files' names in tooltips, resulting in a stored cross-site scripting (XSS) vulnerability exploitable by attackers with Job/Configure permission.",
  "aliases": [
    "CVE-2020-2271"
  ],
  "modified": "2024-02-16T08:03:46.952956Z",
  "published": "2022-05-24T17:28:26Z",
  "database_specific": {
    "nvd_published_at": "2020-09-16T14:15:00Z",
    "cwe_ids": [
      "CWE-79"
    ],
    "severity": "HIGH",
    "github_reviewed": true,
    "github_reviewed_at": "2022-12-29T01:45:19Z"
  },
  "references": [
    {
      "type": "ADVISORY",
      "url": "https://nvd.nist.gov/vuln/detail/CVE-2020-2271"
    },
    {
      "type": "PACKAGE",
      "url": "https://github.com/jenkinsci/locked-files-report-plugin"
    },
    {
      "type": "WEB",
      "url": "https://www.jenkins.io/security/advisory/2020-09-16/#SECURITY-1921"
    },
    {
      "type": "WEB",
      "url": "http://www.openwall.com/lists/oss-security/2020/09/16/3"
    }
  ],
  "affected": [
    {
      "package": {
        "name": "org.jvnet.hudson.plugins:locked-files-report",
        "ecosystem": "Maven",
        "purl": "pkg:maven/org.jvnet.hudson.plugins/locked-files-report"
      },
      "ranges": [
        {
          "type": "ECOSYSTEM",
          "events": [
            {
              "introduced": "0"
            },
            {
              "last_affected": "1.6"
            }
          ]
        }
      ],
      "versions": [
        "1.0",
        "1.1",
        "1.3",
        "1.5",
        "1.6"
      ],
      "database_specific": {
        "source": "https://github.com/github/advisory-database/blob/main/advisories/github-reviewed/2022/05/GHSA-9rhc-vjjp-gccw/GHSA-9rhc-vjjp-gccw.json"
      }
    }
  ],
  "schema_version": "1.6.0",
  "severity": [
    {
      "type": "CVSS_V3",
      "score": "CVSS:3.1/AV:N/AC:L/PR:L/UI:R/S:U/C:H/I:H/A:H"
    }
  ]
}