{
  "id": "GHSA-5q66-v53q-pm35",
  "summary": "Keycloak vulnerable to Plaintext Storage of User Password",
  "details": "A flaw was discovered in Keycloak Core package.  When a user registers itself through registration flow, the \"password\" and \"password-confirm\" field from the form will occur as regular attributes in the users attributes. The password is also created, but the user attributes must not be there. This way, any entities (all users and clients with proper rights/roles) are able to retrieve the users passwords in clear-text. \n\n### Impact\nPasswords for self-registered users are stored as cleartext attributes associated with the user. \n\n### Mitigation\nDisable self-registration for users in all realms until patched.\n\n",
  "aliases": [
    "CVE-2023-4918"
  ],
  "modified": "2023-11-08T04:13:44.502438Z",
  "published": "2023-09-12T21:10:37Z",
  "database_specific": {
    "nvd_published_at": "2023-09-12T20:15:10Z",
    "cwe_ids": [
      "CWE-256",
      "CWE-319"
    ],
    "severity": "HIGH",
    "github_reviewed": true,
    "github_reviewed_at": "2023-09-12T21:10:37Z"
  },
  "references": [
    {
      "type": "WEB",
      "url": "https://github.com/keycloak/keycloak/security/advisories/GHSA-5q66-v53q-pm35"
    },
    {
      "type": "ADVISORY",
      "url": "https://nvd.nist.gov/vuln/detail/CVE-2023-4918"
    },
    {
      "type": "WEB",
      "url": "https://access.redhat.com/security/cve/CVE-2023-4918"
    },
    {
      "type": "WEB",
      "url": "https://bugzilla.redhat.com/show_bug.cgi?id=2238588"
    },
    {
      "type": "PACKAGE",
      "url": "https://github.com/keycloak/keycloak"
    }
  ],
  "affected": [
    {
      "package": {
        "name": "org.keycloak:keycloak-core",
        "ecosystem": "Maven",
        "purl": "pkg:maven/org.keycloak/keycloak-core"
      },
      "ranges": [
        {
          "type": "ECOSYSTEM",
          "events": [
            {
              "introduced": "22.0.2"
            },
            {
              "fixed": "22.0.3"
            }
          ]
        }
      ],
      "versions": [
        "22.0.2"
      ],
      "database_specific": {
        "source": "https://github.com/github/advisory-database/blob/main/advisories/github-reviewed/2023/09/GHSA-5q66-v53q-pm35/GHSA-5q66-v53q-pm35.json"
      }
    }
  ],
  "schema_version": "1.6.0",
  "severity": [
    {
      "type": "CVSS_V3",
      "score": "CVSS:3.1/AV:N/AC:L/PR:L/UI:N/S:U/C:H/I:H/A:H"
    }
  ]
}