{
  "id": "GHSA-wv7w-rj2x-556x",
  "summary": "Apache Ivy vulnerable to path traversal",
  "details": "When Apache Ivy downloads artifacts from a repository it stores them in the local file system based on a user-supplied \"pattern\" that may include placeholders for artifacts coordinates like the organisation, module or version. If said coordinates contain \"../\" sequences - which are valid characters for Ivy coordinates in general - it is possible the artifacts are stored outside of Ivy's local cache or repository or can overwrite different artifacts inside of the local cache. In order to exploit this vulnerability an attacker needs collaboration by the remote repository as Ivy will issue http requests containing \"..\" sequences and a \"normal\" repository will not interpret them as part of the artifact coordinates. Users of Apache Ivy versions 2.0.0 to 2.5.1 should upgrade to Ivy 2.5.1.",
  "aliases": [
    "CVE-2022-37866"
  ],
  "modified": "2024-02-16T08:14:52.909242Z",
  "published": "2022-11-07T19:00:20Z",
  "related": [
    "CGA-49p2-pm86-w99m"
  ],
  "database_specific": {
    "nvd_published_at": "2022-11-07T14:15:00Z",
    "cwe_ids": [
      "CWE-22"
    ],
    "severity": "HIGH",
    "github_reviewed": true,
    "github_reviewed_at": "2022-11-07T21:54:25Z"
  },
  "references": [
    {
      "type": "ADVISORY",
      "url": "https://nvd.nist.gov/vuln/detail/CVE-2022-37866"
    },
    {
      "type": "WEB",
      "url": "https://lists.apache.org/thread/htxbr8oc464hxrgroftnz3my70whk93b"
    },
    {
      "type": "WEB",
      "url": "https://lists.fedoraproject.org/archives/list/package-announce@lists.fedoraproject.org/message/YDIFDL5WSBEKBUVKTABUFDDD25SBNJLS"
    }
  ],
  "affected": [
    {
      "package": {
        "name": "org.apache.ivy:ivy",
        "ecosystem": "Maven",
        "purl": "pkg:maven/org.apache.ivy/ivy"
      },
      "ranges": [
        {
          "type": "ECOSYSTEM",
          "events": [
            {
              "introduced": "2.0.0"
            },
            {
              "fixed": "2.5.1"
            }
          ]
        }
      ],
      "versions": [
        "2.0.0",
        "2.1.0",
        "2.1.0-rc1",
        "2.1.0-rc2",
        "2.2.0",
        "2.2.0-rc1",
        "2.3.0",
        "2.3.0-rc1",
        "2.3.0-rc2",
        "2.4.0",
        "2.4.0-rc1",
        "2.5.0",
        "2.5.0-rc1"
      ],
      "database_specific": {
        "source": "https://github.com/github/advisory-database/blob/main/advisories/github-reviewed/2022/11/GHSA-wv7w-rj2x-556x/GHSA-wv7w-rj2x-556x.json"
      }
    }
  ],
  "schema_version": "1.6.0",
  "severity": [
    {
      "type": "CVSS_V3",
      "score": "CVSS:3.1/AV:N/AC:L/PR:N/UI:N/S:U/C:N/I:H/A:N"
    }
  ]
}