{
  "id": "GHSA-7jh8-ghwc-82cw",
  "summary": "Cross-site Scripting (XSS) vulnerability in Jenkins Continuous Integration with Toad Edge Plugin",
  "details": "Jenkins Continuous Integration with Toad Edge Plugin 2.3 and earlier does not apply Content-Security-Policy headers to report files it serves, resulting in a stored cross-site scripting (XSS) exploitable by attackers with Item/Configure permission or otherwise able to control report contents.",
  "aliases": [
    "CVE-2022-28145"
  ],
  "modified": "2024-02-16T08:17:36.924095Z",
  "published": "2022-03-30T00:00:24Z",
  "database_specific": {
    "nvd_published_at": "2022-03-29T13:15:00Z",
    "cwe_ids": [
      "CWE-79"
    ],
    "severity": "HIGH",
    "github_reviewed": true,
    "github_reviewed_at": "2022-11-29T23:20:43Z"
  },
  "references": [
    {
      "type": "ADVISORY",
      "url": "https://nvd.nist.gov/vuln/detail/CVE-2022-28145"
    },
    {
      "type": "WEB",
      "url": "https://github.com/jenkinsci/ci-with-toad-edge-plugin/commit/d6b2292949d0cddf4a2981fefbf3e30d1dfcd88a"
    },
    {
      "type": "PACKAGE",
      "url": "https://github.com/jenkinsci/ci-with-toad-edge-plugin"
    },
    {
      "type": "WEB",
      "url": "https://www.jenkins.io/security/advisory/2022-03-29/#SECURITY-1892"
    },
    {
      "type": "WEB",
      "url": "http://www.openwall.com/lists/oss-security/2022/03/29/1"
    }
  ],
  "affected": [
    {
      "package": {
        "name": "org.jenkins-ci.plugins:ci-with-toad-edge",
        "ecosystem": "Maven",
        "purl": "pkg:maven/org.jenkins-ci.plugins/ci-with-toad-edge"
      },
      "ranges": [
        {
          "type": "ECOSYSTEM",
          "events": [
            {
              "introduced": "0"
            },
            {
              "fixed": "2.4"
            }
          ]
        }
      ],
      "versions": [
        "1.0",
        "1.2",
        "2.0",
        "2.2",
        "2.3"
      ],
      "database_specific": {
        "source": "https://github.com/github/advisory-database/blob/main/advisories/github-reviewed/2022/03/GHSA-7jh8-ghwc-82cw/GHSA-7jh8-ghwc-82cw.json"
      }
    }
  ],
  "schema_version": "1.6.0",
  "severity": [
    {
      "type": "CVSS_V3",
      "score": "CVSS:3.1/AV:N/AC:L/PR:L/UI:R/S:U/C:H/I:H/A:H"
    }
  ]
}