{
  "id": "GHSA-7g54-vgp6-jj5w",
  "summary": "XML External Entity Reference in Apache Sling",
  "details": "In the XSS Protection API module before 1.0.12 in Apache Sling, the method XSS.getValidXML() uses an insecure SAX parser to validate the input string, which allows for XXE attacks in all scripts which use this method to validate user input, potentially allowing an attacker to read sensitive data on the filesystem, perform same-site-request-forgery (SSRF), port-scanning behind the firewall or DoS the application.",
  "aliases": [
    "CVE-2016-6798"
  ],
  "modified": "2024-02-16T08:11:04.782695Z",
  "published": "2022-05-17T02:26:22Z",
  "database_specific": {
    "nvd_published_at": "2017-07-19T15:29:00Z",
    "cwe_ids": [
      "CWE-611"
    ],
    "severity": "CRITICAL",
    "github_reviewed": true,
    "github_reviewed_at": "2022-11-03T20:48:21Z"
  },
  "references": [
    {
      "type": "ADVISORY",
      "url": "https://nvd.nist.gov/vuln/detail/CVE-2016-6798"
    },
    {
      "type": "WEB",
      "url": "https://github.com/apache/sling-org-apache-sling-xss/commit/de32b144ad2be3367559f6184d560db42a220529"
    },
    {
      "type": "WEB",
      "url": "https://github.com/jensdietrich/xshady-release/tree/main/CVE-2016-6798"
    },
    {
      "type": "WEB",
      "url": "https://lists.apache.org/thread.html/b72c3a511592ec70729b3ec2d29302b6ce87bbeab62d4745617a6bd0@%3Cdev.sling.apache.org%3E"
    },
    {
      "type": "WEB",
      "url": "http://www.securityfocus.com/bid/99873"
    }
  ],
  "affected": [
    {
      "package": {
        "name": "org.apache.sling:org.apache.sling.xss",
        "ecosystem": "Maven",
        "purl": "pkg:maven/org.apache.sling/org.apache.sling.xss"
      },
      "ranges": [
        {
          "type": "ECOSYSTEM",
          "events": [
            {
              "introduced": "0"
            },
            {
              "fixed": "1.0.12"
            }
          ]
        }
      ],
      "versions": [
        "1.0.0",
        "1.0.2",
        "1.0.4",
        "1.0.6",
        "1.0.8"
      ],
      "database_specific": {
        "source": "https://github.com/github/advisory-database/blob/main/advisories/github-reviewed/2022/05/GHSA-7g54-vgp6-jj5w/GHSA-7g54-vgp6-jj5w.json"
      }
    },
    {
      "package": {
        "name": "org.apache.sling:org.apache.sling.xss.compat",
        "ecosystem": "Maven",
        "purl": "pkg:maven/org.apache.sling/org.apache.sling.xss.compat"
      },
      "ranges": [
        {
          "type": "ECOSYSTEM",
          "events": [
            {
              "introduced": "0"
            },
            {
              "fixed": "1.1.0"
            }
          ]
        }
      ],
      "versions": [
        "1.0.0"
      ],
      "database_specific": {
        "source": "https://github.com/github/advisory-database/blob/main/advisories/github-reviewed/2022/05/GHSA-7g54-vgp6-jj5w/GHSA-7g54-vgp6-jj5w.json"
      }
    }
  ],
  "schema_version": "1.6.0",
  "severity": [
    {
      "type": "CVSS_V3",
      "score": "CVSS:3.0/AV:N/AC:L/PR:N/UI:N/S:U/C:H/I:H/A:H"
    }
  ]
}