{
  "id": "GHSA-jpv3-g4cc-6vfx",
  "summary": "Improper Control of Generation of Code ('Code Injection') in org.apache.activemq:activemq-client",
  "details": "In Apache ActiveMQ 5.0.0 - 5.15.8, unmarshalling corrupt MQTT frame can lead to broker Out of Memory exception making it unresponsive.",
  "aliases": [
    "CVE-2019-0222"
  ],
  "modified": "2024-03-14T22:16:37.154401Z",
  "published": "2019-04-02T15:46:42Z",
  "database_specific": {
    "nvd_published_at": "2019-03-28T22:29:00Z",
    "cwe_ids": [
      "CWE-94"
    ],
    "severity": "HIGH",
    "github_reviewed": true,
    "github_reviewed_at": "2020-06-16T21:44:05Z"
  },
  "references": [
    {
      "type": "ADVISORY",
      "url": "https://nvd.nist.gov/vuln/detail/CVE-2019-0222"
    },
    {
      "type": "WEB",
      "url": "https://github.com/apache/activemq/commit/98b9f2e"
    },
    {
      "type": "WEB",
      "url": "https://github.com/apache/activemq/commit/f78c0962ffb46fae3397eed6b7ec1e6e15045031"
    },
    {
      "type": "WEB",
      "url": "https://www.oracle.com/technetwork/security-advisory/cpujul2019-5072835.html"
    },
    {
      "type": "WEB",
      "url": "https://www.oracle.com/security-alerts/cpujul2020.html"
    },
    {
      "type": "WEB",
      "url": "https://www.oracle.com/security-alerts/cpuapr2020.html"
    },
    {
      "type": "WEB",
      "url": "https://web.archive.org/web/20190404065432/http://www.securityfocus.com/bid/107622"
    },
    {
      "type": "WEB",
      "url": "https://security.netapp.com/advisory/ntap-20190502-0006"
    },
    {
      "type": "WEB",
      "url": "https://lists.debian.org/debian-lts-announce/2021/03/msg00005.html"
    },
    {
      "type": "WEB",
      "url": "https://lists.debian.org/debian-lts-announce/2021/03/msg00004.html"
    },
    {
      "type": "WEB",
      "url": "https://lists.apache.org/thread.html/re4672802b0e5ed67c08c9e77057d52138e062f77cc09581b723cf95a@%3Ccommits.activemq.apache.org%3E"
    },
    {
      "type": "WEB",
      "url": "https://lists.apache.org/thread.html/rb698ed085f79e56146ca24ab359c9ef95846618675ea1ef402e04a6d@%3Ccommits.activemq.apache.org%3E"
    },
    {
      "type": "WEB",
      "url": "https://lists.apache.org/thread.html/r946488fb942fd35c6a6e0359f52504a558ed438574a8f14d36d7dcd7@%3Ccommits.activemq.apache.org%3E"
    },
    {
      "type": "WEB",
      "url": "https://lists.apache.org/thread.html/fcbe6ad00f1de142148c20d813fae3765dc4274955e3e2f3ca19ff7b@%3Cdev.activemq.apache.org%3E"
    },
    {
      "type": "WEB",
      "url": "https://lists.apache.org/thread.html/d1e334bd71d6e68462c62c726fe6db565c7a6283302f9c1feed087fa@%3Ccommits.activemq.apache.org%3E"
    },
    {
      "type": "WEB",
      "url": "https://lists.apache.org/thread.html/a859563f05fbe7c31916b3178c2697165bd9bbf5a65d1cf62aef27d2@%3Ccommits.activemq.apache.org%3E"
    },
    {
      "type": "WEB",
      "url": "https://lists.apache.org/thread.html/7da9636557118178b1690ba0af49c8a7b7b97d925218b5774622f488@%3Cusers.activemq.apache.org%3E"
    },
    {
      "type": "WEB",
      "url": "https://lists.apache.org/thread.html/71640324661c1b6d0b6708bd4fb20170e1b979370a4b8cddc4f8d485@%3Cdev.activemq.apache.org%3E"
    },
    {
      "type": "WEB",
      "url": "https://lists.apache.org/thread.html/2b5c0039197a4949f29e1e2c9441ab38d242946b966f61c110808bcc@%3Ccommits.activemq.apache.org%3E"
    },
    {
      "type": "WEB",
      "url": "https://lists.apache.org/thread.html/03f91b1fb85686a848cee6b90112cf6059bd1b21b23bacaa11a962e1@%3Cdev.activemq.apache.org%3E"
    },
    {
      "type": "PACKAGE",
      "url": "https://github.com/apache/activemq"
    },
    {
      "type": "WEB",
      "url": "http://activemq.apache.org/security-advisories.data/CVE-2019-0222-announcement.txt"
    },
    {
      "type": "WEB",
      "url": "http://www.openwall.com/lists/oss-security/2019/03/27/2"
    }
  ],
  "affected": [
    {
      "package": {
        "name": "org.apache.activemq:activemq-client",
        "ecosystem": "Maven",
        "purl": "pkg:maven/org.apache.activemq/activemq-client"
      },
      "ranges": [
        {
          "type": "ECOSYSTEM",
          "events": [
            {
              "introduced": "5.0.0"
            },
            {
              "fixed": "5.15.9"
            }
          ]
        }
      ],
      "versions": [
        "5.10.0",
        "5.10.1",
        "5.10.2",
        "5.11.0",
        "5.11.1",
        "5.11.2",
        "5.11.3",
        "5.11.4",
        "5.12.0",
        "5.12.1",
        "5.12.2",
        "5.12.3",
        "5.13.0",
        "5.13.1",
        "5.13.2",
        "5.13.3",
        "5.13.4",
        "5.13.5",
        "5.14.0",
        "5.14.1",
        "5.14.2",
        "5.14.3",
        "5.14.4",
        "5.14.5",
        "5.15.0",
        "5.15.1",
        "5.15.2",
        "5.15.3",
        "5.15.4",
        "5.15.5",
        "5.15.6",
        "5.15.7",
        "5.15.8",
        "5.8.0",
        "5.9.0",
        "5.9.1"
      ],
      "database_specific": {
        "source": "https://github.com/github/advisory-database/blob/main/advisories/github-reviewed/2019/04/GHSA-jpv3-g4cc-6vfx/GHSA-jpv3-g4cc-6vfx.json"
      }
    }
  ],
  "schema_version": "1.6.0",
  "severity": [
    {
      "type": "CVSS_V3",
      "score": "CVSS:3.1/AV:N/AC:L/PR:N/UI:N/S:U/C:N/I:N/A:H"
    }
  ]
}