{
  "id": "GHSA-jx7x-rf3f-j644",
  "summary": "Jenkins CloudBees CD Plugin vulnerable to arbitrary file deletion",
  "details": "In Jenkins CloudBees CD Plugin, artifacts that were previously copied from an agent to the controller are deleted after publishing by the 'CloudBees CD - Publish Artifact' post-build step.\n\nCloudBees CD Plugin 1.1.32 and earlier follows symbolic links to locations outside of the expected directory during this cleanup process.\n\nThis allows attackers able to configure jobs to delete arbitrary files on the Jenkins controller file system.\n\nCloudBees CD Plugin 1.1.33 deletes symbolic links without following them.",
  "aliases": [
    "CVE-2023-46654"
  ],
  "modified": "2024-02-16T08:13:46.700562Z",
  "published": "2023-10-25T18:32:25Z",
  "database_specific": {
    "nvd_published_at": "2023-10-25T18:17:40Z",
    "cwe_ids": [
      "CWE-22",
      "CWE-59"
    ],
    "severity": "HIGH",
    "github_reviewed": true,
    "github_reviewed_at": "2023-10-30T14:57:14Z"
  },
  "references": [
    {
      "type": "ADVISORY",
      "url": "https://nvd.nist.gov/vuln/detail/CVE-2023-46654"
    },
    {
      "type": "WEB",
      "url": "https://github.com/jenkinsci/electricflow-plugin/commit/e45ca8428ae45f45ca07611e802eaa0f1484ab50"
    },
    {
      "type": "PACKAGE",
      "url": "https://github.com/jenkinsci/electricflow-plugin"
    },
    {
      "type": "WEB",
      "url": "https://www.jenkins.io/security/advisory/2023-10-25/#SECURITY-3237"
    },
    {
      "type": "WEB",
      "url": "http://www.openwall.com/lists/oss-security/2023/10/25/2"
    }
  ],
  "affected": [
    {
      "package": {
        "name": "org.jenkins-ci.plugins:electricflow",
        "ecosystem": "Maven",
        "purl": "pkg:maven/org.jenkins-ci.plugins/electricflow"
      },
      "ranges": [
        {
          "type": "ECOSYSTEM",
          "events": [
            {
              "introduced": "0"
            },
            {
              "fixed": "1.1.33"
            }
          ]
        }
      ],
      "versions": [
        "1.0",
        "1.1.1",
        "1.1.10",
        "1.1.11",
        "1.1.12",
        "1.1.13",
        "1.1.14",
        "1.1.15",
        "1.1.16",
        "1.1.17",
        "1.1.18",
        "1.1.18.1",
        "1.1.18.2",
        "1.1.19",
        "1.1.2",
        "1.1.20",
        "1.1.21",
        "1.1.22",
        "1.1.22.1",
        "1.1.23",
        "1.1.24",
        "1.1.25",
        "1.1.26",
        "1.1.27",
        "1.1.28",
        "1.1.29",
        "1.1.3",
        "1.1.30",
        "1.1.31",
        "1.1.32",
        "1.1.4",
        "1.1.5",
        "1.1.6",
        "1.1.7",
        "1.1.8",
        "1.1.9"
      ],
      "database_specific": {
        "source": "https://github.com/github/advisory-database/blob/main/advisories/github-reviewed/2023/10/GHSA-jx7x-rf3f-j644/GHSA-jx7x-rf3f-j644.json"
      }
    }
  ],
  "schema_version": "1.6.0",
  "severity": [
    {
      "type": "CVSS_V3",
      "score": "CVSS:3.1/AV:N/AC:L/PR:L/UI:R/S:U/C:H/I:H/A:H"
    }
  ]
}