{
  "id": "GHSA-4xr4-4c65-hj7f",
  "summary": "Apache Tika does not properly initialize the XML parser or choose handlers",
  "details": "Apache Tika before 1.13 does not properly initialize the XML parser or choose handlers, which might allow remote attackers to conduct XML External Entity (XXE) attacks via vectors involving (1) spreadsheets in OOXML files and (2) XMP metadata in PDF and other file formats, a related issue to CVE-2016-2175.",
  "aliases": [
    "CVE-2016-4434"
  ],
  "modified": "2023-11-08T03:58:28.747587Z",
  "published": "2018-10-17T15:44:22Z",
  "database_specific": {
    "nvd_published_at": null,
    "github_reviewed_at": "2020-06-16T20:59:46Z",
    "severity": "HIGH",
    "github_reviewed": true,
    "cwe_ids": [
      "CWE-611"
    ]
  },
  "references": [
    {
      "type": "ADVISORY",
      "url": "https://nvd.nist.gov/vuln/detail/CVE-2016-4434"
    },
    {
      "type": "ADVISORY",
      "url": "https://github.com/advisories/GHSA-4xr4-4c65-hj7f"
    },
    {
      "type": "WEB",
      "url": "https://lists.apache.org/thread.html/708d94141126eac03011144a971a6411fcac16d9c248d1d535a39451@%3Csolr-user.lucene.apache.org%3E"
    },
    {
      "type": "WEB",
      "url": "https://mail-archives.apache.org/mod_mbox/tika-dev/201605.mbox/%3C1705136517.1175366.1464278135251.JavaMail.yahoo%40mail.yahoo.com%3E"
    },
    {
      "type": "WEB",
      "url": "http://rhn.redhat.com/errata/RHSA-2017-0248.html"
    },
    {
      "type": "WEB",
      "url": "http://rhn.redhat.com/errata/RHSA-2017-0249.html"
    },
    {
      "type": "WEB",
      "url": "http://rhn.redhat.com/errata/RHSA-2017-0272.html"
    },
    {
      "type": "WEB",
      "url": "http://www.securityfocus.com/archive/1/538500/100/0/threaded"
    }
  ],
  "affected": [
    {
      "package": {
        "name": "org.apache.tika:tika-core",
        "ecosystem": "Maven",
        "purl": "pkg:maven/org.apache.tika/tika-core"
      },
      "ranges": [
        {
          "type": "ECOSYSTEM",
          "events": [
            {
              "introduced": "0"
            },
            {
              "fixed": "1.13"
            }
          ]
        }
      ],
      "versions": [
        "0.10",
        "0.4",
        "0.5",
        "0.6",
        "0.7",
        "0.8",
        "0.9",
        "1.0",
        "1.1",
        "1.10",
        "1.11",
        "1.12",
        "1.2",
        "1.3",
        "1.4",
        "1.5",
        "1.6",
        "1.7",
        "1.8",
        "1.9"
      ],
      "database_specific": {
        "source": "https://github.com/github/advisory-database/blob/main/advisories/github-reviewed/2018/10/GHSA-4xr4-4c65-hj7f/GHSA-4xr4-4c65-hj7f.json"
      }
    }
  ],
  "schema_version": "1.6.0",
  "severity": [
    {
      "type": "CVSS_V3",
      "score": "CVSS:3.0/AV:L/AC:L/PR:N/UI:R/S:U/C:H/I:H/A:H"
    }
  ]
}