{
  "id": "GHSA-hmx6-gc2p-5p82",
  "summary": "Nablarch Incomplete Cryptography",
  "details": "An incomplete cryptography of the data store function by using hidden tag in Nablarch 5 (5, and 5u1 to 5u13) allows remote attackers to obtain information of the stored data, to register invalid value, or alter the value via unspecified vectors.",
  "aliases": [
    "CVE-2019-5919"
  ],
  "modified": "2024-02-16T08:16:08.742609Z",
  "published": "2022-05-13T01:08:15Z",
  "database_specific": {
    "nvd_published_at": "2019-03-12T22:29:00Z",
    "cwe_ids": [
      "CWE-327"
    ],
    "severity": "CRITICAL",
    "github_reviewed": true,
    "github_reviewed_at": "2023-07-19T18:05:17Z"
  },
  "references": [
    {
      "type": "ADVISORY",
      "url": "https://nvd.nist.gov/vuln/detail/CVE-2019-5919"
    },
    {
      "type": "WEB",
      "url": "https://github.com/nablarch/nablarch-fw-web/pull/53"
    },
    {
      "type": "WEB",
      "url": "https://github.com/nablarch/nablarch-fw-web/pull/54"
    },
    {
      "type": "WEB",
      "url": "https://nablarch.atlassian.net/browse/NAB-313"
    },
    {
      "type": "WEB",
      "url": "http://jvn.jp/en/jp/JVN56542712/index.html"
    }
  ],
  "affected": [
    {
      "package": {
        "name": "com.nablarch.framework:nablarch-fw-web",
        "ecosystem": "Maven",
        "purl": "pkg:maven/com.nablarch.framework/nablarch-fw-web"
      },
      "ranges": [
        {
          "type": "ECOSYSTEM",
          "events": [
            {
              "introduced": "0"
            },
            {
              "fixed": "1.5.1"
            }
          ]
        }
      ],
      "versions": [
        "1.2.2",
        "1.2.3",
        "1.3.0",
        "1.4.0",
        "1.4.1",
        "1.4.2",
        "1.5.0"
      ],
      "database_specific": {
        "source": "https://github.com/github/advisory-database/blob/main/advisories/github-reviewed/2022/05/GHSA-hmx6-gc2p-5p82/GHSA-hmx6-gc2p-5p82.json"
      }
    }
  ],
  "schema_version": "1.6.0",
  "severity": [
    {
      "type": "CVSS_V3",
      "score": "CVSS:3.0/AV:N/AC:L/PR:N/UI:N/S:U/C:H/I:H/A:N"
    }
  ]
}