{
  "id": "GHSA-w5r6-gx3q-hmxj",
  "summary": "springframework-social Cross-Site Request Forgery vulnerability",
  "details": "Cross-site request forgery (CSRF) vulnerability in springframework-social before 1.1.3.",
  "aliases": [
    "CVE-2015-5258"
  ],
  "modified": "2023-11-08T03:57:57.190401Z",
  "published": "2022-05-13T01:09:35Z",
  "database_specific": {
    "nvd_published_at": "2017-08-22T18:29:00Z",
    "github_reviewed_at": "2022-11-22T18:46:22Z",
    "severity": "HIGH",
    "github_reviewed": true,
    "cwe_ids": [
      "CWE-352"
    ]
  },
  "references": [
    {
      "type": "ADVISORY",
      "url": "https://nvd.nist.gov/vuln/detail/CVE-2015-5258"
    },
    {
      "type": "WEB",
      "url": "https://bugzilla.redhat.com/show_bug.cgi?id=1305443"
    },
    {
      "type": "PACKAGE",
      "url": "https://github.com/spring-projects/spring-social"
    },
    {
      "type": "WEB",
      "url": "http://lists.fedoraproject.org/pipermail/package-announce/2016-February/177420.html"
    }
  ],
  "affected": [
    {
      "package": {
        "name": "org.springframework.social:spring-social-core",
        "ecosystem": "Maven",
        "purl": "pkg:maven/org.springframework.social/spring-social-core"
      },
      "ranges": [
        {
          "type": "ECOSYSTEM",
          "events": [
            {
              "introduced": "0"
            },
            {
              "fixed": "1.1.3.RELEASE"
            }
          ]
        }
      ],
      "versions": [
        "1.0.0.RELEASE",
        "1.0.1.RELEASE",
        "1.0.2.RELEASE",
        "1.0.3.RELEASE",
        "1.1.0.RELEASE",
        "1.1.1.RELEASE",
        "1.1.2.RELEASE"
      ],
      "database_specific": {
        "source": "https://github.com/github/advisory-database/blob/main/advisories/github-reviewed/2022/05/GHSA-w5r6-gx3q-hmxj/GHSA-w5r6-gx3q-hmxj.json"
      }
    }
  ],
  "schema_version": "1.6.0",
  "severity": [
    {
      "type": "CVSS_V3",
      "score": "CVSS:3.1/AV:N/AC:L/PR:N/UI:R/S:U/C:H/I:H/A:H"
    }
  ]
}