{
  "id": "GHSA-hrp3-8p5w-27gv",
  "summary": "Improper Input Validation in Spring AMQP",
  "details": "org.springframework.core.serializer.DefaultDeserializer in Spring AMQP before 1.5.5 allows remote attackers to execute arbitrary code.",
  "aliases": [
    "CVE-2016-2173"
  ],
  "modified": "2023-11-08T03:58:23.976581Z",
  "published": "2022-05-13T01:26:13Z",
  "database_specific": {
    "nvd_published_at": "2017-04-21T20:59:00Z",
    "github_reviewed_at": "2022-07-06T20:01:55Z",
    "severity": "CRITICAL",
    "github_reviewed": true,
    "cwe_ids": [
      "CWE-20"
    ]
  },
  "references": [
    {
      "type": "ADVISORY",
      "url": "https://nvd.nist.gov/vuln/detail/CVE-2016-2173"
    },
    {
      "type": "WEB",
      "url": "https://bugzilla.redhat.com/show_bug.cgi?id=1326205"
    },
    {
      "type": "WEB",
      "url": "https://pivotal.io/security/cve-2016-2173"
    },
    {
      "type": "WEB",
      "url": "http://lists.fedoraproject.org/pipermail/package-announce/2016-April/182551.html"
    },
    {
      "type": "WEB",
      "url": "http://lists.fedoraproject.org/pipermail/package-announce/2016-April/182850.html"
    },
    {
      "type": "WEB",
      "url": "http://lists.fedoraproject.org/pipermail/package-announce/2016-April/182959.html"
    }
  ],
  "affected": [
    {
      "package": {
        "name": "org.springframework.amqp:spring-amqp",
        "ecosystem": "Maven",
        "purl": "pkg:maven/org.springframework.amqp/spring-amqp"
      },
      "ranges": [
        {
          "type": "ECOSYSTEM",
          "events": [
            {
              "introduced": "0"
            },
            {
              "fixed": "1.5.5"
            }
          ]
        }
      ],
      "versions": [
        "1.0.0.RELEASE",
        "1.1.0.RELEASE",
        "1.1.1.RELEASE",
        "1.1.2.RELEASE",
        "1.1.3.RELEASE",
        "1.1.4.RELEASE",
        "1.2.0.RELEASE",
        "1.2.1.RELEASE",
        "1.2.2.RELEASE",
        "1.3.0.RELEASE",
        "1.3.1.RELEASE",
        "1.3.2.RELEASE",
        "1.3.3.RELEASE",
        "1.3.4.RELEASE",
        "1.3.5.RELEASE",
        "1.3.6.RELEASE",
        "1.3.7.RELEASE",
        "1.3.8.RELEASE",
        "1.3.9.RELEASE",
        "1.4.0.RELEASE",
        "1.4.1.RELEASE",
        "1.4.2.RELEASE",
        "1.4.3.RELEASE",
        "1.4.4.RELEASE",
        "1.4.5.RELEASE",
        "1.4.6.RELEASE",
        "1.5.0.RELEASE",
        "1.5.1.RELEASE",
        "1.5.2.RELEASE",
        "1.5.3.RELEASE",
        "1.5.4.RELEASE"
      ],
      "database_specific": {
        "last_known_affected_version_range": "<= 1.5.4",
        "source": "https://github.com/github/advisory-database/blob/main/advisories/github-reviewed/2022/05/GHSA-hrp3-8p5w-27gv/GHSA-hrp3-8p5w-27gv.json"
      }
    }
  ],
  "schema_version": "1.6.0",
  "severity": [
    {
      "type": "CVSS_V3",
      "score": "CVSS:3.1/AV:N/AC:L/PR:N/UI:N/S:U/C:H/I:H/A:H"
    }
  ]
}