{
  "id": "GHSA-62fp-j75q-mqhc",
  "summary": "Jenkins CRX Content Package Deployer Plugin subject to Cross-Site Request Forgery",
  "details": "A cross-site request forgery vulnerability in Jenkins CRX Content Package Deployer Plugin prior to 1.9 allowed attackers to connect to an attacker-specified URL using attacker-specified credentials IDs obtained through another method, capturing credentials stored in Jenkins. This issue is patched in version 1.9",
  "aliases": [
    "CVE-2019-10437"
  ],
  "modified": "2024-02-18T05:31:24.676780Z",
  "published": "2022-05-24T16:58:48Z",
  "database_specific": {
    "nvd_published_at": "2019-10-16T14:15:00Z",
    "cwe_ids": [
      "CWE-352"
    ],
    "severity": "HIGH",
    "github_reviewed": true,
    "github_reviewed_at": "2022-12-06T21:25:51Z"
  },
  "references": [
    {
      "type": "ADVISORY",
      "url": "https://nvd.nist.gov/vuln/detail/CVE-2019-10437"
    },
    {
      "type": "WEB",
      "url": "https://github.com/jenkinsci/crx-content-package-deployer-plugin/commit/1313c422170a064dab0f9359324ff27e30a9f4a5"
    },
    {
      "type": "WEB",
      "url": "https://github.com/jenkinsci/crx-content-package-deployer-plugin"
    },
    {
      "type": "WEB",
      "url": "https://jenkins.io/security/advisory/2019-10-16/#SECURITY-1006%20(1)"
    }
  ],
  "affected": [
    {
      "package": {
        "name": "org.jenkins-ci.plugins:crx-content-package-deployer",
        "ecosystem": "Maven",
        "purl": "pkg:maven/org.jenkins-ci.plugins/crx-content-package-deployer"
      },
      "ranges": [
        {
          "type": "ECOSYSTEM",
          "events": [
            {
              "introduced": "0"
            },
            {
              "fixed": "1.9"
            }
          ]
        }
      ],
      "versions": [
        "1.0",
        "1.1",
        "1.2",
        "1.2.1",
        "1.2.2",
        "1.3",
        "1.3.1",
        "1.3.2",
        "1.4",
        "1.5",
        "1.5.1",
        "1.5.2",
        "1.5.3",
        "1.5.4",
        "1.6",
        "1.6.1",
        "1.6.2",
        "1.6.3",
        "1.7",
        "1.7.1",
        "1.7.2",
        "1.8",
        "1.8.1"
      ],
      "database_specific": {
        "source": "https://github.com/github/advisory-database/blob/main/advisories/github-reviewed/2022/05/GHSA-62fp-j75q-mqhc/GHSA-62fp-j75q-mqhc.json"
      }
    }
  ],
  "schema_version": "1.6.0",
  "severity": [
    {
      "type": "CVSS_V3",
      "score": "CVSS:3.1/AV:N/AC:L/PR:N/UI:R/S:U/C:H/I:H/A:H"
    }
  ]
}