{
  "id": "GHSA-q2cg-xf9p-h457",
  "summary": "Incomplete exclude pattern in Apache Struts",
  "details": "The default exclude patterns (excludeParams) in Apache Struts 2.3.20 allow remote attackers to \"compromise internal state of an application\" via unspecified vectors. In Struts 2.3.20.1 a better set of exlude patterns was defined.",
  "aliases": [
    "CVE-2015-1831"
  ],
  "modified": "2024-02-16T08:03:20.049383Z",
  "published": "2022-05-17T00:50:08Z",
  "database_specific": {
    "nvd_published_at": "2015-07-16T14:59:00Z",
    "cwe_ids": [],
    "severity": "HIGH",
    "github_reviewed": true,
    "github_reviewed_at": "2022-11-03T21:10:04Z"
  },
  "references": [
    {
      "type": "ADVISORY",
      "url": "https://nvd.nist.gov/vuln/detail/CVE-2015-1831"
    },
    {
      "type": "WEB",
      "url": "https://github.com/apache/struts/commit/d832747d647df343ed07a58b1b5e540a05a4d51b"
    },
    {
      "type": "PACKAGE",
      "url": "https://github.com/apache/struts"
    },
    {
      "type": "WEB",
      "url": "https://struts.apache.org/docs/s2-024.html"
    }
  ],
  "affected": [
    {
      "package": {
        "name": "org.apache.struts:struts2-core",
        "ecosystem": "Maven",
        "purl": "pkg:maven/org.apache.struts/struts2-core"
      },
      "ranges": [
        {
          "type": "ECOSYSTEM",
          "events": [
            {
              "introduced": "2.0.0"
            },
            {
              "fixed": "2.3.20.1"
            }
          ]
        }
      ],
      "versions": [
        "2.0.11",
        "2.0.11.1",
        "2.0.11.2",
        "2.0.12",
        "2.0.14",
        "2.0.5",
        "2.0.6",
        "2.0.8",
        "2.0.9",
        "2.1.2",
        "2.1.6",
        "2.1.8",
        "2.1.8.1",
        "2.2.1",
        "2.2.1.1",
        "2.2.3",
        "2.2.3.1",
        "2.3.1",
        "2.3.1.1",
        "2.3.1.2",
        "2.3.12",
        "2.3.14",
        "2.3.14.1",
        "2.3.14.2",
        "2.3.14.3",
        "2.3.15",
        "2.3.15.1",
        "2.3.15.2",
        "2.3.15.3",
        "2.3.16",
        "2.3.16.1",
        "2.3.16.2",
        "2.3.16.3",
        "2.3.20",
        "2.3.3",
        "2.3.4",
        "2.3.4.1",
        "2.3.7",
        "2.3.8"
      ],
      "database_specific": {
        "source": "https://github.com/github/advisory-database/blob/main/advisories/github-reviewed/2022/05/GHSA-q2cg-xf9p-h457/GHSA-q2cg-xf9p-h457.json"
      }
    },
    {
      "package": {
        "name": "org.apache.struts.xwork:xwork-core",
        "ecosystem": "Maven",
        "purl": "pkg:maven/org.apache.struts.xwork/xwork-core"
      },
      "ranges": [
        {
          "type": "ECOSYSTEM",
          "events": [
            {
              "introduced": "2.0.0"
            },
            {
              "fixed": "2.3.20.1"
            }
          ]
        }
      ],
      "versions": [
        "2.2.1",
        "2.2.1.1",
        "2.2.3",
        "2.2.3.1",
        "2.3.1",
        "2.3.1.1",
        "2.3.1.2",
        "2.3.12",
        "2.3.14",
        "2.3.14.1",
        "2.3.14.2",
        "2.3.14.3",
        "2.3.15",
        "2.3.15.1",
        "2.3.15.2",
        "2.3.15.3",
        "2.3.16",
        "2.3.16.1",
        "2.3.16.2",
        "2.3.16.3",
        "2.3.20",
        "2.3.3",
        "2.3.4",
        "2.3.4.1",
        "2.3.7",
        "2.3.8"
      ],
      "database_specific": {
        "source": "https://github.com/github/advisory-database/blob/main/advisories/github-reviewed/2022/05/GHSA-q2cg-xf9p-h457/GHSA-q2cg-xf9p-h457.json"
      }
    }
  ],
  "schema_version": "1.6.0"
}