{
  "id": "GHSA-8h89-34w2-jpfm",
  "summary": "XWiki Platform Old Core vulnerable to Authentication Bypass Using the Login Action",
  "details": "### Impact\nAll rights checks that would normally prevent a user from viewing a document on a wiki can be bypassed using the login action and directly specified templates. This exposes title, content and comments of any document and properties of objects (class and property name must be known, though). This is also exploitable on [private wikis](https://www.xwiki.org/xwiki/bin/view/Documentation/AdminGuide/Access%20Rights/#HPrivateWiki).\n\n### Patches\nThis has been patched in versions 14.2 and 13.10.4 by properly checking view rights before loading documents and disallowing non-default templates in the login, registration and skin action.\n\n### Workarounds\nIt would be possible to protect all templates individually by adding code to check access rights first, but due to the number of templates and the fact that some of them need to be used without view rights, this seems impractical.\n\n### References\n* https://jira.xwiki.org/browse/XWIKI-19549\n* https://jira.xwiki.org/browse/XWIKI-18602\n\n### For more information\nIf you have any questions or comments about this advisory:\n* Open an issue in [Jira XWiki.org](https://jira.xwiki.org/)\n* Email us at [security mailing-list](mailto:security@xwiki.com)\n",
  "aliases": [
    "CVE-2022-36092"
  ],
  "modified": "2023-11-08T04:10:00.556810Z",
  "published": "2022-09-16T17:06:38Z",
  "database_specific": {
    "nvd_published_at": "2022-09-08T18:15:00Z",
    "github_reviewed_at": "2022-09-16T17:06:38Z",
    "severity": "HIGH",
    "github_reviewed": true,
    "cwe_ids": [
      "CWE-287"
    ]
  },
  "references": [
    {
      "type": "WEB",
      "url": "https://github.com/xwiki/xwiki-platform/security/advisories/GHSA-8h89-34w2-jpfm"
    },
    {
      "type": "ADVISORY",
      "url": "https://nvd.nist.gov/vuln/detail/CVE-2022-36092"
    },
    {
      "type": "WEB",
      "url": "https://github.com/xwiki/xwiki-platform/commit/71a6d0bb6f8ab718fcfaae0e9b8c16c2d69cd4bb"
    },
    {
      "type": "WEB",
      "url": "https://github.com/xwiki/xwiki-platform/commit/9b7057d57a941592d763992d4299456300918208"
    },
    {
      "type": "PACKAGE",
      "url": "https://github.com/xwiki/xwiki-platform"
    },
    {
      "type": "WEB",
      "url": "https://jira.xwiki.org/browse/XWIKI-18602"
    },
    {
      "type": "WEB",
      "url": "https://jira.xwiki.org/browse/XWIKI-19549"
    }
  ],
  "affected": [
    {
      "package": {
        "name": "org.xwiki.platform:xwiki-platform-oldcore",
        "ecosystem": "Maven",
        "purl": "pkg:maven/org.xwiki.platform/xwiki-platform-oldcore"
      },
      "ranges": [
        {
          "type": "ECOSYSTEM",
          "events": [
            {
              "introduced": "0"
            },
            {
              "fixed": "13.10.4"
            }
          ]
        }
      ],
      "database_specific": {
        "source": "https://github.com/github/advisory-database/blob/main/advisories/github-reviewed/2022/09/GHSA-8h89-34w2-jpfm/GHSA-8h89-34w2-jpfm.json"
      },
      "versions": []
    },
    {
      "package": {
        "name": "org.xwiki.platform:xwiki-platform-oldcore",
        "ecosystem": "Maven",
        "purl": "pkg:maven/org.xwiki.platform/xwiki-platform-oldcore"
      },
      "ranges": [
        {
          "type": "ECOSYSTEM",
          "events": [
            {
              "introduced": "14.0"
            },
            {
              "fixed": "14.2"
            }
          ]
        }
      ],
      "database_specific": {
        "source": "https://github.com/github/advisory-database/blob/main/advisories/github-reviewed/2022/09/GHSA-8h89-34w2-jpfm/GHSA-8h89-34w2-jpfm.json"
      },
      "versions": []
    }
  ],
  "schema_version": "1.6.0",
  "severity": [
    {
      "type": "CVSS_V3",
      "score": "CVSS:3.1/AV:N/AC:L/PR:N/UI:N/S:U/C:H/I:N/A:N"
    }
  ]
}