{
  "id": "GHSA-chp4-rv79-68j3",
  "summary": "Apache serialization mechanism does not have a list of classes allowed for serialization/deserialization",
  "details": "In Apache Ignite 2.3 or earlier, the serialization mechanism does not have a list of classes allowed for serialization/deserialization, which makes it possible to run arbitrary code when 3-rd party vulnerable classes are present in Ignite classpath. The vulnerability can be exploited if the one sends a specially prepared form of a serialized object to one of the deserialization endpoints of some Ignite components - discovery SPI, Ignite persistence, Memcached endpoint, socket steamer.",
  "aliases": [
    "CVE-2018-1295"
  ],
  "modified": "2024-04-19T19:31:30.688152Z",
  "published": "2018-10-16T20:53:44Z",
  "database_specific": {
    "nvd_published_at": null,
    "cwe_ids": [
      "CWE-502"
    ],
    "severity": "CRITICAL",
    "github_reviewed": true,
    "github_reviewed_at": "2020-06-16T21:31:49Z"
  },
  "references": [
    {
      "type": "ADVISORY",
      "url": "https://nvd.nist.gov/vuln/detail/CVE-2018-1295"
    },
    {
      "type": "WEB",
      "url": "https://access.redhat.com/errata/RHSA-2018:2405"
    },
    {
      "type": "ADVISORY",
      "url": "https://github.com/advisories/GHSA-chp4-rv79-68j3"
    },
    {
      "type": "PACKAGE",
      "url": "https://github.com/apache/ignite"
    },
    {
      "type": "WEB",
      "url": "https://lists.apache.org/thread.html/45e7d5e2c6face85aab693f5ae0616563132ff757e5a558da80d0209@%3Cdev.ignite.apache.org%3E"
    },
    {
      "type": "WEB",
      "url": "https://web.archive.org/web/20200227125559/http://www.securityfocus.com/bid/103692"
    }
  ],
  "affected": [
    {
      "package": {
        "name": "org.apache.ignite:ignite-core",
        "ecosystem": "Maven",
        "purl": "pkg:maven/org.apache.ignite/ignite-core"
      },
      "ranges": [
        {
          "type": "ECOSYSTEM",
          "events": [
            {
              "introduced": "0"
            },
            {
              "fixed": "2.4"
            }
          ]
        }
      ],
      "versions": [
        "1.0.0",
        "1.0.0-RC1",
        "1.0.0-RC3",
        "1.1.0-incubating",
        "1.2.0-incubating",
        "1.3.0-incubating",
        "1.4.0",
        "1.5.0-b1",
        "1.5.0.final",
        "1.6.0",
        "1.7.0",
        "1.8.0",
        "1.9.0",
        "2.0.0",
        "2.1.0",
        "2.2.0",
        "2.3.0"
      ],
      "database_specific": {
        "source": "https://github.com/github/advisory-database/blob/main/advisories/github-reviewed/2018/10/GHSA-chp4-rv79-68j3/GHSA-chp4-rv79-68j3.json"
      }
    }
  ],
  "schema_version": "1.6.0",
  "severity": [
    {
      "type": "CVSS_V3",
      "score": "CVSS:3.0/AV:N/AC:L/PR:N/UI:N/S:U/C:H/I:H/A:H"
    }
  ]
}