{
  "id": "GHSA-g2x8-xw86-vpq3",
  "summary": "Cross-site request forgery (CSRF) vulnerability in Jenkins Maven Release Plugin",
  "details": "A cross-site request forgery vulnerability in a connection test form method in Jenkins Maven Release Plugin 0.16.1 and earlier allows attackers to have Jenkins connect to an attacker specified web server and parse XML documents.",
  "aliases": [
    "CVE-2019-16550"
  ],
  "modified": "2024-02-16T08:06:51.384685Z",
  "published": "2022-05-24T17:03:46Z",
  "database_specific": {
    "nvd_published_at": "2019-12-17T15:15:00Z",
    "cwe_ids": [
      "CWE-352"
    ],
    "severity": "HIGH",
    "github_reviewed": true,
    "github_reviewed_at": "2023-12-14T18:20:40Z"
  },
  "references": [
    {
      "type": "ADVISORY",
      "url": "https://nvd.nist.gov/vuln/detail/CVE-2019-16550"
    },
    {
      "type": "WEB",
      "url": "https://github.com/jenkinsci/m2release-plugin/commit/1e4d6fee2eab16e7a396b6d3d5f10a87e5c29cc2"
    },
    {
      "type": "PACKAGE",
      "url": "https://github.com/jenkinsci/m2release-plugin"
    },
    {
      "type": "WEB",
      "url": "https://jenkins.io/security/advisory/2019-12-17/#SECURITY-1681"
    },
    {
      "type": "WEB",
      "url": "http://www.openwall.com/lists/oss-security/2019/12/17/1"
    }
  ],
  "affected": [
    {
      "package": {
        "name": "org.jenkins-ci.plugins.m2release:m2release",
        "ecosystem": "Maven",
        "purl": "pkg:maven/org.jenkins-ci.plugins.m2release/m2release"
      },
      "ranges": [
        {
          "type": "ECOSYSTEM",
          "events": [
            {
              "introduced": "0"
            },
            {
              "fixed": "0.16.2"
            }
          ]
        }
      ],
      "versions": [
        "0.11.0",
        "0.12.0",
        "0.13.0",
        "0.14.0",
        "0.15.0",
        "0.16.1"
      ],
      "database_specific": {
        "last_known_affected_version_range": "<= 0.16.1",
        "source": "https://github.com/github/advisory-database/blob/main/advisories/github-reviewed/2022/05/GHSA-g2x8-xw86-vpq3/GHSA-g2x8-xw86-vpq3.json"
      }
    }
  ],
  "schema_version": "1.6.0",
  "severity": [
    {
      "type": "CVSS_V3",
      "score": "CVSS:3.1/AV:N/AC:L/PR:N/UI:R/S:U/C:H/I:H/A:H"
    }
  ]
}