{
  "id": "GHSA-rxgg-273w-rfw7",
  "summary": "Remote Code Execution vulnerability in Apache IoTDB via UDF",
  "details": "Remote Code Execution vulnerability in Apache IoTDB. This issue affects Apache IoTDB from 1.0.0 through 1.2.2.\n\nUsers are recommended to upgrade to version 1.3.0, which fixes the issue.\n\n",
  "aliases": [
    "CVE-2023-46226",
    "PYSEC-2024-11"
  ],
  "modified": "2024-09-12T21:27:43.840031Z",
  "published": "2024-01-15T12:30:19Z",
  "database_specific": {
    "nvd_published_at": "2024-01-15T11:15:07Z",
    "cwe_ids": [],
    "severity": "HIGH",
    "github_reviewed": true,
    "github_reviewed_at": "2024-01-16T20:45:55Z"
  },
  "references": [
    {
      "type": "ADVISORY",
      "url": "https://nvd.nist.gov/vuln/detail/CVE-2023-46226"
    },
    {
      "type": "PACKAGE",
      "url": "https://github.com/apache/iotdb"
    },
    {
      "type": "WEB",
      "url": "https://github.com/pypa/advisory-database/tree/main/vulns/apache-iotdb/PYSEC-2024-11.yaml"
    },
    {
      "type": "WEB",
      "url": "https://lists.apache.org/thread/293b4ob65ftnfwyf62fb9zh8gwdy38hg"
    },
    {
      "type": "WEB",
      "url": "http://www.openwall.com/lists/oss-security/2024/01/15/1"
    }
  ],
  "affected": [
    {
      "package": {
        "name": "org.apache.iotdb:iotdb-core",
        "ecosystem": "Maven",
        "purl": "pkg:maven/org.apache.iotdb/iotdb-core"
      },
      "ranges": [
        {
          "type": "ECOSYSTEM",
          "events": [
            {
              "introduced": "1.0.0"
            },
            {
              "fixed": "1.3.0"
            }
          ]
        }
      ],
      "database_specific": {
        "last_known_affected_version_range": "<= 1.2.2",
        "source": "https://github.com/github/advisory-database/blob/main/advisories/github-reviewed/2024/01/GHSA-rxgg-273w-rfw7/GHSA-rxgg-273w-rfw7.json"
      },
      "versions": []
    },
    {
      "package": {
        "name": "apache-iotdb",
        "ecosystem": "PyPI",
        "purl": "pkg:pypi/apache-iotdb"
      },
      "ranges": [
        {
          "type": "ECOSYSTEM",
          "events": [
            {
              "introduced": "1.0.0"
            },
            {
              "fixed": "1.3.0"
            }
          ]
        }
      ],
      "versions": [
        "1.0.0",
        "1.0.1",
        "1.1.0",
        "1.1.2",
        "1.2.0",
        "1.2.1"
      ],
      "database_specific": {
        "source": "https://github.com/github/advisory-database/blob/main/advisories/github-reviewed/2024/01/GHSA-rxgg-273w-rfw7/GHSA-rxgg-273w-rfw7.json"
      }
    }
  ],
  "schema_version": "1.6.0",
  "severity": [
    {
      "type": "CVSS_V3",
      "score": "CVSS:3.1/AV:N/AC:L/PR:N/UI:N/S:U/C:H/I:H/A:H"
    },
    {
      "type": "CVSS_V4",
      "score": "CVSS:4.0/AV:N/AC:L/AT:N/PR:N/UI:N/VC:H/VI:H/VA:H/SC:N/SI:N/SA:N/E:U"
    }
  ]
}