{
  "id": "GHSA-7c2m-vwxw-5qww",
  "summary": "Improper Certificate Validation in Apache Netbeans",
  "details": "The \"Apache NetBeans\" autoupdate system does not validate SSL certificates and hostnames for https based downloads. This allows an attacker to intercept downloads of autoupdates and modify the download, potentially injecting malicious code. \"Apache NetBeans\" versions up to and including 11.2 are affected by this vulnerability. NetBeans releases before the Apache transition started may also be affected.",
  "aliases": [
    "CVE-2019-17560"
  ],
  "modified": "2023-11-08T04:01:24.313366Z",
  "published": "2022-05-24T22:28:22Z",
  "database_specific": {
    "nvd_published_at": "2020-03-30T19:15:00Z",
    "github_reviewed_at": "2022-11-14T22:26:00Z",
    "severity": "CRITICAL",
    "github_reviewed": true,
    "cwe_ids": [
      "CWE-295"
    ]
  },
  "references": [
    {
      "type": "ADVISORY",
      "url": "https://nvd.nist.gov/vuln/detail/CVE-2019-17560"
    },
    {
      "type": "WEB",
      "url": "https://lists.apache.org/thread.html/r354d7654efa1050539fe56a3257696d1faeea4f3f9b633c29ec89609%40%3Cdev.netbeans.apache.org%3E"
    },
    {
      "type": "WEB",
      "url": "https://www.oracle.com/security-alerts/cpujul2020.html"
    }
  ],
  "affected": [
    {
      "package": {
        "name": "org.codehaus.mevenide:netbeans",
        "ecosystem": "Maven",
        "purl": "pkg:maven/org.codehaus.mevenide/netbeans"
      },
      "ranges": [
        {
          "type": "ECOSYSTEM",
          "events": [
            {
              "introduced": "0"
            },
            {
              "last_affected": "3.1.4"
            }
          ]
        }
      ],
      "versions": [
        "1.2",
        "1.3",
        "1.4",
        "3.0.10",
        "3.0.12",
        "3.0.9",
        "3.1.1",
        "3.1.4"
      ],
      "database_specific": {
        "source": "https://github.com/github/advisory-database/blob/main/advisories/github-reviewed/2022/05/GHSA-7c2m-vwxw-5qww/GHSA-7c2m-vwxw-5qww.json"
      }
    }
  ],
  "schema_version": "1.6.0",
  "severity": [
    {
      "type": "CVSS_V3",
      "score": "CVSS:3.1/AV:N/AC:L/PR:N/UI:N/S:U/C:H/I:H/A:N"
    }
  ]
}