{
  "id": "GHSA-f729-58x4-gqgf",
  "summary": "CometVisu Backend for openHAB affected by RCE through path traversal",
  "details": "CometVisu's file system endpoints don't require authentication and additionally the endpoint to update an existing file is susceptible to path traversal. This makes it possible for an attacker to overwrite existing files on the openHAB instance. If the overwritten file is a shell script that is executed at a later time this vulnerability can allow remote code execution by an attacker.\n\nThis vulnerability was discovered with the help of CodeQL's [Uncontrolled data used in path expression](https://codeql.github.com/codeql-query-help/java/java-path-injection/) query.\n\n## Impact\n\nThis issue may lead up to Remote Code Execution (RCE).",
  "aliases": [
    "CVE-2024-42469"
  ],
  "modified": "2024-08-12T16:01:17Z",
  "published": "2024-08-09T18:24:07Z",
  "database_specific": {
    "nvd_published_at": "2024-08-12T13:38:35Z",
    "cwe_ids": [
      "CWE-22"
    ],
    "severity": "CRITICAL",
    "github_reviewed": true,
    "github_reviewed_at": "2024-08-09T18:24:07Z"
  },
  "references": [
    {
      "type": "WEB",
      "url": "https://github.com/openhab/openhab-webui/security/advisories/GHSA-f729-58x4-gqgf"
    },
    {
      "type": "ADVISORY",
      "url": "https://nvd.nist.gov/vuln/detail/CVE-2024-42469"
    },
    {
      "type": "WEB",
      "url": "https://github.com/openhab/openhab-webui/commit/630e8525835c698cf58856aa43782d92b18087f2"
    },
    {
      "type": "PACKAGE",
      "url": "https://github.com/openhab/openhab-webui"
    }
  ],
  "affected": [
    {
      "package": {
        "name": "org.openhab.ui.bundles:org.openhab.ui.cometvisu",
        "ecosystem": "Maven",
        "purl": "pkg:maven/org.openhab.ui.bundles/org.openhab.ui.cometvisu"
      },
      "ranges": [
        {
          "type": "ECOSYSTEM",
          "events": [
            {
              "introduced": "0"
            },
            {
              "fixed": "4.2.1"
            }
          ]
        }
      ],
      "database_specific": {
        "last_known_affected_version_range": "<= 4.2.0",
        "source": "https://github.com/github/advisory-database/blob/main/advisories/github-reviewed/2024/08/GHSA-f729-58x4-gqgf/GHSA-f729-58x4-gqgf.json"
      },
      "versions": []
    }
  ],
  "schema_version": "1.6.0",
  "severity": [
    {
      "type": "CVSS_V3",
      "score": "CVSS:3.1/AV:N/AC:L/PR:N/UI:N/S:U/C:H/I:H/A:H"
    },
    {
      "type": "CVSS_V4",
      "score": "CVSS:4.0/AV:N/AC:L/AT:N/PR:N/UI:N/VC:H/VI:H/VA:H/SC:N/SI:N/SA:N"
    }
  ]
}