{
  "id": "GHSA-c27h-mcmw-48hv",
  "summary": "Deserialization of Untrusted Data in org.codehaus.jackson:jackson-mapper-asl",
  "details": "A series of deserialization vulnerabilities have been discovered in Codehaus 1.9.x implemented in EAP 7. This CVE fixes CVE-2017-17485, CVE-2017-7525, CVE-2017-15095, CVE-2018-5968, CVE-2018-7489, CVE-2018-1000873, CVE-2019-12086 reported for FasterXML jackson-databind by implementing a whitelist approach that will mitigate these vulnerabilities and future ones alike.",
  "aliases": [
    "CVE-2019-10202"
  ],
  "modified": "2024-03-11T05:32:32.879730Z",
  "published": "2022-05-24T16:57:28Z",
  "related": [
    "CGA-5q42-fr7m-wmqh"
  ],
  "database_specific": {
    "nvd_published_at": "2019-10-01T15:15:00Z",
    "cwe_ids": [
      "CWE-502"
    ],
    "severity": "CRITICAL",
    "github_reviewed": true,
    "github_reviewed_at": "2023-02-14T00:56:25Z"
  },
  "references": [
    {
      "type": "ADVISORY",
      "url": "https://nvd.nist.gov/vuln/detail/CVE-2019-10202"
    },
    {
      "type": "WEB",
      "url": "https://lists.apache.org/thread.html/refea6018a2c4e9eb7838cab567ed219c3f726dcd83a5472fbb80d8d9@%3Cissues.flume.apache.org%3E"
    },
    {
      "type": "WEB",
      "url": "https://lists.apache.org/thread.html/refea6018a2c4e9eb7838cab567ed219c3f726dcd83a5472fbb80d8d9%40%3Cissues.flume.apache.org%3E"
    },
    {
      "type": "WEB",
      "url": "https://lists.apache.org/thread.html/rce00a1c60f7df4b10e72fa87827c102f55b074bb91993631df2c21f9@%3Cdev.hive.apache.org%3E"
    },
    {
      "type": "WEB",
      "url": "https://lists.apache.org/thread.html/rce00a1c60f7df4b10e72fa87827c102f55b074bb91993631df2c21f9%40%3Cdev.hive.apache.org%3E"
    },
    {
      "type": "WEB",
      "url": "https://lists.apache.org/thread.html/r6dea2a887f5eb1d68f124d64b14cd1a04f682f06de8cd01b7e4214e0@%3Cissues.hive.apache.org%3E"
    },
    {
      "type": "WEB",
      "url": "https://lists.apache.org/thread.html/r6dea2a887f5eb1d68f124d64b14cd1a04f682f06de8cd01b7e4214e0%40%3Cissues.hive.apache.org%3E"
    },
    {
      "type": "WEB",
      "url": "https://lists.apache.org/thread.html/r5f16a1bd31a7e94ca78eda686179930781aa3a4a990cd55986703581@%3Cdev.hive.apache.org%3E"
    },
    {
      "type": "WEB",
      "url": "https://lists.apache.org/thread.html/r5f16a1bd31a7e94ca78eda686179930781aa3a4a990cd55986703581%40%3Cdev.hive.apache.org%3E"
    },
    {
      "type": "WEB",
      "url": "https://lists.apache.org/thread.html/r500867b74f42230a3d65b8aec31fc93ac390eeae737c91a759ab94cb@%3Cissues.hive.apache.org%3E"
    },
    {
      "type": "WEB",
      "url": "https://lists.apache.org/thread.html/r500867b74f42230a3d65b8aec31fc93ac390eeae737c91a759ab94cb%40%3Cissues.hive.apache.org%3E"
    },
    {
      "type": "WEB",
      "url": "https://lists.apache.org/thread.html/r356592d9874ab4bc9da4754592f8aa6edc894c95e17e58484bc2af7a@%3Cissues.hive.apache.org%3E"
    },
    {
      "type": "WEB",
      "url": "https://lists.apache.org/thread.html/r356592d9874ab4bc9da4754592f8aa6edc894c95e17e58484bc2af7a%40%3Cissues.hive.apache.org%3E"
    },
    {
      "type": "WEB",
      "url": "https://lists.apache.org/thread.html/r1edabcfacdad42d3c830464e9cf07a9a489059a7b7a8642cf055542d@%3Cissues.hive.apache.org%3E"
    },
    {
      "type": "WEB",
      "url": "https://lists.apache.org/thread.html/r1edabcfacdad42d3c830464e9cf07a9a489059a7b7a8642cf055542d%40%3Cissues.hive.apache.org%3E"
    },
    {
      "type": "WEB",
      "url": "https://lists.apache.org/thread.html/r0fbf2c60967bc9f73d7f5a62ad3b955789f9a14b950f42e99fca9b4e@%3Cissues.hive.apache.org%3E"
    },
    {
      "type": "WEB",
      "url": "https://lists.apache.org/thread.html/r0fbf2c60967bc9f73d7f5a62ad3b955789f9a14b950f42e99fca9b4e%40%3Cissues.hive.apache.org%3E"
    },
    {
      "type": "WEB",
      "url": "https://bugzilla.redhat.com/show_bug.cgi?id=CVE-2019-10202"
    }
  ],
  "affected": [
    {
      "package": {
        "name": "org.codehaus.jackson:jackson-mapper-asl",
        "ecosystem": "Maven",
        "purl": "pkg:maven/org.codehaus.jackson/jackson-mapper-asl"
      },
      "ranges": [
        {
          "type": "ECOSYSTEM",
          "events": [
            {
              "introduced": "0"
            },
            {
              "last_affected": "1.9.13"
            }
          ]
        }
      ],
      "versions": [
        "0.9.6",
        "0.9.7",
        "0.9.8",
        "0.9.9",
        "0.9.9-2",
        "0.9.9-3",
        "0.9.9-4",
        "0.9.9-5",
        "0.9.9-6",
        "1.0.0",
        "1.0.1",
        "1.1.0",
        "1.1.1",
        "1.1.2",
        "1.2.0",
        "1.2.1",
        "1.3.0",
        "1.3.1",
        "1.3.2",
        "1.3.3",
        "1.3.4",
        "1.3.5",
        "1.4.0",
        "1.4.1",
        "1.4.2",
        "1.4.3",
        "1.4.4",
        "1.4.5",
        "1.5.0",
        "1.5.1",
        "1.5.2",
        "1.5.3",
        "1.5.4",
        "1.5.5",
        "1.5.6",
        "1.5.7",
        "1.5.8",
        "1.6.0",
        "1.6.1",
        "1.6.2",
        "1.6.3",
        "1.6.4",
        "1.6.5",
        "1.6.6",
        "1.6.7",
        "1.6.9",
        "1.7.0",
        "1.7.1",
        "1.7.2",
        "1.7.3",
        "1.7.4",
        "1.7.5",
        "1.7.6",
        "1.7.7",
        "1.7.8",
        "1.7.9",
        "1.8.0",
        "1.8.1",
        "1.8.10",
        "1.8.11",
        "1.8.2",
        "1.8.3",
        "1.8.4",
        "1.8.5",
        "1.8.6",
        "1.8.7",
        "1.8.8",
        "1.8.9",
        "1.9.0",
        "1.9.1",
        "1.9.10",
        "1.9.11",
        "1.9.12",
        "1.9.13",
        "1.9.2",
        "1.9.3",
        "1.9.4",
        "1.9.5",
        "1.9.6",
        "1.9.7",
        "1.9.8",
        "1.9.9"
      ],
      "database_specific": {
        "source": "https://github.com/github/advisory-database/blob/main/advisories/github-reviewed/2022/05/GHSA-c27h-mcmw-48hv/GHSA-c27h-mcmw-48hv.json"
      }
    }
  ],
  "schema_version": "1.6.0",
  "severity": [
    {
      "type": "CVSS_V3",
      "score": "CVSS:3.1/AV:N/AC:L/PR:N/UI:N/S:U/C:H/I:H/A:H"
    }
  ]
}