{
  "id": "GHSA-rcjc-c4pj-xxrp",
  "summary": "Apache Derby: LDAP injection vulnerability in authenticator",
  "details": "A cleverly devised username might bypass LDAP authentication checks. In LDAP-authenticated Derby installations, this could let an attacker fill up the disk by creating junk Derby databases. In LDAP-authenticated Derby installations, this could also allow the attacker to execute malware which was visible to and executable by the account which booted the Derby server. In LDAP-protected databases which weren't also protected by SQL GRANT/REVOKE authorization, this vulnerability could also let an attacker view and corrupt sensitive data and run sensitive database functions and procedures.\n\nMitigation:\n\nUsers should upgrade to Java 21 and Derby 10.17.1.0.\n\nAlternatively, users who wish to remain on older Java versions should build their own Derby distribution from one of the release families to which the fix was backported: 10.16, 10.15, and 10.14. Those are the releases which correspond, respectively, with Java LTS versions 17, 11, and 8.",
  "aliases": [
    "CGA-vqqq-58x5-rqr9",
    "CVE-2022-46337"
  ],
  "modified": "2024-10-22T05:29:02.696069Z",
  "published": "2023-11-20T09:30:31Z",
  "related": [
    "CGA-2772-96rw-fr4c",
    "CGA-j64p-5vwg-qvv7"
  ],
  "database_specific": {
    "nvd_published_at": "2023-11-20T09:15:07Z",
    "cwe_ids": [
      "CWE-74",
      "CWE-94"
    ],
    "severity": "CRITICAL",
    "github_reviewed": true,
    "github_reviewed_at": "2023-11-20T23:26:35Z"
  },
  "references": [
    {
      "type": "ADVISORY",
      "url": "https://nvd.nist.gov/vuln/detail/CVE-2022-46337"
    },
    {
      "type": "PACKAGE",
      "url": "https://github.com/apache/derby"
    },
    {
      "type": "WEB",
      "url": "https://issues.apache.org/jira/browse/DERBY-7147"
    },
    {
      "type": "WEB",
      "url": "https://lists.apache.org/thread/q23kvvtoohgzwybxpwozmvvk17rp0td3"
    }
  ],
  "affected": [
    {
      "package": {
        "name": "org.apache.derby:derby",
        "ecosystem": "Maven",
        "purl": "pkg:maven/org.apache.derby/derby"
      },
      "ranges": [
        {
          "type": "ECOSYSTEM",
          "events": [
            {
              "introduced": "10.1.1.0"
            },
            {
              "fixed": "10.14.3"
            }
          ]
        }
      ],
      "versions": [
        "10.1.1.0",
        "10.1.2.1",
        "10.1.3.1",
        "10.10.1.1",
        "10.10.2.0",
        "10.11.1.1",
        "10.12.1.1",
        "10.13.1.1",
        "10.14.1.0",
        "10.14.2.0",
        "10.2.1.6",
        "10.2.2.0",
        "10.3.1.4",
        "10.3.2.1",
        "10.4.1.3",
        "10.4.2.0",
        "10.5.3.0",
        "10.5.3.0_1",
        "10.6.1.0",
        "10.6.2.1",
        "10.7.1.1",
        "10.8.1.2",
        "10.8.2.2",
        "10.8.3.0",
        "10.9.1.0"
      ],
      "database_specific": {
        "source": "https://github.com/github/advisory-database/blob/main/advisories/github-reviewed/2023/11/GHSA-rcjc-c4pj-xxrp/GHSA-rcjc-c4pj-xxrp.json"
      }
    },
    {
      "package": {
        "name": "org.apache.derby:derby",
        "ecosystem": "Maven",
        "purl": "pkg:maven/org.apache.derby/derby"
      },
      "ranges": [
        {
          "type": "ECOSYSTEM",
          "events": [
            {
              "introduced": "10.15.0.0"
            },
            {
              "fixed": "10.15.2.1"
            }
          ]
        }
      ],
      "versions": [
        "10.15.1.3",
        "10.15.2.0"
      ],
      "database_specific": {
        "source": "https://github.com/github/advisory-database/blob/main/advisories/github-reviewed/2023/11/GHSA-rcjc-c4pj-xxrp/GHSA-rcjc-c4pj-xxrp.json"
      }
    },
    {
      "package": {
        "name": "org.apache.derby:derby",
        "ecosystem": "Maven",
        "purl": "pkg:maven/org.apache.derby/derby"
      },
      "ranges": [
        {
          "type": "ECOSYSTEM",
          "events": [
            {
              "introduced": "10.16.0.0"
            },
            {
              "fixed": "10.16.1.2"
            }
          ]
        }
      ],
      "versions": [
        "10.16.1.1"
      ],
      "database_specific": {
        "source": "https://github.com/github/advisory-database/blob/main/advisories/github-reviewed/2023/11/GHSA-rcjc-c4pj-xxrp/GHSA-rcjc-c4pj-xxrp.json"
      }
    },
    {
      "package": {
        "name": "org.apache.derby:derby",
        "ecosystem": "Maven",
        "purl": "pkg:maven/org.apache.derby/derby"
      },
      "ranges": [
        {
          "type": "ECOSYSTEM",
          "events": [
            {
              "introduced": "10.17.0.0"
            },
            {
              "fixed": "10.17.1.0"
            }
          ]
        }
      ],
      "database_specific": {
        "source": "https://github.com/github/advisory-database/blob/main/advisories/github-reviewed/2023/11/GHSA-rcjc-c4pj-xxrp/GHSA-rcjc-c4pj-xxrp.json"
      },
      "versions": []
    }
  ],
  "schema_version": "1.6.0",
  "severity": [
    {
      "type": "CVSS_V3",
      "score": "CVSS:3.1/AV:N/AC:L/PR:N/UI:N/S:U/C:H/I:H/A:H"
    }
  ]
}