{
  "id": "GHSA-hf4p-mhc8-x2gp",
  "summary": "Apache Archiva vulnerable to Cross Site Request Forgery",
  "details": "Several REST service endpoints of Apache Archiva are not protected against Cross Site Request Forgery (CSRF) attacks. A malicious site opened in the same browser as the archiva site, may send an HTML response that performs arbitrary actions on archiva services, with the same rights as the active archiva session (e.g. administrator rights).",
  "aliases": [
    "CVE-2017-5657"
  ],
  "modified": "2023-11-08T03:59:23.040369Z",
  "published": "2022-05-14T01:09:51Z",
  "database_specific": {
    "nvd_published_at": "2017-05-22T18:29:00Z",
    "github_reviewed_at": "2022-11-22T18:47:55Z",
    "severity": "HIGH",
    "github_reviewed": true,
    "cwe_ids": [
      "CWE-352"
    ]
  },
  "references": [
    {
      "type": "ADVISORY",
      "url": "https://nvd.nist.gov/vuln/detail/CVE-2017-5657"
    },
    {
      "type": "PACKAGE",
      "url": "https://github.com/apache/archiva"
    },
    {
      "type": "WEB",
      "url": "https://lists.apache.org/thread.html/ff8dcfe29377088ab655fda9d585dccd5b1f07fabd94ae84fd60a7f8@%3Ccommits.pulsar.apache.org%3E"
    },
    {
      "type": "WEB",
      "url": "https://web.archive.org/web/20211206215453/https://securitytracker.com/id/1038528"
    },
    {
      "type": "WEB",
      "url": "http://archiva.apache.org/security.html#CVE-2017-5657"
    },
    {
      "type": "WEB",
      "url": "http://www.securityfocus.com/bid/98570"
    }
  ],
  "affected": [
    {
      "package": {
        "name": "org.apache.archiva:archiva",
        "ecosystem": "Maven",
        "purl": "pkg:maven/org.apache.archiva/archiva"
      },
      "ranges": [
        {
          "type": "ECOSYSTEM",
          "events": [
            {
              "introduced": "0"
            },
            {
              "fixed": "2.2.3"
            }
          ]
        }
      ],
      "versions": [
        "1.1",
        "1.1.1",
        "1.1.2",
        "1.1.3",
        "1.1.4",
        "1.2",
        "1.2-M1",
        "1.2.1",
        "1.2.2",
        "1.3",
        "1.3.1",
        "1.3.2",
        "1.3.3",
        "1.3.4",
        "1.3.5",
        "1.3.6",
        "1.3.8",
        "1.3.9",
        "1.4-M1",
        "1.4-M2",
        "1.4-M3",
        "1.4-M4",
        "2.0.0",
        "2.0.1",
        "2.1.0",
        "2.1.1",
        "2.2.0",
        "2.2.1"
      ],
      "database_specific": {
        "source": "https://github.com/github/advisory-database/blob/main/advisories/github-reviewed/2022/05/GHSA-hf4p-mhc8-x2gp/GHSA-hf4p-mhc8-x2gp.json"
      }
    }
  ],
  "schema_version": "1.6.0",
  "severity": [
    {
      "type": "CVSS_V3",
      "score": "CVSS:3.0/AV:N/AC:L/PR:L/UI:R/S:U/C:H/I:H/A:H"
    }
  ]
}