{
  "id": "GHSA-mcw3-h5xg-r95m",
  "summary": "JeecgBoot SQL Injection vulnerability",
  "details": "JeecgBoot v3.7.1 was discovered to contain a SQL injection vulnerability via the component `/onlDragDatasetHead/getTotalData`.",
  "aliases": [
    "CVE-2024-48307"
  ],
  "modified": "2024-11-01T22:12:21.324108Z",
  "published": "2024-10-31T03:30:45Z",
  "database_specific": {
    "nvd_published_at": "2024-10-31T01:15:14Z",
    "cwe_ids": [
      "CWE-89"
    ],
    "severity": "HIGH",
    "github_reviewed": true,
    "github_reviewed_at": "2024-11-01T21:38:10Z"
  },
  "references": [
    {
      "type": "ADVISORY",
      "url": "https://nvd.nist.gov/vuln/detail/CVE-2024-48307"
    },
    {
      "type": "WEB",
      "url": "https://github.com/jeecgboot/JeecgBoot/issues/7237"
    },
    {
      "type": "WEB",
      "url": "https://github.com/jeecgboot"
    },
    {
      "type": "PACKAGE",
      "url": "https://github.com/jeecgboot/JeecgBoot"
    }
  ],
  "affected": [
    {
      "package": {
        "name": "org.jeecgframework.boot:jeecg-boot-parent",
        "ecosystem": "Maven",
        "purl": "pkg:maven/org.jeecgframework.boot/jeecg-boot-parent"
      },
      "ranges": [
        {
          "type": "ECOSYSTEM",
          "events": [
            {
              "introduced": "0"
            },
            {
              "last_affected": "3.7.1"
            }
          ]
        }
      ],
      "versions": [
        "3.5.1"
      ],
      "database_specific": {
        "source": "https://github.com/github/advisory-database/blob/main/advisories/github-reviewed/2024/10/GHSA-mcw3-h5xg-r95m/GHSA-mcw3-h5xg-r95m.json"
      }
    }
  ],
  "schema_version": "1.6.0",
  "severity": [
    {
      "type": "CVSS_V3",
      "score": "CVSS:3.1/AV:N/AC:L/PR:N/UI:N/S:U/C:H/I:H/A:H"
    },
    {
      "type": "CVSS_V4",
      "score": "CVSS:4.0/AV:N/AC:L/AT:N/PR:N/UI:N/VC:H/VI:H/VA:H/SC:N/SI:N/SA:N/E:P"
    }
  ]
}