{
  "id": "GHSA-77jg-cpw9-73vg",
  "summary": "Apache Cocoon Improper Restriction of XML External Entity Reference vulnerability",
  "details": "Improper Restriction of XML External Entity Reference vulnerability in Apache Cocoon. This issue affects Apache Cocoon: from 2.2.0 before 2.3.0.\n\nUsers are recommended to upgrade to version 2.3.0, which fixes the issue.\n\n",
  "aliases": [
    "CVE-2023-49733"
  ],
  "modified": "2023-12-05T23:04:20Z",
  "published": "2023-11-30T12:30:18Z",
  "database_specific": {
    "nvd_published_at": "2023-11-30T12:15:09Z",
    "cwe_ids": [
      "CWE-611"
    ],
    "severity": "CRITICAL",
    "github_reviewed": true,
    "github_reviewed_at": "2023-11-30T19:51:43Z"
  },
  "references": [
    {
      "type": "ADVISORY",
      "url": "https://nvd.nist.gov/vuln/detail/CVE-2023-49733"
    },
    {
      "type": "PACKAGE",
      "url": "https://github.com/apache/cocoon"
    },
    {
      "type": "WEB",
      "url": "https://lists.apache.org/thread/t87nntzt6dxw354zbqr9k7l7o1x8gq11"
    },
    {
      "type": "WEB",
      "url": "http://www.openwall.com/lists/oss-security/2023/11/30/5"
    }
  ],
  "affected": [
    {
      "package": {
        "name": "org.apache.cocoon:cocoon",
        "ecosystem": "Maven",
        "purl": "pkg:maven/org.apache.cocoon/cocoon"
      },
      "ranges": [
        {
          "type": "ECOSYSTEM",
          "events": [
            {
              "introduced": "2.2.0"
            },
            {
              "fixed": "2.3.0"
            }
          ]
        }
      ],
      "database_specific": {
        "source": "https://github.com/github/advisory-database/blob/main/advisories/github-reviewed/2023/11/GHSA-77jg-cpw9-73vg/GHSA-77jg-cpw9-73vg.json"
      },
      "versions": []
    }
  ],
  "schema_version": "1.6.0",
  "severity": [
    {
      "type": "CVSS_V3",
      "score": "CVSS:3.1/AV:N/AC:L/PR:N/UI:N/S:U/C:H/I:H/A:H"
    }
  ]
}