{
  "id": "GHSA-m7vh-pgfq-v4rq",
  "summary": "Jeecg boot SQL Injection vulnerability",
  "details": "Jeecg boot up to v3.5.3 was discovered to contain a SQL injection vulnerability via the component `/jeecg-boot/jmreport/show`.",
  "aliases": [
    "CVE-2023-42268"
  ],
  "modified": "2024-02-16T08:01:10.989459Z",
  "published": "2023-09-08T21:30:35Z",
  "database_specific": {
    "nvd_published_at": "2023-09-08T19:15:44Z",
    "cwe_ids": [
      "CWE-89"
    ],
    "severity": "CRITICAL",
    "github_reviewed": true,
    "github_reviewed_at": "2023-09-11T14:43:19Z"
  },
  "references": [
    {
      "type": "ADVISORY",
      "url": "https://nvd.nist.gov/vuln/detail/CVE-2023-42268"
    },
    {
      "type": "WEB",
      "url": "https://github.com/jeecgboot/jeecg-boot/issues/5311"
    },
    {
      "type": "PACKAGE",
      "url": "https://github.com/jeecgboot/jeecg-boot"
    }
  ],
  "affected": [
    {
      "package": {
        "name": "org.jeecgframework.boot:jeecg-boot-parent",
        "ecosystem": "Maven",
        "purl": "pkg:maven/org.jeecgframework.boot/jeecg-boot-parent"
      },
      "ranges": [
        {
          "type": "ECOSYSTEM",
          "events": [
            {
              "introduced": "0"
            },
            {
              "last_affected": "3.5.3"
            }
          ]
        }
      ],
      "versions": [
        "3.5.1"
      ],
      "database_specific": {
        "source": "https://github.com/github/advisory-database/blob/main/advisories/github-reviewed/2023/09/GHSA-m7vh-pgfq-v4rq/GHSA-m7vh-pgfq-v4rq.json"
      }
    }
  ],
  "schema_version": "1.6.0",
  "severity": [
    {
      "type": "CVSS_V3",
      "score": "CVSS:3.1/AV:N/AC:L/PR:N/UI:N/S:U/C:H/I:H/A:H"
    }
  ]
}