{
  "id": "GHSA-gx69-6cp4-hxrj",
  "summary": "RubyGems Link Following vulnerability",
  "details": "RubyGems version Ruby 2.2 series: 2.2.9 and earlier, Ruby 2.3 series: 2.3.6 and earlier, Ruby 2.4 series: 2.4.3 and earlier, Ruby 2.5 series: 2.5.0 and earlier, prior to trunk revision 62422 contains a Directory Traversal vulnerability in `install_location` function of `package.rb` that can result in path traversal when writing to a symlinked basedir outside of the root. This vulnerability appears to have been fixed in 2.7.6.",
  "aliases": [
    "CVE-2018-1000073"
  ],
  "modified": "2024-03-12T05:32:37.187659Z",
  "published": "2022-05-13T01:18:44Z",
  "database_specific": {
    "nvd_published_at": "2018-03-13T15:29:00Z",
    "cwe_ids": [
      "CWE-59"
    ],
    "severity": "HIGH",
    "github_reviewed": true,
    "github_reviewed_at": "2023-03-08T20:17:23Z"
  },
  "references": [
    {
      "type": "ADVISORY",
      "url": "https://nvd.nist.gov/vuln/detail/CVE-2018-1000073"
    },
    {
      "type": "WEB",
      "url": "https://github.com/rubygems/rubygems/commit/1b931fc03b819b9a0214be3eaca844ef534175e2"
    },
    {
      "type": "WEB",
      "url": "https://github.com/jruby/jruby/commit/0b06b48ab4432237ce5fc1bef47f2c6bcf7843f7"
    },
    {
      "type": "WEB",
      "url": "https://www.debian.org/security/2018/dsa-4259"
    },
    {
      "type": "WEB",
      "url": "https://www.debian.org/security/2018/dsa-4219"
    },
    {
      "type": "WEB",
      "url": "https://usn.ubuntu.com/3621-1"
    },
    {
      "type": "WEB",
      "url": "https://lists.debian.org/debian-lts-announce/2018/08/msg00028.html"
    },
    {
      "type": "WEB",
      "url": "https://github.com/rubysec/ruby-advisory-db/blob/master/gems/rubygems-update/CVE-2018-1000073.yml"
    },
    {
      "type": "PACKAGE",
      "url": "https://github.com/rubygems/rubygems"
    },
    {
      "type": "WEB",
      "url": "https://bugs.debian.org/cgi-bin/bugreport.cgi?bug=925986"
    },
    {
      "type": "WEB",
      "url": "https://access.redhat.com/errata/RHSA-2020:0663"
    },
    {
      "type": "WEB",
      "url": "https://access.redhat.com/errata/RHSA-2020:0591"
    },
    {
      "type": "WEB",
      "url": "https://access.redhat.com/errata/RHSA-2020:0542"
    },
    {
      "type": "WEB",
      "url": "https://access.redhat.com/errata/RHSA-2019:2028"
    },
    {
      "type": "WEB",
      "url": "https://access.redhat.com/errata/RHSA-2018:3731"
    },
    {
      "type": "WEB",
      "url": "https://access.redhat.com/errata/RHSA-2018:3730"
    },
    {
      "type": "WEB",
      "url": "https://access.redhat.com/errata/RHSA-2018:3729"
    },
    {
      "type": "WEB",
      "url": "http://blog.rubygems.org/2018/02/15/2.7.6-released.html"
    },
    {
      "type": "WEB",
      "url": "http://lists.opensuse.org/opensuse-security-announce/2019-07/msg00036.html"
    }
  ],
  "affected": [
    {
      "package": {
        "name": "rubygems-update",
        "ecosystem": "RubyGems",
        "purl": "pkg:gem/rubygems-update"
      },
      "ranges": [
        {
          "type": "ECOSYSTEM",
          "events": [
            {
              "introduced": "0"
            },
            {
              "fixed": "2.7.6"
            }
          ]
        }
      ],
      "versions": [
        "0.8.10",
        "0.8.11",
        "0.8.3",
        "0.8.4",
        "0.8.5",
        "0.8.6",
        "0.8.8",
        "0.9.0",
        "0.9.1",
        "0.9.2",
        "0.9.3",
        "0.9.4",
        "0.9.5",
        "1.0.0",
        "1.0.1",
        "1.1.0",
        "1.1.1",
        "1.2.0",
        "1.3.0",
        "1.3.1",
        "1.3.2",
        "1.3.3",
        "1.3.4",
        "1.3.5",
        "1.3.6",
        "1.3.7",
        "1.4.0",
        "1.4.1",
        "1.4.2",
        "1.5.0",
        "1.5.2",
        "1.5.3",
        "1.6.0",
        "1.6.1",
        "1.6.2",
        "1.7.0",
        "1.7.1",
        "1.7.2",
        "1.8.0",
        "1.8.1",
        "1.8.10",
        "1.8.11",
        "1.8.12",
        "1.8.13",
        "1.8.14",
        "1.8.15",
        "1.8.16",
        "1.8.17",
        "1.8.18",
        "1.8.19",
        "1.8.2",
        "1.8.20",
        "1.8.21",
        "1.8.22",
        "1.8.23",
        "1.8.23.2",
        "1.8.24",
        "1.8.25",
        "1.8.26",
        "1.8.27",
        "1.8.28",
        "1.8.29",
        "1.8.3",
        "1.8.30",
        "1.8.4",
        "1.8.5",
        "1.8.6",
        "1.8.7",
        "1.8.8",
        "1.8.9",
        "2.0.0",
        "2.0.0.preview2",
        "2.0.0.preview2.1",
        "2.0.0.preview2.2",
        "2.0.0.rc.1",
        "2.0.0.rc.2",
        "2.0.10",
        "2.0.11",
        "2.0.12",
        "2.0.13",
        "2.0.14",
        "2.0.15",
        "2.0.16",
        "2.0.17",
        "2.0.2",
        "2.0.3",
        "2.0.4",
        "2.0.5",
        "2.0.6",
        "2.0.7",
        "2.0.8",
        "2.0.9",
        "2.1.0",
        "2.1.0.rc.1",
        "2.1.0.rc.2",
        "2.1.1",
        "2.1.10",
        "2.1.11",
        "2.1.2",
        "2.1.3",
        "2.1.4",
        "2.1.5",
        "2.1.6",
        "2.1.7",
        "2.1.8",
        "2.1.9",
        "2.2.0",
        "2.2.0.rc.1",
        "2.2.1",
        "2.2.2",
        "2.2.3",
        "2.2.4",
        "2.2.5",
        "2.3.0",
        "2.4.0",
        "2.4.1",
        "2.4.2",
        "2.4.3",
        "2.4.4",
        "2.4.5",
        "2.4.6",
        "2.4.7",
        "2.4.8",
        "2.5.0",
        "2.5.1",
        "2.5.2",
        "2.6.0",
        "2.6.1",
        "2.6.10",
        "2.6.11",
        "2.6.12",
        "2.6.13",
        "2.6.14",
        "2.6.2",
        "2.6.3",
        "2.6.4",
        "2.6.5",
        "2.6.6",
        "2.6.7",
        "2.6.8",
        "2.6.9",
        "2.7.0",
        "2.7.1",
        "2.7.2",
        "2.7.3",
        "2.7.4",
        "2.7.4.pre1",
        "2.7.5"
      ],
      "database_specific": {
        "source": "https://github.com/github/advisory-database/blob/main/advisories/github-reviewed/2022/05/GHSA-gx69-6cp4-hxrj/GHSA-gx69-6cp4-hxrj.json"
      }
    },
    {
      "package": {
        "name": "org.jruby:jruby-stdlib",
        "ecosystem": "Maven",
        "purl": "pkg:maven/org.jruby/jruby-stdlib"
      },
      "ranges": [
        {
          "type": "ECOSYSTEM",
          "events": [
            {
              "introduced": "0"
            },
            {
              "fixed": "9.1.16.0"
            }
          ]
        }
      ],
      "versions": [
        "1.6.0",
        "1.6.1",
        "1.6.2",
        "1.6.3",
        "1.6.4",
        "1.6.5",
        "1.6.5.1",
        "1.6.6",
        "1.6.7",
        "1.6.7.1",
        "1.6.7.2",
        "1.6.8",
        "1.7.0",
        "1.7.0.RC1",
        "1.7.0.RC2",
        "1.7.0.preview1",
        "1.7.0.preview2",
        "1.7.1",
        "1.7.10",
        "1.7.11",
        "1.7.12",
        "1.7.13",
        "1.7.14",
        "1.7.15",
        "1.7.16",
        "1.7.16.1",
        "1.7.16.2",
        "1.7.17",
        "1.7.18",
        "1.7.19",
        "1.7.2",
        "1.7.20",
        "1.7.20.1",
        "1.7.21",
        "1.7.22",
        "1.7.23",
        "1.7.24",
        "1.7.25",
        "1.7.26",
        "1.7.27",
        "1.7.3",
        "1.7.4",
        "1.7.5",
        "1.7.6",
        "1.7.7",
        "1.7.8",
        "1.7.9",
        "9.0.0.0",
        "9.0.0.0.pre1",
        "9.0.0.0.pre2",
        "9.0.0.0.rc1",
        "9.0.0.0.rc2",
        "9.0.1.0",
        "9.0.2.0",
        "9.0.3.0",
        "9.0.4.0",
        "9.0.5.0",
        "9.1.0.0",
        "9.1.1.0",
        "9.1.10.0",
        "9.1.11.0",
        "9.1.12.0",
        "9.1.13.0",
        "9.1.14.0",
        "9.1.15.0",
        "9.1.2.0",
        "9.1.3.0",
        "9.1.4.0",
        "9.1.5.0",
        "9.1.6.0",
        "9.1.7.0",
        "9.1.8.0",
        "9.1.9.0"
      ],
      "database_specific": {
        "source": "https://github.com/github/advisory-database/blob/main/advisories/github-reviewed/2022/05/GHSA-gx69-6cp4-hxrj/GHSA-gx69-6cp4-hxrj.json"
      }
    }
  ],
  "schema_version": "1.6.0",
  "severity": [
    {
      "type": "CVSS_V3",
      "score": "CVSS:3.0/AV:N/AC:L/PR:N/UI:N/S:U/C:H/I:N/A:N"
    }
  ]
}