{
  "id": "GHSA-qvxv-pmq9-4q7g",
  "summary": "High severity vulnerability that affects org.scala-lang:scala-compiler",
  "details": "The compilation daemon in Scala before 2.10.7, 2.11.x before 2.11.12, and 2.12.x before 2.12.4 uses weak permissions for private files in /tmp/scala-devel/${USER:shared}/scalac-compile-server-port, which allows local users to write to arbitrary class files and consequently gain privileges.",
  "aliases": [
    "CVE-2017-15288"
  ],
  "modified": "2024-03-14T05:32:49.594811Z",
  "published": "2018-10-19T16:51:11Z",
  "database_specific": {
    "nvd_published_at": "2017-11-15T16:29:00Z",
    "cwe_ids": [
      "CWE-732"
    ],
    "severity": "HIGH",
    "github_reviewed": true,
    "github_reviewed_at": "2020-06-16T21:52:54Z"
  },
  "references": [
    {
      "type": "ADVISORY",
      "url": "https://nvd.nist.gov/vuln/detail/CVE-2017-15288"
    },
    {
      "type": "WEB",
      "url": "https://github.com/scala/scala/pull/6108"
    },
    {
      "type": "WEB",
      "url": "https://github.com/scala/scala/pull/6120"
    },
    {
      "type": "WEB",
      "url": "https://github.com/scala/scala/pull/6128"
    },
    {
      "type": "WEB",
      "url": "https://security.gentoo.org/glsa/201812-08"
    },
    {
      "type": "WEB",
      "url": "https://lists.apache.org/thread.html/rf57e4d7211b30e51803911304f3b7b54393f7a4bd60bb0784c31eec1@%3Cjira.kafka.apache.org%3E"
    },
    {
      "type": "WEB",
      "url": "https://lists.apache.org/thread.html/re72f4d04dfc398aae0e38dbfeccf44780df2782623a610cbfcec6f3a@%3Cjira.kafka.apache.org%3E"
    },
    {
      "type": "WEB",
      "url": "https://lists.apache.org/thread.html/r628ea3ea2fed4d9c1c5232a0b1ed108a15abc9fd2f0aaca1e8cc9164@%3Cdev.kafka.apache.org%3E"
    },
    {
      "type": "WEB",
      "url": "https://lists.apache.org/thread.html/r5a1418a4f5101f5af3fc14bf358c54f2c7200e6a3701de2e2f581e1b@%3Cdev.kafka.apache.org%3E"
    },
    {
      "type": "WEB",
      "url": "https://lists.apache.org/thread.html/r3f10022ec972c8df29a950d1a591c16562eeddd9194d3010e46b9b76@%3Cjira.kafka.apache.org%3E"
    },
    {
      "type": "WEB",
      "url": "https://lists.apache.org/thread.html/r33665e9213cc6df1e48c3d99d1b0c7a3203e9bd0ef4fc4ba838bcb04@%3Cjira.kafka.apache.org%3E"
    },
    {
      "type": "WEB",
      "url": "https://lists.apache.org/thread.html/r32e0b1d5ff43ac3ed4b179a4e663022d1c5ccac77884a99ea149e633@%3Ccommits.druid.apache.org%3E"
    },
    {
      "type": "WEB",
      "url": "https://lists.apache.org/thread.html/r1d51eae81ceb7bfd1780936a48b460ab31d53ff2ed526a88a7f60fe4@%3Ccommits.druid.apache.org%3E"
    },
    {
      "type": "WEB",
      "url": "https://lists.apache.org/thread.html/r18a05115cfa078c0f4e5c1ea2e8d64804f63e0095aa2174a3afecc0f@%3Cjira.kafka.apache.org%3E"
    },
    {
      "type": "WEB",
      "url": "https://lists.apache.org/thread.html/r10dd8e5b3bbe3bb531aa4a65472ce56f91efbb77ea9fe04bb8272e2c@%3Cjira.kafka.apache.org%3E"
    },
    {
      "type": "WEB",
      "url": "https://lists.apache.org/thread.html/f9bc3e55f4e28d1dcd1a69aae6d53e609a758e34d2869b4d798e13cc@%3Cissues.drill.apache.org%3E"
    },
    {
      "type": "WEB",
      "url": "https://lists.apache.org/thread.html/b0656d359c7d40ec9f39c8cc61bca66802ef9a2a12ee199f5b0c1442@%3Cdev.drill.apache.org%3E"
    },
    {
      "type": "WEB",
      "url": "https://lists.apache.org/thread.html/519eb0fd45642dcecd9ff74cb3e71c20a4753f7d82e2f07864b5108f@%3Cdev.drill.apache.org%3E"
    },
    {
      "type": "WEB",
      "url": "https://lists.apache.org/thread.html/053d9ce4d579b02203db18545fee5e33f35f2932885459b74d1e4272@%3Cissues.activemq.apache.org%3E"
    },
    {
      "type": "PACKAGE",
      "url": "https://github.com/scala/scala"
    },
    {
      "type": "ADVISORY",
      "url": "https://github.com/advisories/GHSA-qvxv-pmq9-4q7g"
    },
    {
      "type": "WEB",
      "url": "http://scala-lang.org/news/security-update-nov17.html"
    }
  ],
  "affected": [
    {
      "package": {
        "name": "org.scala-lang:scala-compiler",
        "ecosystem": "Maven",
        "purl": "pkg:maven/org.scala-lang/scala-compiler"
      },
      "ranges": [
        {
          "type": "ECOSYSTEM",
          "events": [
            {
              "introduced": "0"
            },
            {
              "fixed": "2.10.7"
            }
          ]
        }
      ],
      "versions": [
        "2.10.0",
        "2.10.0-M1",
        "2.10.0-M1-virtualized",
        "2.10.0-M1-virtualized.rdev-4217-2012-01-24-g9118644",
        "2.10.0-M2",
        "2.10.0-M3",
        "2.10.0-M4",
        "2.10.0-M5",
        "2.10.0-M6",
        "2.10.0-M7",
        "2.10.0-RC1",
        "2.10.0-RC2",
        "2.10.0-RC3",
        "2.10.0-RC4",
        "2.10.0-RC5",
        "2.10.1",
        "2.10.1-RC1",
        "2.10.1-RC2",
        "2.10.1-RC3",
        "2.10.2",
        "2.10.2-RC1",
        "2.10.2-RC2",
        "2.10.3",
        "2.10.3-RC1",
        "2.10.3-RC2",
        "2.10.3-RC3",
        "2.10.4",
        "2.10.4-RC1",
        "2.10.4-RC2",
        "2.10.4-RC3",
        "2.10.5",
        "2.10.6",
        "2.3.1",
        "2.3.3",
        "2.4.0",
        "2.4.0-RC1",
        "2.4.0-RC2",
        "2.5.0",
        "2.5.0-RC1",
        "2.5.0-RC2",
        "2.5.1",
        "2.6.0",
        "2.6.0-RC2",
        "2.6.0-RC3",
        "2.6.1",
        "2.6.1-rc1",
        "2.6.1-rc2",
        "2.7.0",
        "2.7.0-rc1",
        "2.7.0-rc2",
        "2.7.0-rc3",
        "2.7.1",
        "2.7.1-rc1",
        "2.7.1-rc2",
        "2.7.2",
        "2.7.2-rc1",
        "2.7.2-rc2",
        "2.7.2-rc3",
        "2.7.2-rc6",
        "2.7.3",
        "2.7.3.RC1",
        "2.7.3.RC2",
        "2.7.4",
        "2.7.4.RC1",
        "2.7.4.final",
        "2.7.5",
        "2.7.6",
        "2.7.7",
        "2.7.7.RC1",
        "2.7.7.RC2",
        "2.8.0",
        "2.8.0.Beta1",
        "2.8.0.Beta1-RC1",
        "2.8.0.Beta1-RC2",
        "2.8.0.Beta1-RC3",
        "2.8.0.Beta1-RC4",
        "2.8.0.Beta1-RC5",
        "2.8.0.Beta1-RC6",
        "2.8.0.Beta1-RC7",
        "2.8.0.Beta1-RC8",
        "2.8.0.RC1",
        "2.8.0.RC2",
        "2.8.0.RC3",
        "2.8.0.RC4",
        "2.8.0.RC5",
        "2.8.0.RC6",
        "2.8.0.RC7",
        "2.8.0.r18462-b20090811081019",
        "2.8.1",
        "2.8.1.RC1",
        "2.8.1.RC2",
        "2.8.1.RC3",
        "2.8.1.RC4",
        "2.8.2",
        "2.8.2.RC1",
        "2.8.2.RC2",
        "2.8.2.RC3",
        "2.9.0",
        "2.9.0-1",
        "2.9.0.RC1",
        "2.9.0.RC2",
        "2.9.0.RC3",
        "2.9.0.RC4",
        "2.9.0.RC5",
        "2.9.1",
        "2.9.1-1",
        "2.9.1-1-RC1",
        "2.9.1.RC1",
        "2.9.1.RC2",
        "2.9.1.RC3",
        "2.9.1.RC4",
        "2.9.2",
        "2.9.2-RC1",
        "2.9.2-RC2",
        "2.9.2-RC3",
        "2.9.3",
        "2.9.3-RC1",
        "2.9.3-RC2"
      ],
      "database_specific": {
        "source": "https://github.com/github/advisory-database/blob/main/advisories/github-reviewed/2018/10/GHSA-qvxv-pmq9-4q7g/GHSA-qvxv-pmq9-4q7g.json"
      }
    },
    {
      "package": {
        "name": "org.scala-lang:scala-compiler",
        "ecosystem": "Maven",
        "purl": "pkg:maven/org.scala-lang/scala-compiler"
      },
      "ranges": [
        {
          "type": "ECOSYSTEM",
          "events": [
            {
              "introduced": "2.11.0"
            },
            {
              "fixed": "2.11.12"
            }
          ]
        }
      ],
      "versions": [
        "2.11.0",
        "2.11.1",
        "2.11.10",
        "2.11.11",
        "2.11.2",
        "2.11.3",
        "2.11.4",
        "2.11.5",
        "2.11.6",
        "2.11.7",
        "2.11.8",
        "2.11.8-18269ea",
        "2.11.9"
      ],
      "database_specific": {
        "source": "https://github.com/github/advisory-database/blob/main/advisories/github-reviewed/2018/10/GHSA-qvxv-pmq9-4q7g/GHSA-qvxv-pmq9-4q7g.json"
      }
    },
    {
      "package": {
        "name": "org.scala-lang:scala-compiler",
        "ecosystem": "Maven",
        "purl": "pkg:maven/org.scala-lang/scala-compiler"
      },
      "ranges": [
        {
          "type": "ECOSYSTEM",
          "events": [
            {
              "introduced": "2.12.0"
            },
            {
              "fixed": "2.12.4"
            }
          ]
        }
      ],
      "versions": [
        "2.12.0",
        "2.12.1",
        "2.12.2",
        "2.12.3"
      ],
      "database_specific": {
        "source": "https://github.com/github/advisory-database/blob/main/advisories/github-reviewed/2018/10/GHSA-qvxv-pmq9-4q7g/GHSA-qvxv-pmq9-4q7g.json"
      }
    }
  ],
  "schema_version": "1.6.0",
  "severity": [
    {
      "type": "CVSS_V3",
      "score": "CVSS:3.1/AV:L/AC:L/PR:L/UI:N/S:U/C:H/I:H/A:H"
    }
  ]
}