{
  "id": "GHSA-5jc8-8xhv-g8qm",
  "summary": "Improper Input Validation in XFire",
  "details": "Codehaus XFire 1.2.6 and earlier, as used in the Amazon EC2 API Tools Java library and other products, does not verify that the server hostname matches a domain name in the subject's Common Name (CN) or subjectAltName field of the X.509 certificate, which allows man-in-the-middle attackers to spoof SSL servers via an arbitrary valid certificate.",
  "aliases": [
    "CVE-2012-5817"
  ],
  "modified": "2024-02-16T08:23:24.669561Z",
  "published": "2022-05-17T01:38:40Z",
  "database_specific": {
    "nvd_published_at": "2012-11-04T22:55:00Z",
    "cwe_ids": [
      "CWE-20",
      "CWE-295"
    ],
    "severity": "HIGH",
    "github_reviewed": true,
    "github_reviewed_at": "2022-07-12T22:17:46Z"
  },
  "references": [
    {
      "type": "ADVISORY",
      "url": "https://nvd.nist.gov/vuln/detail/CVE-2012-5817"
    },
    {
      "type": "WEB",
      "url": "https://exchange.xforce.ibmcloud.com/vulnerabilities/79934"
    },
    {
      "type": "WEB",
      "url": "http://www.cs.utexas.edu/~shmat/shmat_ccs12.pdf"
    }
  ],
  "affected": [
    {
      "package": {
        "name": "org.codehaus.xfire:xfire-core",
        "ecosystem": "Maven",
        "purl": "pkg:maven/org.codehaus.xfire/xfire-core"
      },
      "ranges": [
        {
          "type": "ECOSYSTEM",
          "events": [
            {
              "introduced": "0"
            },
            {
              "last_affected": "1.2.6"
            }
          ]
        }
      ],
      "versions": [
        "1.0",
        "1.0-M5",
        "1.0-RC1",
        "1.1",
        "1.1-RC1",
        "1.1-beta-1",
        "1.1.1",
        "1.1.2",
        "1.2",
        "1.2-RC",
        "1.2.1",
        "1.2.2",
        "1.2.3",
        "1.2.4",
        "1.2.5",
        "1.2.6"
      ],
      "database_specific": {
        "source": "https://github.com/github/advisory-database/blob/main/advisories/github-reviewed/2022/05/GHSA-5jc8-8xhv-g8qm/GHSA-5jc8-8xhv-g8qm.json"
      }
    }
  ],
  "schema_version": "1.6.0",
  "severity": [
    {
      "type": "CVSS_V3",
      "score": "CVSS:3.1/AV:N/AC:H/PR:N/UI:N/S:U/C:H/I:H/A:N"
    }
  ]
}