{
  "id": "GHSA-4j2x-v3mr-467m",
  "summary": "Jeecg-boot vulnerable to SQL injection via updateNullByEmptyString",
  "details": "Jeecg-boot v3.4.3 was discovered to contain a SQL injection vulnerability via the component updateNullByEmptyString.",
  "aliases": [
    "CVE-2022-45207"
  ],
  "modified": "2023-11-08T04:10:50.880062Z",
  "published": "2022-11-25T18:30:25Z",
  "database_specific": {
    "nvd_published_at": "2022-11-25T17:15:00Z",
    "github_reviewed_at": "2022-11-30T21:21:37Z",
    "severity": "CRITICAL",
    "github_reviewed": true,
    "cwe_ids": [
      "CWE-89"
    ]
  },
  "references": [
    {
      "type": "ADVISORY",
      "url": "https://nvd.nist.gov/vuln/detail/CVE-2022-45207"
    },
    {
      "type": "WEB",
      "url": "https://github.com/jeecgboot/jeecg-boot/issues/4127"
    },
    {
      "type": "WEB",
      "url": "https://github.com/jeecgboot/jeecg-boot/commit/8632a835c23f558dfee3584d7658cc6a13ccec6f"
    },
    {
      "type": "WEB",
      "url": "https://github.com/jeecgboot/jeecg-boot/commit/958cf01649e67c79887c21f9c0ada42b552b7ee3"
    },
    {
      "type": "PACKAGE",
      "url": "https://github.com/jeecgboot/jeecg-boot"
    }
  ],
  "affected": [
    {
      "package": {
        "name": "org.jeecgframework.boot:jeecg-boot-common",
        "ecosystem": "Maven",
        "purl": "pkg:maven/org.jeecgframework.boot/jeecg-boot-common"
      },
      "ranges": [
        {
          "type": "ECOSYSTEM",
          "events": [
            {
              "introduced": "0"
            },
            {
              "fixed": "3.4.4"
            }
          ]
        }
      ],
      "versions": [
        "3.4.0",
        "3.4.2",
        "3.4.3"
      ],
      "database_specific": {
        "source": "https://github.com/github/advisory-database/blob/main/advisories/github-reviewed/2022/11/GHSA-4j2x-v3mr-467m/GHSA-4j2x-v3mr-467m.json"
      }
    }
  ],
  "schema_version": "1.6.0",
  "severity": [
    {
      "type": "CVSS_V3",
      "score": "CVSS:3.1/AV:N/AC:L/PR:N/UI:N/S:U/C:H/I:H/A:H"
    }
  ]
}