{
  "id": "GHSA-qrcx-p4rr-g48h",
  "summary": "Apache Tomcat allows remote attackers to read JSP source files",
  "details": "The HTTP/1.1 connector in Apache Tomcat 4.1.15 through 4.1.40 does not reject NULL bytes in a URL when allowLinking is configured, which allows remote attackers to read JSP source files and obtain sensitive information.",
  "aliases": [
    "CVE-2005-4836"
  ],
  "modified": "2023-11-08T03:56:46.299850Z",
  "published": "2022-05-01T02:31:23Z",
  "database_specific": {
    "nvd_published_at": "2005-12-31T05:00:00Z",
    "cwe_ids": [
      "CWE-200"
    ],
    "severity": "HIGH",
    "github_reviewed": true,
    "github_reviewed_at": "2023-09-18T23:51:34Z"
  },
  "references": [
    {
      "type": "ADVISORY",
      "url": "https://nvd.nist.gov/vuln/detail/CVE-2005-4836"
    },
    {
      "type": "WEB",
      "url": "https://lists.apache.org/thread.html/29dc6c2b625789e70a9c4756b5a327e6547273ff8bde7e0327af48c5@%3Cdev.tomcat.apache.org%3E"
    },
    {
      "type": "WEB",
      "url": "https://lists.apache.org/thread.html/c62b0e3a7bf23342352a5810c640a94b6db69957c5c19db507004d74@%3Cdev.tomcat.apache.org%3E"
    },
    {
      "type": "WEB",
      "url": "https://lists.apache.org/thread.html/rb71997f506c6cc8b530dd845c084995a9878098846c7b4eacfae8db3@%3Cdev.tomcat.apache.org%3E"
    },
    {
      "type": "WEB",
      "url": "http://tomcat.apache.org/security-4.html"
    },
    {
      "type": "WEB",
      "url": "http://www.securityfocus.com/bid/28483"
    }
  ],
  "affected": [
    {
      "package": {
        "name": "org.apache.tomcat:tomcat",
        "ecosystem": "Maven",
        "purl": "pkg:maven/org.apache.tomcat/tomcat"
      },
      "ranges": [
        {
          "type": "ECOSYSTEM",
          "events": [
            {
              "introduced": "4.1.15"
            },
            {
              "last_affected": "4.1.40"
            }
          ]
        }
      ],
      "database_specific": {
        "source": "https://github.com/github/advisory-database/blob/main/advisories/github-reviewed/2022/05/GHSA-qrcx-p4rr-g48h/GHSA-qrcx-p4rr-g48h.json"
      },
      "versions": []
    }
  ],
  "schema_version": "1.6.0"
}