{
  "id": "GHSA-q588-3544-8g33",
  "summary": "Denial of Service in Spring Cloud Function",
  "details": "In Spring Cloud Function versions prior to 3.2.6, it is possible for a user who directly interacts with framework provided lookup functionality to cause a denial-of-service condition due to the caching issue in the Function Catalog component of the framework.",
  "aliases": [
    "CVE-2022-22979"
  ],
  "modified": "2023-11-08T04:08:15.548736Z",
  "published": "2022-06-22T00:00:54Z",
  "database_specific": {
    "nvd_published_at": "2022-06-21T15:15:00Z",
    "github_reviewed_at": "2022-06-22T18:10:37Z",
    "severity": "HIGH",
    "github_reviewed": true,
    "cwe_ids": [
      "CWE-770"
    ]
  },
  "references": [
    {
      "type": "ADVISORY",
      "url": "https://nvd.nist.gov/vuln/detail/CVE-2022-22979"
    },
    {
      "type": "PACKAGE",
      "url": "https://github.com/spring-cloud/spring-cloud-function"
    },
    {
      "type": "WEB",
      "url": "https://tanzu.vmware.com/security/cve-2022-22979"
    }
  ],
  "affected": [
    {
      "package": {
        "name": "org.springframework.cloud:spring-cloud-function-parent",
        "ecosystem": "Maven",
        "purl": "pkg:maven/org.springframework.cloud/spring-cloud-function-parent"
      },
      "ranges": [
        {
          "type": "ECOSYSTEM",
          "events": [
            {
              "introduced": "0"
            },
            {
              "fixed": "3.2.6"
            }
          ]
        }
      ],
      "versions": [
        "1.0.0.RELEASE",
        "1.0.1.RELEASE",
        "1.0.2.RELEASE",
        "2.0.0.RELEASE",
        "2.0.1.RELEASE",
        "2.0.2.RELEASE",
        "2.1.0.RELEASE",
        "2.1.1.RELEASE",
        "3.0.0.RELEASE",
        "3.0.1.RELEASE",
        "3.0.10.RELEASE",
        "3.0.11.RELEASE",
        "3.0.12.RELEASE",
        "3.0.13.RELEASE",
        "3.0.14.RELEASE",
        "3.0.2.RELEASE",
        "3.0.3.RELEASE",
        "3.0.4.RELEASE",
        "3.0.5.RELEASE",
        "3.0.6.RELEASE",
        "3.0.7.RELEASE",
        "3.0.8.RELEASE",
        "3.0.9.RELEASE",
        "3.1.0",
        "3.1.1",
        "3.1.2",
        "3.1.3",
        "3.1.4",
        "3.1.5",
        "3.1.6",
        "3.1.7",
        "3.2.0",
        "3.2.1",
        "3.2.2",
        "3.2.3",
        "3.2.4",
        "3.2.5"
      ],
      "database_specific": {
        "source": "https://github.com/github/advisory-database/blob/main/advisories/github-reviewed/2022/06/GHSA-q588-3544-8g33/GHSA-q588-3544-8g33.json"
      }
    }
  ],
  "schema_version": "1.6.0",
  "severity": [
    {
      "type": "CVSS_V3",
      "score": "CVSS:3.0/AV:N/AC:L/PR:N/UI:N/S:U/C:N/I:N/A:H"
    }
  ]
}