{
  "id": "GHSA-7c3v-2jjv-hq3c",
  "summary": "Cross-Site Request Forgery in Jenkins Autocomplete Parameter Plugin",
  "details": "A cross-site request forgery (CSRF) vulnerability in Jenkins Autocomplete Parameter Plugin 1.1 and earlier allows attackers to execute arbitrary code without sandbox protection if the victim is an administrator.",
  "aliases": [
    "CVE-2022-30969"
  ],
  "modified": "2023-11-08T04:09:21.800191Z",
  "published": "2022-05-18T00:00:42Z",
  "database_specific": {
    "nvd_published_at": "2022-05-17T15:15:00Z",
    "github_reviewed_at": "2022-06-01T21:18:40Z",
    "severity": "HIGH",
    "github_reviewed": true,
    "cwe_ids": [
      "CWE-352"
    ]
  },
  "references": [
    {
      "type": "ADVISORY",
      "url": "https://nvd.nist.gov/vuln/detail/CVE-2022-30969"
    },
    {
      "type": "PACKAGE",
      "url": "https://github.com/jenkinsci/autocomplete-parameter-plugin"
    },
    {
      "type": "WEB",
      "url": "https://www.jenkins.io/security/advisory/2022-05-17/#SECURITY-2322"
    }
  ],
  "affected": [
    {
      "package": {
        "name": "org.jenkins-ci.plugins:autocomplete-parameter",
        "ecosystem": "Maven",
        "purl": "pkg:maven/org.jenkins-ci.plugins/autocomplete-parameter"
      },
      "ranges": [
        {
          "type": "ECOSYSTEM",
          "events": [
            {
              "introduced": "0"
            },
            {
              "last_affected": "1.1"
            }
          ]
        }
      ],
      "versions": [
        "1.0",
        "1.1"
      ],
      "database_specific": {
        "source": "https://github.com/github/advisory-database/blob/main/advisories/github-reviewed/2022/05/GHSA-7c3v-2jjv-hq3c/GHSA-7c3v-2jjv-hq3c.json"
      }
    }
  ],
  "schema_version": "1.6.0",
  "severity": [
    {
      "type": "CVSS_V3",
      "score": "CVSS:3.1/AV:N/AC:L/PR:L/UI:N/S:U/C:H/I:H/A:H"
    }
  ]
}