{
  "id": "GHSA-pvjv-386f-c8wh",
  "summary": "Apache IoTDB Grafana Connector vulnerable to Improper Authentication",
  "details": "Improper Authentication vulnerability in Apache Software Foundation Apache IoTDB. This issue affects Apache IoTDB Grafana Connector from 0.13.0 through 0.13.3.\n\nAttackers could log in without authorization. This is fixed in 0.13.4.",
  "aliases": [
    "CVE-2023-24831",
    "PYSEC-2023-7"
  ],
  "modified": "2024-09-12T19:50:13.461806Z",
  "published": "2023-04-17T09:30:24Z",
  "database_specific": {
    "nvd_published_at": "2023-04-17T07:15:00Z",
    "cwe_ids": [
      "CWE-287"
    ],
    "severity": "CRITICAL",
    "github_reviewed": true,
    "github_reviewed_at": "2023-04-21T20:28:03Z"
  },
  "references": [
    {
      "type": "ADVISORY",
      "url": "https://nvd.nist.gov/vuln/detail/CVE-2023-24831"
    },
    {
      "type": "PACKAGE",
      "url": "https://github.com/apache/iotdb"
    },
    {
      "type": "WEB",
      "url": "https://github.com/pypa/advisory-database/tree/main/vulns/apache-iotdb/PYSEC-2023-7.yaml"
    },
    {
      "type": "WEB",
      "url": "https://lists.apache.org/thread/3dgvzgstycf8b5hyf4z3n7cqdhcyln3l"
    }
  ],
  "affected": [
    {
      "package": {
        "name": "org.apache.iotdb:iotdb-grafana-connector",
        "ecosystem": "Maven",
        "purl": "pkg:maven/org.apache.iotdb/iotdb-grafana-connector"
      },
      "ranges": [
        {
          "type": "ECOSYSTEM",
          "events": [
            {
              "introduced": "0.13.0"
            },
            {
              "fixed": "0.13.4"
            }
          ]
        }
      ],
      "versions": [
        "0.13.0",
        "0.13.1",
        "0.13.2",
        "0.13.3"
      ],
      "database_specific": {
        "source": "https://github.com/github/advisory-database/blob/main/advisories/github-reviewed/2023/04/GHSA-pvjv-386f-c8wh/GHSA-pvjv-386f-c8wh.json"
      }
    },
    {
      "package": {
        "name": "apache-iotdb",
        "ecosystem": "PyPI",
        "purl": "pkg:pypi/apache-iotdb"
      },
      "ranges": [
        {
          "type": "ECOSYSTEM",
          "events": [
            {
              "introduced": "0.13.0"
            },
            {
              "fixed": "0.13.5"
            }
          ]
        }
      ],
      "versions": [
        "0.13.0",
        "0.13.0.post1",
        "0.13.1",
        "0.13.2",
        "0.13.3"
      ],
      "database_specific": {
        "source": "https://github.com/github/advisory-database/blob/main/advisories/github-reviewed/2023/04/GHSA-pvjv-386f-c8wh/GHSA-pvjv-386f-c8wh.json"
      }
    }
  ],
  "schema_version": "1.6.0",
  "severity": [
    {
      "type": "CVSS_V3",
      "score": "CVSS:3.1/AV:N/AC:L/PR:N/UI:N/S:U/C:H/I:H/A:H"
    },
    {
      "type": "CVSS_V4",
      "score": "CVSS:4.0/AV:N/AC:L/AT:N/PR:N/UI:N/VC:H/VI:H/VA:H/SC:N/SI:N/SA:N"
    }
  ]
}