{
  "id": "GHSA-qf8g-vpwp-6579",
  "summary": "Apache Geode versions deserialization of untrusted datawhen using JMX over RMI on Java 11",
  "details": "Apache Geode versions up to 1.12.2 and 1.13.2 are vulnerable to a deserialization of untrusted data flaw when using JMX over RMI on Java 11. Any user wishing to protect against deserialization attacks involving JMX or RMI should upgrade to Apache Geode 1.15. Use of 1.15 on Java 11 will automatically protect JMX over RMI against deserialization attacks. This should have no impact on performance since it only affects JMX/RMI which Gfsh uses to communicate with the JMX Manager which is hosted on a Locator.",
  "aliases": [
    "CVE-2022-37022"
  ],
  "modified": "2023-11-08T04:10:06.427512Z",
  "published": "2022-09-01T00:00:26Z",
  "database_specific": {
    "nvd_published_at": "2022-08-31T07:15:00Z",
    "github_reviewed_at": "2022-09-16T19:26:04Z",
    "severity": "HIGH",
    "github_reviewed": true,
    "cwe_ids": [
      "CWE-502"
    ]
  },
  "references": [
    {
      "type": "ADVISORY",
      "url": "https://nvd.nist.gov/vuln/detail/CVE-2022-37022"
    },
    {
      "type": "WEB",
      "url": "https://lists.apache.org/thread/kr1y4l9752g1ww1shnmh8dbfjq785k4m"
    }
  ],
  "affected": [
    {
      "package": {
        "name": "org.apache.geode:geode-core",
        "ecosystem": "Maven",
        "purl": "pkg:maven/org.apache.geode/geode-core"
      },
      "ranges": [
        {
          "type": "ECOSYSTEM",
          "events": [
            {
              "introduced": "0"
            },
            {
              "fixed": "1.15.0"
            }
          ]
        }
      ],
      "versions": [
        "1.0.0-incubating",
        "1.0.0-incubating.M2",
        "1.0.0-incubating.M3",
        "1.1.0",
        "1.1.1",
        "1.10.0",
        "1.11.0",
        "1.12.0",
        "1.12.1",
        "1.12.2",
        "1.12.3",
        "1.12.4",
        "1.12.5",
        "1.12.6",
        "1.12.7",
        "1.12.8",
        "1.12.9",
        "1.13.0",
        "1.13.1",
        "1.13.2",
        "1.13.3",
        "1.13.4",
        "1.13.5",
        "1.13.6",
        "1.13.7",
        "1.13.8",
        "1.14.0",
        "1.14.1",
        "1.14.2",
        "1.14.3",
        "1.14.4",
        "1.2.0",
        "1.2.1",
        "1.3.0",
        "1.4.0",
        "1.5.0",
        "1.6.0",
        "1.7.0",
        "1.8.0",
        "1.9.0",
        "1.9.1",
        "1.9.2"
      ],
      "database_specific": {
        "source": "https://github.com/github/advisory-database/blob/main/advisories/github-reviewed/2022/09/GHSA-qf8g-vpwp-6579/GHSA-qf8g-vpwp-6579.json"
      }
    }
  ],
  "schema_version": "1.6.0",
  "severity": [
    {
      "type": "CVSS_V3",
      "score": "CVSS:3.1/AV:N/AC:L/PR:L/UI:N/S:U/C:H/I:H/A:H"
    }
  ]
}