{
  "id": "GHSA-4x5h-xmv4-99wx",
  "summary": "Apache Linkis Authentication Bypass vulnerability",
  "details": "In Apache Linkis <=1.3.1,\u00a0due to the default token generated by Linkis Gateway deployment being too simple, it is easy for attackers to obtain the default token for the attack.\u00a0Generation rules should add random values.\n\nWe recommend users upgrade the version of Linkis to version 1.3.2 And modify the default token value. You can refer to Token authorization.",
  "aliases": [
    "CVE-2023-27987"
  ],
  "modified": "2024-10-18T16:33:03.246472Z",
  "published": "2023-07-06T19:24:13Z",
  "database_specific": {
    "nvd_published_at": "2023-04-10T08:15:00Z",
    "cwe_ids": [
      "CWE-294",
      "CWE-326"
    ],
    "severity": "CRITICAL",
    "github_reviewed": true,
    "github_reviewed_at": "2023-07-06T22:04:03Z"
  },
  "references": [
    {
      "type": "ADVISORY",
      "url": "https://nvd.nist.gov/vuln/detail/CVE-2023-27987"
    },
    {
      "type": "PACKAGE",
      "url": "https://github.com/apache/linkis"
    },
    {
      "type": "WEB",
      "url": "https://linkis.apache.org/docs/latest/auth/token"
    },
    {
      "type": "WEB",
      "url": "https://lists.apache.org/thread/3cr1cz3210wzwngldwrqzm43vwhghp0p"
    },
    {
      "type": "WEB",
      "url": "https://www.openwall.com/lists/oss-security/2023/04/10/3"
    }
  ],
  "affected": [
    {
      "package": {
        "name": "org.apache.linkis:linkis",
        "ecosystem": "Maven",
        "purl": "pkg:maven/org.apache.linkis/linkis"
      },
      "ranges": [
        {
          "type": "ECOSYSTEM",
          "events": [
            {
              "introduced": "0"
            },
            {
              "fixed": "1.3.2"
            }
          ]
        }
      ],
      "versions": [
        "1.0.3",
        "1.1.0",
        "1.1.1",
        "1.1.2",
        "1.1.3",
        "1.2.0",
        "1.3.0",
        "1.3.1"
      ],
      "database_specific": {
        "source": "https://github.com/github/advisory-database/blob/main/advisories/github-reviewed/2023/07/GHSA-4x5h-xmv4-99wx/GHSA-4x5h-xmv4-99wx.json"
      }
    }
  ],
  "schema_version": "1.6.0",
  "severity": [
    {
      "type": "CVSS_V3",
      "score": "CVSS:3.1/AV:N/AC:L/PR:N/UI:N/S:U/C:H/I:H/A:N"
    }
  ]
}