{
  "id": "GHSA-hx83-rpqf-m267",
  "summary": "user/group information can be corrupted across storing in fsimage and reading back from fsimage",
  "details": "In Apache Hadoop 3.1.0 to 3.1.1, 3.0.0-alpha1 to 3.0.3, 2.9.0 to 2.9.1, and 2.0.0-alpha to 2.8.4, the user/group information can be corrupted across storing in fsimage and reading back from fsimage.",
  "aliases": [
    "CVE-2018-11768"
  ],
  "modified": "2023-11-08T03:59:47.193372Z",
  "published": "2019-11-20T01:38:00Z",
  "database_specific": {
    "nvd_published_at": null,
    "github_reviewed_at": "2019-11-19T03:28:12Z",
    "severity": "HIGH",
    "github_reviewed": true,
    "cwe_ids": [
      "CWE-119"
    ]
  },
  "references": [
    {
      "type": "ADVISORY",
      "url": "https://nvd.nist.gov/vuln/detail/CVE-2018-11768"
    },
    {
      "type": "WEB",
      "url": "https://hadoop.apache.org/cve_list.html"
    },
    {
      "type": "WEB",
      "url": "https://lists.apache.org/thread.html/2067a797b330530a6932f4b08f703b3173253d0a2b7c8c524e54adaf@%3Cgeneral.hadoop.apache.org%3E"
    },
    {
      "type": "WEB",
      "url": "https://lists.apache.org/thread.html/2c9cc65864be0058a5d5ed2025dfb9c700bf23d352b0c826c36ff96a@%3Chdfs-dev.hadoop.apache.org%3E"
    },
    {
      "type": "WEB",
      "url": "https://lists.apache.org/thread.html/72ca514e01cd5f08151e74f9929799b4cbe1b6e9e6cd24faa72ffcc6@%3Cdev.lucene.apache.org%3E"
    },
    {
      "type": "WEB",
      "url": "https://lists.apache.org/thread.html/9b609d4392d886711e694cf40d86f770022baf42a1b1aa97e8244c87@%3Cdev.lucene.apache.org%3E"
    },
    {
      "type": "WEB",
      "url": "https://lists.apache.org/thread.html/caacbbba2dcc1105163f76f3dfee5fbd22e0417e0783212787086378@%3Cgeneral.hadoop.apache.org%3E"
    },
    {
      "type": "WEB",
      "url": "https://lists.apache.org/thread.html/ceb16af9139ab0fea24aef935b6321581976887df7ad632e9a515dda@%3Cdev.lucene.apache.org%3E"
    },
    {
      "type": "WEB",
      "url": "https://lists.apache.org/thread.html/ea6d2dfbefab8ebe46be18b05136b83ae53b7866f1bc60c680a2b600@%3Chdfs-dev.hadoop.apache.org%3E"
    },
    {
      "type": "WEB",
      "url": "https://lists.apache.org/thread.html/f20bb4e055d8394fc525cc7772fb84096f706389043e76220c8a29a4@%3Chdfs-dev.hadoop.apache.org%3E"
    },
    {
      "type": "WEB",
      "url": "https://lists.apache.org/thread.html/r02e39d7beb32eebcdbb4b516e95f67d71c90d5d462b26f4078d21eeb@%3Cdev.flink.apache.org%3E"
    },
    {
      "type": "WEB",
      "url": "https://lists.apache.org/thread.html/r02e39d7beb32eebcdbb4b516e95f67d71c90d5d462b26f4078d21eeb@%3Cuser.flink.apache.org%3E"
    }
  ],
  "affected": [
    {
      "package": {
        "name": "org.apache.hadoop:hadoop-main",
        "ecosystem": "Maven",
        "purl": "pkg:maven/org.apache.hadoop/hadoop-main"
      },
      "ranges": [
        {
          "type": "ECOSYSTEM",
          "events": [
            {
              "introduced": "2.2.0"
            },
            {
              "fixed": "2.8.5"
            }
          ]
        }
      ],
      "versions": [
        "2.2.0",
        "2.3.0",
        "2.4.0",
        "2.4.1",
        "2.5.0",
        "2.5.1",
        "2.5.2",
        "2.6.0",
        "2.6.1",
        "2.6.2",
        "2.6.3",
        "2.6.4",
        "2.6.5",
        "2.7.0",
        "2.7.1",
        "2.7.2",
        "2.7.3",
        "2.7.4",
        "2.7.5",
        "2.7.6",
        "2.7.7",
        "2.8.0",
        "2.8.1",
        "2.8.2",
        "2.8.3",
        "2.8.4"
      ],
      "database_specific": {
        "source": "https://github.com/github/advisory-database/blob/main/advisories/github-reviewed/2019/11/GHSA-hx83-rpqf-m267/GHSA-hx83-rpqf-m267.json"
      }
    },
    {
      "package": {
        "name": "org.apache.hadoop:hadoop-main",
        "ecosystem": "Maven",
        "purl": "pkg:maven/org.apache.hadoop/hadoop-main"
      },
      "ranges": [
        {
          "type": "ECOSYSTEM",
          "events": [
            {
              "introduced": "2.9.0"
            },
            {
              "fixed": "2.9.2"
            }
          ]
        }
      ],
      "versions": [
        "2.9.0",
        "2.9.1"
      ],
      "database_specific": {
        "source": "https://github.com/github/advisory-database/blob/main/advisories/github-reviewed/2019/11/GHSA-hx83-rpqf-m267/GHSA-hx83-rpqf-m267.json"
      }
    },
    {
      "package": {
        "name": "org.apache.hadoop:hadoop-main",
        "ecosystem": "Maven",
        "purl": "pkg:maven/org.apache.hadoop/hadoop-main"
      },
      "ranges": [
        {
          "type": "ECOSYSTEM",
          "events": [
            {
              "introduced": "3.0.0"
            },
            {
              "fixed": "3.1.1"
            }
          ]
        }
      ],
      "versions": [
        "3.0.0",
        "3.0.1",
        "3.0.2",
        "3.0.3",
        "3.1.0"
      ],
      "database_specific": {
        "source": "https://github.com/github/advisory-database/blob/main/advisories/github-reviewed/2019/11/GHSA-hx83-rpqf-m267/GHSA-hx83-rpqf-m267.json"
      }
    }
  ],
  "schema_version": "1.6.0",
  "severity": [
    {
      "type": "CVSS_V3",
      "score": "CVSS:3.1/AV:N/AC:L/PR:N/UI:N/S:U/C:N/I:H/A:N"
    }
  ]
}