{
  "id": "GHSA-vp98-w2p3-mv35",
  "summary": "Apache Log4j 1.x (EOL) allows Denial of Service (DoS)",
  "details": "** UNSUPPORTED WHEN ASSIGNED ** When using the Chainsaw or SocketAppender components with Log4j 1.x on JRE less than 1.7, an attacker that manages to cause a logging entry involving a specially-crafted (ie deeply nested) hashmap or hashtable (depending on which logging component is in use) to be processed could exhaust the available memory in the virtual machine and achieve Denial of Service when the object is deserialized. This issue affects Apache Log4j before 2. Affected users are recommended to update to Log4j 2.x. NOTE: This vulnerability only affects products that are no longer supported by the maintainer.",
  "aliases": [
    "CVE-2023-26464"
  ],
  "modified": "2024-09-27T14:35:14.466664Z",
  "published": "2023-03-10T15:30:43Z",
  "database_specific": {
    "nvd_published_at": "2023-03-10T14:15:00Z",
    "cwe_ids": [
      "CWE-400",
      "CWE-502"
    ],
    "severity": "HIGH",
    "github_reviewed": true,
    "github_reviewed_at": "2023-03-10T23:48:32Z"
  },
  "references": [
    {
      "type": "ADVISORY",
      "url": "https://nvd.nist.gov/vuln/detail/CVE-2023-26464"
    },
    {
      "type": "PACKAGE",
      "url": "https://github.com/apache/logging-log4j2"
    },
    {
      "type": "WEB",
      "url": "https://lists.apache.org/thread/wkx6grrcjkh86crr49p4blc1v1nflj3t"
    },
    {
      "type": "WEB",
      "url": "https://security.netapp.com/advisory/ntap-20230505-0008"
    }
  ],
  "affected": [
    {
      "package": {
        "name": "org.apache.logging.log4j:log4j-core",
        "ecosystem": "Maven",
        "purl": "pkg:maven/org.apache.logging.log4j/log4j-core"
      },
      "ranges": [
        {
          "type": "ECOSYSTEM",
          "events": [
            {
              "introduced": "1.0.4"
            },
            {
              "fixed": "2.0"
            }
          ]
        }
      ],
      "versions": [
        "2.0-alpha1",
        "2.0-alpha2",
        "2.0-beta1",
        "2.0-beta2",
        "2.0-beta3",
        "2.0-beta4",
        "2.0-beta5",
        "2.0-beta6",
        "2.0-beta7",
        "2.0-beta8",
        "2.0-beta9",
        "2.0-rc1",
        "2.0-rc2"
      ],
      "database_specific": {
        "source": "https://github.com/github/advisory-database/blob/main/advisories/github-reviewed/2023/03/GHSA-vp98-w2p3-mv35/GHSA-vp98-w2p3-mv35.json"
      }
    }
  ],
  "schema_version": "1.6.0",
  "severity": [
    {
      "type": "CVSS_V3",
      "score": "CVSS:3.1/AV:N/AC:L/PR:N/UI:N/S:U/C:N/I:N/A:H"
    }
  ]
}