{
  "id": "GHSA-crv7-7245-f45f",
  "summary": "Improper Handling of Length Parameter Inconsistency in Compress",
  "details": "When reading a specially crafted 7Z archive, Compress can be made to allocate large amounts of memory that finally leads to an out of memory error even for very small inputs. This could be used to mount a denial of service attack against services that use Compress' sevenz package.",
  "aliases": [
    "CVE-2021-35516"
  ],
  "modified": "2024-03-08T05:19:35.252507Z",
  "published": "2021-08-02T16:55:15Z",
  "database_specific": {
    "nvd_published_at": "2021-07-13T08:15:00Z",
    "cwe_ids": [
      "CWE-130",
      "CWE-770"
    ],
    "severity": "HIGH",
    "github_reviewed": true,
    "github_reviewed_at": "2021-07-14T18:11:52Z"
  },
  "references": [
    {
      "type": "ADVISORY",
      "url": "https://nvd.nist.gov/vuln/detail/CVE-2021-35516"
    },
    {
      "type": "WEB",
      "url": "https://www.oracle.com/security-alerts/cpuoct2021.html"
    },
    {
      "type": "WEB",
      "url": "https://www.oracle.com/security-alerts/cpujul2022.html"
    },
    {
      "type": "WEB",
      "url": "https://www.oracle.com/security-alerts/cpujan2022.html"
    },
    {
      "type": "WEB",
      "url": "https://www.oracle.com/security-alerts/cpuapr2022.html"
    },
    {
      "type": "WEB",
      "url": "https://security.netapp.com/advisory/ntap-20211022-0001"
    },
    {
      "type": "WEB",
      "url": "https://lists.apache.org/thread.html/rfba19167efc785ad3561e7ef29f340d65ac8f0d897aed00e0731e742@%3Cnotifications.skywalking.apache.org%3E"
    },
    {
      "type": "WEB",
      "url": "https://lists.apache.org/thread.html/rf68442d67eb166f4b6cf0bbbe6c7f99098c12954f37332073c9822ca%40%3Cuser.commons.apache.org%3E"
    },
    {
      "type": "WEB",
      "url": "https://lists.apache.org/thread.html/rf5b1016fb15b7118b9a5e16bb0b78cb4f1dfcf7821eb137ab5757c91@%3Cannounce.apache.org%3E"
    },
    {
      "type": "WEB",
      "url": "https://lists.apache.org/thread.html/rd4332baaf6debd03d60deb7ec93bee49e5fdbe958cb6800dff7fb00e@%3Cnotifications.skywalking.apache.org%3E"
    },
    {
      "type": "WEB",
      "url": "https://lists.apache.org/thread.html/rba65ed5ddb0586f5b12598f55ec7db3633e7b7fede60466367fbf86a@%3Cnotifications.skywalking.apache.org%3E"
    },
    {
      "type": "WEB",
      "url": "https://lists.apache.org/thread.html/rb7adf3e55359819e77230b4586521e5c6874ce5ed93384bdc14d6aee@%3Cnotifications.skywalking.apache.org%3E"
    },
    {
      "type": "WEB",
      "url": "https://lists.apache.org/thread.html/rb6e1fa80d34e5ada45f72655d84bfd90db0ca44ef19236a49198c88c@%3Cnotifications.skywalking.apache.org%3E"
    },
    {
      "type": "WEB",
      "url": "https://lists.apache.org/thread.html/rb064d705fdfa44b5dae4c366b369ef6597951083196321773b983e71@%3Ccommits.pulsar.apache.org%3E"
    },
    {
      "type": "WEB",
      "url": "https://lists.apache.org/thread.html/racd0c0381c8404f298b226cd9db2eaae965b14c9c568224aa3f437ae@%3Cnotifications.skywalking.apache.org%3E"
    },
    {
      "type": "WEB",
      "url": "https://lists.apache.org/thread.html/r9f54c0caa462267e0cc68b49f141e91432b36b23348d18c65bd0d040@%3Cnotifications.skywalking.apache.org%3E"
    },
    {
      "type": "WEB",
      "url": "https://lists.apache.org/thread.html/r67ef3c07fe3b8c1b02d48012149d280ad6da8e4cec253b527520fb2b@%3Cdev.poi.apache.org%3E"
    },
    {
      "type": "WEB",
      "url": "https://commons.apache.org/proper/commons-compress/security-reports.html"
    },
    {
      "type": "WEB",
      "url": "http://www.openwall.com/lists/oss-security/2021/07/13/2"
    }
  ],
  "affected": [
    {
      "package": {
        "name": "org.apache.commons:commons-compress",
        "ecosystem": "Maven",
        "purl": "pkg:maven/org.apache.commons/commons-compress"
      },
      "ranges": [
        {
          "type": "ECOSYSTEM",
          "events": [
            {
              "introduced": "0"
            },
            {
              "fixed": "1.21"
            }
          ]
        }
      ],
      "versions": [
        "1.0",
        "1.1",
        "1.10",
        "1.11",
        "1.12",
        "1.13",
        "1.14",
        "1.15",
        "1.16",
        "1.16.1",
        "1.17",
        "1.18",
        "1.19",
        "1.2",
        "1.20",
        "1.3",
        "1.4",
        "1.4.1",
        "1.5",
        "1.6",
        "1.7",
        "1.8",
        "1.8.1",
        "1.9"
      ],
      "database_specific": {
        "source": "https://github.com/github/advisory-database/blob/main/advisories/github-reviewed/2021/08/GHSA-crv7-7245-f45f/GHSA-crv7-7245-f45f.json"
      }
    }
  ],
  "schema_version": "1.6.0",
  "severity": [
    {
      "type": "CVSS_V3",
      "score": "CVSS:3.1/AV:N/AC:L/PR:N/UI:N/S:U/C:N/I:N/A:H"
    }
  ]
}