{
  "id": "GHSA-qjpq-5pq3-43rr",
  "summary": "Incorrect Privilege Assignment in RESTEasy",
  "details": "RESTEasy 2.3.1 before 2.3.8.SP2 and 3.x before 3.0.9, as used in Red Hat JBoss Enterprise Application Platform (EAP) 6.3.0, does not disable external entities when the resteasy.document.expand.entity.references parameter is set to false, which allows remote attackers to read arbitrary files and have other unspecified impact via unspecified vectors, related to an XML External Entity (XXE) issue.  NOTE: this vulnerability exists because of an incomplete fix for CVE-2012-0818.",
  "aliases": [
    "CVE-2014-3490"
  ],
  "modified": "2023-11-08T03:57:37.760165Z",
  "published": "2022-05-14T01:18:38Z",
  "database_specific": {
    "nvd_published_at": "2014-08-19T18:55:00Z",
    "github_reviewed_at": "2022-07-07T22:43:07Z",
    "severity": "HIGH",
    "github_reviewed": true,
    "cwe_ids": [
      "CWE-266"
    ]
  },
  "references": [
    {
      "type": "ADVISORY",
      "url": "https://nvd.nist.gov/vuln/detail/CVE-2014-3490"
    },
    {
      "type": "WEB",
      "url": "https://github.com/resteasy/Resteasy/pull/521"
    },
    {
      "type": "WEB",
      "url": "https://github.com/resteasy/Resteasy/pull/533"
    },
    {
      "type": "WEB",
      "url": "https://github.com/ronsigal/Resteasy/commit/9b7d0f574cafdcf3bea5428f3145ab4908fc6d83"
    },
    {
      "type": "WEB",
      "url": "http://rhn.redhat.com/errata/RHSA-2014-1011.html"
    },
    {
      "type": "WEB",
      "url": "http://rhn.redhat.com/errata/RHSA-2014-1039.html"
    },
    {
      "type": "WEB",
      "url": "http://rhn.redhat.com/errata/RHSA-2014-1040.html"
    },
    {
      "type": "WEB",
      "url": "http://rhn.redhat.com/errata/RHSA-2014-1298.html"
    },
    {
      "type": "WEB",
      "url": "http://rhn.redhat.com/errata/RHSA-2015-0125.html"
    },
    {
      "type": "WEB",
      "url": "http://rhn.redhat.com/errata/RHSA-2015-0675.html"
    },
    {
      "type": "WEB",
      "url": "http://rhn.redhat.com/errata/RHSA-2015-0720.html"
    },
    {
      "type": "WEB",
      "url": "http://rhn.redhat.com/errata/RHSA-2015-0765.html"
    },
    {
      "type": "WEB",
      "url": "http://www.oracle.com/technetwork/security-advisory/cpuoct2018-4428296.html"
    }
  ],
  "affected": [
    {
      "package": {
        "name": "org.jboss.resteasy:resteasy-client",
        "ecosystem": "Maven",
        "purl": "pkg:maven/org.jboss.resteasy/resteasy-client"
      },
      "ranges": [
        {
          "type": "ECOSYSTEM",
          "events": [
            {
              "introduced": "2.3.1"
            },
            {
              "fixed": "2.3.8.SP2"
            }
          ]
        }
      ],
      "database_specific": {
        "last_known_affected_version_range": "<= 2.3.8.SP1",
        "source": "https://github.com/github/advisory-database/blob/main/advisories/github-reviewed/2022/05/GHSA-qjpq-5pq3-43rr/GHSA-qjpq-5pq3-43rr.json"
      },
      "versions": []
    },
    {
      "package": {
        "name": "org.jboss.resteasy:resteasy-client",
        "ecosystem": "Maven",
        "purl": "pkg:maven/org.jboss.resteasy/resteasy-client"
      },
      "ranges": [
        {
          "type": "ECOSYSTEM",
          "events": [
            {
              "introduced": "3.0.0"
            },
            {
              "fixed": "3.0.9.Final"
            }
          ]
        }
      ],
      "versions": [
        "3.0.0.Final",
        "3.0.1.Final",
        "3.0.2.Final",
        "3.0.3.Final",
        "3.0.4.Final",
        "3.0.5.Final",
        "3.0.6.Final",
        "3.0.7.Final",
        "3.0.8.Final"
      ],
      "database_specific": {
        "last_known_affected_version_range": "<= 3.0.8.Final",
        "source": "https://github.com/github/advisory-database/blob/main/advisories/github-reviewed/2022/05/GHSA-qjpq-5pq3-43rr/GHSA-qjpq-5pq3-43rr.json"
      }
    }
  ],
  "schema_version": "1.6.0"
}