{
  "id": "GHSA-w73q-mc9g-j56x",
  "summary": "Asset Pipeline Grails Plugin vulnerable to Path Traversal",
  "details": "Asset Pipeline Grails Plugin Asset-pipeline plugin version Prior to 2.14.1.1, 2.15.1 and 3.0.6 contains a Incorrect Access Control vulnerability in Applications deployed in Jetty that can result in Download .class files and any arbitrary file. This attack appear to be exploitable via Specially crafted GET request containing directory traversal from assets-pipeline context. This vulnerability appears to have been fixed in 2.14.1.1 (for Grails 2.x), 2.15.1 (for Grails 3 and Java 7) and 3.0.6 (for Grails 3 and Java 8).",
  "aliases": [
    "CVE-2018-1000817"
  ],
  "modified": "2023-11-08T03:59:40.438382Z",
  "published": "2022-05-13T01:48:39Z",
  "database_specific": {
    "nvd_published_at": "2018-12-20T15:29:00Z",
    "github_reviewed_at": "2022-11-22T19:45:42Z",
    "severity": "HIGH",
    "github_reviewed": true,
    "cwe_ids": [
      "CWE-22"
    ]
  },
  "references": [
    {
      "type": "ADVISORY",
      "url": "https://nvd.nist.gov/vuln/detail/CVE-2018-1000817"
    },
    {
      "type": "WEB",
      "url": "https://github.com/grails/grails-core/issues/11068"
    },
    {
      "type": "WEB",
      "url": "http://grailsblog.objectcomputing.com/posts/2018/09/23/security-vulnerability-in-asset-pipeline-and-jetty.html"
    }
  ],
  "affected": [
    {
      "package": {
        "name": "org.grails.plugins:asset-pipeline",
        "ecosystem": "Maven",
        "purl": "pkg:maven/org.grails.plugins/asset-pipeline"
      },
      "ranges": [
        {
          "type": "ECOSYSTEM",
          "events": [
            {
              "introduced": "0"
            },
            {
              "fixed": "2.14.1"
            }
          ]
        }
      ],
      "database_specific": {
        "source": "https://github.com/github/advisory-database/blob/main/advisories/github-reviewed/2022/05/GHSA-w73q-mc9g-j56x/GHSA-w73q-mc9g-j56x.json"
      },
      "versions": []
    },
    {
      "package": {
        "name": "org.grails.plugins:asset-pipeline",
        "ecosystem": "Maven",
        "purl": "pkg:maven/org.grails.plugins/asset-pipeline"
      },
      "ranges": [
        {
          "type": "ECOSYSTEM",
          "events": [
            {
              "introduced": "2.15.0"
            },
            {
              "fixed": "2.15.1"
            }
          ]
        }
      ],
      "versions": [
        "2.15.0"
      ],
      "database_specific": {
        "source": "https://github.com/github/advisory-database/blob/main/advisories/github-reviewed/2022/05/GHSA-w73q-mc9g-j56x/GHSA-w73q-mc9g-j56x.json"
      }
    },
    {
      "package": {
        "name": "org.grails.plugins:asset-pipeline",
        "ecosystem": "Maven",
        "purl": "pkg:maven/org.grails.plugins/asset-pipeline"
      },
      "ranges": [
        {
          "type": "ECOSYSTEM",
          "events": [
            {
              "introduced": "3.0.0"
            },
            {
              "fixed": "3.0.6"
            }
          ]
        }
      ],
      "database_specific": {
        "source": "https://github.com/github/advisory-database/blob/main/advisories/github-reviewed/2022/05/GHSA-w73q-mc9g-j56x/GHSA-w73q-mc9g-j56x.json"
      },
      "versions": []
    }
  ],
  "schema_version": "1.6.0",
  "severity": [
    {
      "type": "CVSS_V3",
      "score": "CVSS:3.0/AV:N/AC:L/PR:N/UI:N/S:U/C:H/I:N/A:N"
    }
  ]
}