{
  "id": "GHSA-gvg3-83q4-rfhq",
  "summary": "Command injection in Apache Sling",
  "details": "Apache Sling JCR Base < 3.1.12 has a critical injection vulnerability when running on old JDK versions (JDK 1.8.191 or earlier) through utility functions in RepositoryAccessor. The functions getRepository and getRepositoryFromURL allow an application to access data stored in a remote location via JDNI and RMI. Users of Apache Sling JCR Base are recommended to upgrade to Apache Sling JCR Base 3.1.12 or later, or to run on a more recent JDK.",
  "aliases": [
    "CVE-2023-25141"
  ],
  "modified": "2023-11-08T04:11:50.089358Z",
  "published": "2023-02-14T15:30:28Z",
  "database_specific": {
    "nvd_published_at": "2023-02-14T13:15:00Z",
    "github_reviewed_at": "2023-02-14T21:24:47Z",
    "severity": "HIGH",
    "github_reviewed": true,
    "cwe_ids": [
      "CWE-74"
    ]
  },
  "references": [
    {
      "type": "ADVISORY",
      "url": "https://nvd.nist.gov/vuln/detail/CVE-2023-25141"
    },
    {
      "type": "WEB",
      "url": "https://github.com/apache/sling-org-apache-sling-jcr-base/commit/6ed0a030fd5f13774aff0073c55cbe3ace0153cb"
    },
    {
      "type": "WEB",
      "url": "https://github.com/apache/sling-org-apache-sling-jcr-base/commit/779d8a7dd0437a4f31de02c0d995afcf83b9904b"
    },
    {
      "type": "PACKAGE",
      "url": "https://github.com/apache/sling-org-apache-sling-jcr-base"
    },
    {
      "type": "WEB",
      "url": "https://issues.apache.org/jira/browse/SLING-11770"
    },
    {
      "type": "WEB",
      "url": "https://sling.apache.org/news.html"
    }
  ],
  "affected": [
    {
      "package": {
        "name": "org.apache.sling:org.apache.sling.jcr.base",
        "ecosystem": "Maven",
        "purl": "pkg:maven/org.apache.sling/org.apache.sling.jcr.base"
      },
      "ranges": [
        {
          "type": "ECOSYSTEM",
          "events": [
            {
              "introduced": "0"
            },
            {
              "fixed": "3.1.12"
            }
          ]
        }
      ],
      "versions": [
        "2.0.2-incubator",
        "2.0.4-incubator",
        "2.0.6",
        "2.1.0",
        "2.1.2",
        "2.2.0",
        "2.2.2",
        "2.3.0",
        "2.3.2",
        "2.4.0",
        "2.4.2",
        "3.0.0",
        "3.0.2",
        "3.0.4",
        "3.0.6",
        "3.1.0",
        "3.1.10",
        "3.1.4",
        "3.1.6",
        "3.1.8"
      ],
      "database_specific": {
        "source": "https://github.com/github/advisory-database/blob/main/advisories/github-reviewed/2023/02/GHSA-gvg3-83q4-rfhq/GHSA-gvg3-83q4-rfhq.json"
      }
    }
  ],
  "schema_version": "1.6.0",
  "severity": [
    {
      "type": "CVSS_V3",
      "score": "CVSS:3.1/AV:N/AC:L/PR:N/UI:N/S:U/C:H/I:N/A:N"
    }
  ]
}