{
  "id": "GHSA-gc2r-ccfh-62v9",
  "summary": "Reflected XSS vulnerability in Jenkins Micro Focus Application Automation Tools Plugin",
  "details": "Micro Focus Application Automation Tools Plugin 6.7 and earlier does not escape user input in a form validation response.\n\nThis results in a reflected cross-site scripting (XSS) vulnerability.\n\nMicro Focus Application Automation Tools Plugin 6.8 escapes user input in the affected form validation response.\n\nA security hardening since Jenkins 2.275 and LTS 2.263.2 prevents exploitation of this vulnerability.",
  "aliases": [
    "CVE-2021-22510"
  ],
  "modified": "2024-02-16T08:23:48.765233Z",
  "published": "2022-05-24T17:46:58Z",
  "database_specific": {
    "nvd_published_at": "2021-04-08T22:15:00Z",
    "cwe_ids": [
      "CWE-79"
    ],
    "severity": "HIGH",
    "github_reviewed": true,
    "github_reviewed_at": "2022-12-13T19:16:23Z"
  },
  "references": [
    {
      "type": "ADVISORY",
      "url": "https://nvd.nist.gov/vuln/detail/CVE-2021-22510"
    },
    {
      "type": "WEB",
      "url": "https://github.com/jenkinsci/hpe-application-automation-tools-plugin/commit/9fbd698401048644c325751e290f6d901128c1c7"
    },
    {
      "type": "PACKAGE",
      "url": "https://github.com/jenkinsci/hpe-application-automation-tools-plugin"
    },
    {
      "type": "WEB",
      "url": "https://www.jenkins.io/security/advisory/2021-04-07/#SECURITY-2175"
    }
  ],
  "affected": [
    {
      "package": {
        "name": "org.jenkins-ci.plugins:hp-application-automation-tools-plugin",
        "ecosystem": "Maven",
        "purl": "pkg:maven/org.jenkins-ci.plugins/hp-application-automation-tools-plugin"
      },
      "ranges": [
        {
          "type": "ECOSYSTEM",
          "events": [
            {
              "introduced": "0"
            },
            {
              "fixed": "6.8"
            }
          ]
        }
      ],
      "versions": [
        "1.0",
        "1.0.2",
        "2.0.0",
        "2.0.2",
        "3.0.5",
        "3.0.6",
        "3.0.7",
        "4.0",
        "4.0.1",
        "4.5.0",
        "5.0",
        "5.0.0-beta-1",
        "5.1",
        "5.1-beta-1",
        "5.1.0.1-beta",
        "5.1.0.2-beta",
        "5.2",
        "5.2.0.1-beta",
        "5.3",
        "5.3.1-beta",
        "5.3.2-beta",
        "5.3.3-beta",
        "5.3.4-beta",
        "5.4",
        "5.4.1-beta",
        "5.4.2-beta",
        "5.5",
        "5.5.1-beta",
        "5.5.2-beta",
        "5.5.3-beta",
        "5.5.4-beta",
        "5.6",
        "5.6.1",
        "5.6.2",
        "5.6.3-beta",
        "5.6.4-beta",
        "5.6.5-beta",
        "5.7",
        "5.7.1-beta",
        "5.7.2-beta",
        "5.7.3-beta",
        "5.7.4-beta",
        "5.8",
        "5.8.1-beta",
        "5.8.2-beta",
        "5.8.3-beta",
        "5.8.4-beta",
        "5.8.5-beta",
        "5.8.6-beta",
        "5.8.7-beta",
        "5.8.8-beta",
        "5.9",
        "5.9.1-beta",
        "5.9.2-beta",
        "5.9.3-beta",
        "6.0",
        "6.0.1-beta",
        "6.0.2-beta",
        "6.0.3-beta",
        "6.0.4-beta",
        "6.0.5-beta",
        "6.1",
        "6.1.1-beta",
        "6.1.2-beta",
        "6.1.3-beta",
        "6.1.4-beta",
        "6.2",
        "6.2.1-beta",
        "6.2.2-beta",
        "6.2.3-beta",
        "6.2.4-beta",
        "6.2.5-beta",
        "6.2.6-beta",
        "6.2.7-beta",
        "6.2.8-beta",
        "6.3",
        "6.3.1-beta",
        "6.3.2-beta",
        "6.3.3-beta",
        "6.3.4-beta",
        "6.4",
        "6.4.1-beta",
        "6.4.2-beta",
        "6.4.3-beta",
        "6.5",
        "6.6",
        "6.6.1-beta",
        "6.6.2-beta",
        "6.6.3-beta",
        "6.6.4-beta",
        "6.6.5-beta",
        "6.7",
        "6.7.1-beta"
      ],
      "database_specific": {
        "last_known_affected_version_range": "<= 6.7",
        "source": "https://github.com/github/advisory-database/blob/main/advisories/github-reviewed/2022/05/GHSA-gc2r-ccfh-62v9/GHSA-gc2r-ccfh-62v9.json"
      }
    }
  ],
  "schema_version": "1.6.0",
  "severity": [
    {
      "type": "CVSS_V3",
      "score": "CVSS:3.1/AV:N/AC:L/PR:N/UI:R/S:U/C:H/I:H/A:H"
    }
  ]
}