{
  "id": "GHSA-rr33-j5p5-ppf8",
  "summary": "GeoServer allows SSRF via the option for setting a proxy host",
  "details": "GeoServer through 2.18.5 and 2.19.x through 2.19.2 allows SSRF via the option for setting a proxy host.",
  "aliases": [
    "CVE-2021-40822"
  ],
  "modified": "2023-11-08T04:06:49.139580Z",
  "published": "2022-05-03T00:00:44Z",
  "database_specific": {
    "nvd_published_at": "2022-05-02T00:15:00Z",
    "github_reviewed_at": "2022-05-18T19:10:33Z",
    "severity": "HIGH",
    "github_reviewed": true,
    "cwe_ids": [
      "CWE-918"
    ]
  },
  "references": [
    {
      "type": "ADVISORY",
      "url": "https://nvd.nist.gov/vuln/detail/CVE-2021-40822"
    },
    {
      "type": "PACKAGE",
      "url": "https://github.com/geoserver/geoserver"
    },
    {
      "type": "WEB",
      "url": "https://github.com/geoserver/geoserver/compare/2.19.2...2.19.3"
    },
    {
      "type": "WEB",
      "url": "https://github.com/geoserver/geoserver/releases"
    },
    {
      "type": "WEB",
      "url": "https://osgeo-org.atlassian.net/browse/GEOS-10229"
    },
    {
      "type": "WEB",
      "url": "https://osgeo-org.atlassian.net/browse/GEOS-10229?focusedCommentId=83508"
    }
  ],
  "affected": [
    {
      "package": {
        "name": "org.geoserver:gs-main",
        "ecosystem": "Maven",
        "purl": "pkg:maven/org.geoserver/gs-main"
      },
      "ranges": [
        {
          "type": "ECOSYSTEM",
          "events": [
            {
              "introduced": "0"
            },
            {
              "last_affected": "2.18.5"
            }
          ]
        }
      ],
      "database_specific": {
        "source": "https://github.com/github/advisory-database/blob/main/advisories/github-reviewed/2022/05/GHSA-rr33-j5p5-ppf8/GHSA-rr33-j5p5-ppf8.json"
      },
      "versions": []
    },
    {
      "package": {
        "name": "org.geoserver:gs-main",
        "ecosystem": "Maven",
        "purl": "pkg:maven/org.geoserver/gs-main"
      },
      "ranges": [
        {
          "type": "ECOSYSTEM",
          "events": [
            {
              "introduced": "2.19.0"
            },
            {
              "last_affected": "2.19.2"
            }
          ]
        }
      ],
      "database_specific": {
        "source": "https://github.com/github/advisory-database/blob/main/advisories/github-reviewed/2022/05/GHSA-rr33-j5p5-ppf8/GHSA-rr33-j5p5-ppf8.json"
      },
      "versions": []
    }
  ],
  "schema_version": "1.6.0",
  "severity": [
    {
      "type": "CVSS_V3",
      "score": "CVSS:3.1/AV:N/AC:L/PR:N/UI:N/S:U/C:H/I:N/A:N"
    }
  ]
}