{
  "id": "GHSA-62wf-24c4-8r76",
  "summary": "Cross-site Scripting vulnerability in Jenkins",
  "details": "Since Jenkins 2.320 and LTS 2.332.1, help icon tooltips no longer escape the feature name, effectively undoing the fix for [SECURITY-1955](https://www.jenkins.io/security/advisory/2020-08-12/#SECURITY-1955).\n\nThis vulnerability is known to be exploitable by attackers with Job/Configure permission.\n\nJenkins 2.356, LTS 2.332.4 and LTS 2.346.1 addresses this vulnerability, the feature name in help icon tooltips is now escaped.",
  "aliases": [
    "BIT-jenkins-2022-34170",
    "CVE-2022-34170"
  ],
  "modified": "2024-03-13T18:18:09.602104Z",
  "published": "2022-06-24T00:00:31Z",
  "database_specific": {
    "nvd_published_at": "2022-06-23T17:15:00Z",
    "cwe_ids": [
      "CWE-22",
      "CWE-79"
    ],
    "severity": "HIGH",
    "github_reviewed": true,
    "github_reviewed_at": "2022-12-06T00:12:32Z"
  },
  "references": [
    {
      "type": "ADVISORY",
      "url": "https://nvd.nist.gov/vuln/detail/CVE-2022-34170"
    },
    {
      "type": "WEB",
      "url": "https://github.com/jenkinsci/jenkins/commit/f71495a63f8b861e8ca3a5fcf5cc931fce55bc57"
    },
    {
      "type": "PACKAGE",
      "url": "https://github.com/jenkinsci/jenkins"
    },
    {
      "type": "WEB",
      "url": "https://www.jenkins.io/security/advisory/2022-06-22/#SECURITY-2781"
    }
  ],
  "affected": [
    {
      "package": {
        "name": "org.jenkins-ci.main:jenkins-core",
        "ecosystem": "Maven",
        "purl": "pkg:maven/org.jenkins-ci.main/jenkins-core"
      },
      "ranges": [
        {
          "type": "ECOSYSTEM",
          "events": [
            {
              "introduced": "2.350"
            },
            {
              "fixed": "2.356"
            }
          ]
        }
      ],
      "versions": [
        "2.350",
        "2.354",
        "2.355"
      ],
      "database_specific": {
        "source": "https://github.com/github/advisory-database/blob/main/advisories/github-reviewed/2022/06/GHSA-62wf-24c4-8r76/GHSA-62wf-24c4-8r76.json"
      }
    },
    {
      "package": {
        "name": "org.jenkins-ci.main:jenkins-core",
        "ecosystem": "Maven",
        "purl": "pkg:maven/org.jenkins-ci.main/jenkins-core"
      },
      "ranges": [
        {
          "type": "ECOSYSTEM",
          "events": [
            {
              "introduced": "2.320"
            },
            {
              "fixed": "2.332.4"
            }
          ]
        }
      ],
      "versions": [
        "2.320",
        "2.321",
        "2.322",
        "2.323",
        "2.324",
        "2.325",
        "2.326",
        "2.327",
        "2.328",
        "2.329",
        "2.330",
        "2.331",
        "2.332",
        "2.332.1",
        "2.332.2",
        "2.332.3"
      ],
      "database_specific": {
        "source": "https://github.com/github/advisory-database/blob/main/advisories/github-reviewed/2022/06/GHSA-62wf-24c4-8r76/GHSA-62wf-24c4-8r76.json"
      }
    },
    {
      "package": {
        "name": "org.jenkins-ci.main:jenkins-core",
        "ecosystem": "Maven",
        "purl": "pkg:maven/org.jenkins-ci.main/jenkins-core"
      },
      "ranges": [
        {
          "type": "ECOSYSTEM",
          "events": [
            {
              "introduced": "2.346"
            },
            {
              "fixed": "2.346.1"
            }
          ]
        }
      ],
      "versions": [
        "2.346"
      ],
      "database_specific": {
        "source": "https://github.com/github/advisory-database/blob/main/advisories/github-reviewed/2022/06/GHSA-62wf-24c4-8r76/GHSA-62wf-24c4-8r76.json"
      }
    }
  ],
  "schema_version": "1.6.0",
  "severity": [
    {
      "type": "CVSS_V3",
      "score": "CVSS:3.1/AV:N/AC:L/PR:L/UI:R/S:U/C:H/I:H/A:H"
    }
  ]
}