{
  "id": "GHSA-8wq7-hhjj-fpqv",
  "summary": "RCE in Mingsoft MCMS",
  "details": "A remote code execution (RCE) vulnerability in the Template Management function of MCMS allows attackers to execute arbitrary code via a crafted payload.",
  "aliases": [
    "CVE-2022-22930"
  ],
  "modified": "2024-02-16T08:07:22.582366Z",
  "published": "2022-01-22T00:00:50Z",
  "database_specific": {
    "nvd_published_at": "2022-01-21T00:15:00Z",
    "cwe_ids": [
      "CWE-1336"
    ],
    "severity": "CRITICAL",
    "github_reviewed": true,
    "github_reviewed_at": "2023-07-11T00:21:57Z"
  },
  "references": [
    {
      "type": "ADVISORY",
      "url": "https://nvd.nist.gov/vuln/detail/CVE-2022-22930"
    },
    {
      "type": "WEB",
      "url": "https://github.com/ming-soft/MCMS/issues/98"
    },
    {
      "type": "WEB",
      "url": "https://web.archive.org/web/20220201022121/https://gitee.com/mingSoft/MCMS/issues/I4Q4M6"
    }
  ],
  "affected": [
    {
      "package": {
        "name": "net.mingsoft:ms-mcms",
        "ecosystem": "Maven",
        "purl": "pkg:maven/net.mingsoft/ms-mcms"
      },
      "ranges": [
        {
          "type": "ECOSYSTEM",
          "events": [
            {
              "introduced": "0"
            },
            {
              "fixed": "5.2.9"
            }
          ]
        }
      ],
      "versions": [
        "4.6.3-SNAPSHOTS",
        "4.6.5",
        "4.7.1",
        "4.7.2",
        "5.0.0",
        "5.0.1",
        "5.1",
        "5.2",
        "5.2.0",
        "5.2.0.RELEASE",
        "5.2.1",
        "5.2.2",
        "5.2.3",
        "5.2.4",
        "5.2.5",
        "5.2.6",
        "5.2.7",
        "5.2.8"
      ],
      "database_specific": {
        "source": "https://github.com/github/advisory-database/blob/main/advisories/github-reviewed/2022/01/GHSA-8wq7-hhjj-fpqv/GHSA-8wq7-hhjj-fpqv.json"
      }
    }
  ],
  "schema_version": "1.6.0",
  "severity": [
    {
      "type": "CVSS_V3",
      "score": "CVSS:3.1/AV:N/AC:L/PR:N/UI:N/S:U/C:H/I:H/A:H"
    }
  ]
}