{
  "id": "GHSA-fpcf-qr79-hjqp",
  "summary": "SQL Injection in Apache InLong",
  "details": "Improper Neutralization of Special Elements used in an SQL Command ('SQL Injection') vulnerability in Apache InLong. This issue affects Apache InLong: from 1.4.0 through 1.8.0, the attacker can create misleading or false records, making it harder to audit\nand trace malicious activities.\u00a0Users are advised to upgrade to Apache InLong's 1.8.0 or cherry-pick [1] to solve it.\n\n[1]  https://github.com/apache/inlong/pull/8628 \n\n",
  "aliases": [
    "CVE-2023-43667"
  ],
  "modified": "2024-09-27T19:33:56.106028Z",
  "published": "2023-10-16T09:30:19Z",
  "database_specific": {
    "nvd_published_at": "2023-10-16T09:15:10Z",
    "cwe_ids": [
      "CWE-74",
      "CWE-89"
    ],
    "severity": "HIGH",
    "github_reviewed": true,
    "github_reviewed_at": "2023-10-17T14:23:44Z"
  },
  "references": [
    {
      "type": "ADVISORY",
      "url": "https://nvd.nist.gov/vuln/detail/CVE-2023-43667"
    },
    {
      "type": "WEB",
      "url": "https://github.com/apache/inlong/pull/8628"
    },
    {
      "type": "PACKAGE",
      "url": "https://github.com/apache/inlong"
    },
    {
      "type": "WEB",
      "url": "https://lists.apache.org/thread/spnb378g268p1f902fr9kqyph2k8n543"
    }
  ],
  "affected": [
    {
      "package": {
        "name": "org.apache.inlong:inlong",
        "ecosystem": "Maven",
        "purl": "pkg:maven/org.apache.inlong/inlong"
      },
      "ranges": [
        {
          "type": "ECOSYSTEM",
          "events": [
            {
              "introduced": "1.4.0"
            },
            {
              "fixed": "1.8.0"
            }
          ]
        }
      ],
      "versions": [
        "1.4.0",
        "1.5.0",
        "1.6.0",
        "1.7.0"
      ],
      "database_specific": {
        "source": "https://github.com/github/advisory-database/blob/main/advisories/github-reviewed/2023/10/GHSA-fpcf-qr79-hjqp/GHSA-fpcf-qr79-hjqp.json"
      }
    }
  ],
  "schema_version": "1.6.0",
  "severity": [
    {
      "type": "CVSS_V3",
      "score": "CVSS:3.1/AV:N/AC:L/PR:N/UI:N/S:U/C:N/I:H/A:N"
    }
  ]
}