{
  "id": "GHSA-c329-r874-xc7j",
  "summary": "Remote Code Execution vulnerability in Jenkins Literate Plugin",
  "details": "Jenkins Literate Plugin 1.0 and earlier does not configure its YAML parser to prevent the instantiation of arbitrary types, resulting in a remote code execution vulnerability.",
  "aliases": [
    "CVE-2020-2158"
  ],
  "modified": "2023-11-08T04:02:53.861195Z",
  "published": "2022-05-24T17:10:30Z",
  "database_specific": {
    "nvd_published_at": "2020-03-09T16:15:00Z",
    "github_reviewed_at": "2023-01-05T21:05:44Z",
    "severity": "HIGH",
    "github_reviewed": true,
    "cwe_ids": [
      "CWE-502"
    ]
  },
  "references": [
    {
      "type": "ADVISORY",
      "url": "https://nvd.nist.gov/vuln/detail/CVE-2020-2158"
    },
    {
      "type": "PACKAGE",
      "url": "https://github.com/jenkinsci/literate-plugin"
    },
    {
      "type": "WEB",
      "url": "https://jenkins.io/security/advisory/2020-03-09/#SECURITY-1750"
    },
    {
      "type": "WEB",
      "url": "http://www.openwall.com/lists/oss-security/2020/03/09/1"
    }
  ],
  "affected": [
    {
      "package": {
        "name": "org.jenkins-ci.plugins:literate",
        "ecosystem": "Maven",
        "purl": "pkg:maven/org.jenkins-ci.plugins/literate"
      },
      "ranges": [
        {
          "type": "ECOSYSTEM",
          "events": [
            {
              "introduced": "0"
            },
            {
              "last_affected": "1.0"
            }
          ]
        }
      ],
      "versions": [
        "0.1-beta-1",
        "0.1-beta-2",
        "0.2-beta-1",
        "0.2-beta-2",
        "0.2-beta-3",
        "0.2-beta-4",
        "0.2-beta-5",
        "1.0"
      ],
      "database_specific": {
        "source": "https://github.com/github/advisory-database/blob/main/advisories/github-reviewed/2022/05/GHSA-c329-r874-xc7j/GHSA-c329-r874-xc7j.json"
      }
    }
  ],
  "schema_version": "1.6.0",
  "severity": [
    {
      "type": "CVSS_V3",
      "score": "CVSS:3.1/AV:N/AC:L/PR:L/UI:N/S:U/C:H/I:H/A:H"
    }
  ]
}