{
  "id": "GHSA-w8rc-pgxq-x2cj",
  "summary": "Negative charge in shopping cart in Shopizer",
  "details": "### Impact\nUsing API or Controller based versions negative quantity is not adequately validated hence creating incorrect shopping cart and order total. \n\n### Patches\nAdding a back-end verification to check that quantity parameter isn't negative. If so, it is set to 1. Patched in 2.11.0\n\n### Workarounds\nWithout uprading, it's possible to just apply the fixes in the same files it's done for the patch. Or you use javax constraint validation on the quantity parameter.\n\n### References\n[Input Validation](https://cheatsheetseries.owasp.org/cheatsheets/Input_Validation_Cheat_Sheet.html)\n[Using bean validation constraint](https://javaee.github.io/tutorial/bean-validation002.html)\n[Commits with fixes](https://github.com/shopizer-ecommerce/shopizer/commit/929ca0839a80c6f4dad087e0259089908787ad2a)\nCVE Details below : \n[Mitre](https://cve.mitre.org/cgi-bin/cvename.cgi?name=CVE-2020-11007)\n[NVD](https://nvd.nist.gov/vuln/detail/CVE-2020-11007)\n\n### Credits\nFound and solved by Yannick Gosset from Aix-Marseille University cybersecurity\nmaster program supervised by Yassine Ilmi ",
  "aliases": [
    "CVE-2020-11007"
  ],
  "modified": "2023-11-08T04:02:02.990593Z",
  "published": "2020-04-22T20:59:26Z",
  "database_specific": {
    "nvd_published_at": null,
    "github_reviewed_at": "2020-04-16T18:16:42Z",
    "severity": "CRITICAL",
    "github_reviewed": true,
    "cwe_ids": [
      "CWE-20"
    ]
  },
  "references": [
    {
      "type": "WEB",
      "url": "https://github.com/shopizer-ecommerce/shopizer/security/advisories/GHSA-w8rc-pgxq-x2cj"
    },
    {
      "type": "ADVISORY",
      "url": "https://nvd.nist.gov/vuln/detail/CVE-2020-11007"
    },
    {
      "type": "WEB",
      "url": "https://github.com/shopizer-ecommerce/shopizer/commit/929ca0839a80c6f4dad087e0259089908787ad2a"
    }
  ],
  "affected": [
    {
      "package": {
        "name": "com.shopizer:sm-core-model",
        "ecosystem": "Maven",
        "purl": "pkg:maven/com.shopizer/sm-core-model"
      },
      "ranges": [
        {
          "type": "ECOSYSTEM",
          "events": [
            {
              "introduced": "0"
            },
            {
              "fixed": "2.11.0"
            }
          ]
        }
      ],
      "versions": [
        "2.0.2",
        "2.0.3",
        "2.10.0",
        "2.2.0",
        "2.2.0.1",
        "2.2.1",
        "2.3.0.0",
        "2.4.0",
        "2.5.0",
        "2.6.0",
        "2.7.0",
        "2.8.0",
        "2.9.0"
      ],
      "database_specific": {
        "source": "https://github.com/github/advisory-database/blob/main/advisories/github-reviewed/2020/04/GHSA-w8rc-pgxq-x2cj/GHSA-w8rc-pgxq-x2cj.json"
      }
    }
  ],
  "schema_version": "1.6.0",
  "severity": [
    {
      "type": "CVSS_V3",
      "score": "CVSS:3.1/AV:N/AC:L/PR:L/UI:N/S:U/C:N/I:H/A:N"
    }
  ]
}