{
  "id": "GHSA-5whj-523x-6j68",
  "summary": "Apache Camel camel-hessian component vulnerable to Java object deserialization",
  "details": "The camel-hessian component in Apache Camel 2.x before 2.19.4 and 2.20.x before 2.20.1 is vulnerable to Java object de-serialisation vulnerability. De-serializing untrusted data can lead to security flaws.",
  "aliases": [
    "CVE-2017-12633"
  ],
  "modified": "2023-11-08T03:58:54.034721Z",
  "published": "2022-05-14T01:00:38Z",
  "database_specific": {
    "nvd_published_at": "2017-11-15T15:29:00Z",
    "github_reviewed_at": "2022-11-22T19:38:38Z",
    "severity": "CRITICAL",
    "github_reviewed": true,
    "cwe_ids": [
      "CWE-502"
    ]
  },
  "references": [
    {
      "type": "ADVISORY",
      "url": "https://nvd.nist.gov/vuln/detail/CVE-2017-12633"
    },
    {
      "type": "WEB",
      "url": "https://access.redhat.com/errata/RHSA-2018:0319"
    },
    {
      "type": "WEB",
      "url": "https://issues.apache.org/jira/browse/CAMEL-11923"
    },
    {
      "type": "WEB",
      "url": "https://lists.apache.org/thread.html/2318d7f7d87724d8716cd650c21b31cb06e4d34f6d0f5ee42f28fdaf@%3Ccommits.camel.apache.org%3E"
    },
    {
      "type": "WEB",
      "url": "https://lists.apache.org/thread.html/b4014ea7c5830ca1fc28edd5cafedfe93ad4af2d9e69c961c5def31d@%3Ccommits.camel.apache.org%3E"
    },
    {
      "type": "WEB",
      "url": "http://camel.apache.org/security-advisories.data/CVE-2017-12633.txt.asc"
    },
    {
      "type": "WEB",
      "url": "http://www.securityfocus.com/bid/101874"
    }
  ],
  "affected": [
    {
      "package": {
        "name": "org.apache.camel:camel-hessian",
        "ecosystem": "Maven",
        "purl": "pkg:maven/org.apache.camel/camel-hessian"
      },
      "ranges": [
        {
          "type": "ECOSYSTEM",
          "events": [
            {
              "introduced": "2.0"
            },
            {
              "fixed": "2.19.4"
            }
          ]
        }
      ],
      "versions": [
        "2.17.0",
        "2.17.1",
        "2.17.2",
        "2.17.3",
        "2.17.4",
        "2.17.5",
        "2.17.6",
        "2.17.7",
        "2.18.0",
        "2.18.1",
        "2.18.2",
        "2.18.3",
        "2.18.4",
        "2.18.5",
        "2.19.0",
        "2.19.1",
        "2.19.2",
        "2.19.3"
      ],
      "database_specific": {
        "source": "https://github.com/github/advisory-database/blob/main/advisories/github-reviewed/2022/05/GHSA-5whj-523x-6j68/GHSA-5whj-523x-6j68.json"
      }
    },
    {
      "package": {
        "name": "org.apache.camel:camel-hessian",
        "ecosystem": "Maven",
        "purl": "pkg:maven/org.apache.camel/camel-hessian"
      },
      "ranges": [
        {
          "type": "ECOSYSTEM",
          "events": [
            {
              "introduced": "2.20.0"
            },
            {
              "fixed": "2.20.1"
            }
          ]
        }
      ],
      "versions": [
        "2.20.0"
      ],
      "database_specific": {
        "source": "https://github.com/github/advisory-database/blob/main/advisories/github-reviewed/2022/05/GHSA-5whj-523x-6j68/GHSA-5whj-523x-6j68.json"
      }
    }
  ],
  "schema_version": "1.6.0",
  "severity": [
    {
      "type": "CVSS_V3",
      "score": "CVSS:3.0/AV:N/AC:L/PR:N/UI:N/S:U/C:H/I:H/A:H"
    }
  ]
}