{
  "id": "GHSA-hgjr-xwj3-jfvw",
  "summary": "JBoss RESTEasy vulnerable to Improper Input Validation",
  "details": "JBoss RESTEasy before version 3.1.2 could be forced into parsing a request with YamlProvider, resulting in unmarshalling of potentially untrusted data which could allow an attacker to execute arbitrary code with RESTEasy application permissions.",
  "aliases": [
    "CVE-2016-9606"
  ],
  "modified": "2023-11-08T03:58:38.538691Z",
  "published": "2022-05-14T02:37:13Z",
  "database_specific": {
    "nvd_published_at": "2018-03-09T20:29:00Z",
    "github_reviewed_at": "2022-11-22T19:37:58Z",
    "severity": "HIGH",
    "github_reviewed": true,
    "cwe_ids": [
      "CWE-20"
    ]
  },
  "references": [
    {
      "type": "ADVISORY",
      "url": "https://nvd.nist.gov/vuln/detail/CVE-2016-9606"
    },
    {
      "type": "WEB",
      "url": "https://access.redhat.com/errata/RHSA-2017:1253"
    },
    {
      "type": "WEB",
      "url": "https://access.redhat.com/errata/RHSA-2017:1254"
    },
    {
      "type": "WEB",
      "url": "https://access.redhat.com/errata/RHSA-2017:1256"
    },
    {
      "type": "WEB",
      "url": "https://access.redhat.com/errata/RHSA-2017:1260"
    },
    {
      "type": "WEB",
      "url": "https://access.redhat.com/errata/RHSA-2017:1410"
    },
    {
      "type": "WEB",
      "url": "https://access.redhat.com/errata/RHSA-2017:1411"
    },
    {
      "type": "WEB",
      "url": "https://access.redhat.com/errata/RHSA-2017:1412"
    },
    {
      "type": "WEB",
      "url": "https://access.redhat.com/errata/RHSA-2017:1675"
    },
    {
      "type": "WEB",
      "url": "https://access.redhat.com/errata/RHSA-2017:1676"
    },
    {
      "type": "WEB",
      "url": "https://access.redhat.com/errata/RHSA-2018:2909"
    },
    {
      "type": "WEB",
      "url": "https://access.redhat.com/errata/RHSA-2018:2913"
    },
    {
      "type": "WEB",
      "url": "https://bugzilla.redhat.com/show_bug.cgi?id=1400644"
    },
    {
      "type": "PACKAGE",
      "url": "https://github.com/resteasy/Resteasy"
    },
    {
      "type": "WEB",
      "url": "http://rhn.redhat.com/errata/RHSA-2017-1255.html"
    },
    {
      "type": "WEB",
      "url": "http://rhn.redhat.com/errata/RHSA-2017-1409.html"
    },
    {
      "type": "WEB",
      "url": "http://www.securityfocus.com/bid/94940"
    },
    {
      "type": "WEB",
      "url": "http://www.securitytracker.com/id/1038524"
    }
  ],
  "affected": [
    {
      "package": {
        "name": "org.jboss.resteasy:resteasy-bom",
        "ecosystem": "Maven",
        "purl": "pkg:maven/org.jboss.resteasy/resteasy-bom"
      },
      "ranges": [
        {
          "type": "ECOSYSTEM",
          "events": [
            {
              "introduced": "0"
            },
            {
              "fixed": "3.1.2.Final"
            }
          ]
        }
      ],
      "versions": [
        "1.2.1.GA",
        "1.2.GA",
        "2.0-RC1",
        "2.0-beta-1",
        "2.0-beta-2",
        "2.0-beta-3",
        "2.0-beta-4",
        "2.0.0.GA",
        "2.0.1.GA",
        "2.1-beta-1",
        "2.1.0.GA",
        "2.2-RC-1",
        "2.2-beta-1",
        "2.2.0.GA",
        "2.2.1.GA",
        "2.2.2.GA",
        "2.2.3.GA",
        "2.3-RC1",
        "2.3-beta-1",
        "2.3.0.GA",
        "2.3.1.GA",
        "2.3.10.Final",
        "2.3.2.Final",
        "2.3.3.Final",
        "2.3.4.Final",
        "2.3.5.Final",
        "2.3.6.Final",
        "2.3.7.Final",
        "3.0-beta-1",
        "3.0-beta-2",
        "3.0-beta-3",
        "3.0-beta-4",
        "3.0-beta-5",
        "3.0-beta-6",
        "3.0-rc-1",
        "3.0.0.Final",
        "3.0.1.Final",
        "3.0.10.Final",
        "3.0.11.Final",
        "3.0.12.Final",
        "3.0.13.Final",
        "3.0.14.Final",
        "3.0.15.Final",
        "3.0.16.Final",
        "3.0.17.Final",
        "3.0.18.Final",
        "3.0.19.Final",
        "3.0.2.Final",
        "3.0.20.Final",
        "3.0.21.Final",
        "3.0.22.Final",
        "3.0.23.Final",
        "3.0.24.Final",
        "3.0.26.Final",
        "3.0.3.Final",
        "3.0.4.Final",
        "3.0.5.Final",
        "3.0.6.Final",
        "3.0.7.Final",
        "3.0.8.Final",
        "3.0.9.Final",
        "3.1.0.Beta1",
        "3.1.0.Beta2",
        "3.1.0.CR1",
        "3.1.0.CR2",
        "3.1.0.CR3",
        "3.1.0.Final",
        "3.1.1.Final"
      ],
      "database_specific": {
        "source": "https://github.com/github/advisory-database/blob/main/advisories/github-reviewed/2022/05/GHSA-hgjr-xwj3-jfvw/GHSA-hgjr-xwj3-jfvw.json"
      }
    }
  ],
  "schema_version": "1.6.0",
  "severity": [
    {
      "type": "CVSS_V3",
      "score": "CVSS:3.0/AV:N/AC:H/PR:N/UI:N/S:U/C:H/I:H/A:H"
    }
  ]
}