{
  "id": "GHSA-86jx-wr74-xr74",
  "summary": "Improper escaping in Apache Zeppelin",
  "details": "Improper Encoding or Escaping of Output vulnerability in Apache Zeppelin.\n\nThe attackers can execute shell scripts or malicious code by overriding configuration like\u00a0ZEPPELIN_INTP_CLASSPATH_OVERRIDES.\nThis issue affects Apache Zeppelin: from 0.8.2 before 0.11.1.\n\nUsers are recommended to upgrade to version 0.11.1, which fixes the issue.",
  "aliases": [
    "CVE-2024-31866"
  ],
  "modified": "2024-08-21T19:06:54.380122Z",
  "published": "2024-04-09T18:30:22Z",
  "database_specific": {
    "nvd_published_at": "2024-04-09T16:15:08Z",
    "cwe_ids": [
      "CWE-116"
    ],
    "severity": "CRITICAL",
    "github_reviewed": true,
    "github_reviewed_at": "2024-05-24T20:11:32Z"
  },
  "references": [
    {
      "type": "ADVISORY",
      "url": "https://nvd.nist.gov/vuln/detail/CVE-2024-31866"
    },
    {
      "type": "WEB",
      "url": "https://github.com/apache/zeppelin/pull/4715"
    },
    {
      "type": "WEB",
      "url": "https://github.com/apache/zeppelin/commit/dd08a3966ef3b0b40f13d0291d7cac5ec3dd9f9c"
    },
    {
      "type": "PACKAGE",
      "url": "https://github.com/apache/zeppelin"
    },
    {
      "type": "WEB",
      "url": "https://lists.apache.org/thread/jpkbq3oktopt34x2n5wnhzc2r1410ddd"
    },
    {
      "type": "WEB",
      "url": "http://www.openwall.com/lists/oss-security/2024/04/09/10"
    }
  ],
  "affected": [
    {
      "package": {
        "name": "org.apache.zeppelin:zeppelin-interpreter",
        "ecosystem": "Maven",
        "purl": "pkg:maven/org.apache.zeppelin/zeppelin-interpreter"
      },
      "ranges": [
        {
          "type": "ECOSYSTEM",
          "events": [
            {
              "introduced": "0.8.2"
            },
            {
              "fixed": "0.11.1"
            }
          ]
        }
      ],
      "versions": [
        "0.10.0",
        "0.10.1",
        "0.11.0",
        "0.8.2",
        "0.9.0",
        "0.9.0-preview1",
        "0.9.0-preview2"
      ],
      "database_specific": {
        "source": "https://github.com/github/advisory-database/blob/main/advisories/github-reviewed/2024/04/GHSA-86jx-wr74-xr74/GHSA-86jx-wr74-xr74.json"
      }
    }
  ],
  "schema_version": "1.6.0",
  "severity": [
    {
      "type": "CVSS_V3",
      "score": "CVSS:3.1/AV:N/AC:L/PR:N/UI:N/S:U/C:H/I:H/A:H"
    },
    {
      "type": "CVSS_V4",
      "score": "CVSS:4.0/AV:N/AC:L/AT:N/PR:N/UI:N/VC:H/VI:H/VA:H/SC:N/SI:N/SA:N"
    }
  ]
}