{
  "id": "GHSA-65v6-3c9m-hmrp",
  "summary": "Arbitrary file write in net.mingsoft:ms-mcms",
  "details": "MCMS v5.2.10 and below was discovered to contain an arbitrary file write vulnerability via the component ms/template/writeFileContent.do.",
  "aliases": [
    "CVE-2022-47042"
  ],
  "modified": "2023-11-08T04:10:58.940861Z",
  "published": "2023-01-26T21:30:20Z",
  "database_specific": {
    "nvd_published_at": "2023-01-26T21:18:00Z",
    "github_reviewed_at": "2023-01-27T01:05:28Z",
    "severity": "HIGH",
    "github_reviewed": true,
    "cwe_ids": [
      "CWE-434"
    ]
  },
  "references": [
    {
      "type": "ADVISORY",
      "url": "https://nvd.nist.gov/vuln/detail/CVE-2022-47042"
    },
    {
      "type": "WEB",
      "url": "https://gitee.com/mingSoft/MCMS/issues/I6592F"
    },
    {
      "type": "PACKAGE",
      "url": "https://github.com/ming-soft/MCMS"
    }
  ],
  "affected": [
    {
      "package": {
        "name": "net.mingsoft:ms-mcms",
        "ecosystem": "Maven",
        "purl": "pkg:maven/net.mingsoft/ms-mcms"
      },
      "ranges": [
        {
          "type": "ECOSYSTEM",
          "events": [
            {
              "introduced": "0"
            },
            {
              "fixed": "5.2.11"
            }
          ]
        }
      ],
      "versions": [
        "4.6.3-SNAPSHOTS",
        "4.6.5",
        "4.7.1",
        "4.7.2",
        "5.0.0",
        "5.0.1",
        "5.1",
        "5.2",
        "5.2.0",
        "5.2.0.RELEASE",
        "5.2.1",
        "5.2.10",
        "5.2.2",
        "5.2.3",
        "5.2.4",
        "5.2.5",
        "5.2.6",
        "5.2.7",
        "5.2.8",
        "5.2.9"
      ],
      "database_specific": {
        "last_known_affected_version_range": "<= 5.2.10",
        "source": "https://github.com/github/advisory-database/blob/main/advisories/github-reviewed/2023/01/GHSA-65v6-3c9m-hmrp/GHSA-65v6-3c9m-hmrp.json"
      }
    }
  ],
  "schema_version": "1.6.0",
  "severity": [
    {
      "type": "CVSS_V3",
      "score": "CVSS:3.1/AV:N/AC:L/PR:L/UI:N/S:U/C:H/I:H/A:H"
    }
  ]
}