{
  "id": "GHSA-jmvv-524f-hj5j",
  "summary": "Improper Handling of Exceptional Conditions in Apache Tomcat",
  "details": "The error page mechanism of the Java Servlet Specification requires that, when an error occurs and an error page is configured for the error that occurred, the original request and response are forwarded to the error page. This means that the request is presented to the error page with the original HTTP method. If the error page is a static file, expected behaviour is to serve content of the file as if processing a GET request, regardless of the actual HTTP method. The Default Servlet in Apache Tomcat 9.0.0.M1 to 9.0.0.M20, 8.5.0 to 8.5.14, 8.0.0.RC1 to 8.0.43 and 7.0.0 to 7.0.77 did not do this. Depending on the original request this could lead to unexpected and undesirable results for static error pages including, if the DefaultServlet is configured to permit writes, the replacement or removal of the custom error page. Notes for other user provided error pages: (1) Unless explicitly coded otherwise, JSPs ignore the HTTP method. JSPs used as error pages must must ensure that they handle any error dispatch as a GET request, regardless of the actual method. (2) By default, the response generated by a Servlet does depend on the HTTP method. Custom Servlets used as error pages must ensure that they handle any error dispatch as a GET request, regardless of the actual method.",
  "aliases": [
    "CVE-2017-5664"
  ],
  "modified": "2024-03-11T05:32:36.323485Z",
  "published": "2022-05-13T01:46:15Z",
  "database_specific": {
    "nvd_published_at": "2017-06-06T14:29:00Z",
    "cwe_ids": [
      "CWE-755"
    ],
    "severity": "HIGH",
    "github_reviewed": true,
    "github_reviewed_at": "2022-07-01T11:52:17Z"
  },
  "references": [
    {
      "type": "ADVISORY",
      "url": "https://nvd.nist.gov/vuln/detail/CVE-2017-5664"
    },
    {
      "type": "WEB",
      "url": "https://github.com/apache/tomcat80/commit/e070a31ec81b56377822e44883c64abb41f36a3b"
    },
    {
      "type": "WEB",
      "url": "https://github.com/apache/tomcat80/commit/25d3c0d93190ef165ecd6c744bc15b5059abfa8f"
    },
    {
      "type": "WEB",
      "url": "https://github.com/apache/tomcat/commit/7d93527254d9e9371b342800617f20d13c8b85ad"
    },
    {
      "type": "WEB",
      "url": "https://github.com/apache/tomcat/commit/58b32048ce25cb812ae394dafb0cd57254c68155"
    },
    {
      "type": "WEB",
      "url": "https://github.com/apache/tomcat/commit/4545dcce444aa619374a659cb450dbbd0be3c921"
    },
    {
      "type": "WEB",
      "url": "https://github.com/apache/tomcat/commit/3bfe9fb886598c4d8ecbe674216152006bbce456"
    },
    {
      "type": "WEB",
      "url": "https://github.com/apache/tomcat/commit/3242efea525df01d15da6e90ea69a9a21b10b454"
    },
    {
      "type": "WEB",
      "url": "https://github.com/apache/tomcat/commit/29893e66111d33cfe99dd01cb146317c0c262ef4"
    },
    {
      "type": "WEB",
      "url": "https://lists.apache.org/thread.html/eb6efa8d59c45a7a9eff94c4b925467d3b3fec8ba7697f3daa314b04@%3Cdev.tomcat.apache.org%3E"
    },
    {
      "type": "WEB",
      "url": "https://lists.apache.org/thread.html/eb6efa8d59c45a7a9eff94c4b925467d3b3fec8ba7697f3daa314b04%40%3Cdev.tomcat.apache.org%3E"
    },
    {
      "type": "WEB",
      "url": "https://lists.apache.org/thread.html/e85e83e9954f169bbb77b44baae5a33d8de878df557bb32b7f793661@%3Cdev.tomcat.apache.org%3E"
    },
    {
      "type": "WEB",
      "url": "https://lists.apache.org/thread.html/e85e83e9954f169bbb77b44baae5a33d8de878df557bb32b7f793661%40%3Cdev.tomcat.apache.org%3E"
    },
    {
      "type": "WEB",
      "url": "https://lists.apache.org/thread.html/b5e3f51d28cd5d9b1809f56594f2cf63dcd6a90429e16ea9f83bbedc@%3Cdev.tomcat.apache.org%3E"
    },
    {
      "type": "WEB",
      "url": "https://lists.apache.org/thread.html/b5e3f51d28cd5d9b1809f56594f2cf63dcd6a90429e16ea9f83bbedc%40%3Cdev.tomcat.apache.org%3E"
    },
    {
      "type": "WEB",
      "url": "https://lists.apache.org/thread.html/a42c48e37398d76334e17089e43ccab945238b8b7896538478d76066@%3Cannounce.tomcat.apache.org%3E"
    },
    {
      "type": "WEB",
      "url": "https://lists.apache.org/thread.html/a42c48e37398d76334e17089e43ccab945238b8b7896538478d76066%40%3Cannounce.tomcat.apache.org%3E"
    },
    {
      "type": "WEB",
      "url": "https://lists.apache.org/thread.html/88855876c33f2f9c532ffb75bfee570ccf0b17ffa77493745af9a17a@%3Cdev.tomcat.apache.org%3E"
    },
    {
      "type": "WEB",
      "url": "https://lists.apache.org/thread.html/88855876c33f2f9c532ffb75bfee570ccf0b17ffa77493745af9a17a%40%3Cdev.tomcat.apache.org%3E"
    },
    {
      "type": "WEB",
      "url": "https://lists.apache.org/thread.html/845312a10aabbe2c499fca94003881d2c79fc993d85f34c1f5c77424@%3Cdev.tomcat.apache.org%3E"
    },
    {
      "type": "WEB",
      "url": "https://access.redhat.com/errata/RHSA-2017:1801"
    },
    {
      "type": "WEB",
      "url": "https://lists.apache.org/thread.html/r3bbb800a816d0a51eccc5a228c58736960a9fffafa581a225834d97d%40%3Cdev.tomcat.apache.org%3E"
    },
    {
      "type": "WEB",
      "url": "https://lists.apache.org/thread.html/r3bbb800a816d0a51eccc5a228c58736960a9fffafa581a225834d97d@%3Cdev.tomcat.apache.org%3E"
    },
    {
      "type": "WEB",
      "url": "https://lists.apache.org/thread.html/r48c1444845fe15a823e1374674bfc297d5008a5453788099ea14caf0%40%3Cdev.tomcat.apache.org%3E"
    },
    {
      "type": "WEB",
      "url": "https://lists.apache.org/thread.html/r48c1444845fe15a823e1374674bfc297d5008a5453788099ea14caf0@%3Cdev.tomcat.apache.org%3E"
    },
    {
      "type": "WEB",
      "url": "https://lists.apache.org/thread.html/r9136ff5b13e4f1941360b5a309efee2c114a14855578c3a2cbe5d19c%40%3Cdev.tomcat.apache.org%3E"
    },
    {
      "type": "WEB",
      "url": "https://lists.apache.org/thread.html/r9136ff5b13e4f1941360b5a309efee2c114a14855578c3a2cbe5d19c@%3Cdev.tomcat.apache.org%3E"
    },
    {
      "type": "WEB",
      "url": "https://security.netapp.com/advisory/ntap-20171019-0002"
    },
    {
      "type": "WEB",
      "url": "https://support.hpe.com/hpsc/doc/public/display?docLocale=en_US&docId=emr_na-hpesbux03828en_us"
    },
    {
      "type": "WEB",
      "url": "https://web.archive.org/web/20170801120345/http://www.securitytracker.com/id/1038641"
    },
    {
      "type": "WEB",
      "url": "https://web.archive.org/web/20170805032345/http://www.securityfocus.com/bid/98888"
    },
    {
      "type": "WEB",
      "url": "https://www.oracle.com/technetwork/security-advisory/cpuapr2019-5072813.html"
    },
    {
      "type": "WEB",
      "url": "https://www.oracle.com/technetwork/security-advisory/cpujul2019-5072835.html"
    },
    {
      "type": "WEB",
      "url": "https://access.redhat.com/errata/RHSA-2017:1802"
    },
    {
      "type": "WEB",
      "url": "https://access.redhat.com/errata/RHSA-2017:1809"
    },
    {
      "type": "WEB",
      "url": "https://access.redhat.com/errata/RHSA-2017:2493"
    },
    {
      "type": "WEB",
      "url": "https://access.redhat.com/errata/RHSA-2017:2494"
    },
    {
      "type": "WEB",
      "url": "https://access.redhat.com/errata/RHSA-2017:2633"
    },
    {
      "type": "WEB",
      "url": "https://access.redhat.com/errata/RHSA-2017:2635"
    },
    {
      "type": "WEB",
      "url": "https://access.redhat.com/errata/RHSA-2017:2636"
    },
    {
      "type": "WEB",
      "url": "https://access.redhat.com/errata/RHSA-2017:2637"
    },
    {
      "type": "WEB",
      "url": "https://access.redhat.com/errata/RHSA-2017:2638"
    },
    {
      "type": "WEB",
      "url": "https://access.redhat.com/errata/RHSA-2017:3080"
    },
    {
      "type": "PACKAGE",
      "url": "https://github.com/apache/tomcat"
    },
    {
      "type": "WEB",
      "url": "https://lists.apache.org/thread.html/1dd0a59c1295cc08ce4c9e7edae5ad2268acc9ba55adcefa0532e5ba%40%3Cdev.tomcat.apache.org%3E"
    },
    {
      "type": "WEB",
      "url": "https://lists.apache.org/thread.html/1dd0a59c1295cc08ce4c9e7edae5ad2268acc9ba55adcefa0532e5ba@%3Cdev.tomcat.apache.org%3E"
    },
    {
      "type": "WEB",
      "url": "https://lists.apache.org/thread.html/343558d982879bf88ec20dbf707f8c11255f8e219e81d45c4f8d0551%40%3Cdev.tomcat.apache.org%3E"
    },
    {
      "type": "WEB",
      "url": "https://lists.apache.org/thread.html/343558d982879bf88ec20dbf707f8c11255f8e219e81d45c4f8d0551@%3Cdev.tomcat.apache.org%3E"
    },
    {
      "type": "WEB",
      "url": "https://lists.apache.org/thread.html/388a323769f1dff84c9ec905455aa73fbcb20338e3c7eb131457f708%40%3Cdev.tomcat.apache.org%3E"
    },
    {
      "type": "WEB",
      "url": "https://lists.apache.org/thread.html/388a323769f1dff84c9ec905455aa73fbcb20338e3c7eb131457f708@%3Cdev.tomcat.apache.org%3E"
    },
    {
      "type": "WEB",
      "url": "https://lists.apache.org/thread.html/3d19773b4cf0377db62d1e9328bf9160bf1819f04f988315086931d7%40%3Cdev.tomcat.apache.org%3E"
    },
    {
      "type": "WEB",
      "url": "https://lists.apache.org/thread.html/3d19773b4cf0377db62d1e9328bf9160bf1819f04f988315086931d7@%3Cdev.tomcat.apache.org%3E"
    },
    {
      "type": "WEB",
      "url": "https://lists.apache.org/thread.html/5c0e00fd31efc11e147bf99d0f03c00a734447d3b131ab0818644cdb%40%3Cdev.tomcat.apache.org%3E"
    },
    {
      "type": "WEB",
      "url": "https://lists.apache.org/thread.html/5c0e00fd31efc11e147bf99d0f03c00a734447d3b131ab0818644cdb@%3Cdev.tomcat.apache.org%3E"
    },
    {
      "type": "WEB",
      "url": "https://lists.apache.org/thread.html/6af47120905aa7d8fe12f42e8ff2284fb338ba141d3b77b8c7cb61b3%40%3Cdev.tomcat.apache.org%3E"
    },
    {
      "type": "WEB",
      "url": "https://lists.apache.org/thread.html/6af47120905aa7d8fe12f42e8ff2284fb338ba141d3b77b8c7cb61b3@%3Cdev.tomcat.apache.org%3E"
    },
    {
      "type": "WEB",
      "url": "https://lists.apache.org/thread.html/845312a10aabbe2c499fca94003881d2c79fc993d85f34c1f5c77424%40%3Cdev.tomcat.apache.org%3E"
    },
    {
      "type": "WEB",
      "url": "http://www.debian.org/security/2017/dsa-3891"
    },
    {
      "type": "WEB",
      "url": "http://www.debian.org/security/2017/dsa-3892"
    },
    {
      "type": "WEB",
      "url": "http://www.oracle.com/technetwork/security-advisory/cpuapr2018-3678067.html"
    },
    {
      "type": "WEB",
      "url": "http://www.oracle.com/technetwork/security-advisory/cpujan2018-3236628.html"
    },
    {
      "type": "WEB",
      "url": "http://www.oracle.com/technetwork/security-advisory/cpujul2018-4258247.html"
    },
    {
      "type": "WEB",
      "url": "http://www.oracle.com/technetwork/security-advisory/cpuoct2017-3236626.html"
    }
  ],
  "affected": [
    {
      "package": {
        "name": "org.apache.tomcat:tomcat",
        "ecosystem": "Maven",
        "purl": "pkg:maven/org.apache.tomcat/tomcat"
      },
      "ranges": [
        {
          "type": "ECOSYSTEM",
          "events": [
            {
              "introduced": "9.0.0.M1"
            },
            {
              "fixed": "9.0.0.M21"
            }
          ]
        }
      ],
      "versions": [
        "9.0.0.M1",
        "9.0.0.M10",
        "9.0.0.M11",
        "9.0.0.M13",
        "9.0.0.M15",
        "9.0.0.M17",
        "9.0.0.M18",
        "9.0.0.M19",
        "9.0.0.M20",
        "9.0.0.M3",
        "9.0.0.M4",
        "9.0.0.M6",
        "9.0.0.M8",
        "9.0.0.M9"
      ],
      "database_specific": {
        "last_known_affected_version_range": "<= 9.0.0.M20",
        "source": "https://github.com/github/advisory-database/blob/main/advisories/github-reviewed/2022/05/GHSA-jmvv-524f-hj5j/GHSA-jmvv-524f-hj5j.json"
      }
    },
    {
      "package": {
        "name": "org.apache.tomcat:tomcat",
        "ecosystem": "Maven",
        "purl": "pkg:maven/org.apache.tomcat/tomcat"
      },
      "ranges": [
        {
          "type": "ECOSYSTEM",
          "events": [
            {
              "introduced": "8.5.0"
            },
            {
              "fixed": "8.5.15"
            }
          ]
        }
      ],
      "versions": [
        "8.5.0",
        "8.5.11",
        "8.5.12",
        "8.5.13",
        "8.5.14",
        "8.5.2",
        "8.5.3",
        "8.5.4",
        "8.5.5",
        "8.5.6",
        "8.5.8",
        "8.5.9"
      ],
      "database_specific": {
        "last_known_affected_version_range": "<= 8.5.14",
        "source": "https://github.com/github/advisory-database/blob/main/advisories/github-reviewed/2022/05/GHSA-jmvv-524f-hj5j/GHSA-jmvv-524f-hj5j.json"
      }
    },
    {
      "package": {
        "name": "org.apache.tomcat:tomcat",
        "ecosystem": "Maven",
        "purl": "pkg:maven/org.apache.tomcat/tomcat"
      },
      "ranges": [
        {
          "type": "ECOSYSTEM",
          "events": [
            {
              "introduced": "8.0.0"
            },
            {
              "fixed": "8.0.44"
            }
          ]
        }
      ],
      "versions": [
        "8.0.1",
        "8.0.11",
        "8.0.12",
        "8.0.14",
        "8.0.15",
        "8.0.17",
        "8.0.18",
        "8.0.20",
        "8.0.21",
        "8.0.22",
        "8.0.23",
        "8.0.24",
        "8.0.26",
        "8.0.27",
        "8.0.28",
        "8.0.29",
        "8.0.3",
        "8.0.30",
        "8.0.32",
        "8.0.33",
        "8.0.35",
        "8.0.36",
        "8.0.37",
        "8.0.38",
        "8.0.39",
        "8.0.41",
        "8.0.42",
        "8.0.43",
        "8.0.5",
        "8.0.8",
        "8.0.9"
      ],
      "database_specific": {
        "last_known_affected_version_range": "<= 8.0.43",
        "source": "https://github.com/github/advisory-database/blob/main/advisories/github-reviewed/2022/05/GHSA-jmvv-524f-hj5j/GHSA-jmvv-524f-hj5j.json"
      }
    },
    {
      "package": {
        "name": "org.apache.tomcat:tomcat",
        "ecosystem": "Maven",
        "purl": "pkg:maven/org.apache.tomcat/tomcat"
      },
      "ranges": [
        {
          "type": "ECOSYSTEM",
          "events": [
            {
              "introduced": "7.0.0"
            },
            {
              "fixed": "7.0.78"
            }
          ]
        }
      ],
      "versions": [
        "7.0.35",
        "7.0.37",
        "7.0.39",
        "7.0.40",
        "7.0.41",
        "7.0.42",
        "7.0.47",
        "7.0.50",
        "7.0.52",
        "7.0.53",
        "7.0.54",
        "7.0.55",
        "7.0.56",
        "7.0.57",
        "7.0.59",
        "7.0.61",
        "7.0.62",
        "7.0.63",
        "7.0.64",
        "7.0.65",
        "7.0.67",
        "7.0.68",
        "7.0.69",
        "7.0.70",
        "7.0.72",
        "7.0.73",
        "7.0.75",
        "7.0.76",
        "7.0.77"
      ],
      "database_specific": {
        "last_known_affected_version_range": "<= 7.0.77",
        "source": "https://github.com/github/advisory-database/blob/main/advisories/github-reviewed/2022/05/GHSA-jmvv-524f-hj5j/GHSA-jmvv-524f-hj5j.json"
      }
    }
  ],
  "schema_version": "1.6.0",
  "severity": [
    {
      "type": "CVSS_V3",
      "score": "CVSS:3.0/AV:N/AC:L/PR:N/UI:N/S:U/C:N/I:H/A:N"
    }
  ]
}