{
  "id": "GHSA-gchv-364h-r896",
  "summary": "XML External Entity Reference in apache jena",
  "details": "A vulnerability in the RDF/XML parser of Apache Jena allows an attacker to cause an external DTD to be retrieved. This issue affects Apache Jena version 4.4.0 only. Apache Jena 4.2.x and 4.3.x do not allow external entities.",
  "aliases": [
    "CVE-2022-28890"
  ],
  "modified": "2023-11-08T04:09:06.180591Z",
  "published": "2022-05-06T00:00:53Z",
  "database_specific": {
    "nvd_published_at": "2022-05-05T09:15:00Z",
    "cwe_ids": [
      "CWE-611"
    ],
    "severity": "CRITICAL",
    "github_reviewed": true,
    "github_reviewed_at": "2022-05-24T20:52:33Z"
  },
  "references": [
    {
      "type": "ADVISORY",
      "url": "https://nvd.nist.gov/vuln/detail/CVE-2022-28890"
    },
    {
      "type": "PACKAGE",
      "url": "https://gitbox.apache.org/repos/asf/jena.git"
    },
    {
      "type": "WEB",
      "url": "https://jena.apache.org/about_jena/security-advisories.html#cve-2022-28890---processing-external-dtds"
    },
    {
      "type": "WEB",
      "url": "https://lists.apache.org/thread/h88oh642455wljo0p5jgzs9phk4gj878"
    }
  ],
  "affected": [
    {
      "package": {
        "name": "org.apache.jena:jena",
        "ecosystem": "Maven",
        "purl": "pkg:maven/org.apache.jena/jena"
      },
      "ranges": [
        {
          "type": "ECOSYSTEM",
          "events": [
            {
              "introduced": "4.4.0"
            },
            {
              "fixed": "4.5.0"
            }
          ]
        }
      ],
      "versions": [
        "4.4.0"
      ],
      "database_specific": {
        "source": "https://github.com/github/advisory-database/blob/main/advisories/github-reviewed/2022/05/GHSA-gchv-364h-r896/GHSA-gchv-364h-r896.json"
      }
    }
  ],
  "schema_version": "1.6.0",
  "severity": [
    {
      "type": "CVSS_V3",
      "score": "CVSS:3.1/AV:N/AC:L/PR:N/UI:N/S:U/C:H/I:H/A:H"
    }
  ]
}