{
  "id": "GHSA-p8xr-4v2c-rvgp",
  "summary": "High severity vulnerability that affects org.apache.hbase:hbase",
  "details": "Apache HBase 0.98 before 0.98.12.1, 1.0 before 1.0.1.1, and 1.1 before 1.1.0.1, as used in IBM InfoSphere BigInsights 3.0, 3.0.0.1, and 3.0.0.2 and other products, uses incorrect ACLs for ZooKeeper coordination state, which allows remote attackers to cause a denial of service (daemon outage), obtain sensitive information, or modify data via unspecified client traffic.",
  "aliases": [
    "CVE-2015-1836"
  ],
  "modified": "2023-11-08T03:57:50.996364Z",
  "published": "2018-10-18T18:04:50Z",
  "database_specific": {
    "nvd_published_at": null,
    "github_reviewed_at": "2020-06-16T21:48:39Z",
    "severity": "HIGH",
    "github_reviewed": true,
    "cwe_ids": [
      "CWE-284"
    ]
  },
  "references": [
    {
      "type": "ADVISORY",
      "url": "https://nvd.nist.gov/vuln/detail/CVE-2015-1836"
    },
    {
      "type": "ADVISORY",
      "url": "https://github.com/advisories/GHSA-p8xr-4v2c-rvgp"
    },
    {
      "type": "WEB",
      "url": "https://www.cloudera.com/documentation/other/security-bulletins/topics/csb_topic_1.html"
    },
    {
      "type": "WEB",
      "url": "http://mail-archives.apache.org/mod_mbox/www-announce/201505.mbox/%3CCA+RK=_CFiTfQ2d0V+kuJx_y5izmYccaKjXaJ3V72KK7tbOhbkg@mail.gmail.com%3E"
    },
    {
      "type": "WEB",
      "url": "http://www-01.ibm.com/support/docview.wss?uid=swg21969546"
    },
    {
      "type": "WEB",
      "url": "http://www.securitytracker.com/id/1034365"
    }
  ],
  "affected": [
    {
      "package": {
        "name": "org.apache.hbase:hbase",
        "ecosystem": "Maven",
        "purl": "pkg:maven/org.apache.hbase/hbase"
      },
      "ranges": [
        {
          "type": "ECOSYSTEM",
          "events": [
            {
              "introduced": "0.98"
            },
            {
              "fixed": "0.98.12.1"
            }
          ]
        }
      ],
      "versions": [
        "0.98.0-hadoop1",
        "0.98.0-hadoop2",
        "0.98.1-hadoop1",
        "0.98.1-hadoop2",
        "0.98.10-hadoop1",
        "0.98.10-hadoop2",
        "0.98.10.1-hadoop1",
        "0.98.10.1-hadoop2",
        "0.98.11-hadoop1",
        "0.98.11-hadoop2",
        "0.98.12-hadoop1",
        "0.98.12-hadoop2",
        "0.98.2-hadoop1",
        "0.98.2-hadoop2",
        "0.98.3-hadoop1",
        "0.98.3-hadoop2",
        "0.98.4-hadoop1",
        "0.98.4-hadoop2",
        "0.98.5-hadoop1",
        "0.98.5-hadoop2",
        "0.98.6-hadoop1",
        "0.98.6-hadoop2",
        "0.98.6.1-hadoop1",
        "0.98.6.1-hadoop2",
        "0.98.7-hadoop1",
        "0.98.7-hadoop2",
        "0.98.8-hadoop1",
        "0.98.8-hadoop2",
        "0.98.9-hadoop1",
        "0.98.9-hadoop2"
      ],
      "database_specific": {
        "last_known_affected_version_range": "<= 0.98.12.0",
        "source": "https://github.com/github/advisory-database/blob/main/advisories/github-reviewed/2018/10/GHSA-p8xr-4v2c-rvgp/GHSA-p8xr-4v2c-rvgp.json"
      }
    },
    {
      "package": {
        "name": "org.apache.hbase:hbase",
        "ecosystem": "Maven",
        "purl": "pkg:maven/org.apache.hbase/hbase"
      },
      "ranges": [
        {
          "type": "ECOSYSTEM",
          "events": [
            {
              "introduced": "1.0.0"
            },
            {
              "fixed": "1.0.1.1"
            }
          ]
        }
      ],
      "versions": [
        "1.0.0",
        "1.0.1"
      ],
      "database_specific": {
        "last_known_affected_version_range": "<= 1.0.1.0",
        "source": "https://github.com/github/advisory-database/blob/main/advisories/github-reviewed/2018/10/GHSA-p8xr-4v2c-rvgp/GHSA-p8xr-4v2c-rvgp.json"
      }
    },
    {
      "package": {
        "name": "org.apache.hbase:hbase",
        "ecosystem": "Maven",
        "purl": "pkg:maven/org.apache.hbase/hbase"
      },
      "ranges": [
        {
          "type": "ECOSYSTEM",
          "events": [
            {
              "introduced": "1.1.0"
            },
            {
              "fixed": "1.1.0.1"
            }
          ]
        }
      ],
      "versions": [
        "1.1.0"
      ],
      "database_specific": {
        "source": "https://github.com/github/advisory-database/blob/main/advisories/github-reviewed/2018/10/GHSA-p8xr-4v2c-rvgp/GHSA-p8xr-4v2c-rvgp.json"
      }
    }
  ],
  "schema_version": "1.6.0",
  "severity": [
    {
      "type": "CVSS_V3",
      "score": "CVSS:3.0/AV:N/AC:L/PR:N/UI:N/S:U/C:L/I:L/A:L"
    }
  ]
}