{
  "id": "GHSA-g43x-pcc9-f472",
  "summary": "Jenkins Compuware Common Configuration Plugin vulnerable to Improper Restriction of XML External Entity Reference",
  "details": "Jenkins Compuware Common Configuration Plugin 1.0.14 and earlier does not configure its XML parser to prevent XML external entity (XXE) attacks.\n\nThis allows attackers able to change the contents of the Topaz Workbench CLI home directory on agents to have Jenkins parse a crafted file that uses external entities for extraction of secrets from the Jenkins controller or server-side request forgery.",
  "aliases": [
    "CVE-2022-41226"
  ],
  "modified": "2024-02-16T08:25:02.226059Z",
  "published": "2022-09-22T00:00:28Z",
  "database_specific": {
    "nvd_published_at": "2022-09-21T16:15:00Z",
    "cwe_ids": [
      "CWE-611"
    ],
    "severity": "HIGH",
    "github_reviewed": true,
    "github_reviewed_at": "2022-09-23T13:29:17Z"
  },
  "references": [
    {
      "type": "ADVISORY",
      "url": "https://nvd.nist.gov/vuln/detail/CVE-2022-41226"
    },
    {
      "type": "WEB",
      "url": "https://github.com/jenkinsci/compuware-common-configuration-plugin/pull/24"
    },
    {
      "type": "WEB",
      "url": "https://github.com/jenkinsci/compuware-common-configuration-plugin/commit/351a46798cdc10479cb6966f05a51bc2174806a0"
    },
    {
      "type": "WEB",
      "url": "https://github.com/jenkinsci/compuware-common-configuration-plugin/commit/8410fd5e0a619200f5bc2e906ecba940e8506436"
    },
    {
      "type": "WEB",
      "url": "https://github.com/jenkinsci/compuware-common-configuration-plugin/commit/a92f1fba5ab375cfcceed92a16666a4c709e0f3b"
    },
    {
      "type": "PACKAGE",
      "url": "https://github.com/jenkinsci/compuware-common-configuration-plugin"
    },
    {
      "type": "WEB",
      "url": "https://www.jenkins.io/security/advisory/2022-09-21/#SECURITY-2832"
    }
  ],
  "affected": [
    {
      "package": {
        "name": "com.compuware.jenkins:compuware-common-configuration",
        "ecosystem": "Maven",
        "purl": "pkg:maven/com.compuware.jenkins/compuware-common-configuration"
      },
      "ranges": [
        {
          "type": "ECOSYSTEM",
          "events": [
            {
              "introduced": "0"
            },
            {
              "fixed": "1.0.15"
            }
          ]
        }
      ],
      "versions": [
        "1.0.10",
        "1.0.11",
        "1.0.12",
        "1.0.13",
        "1.0.14",
        "1.0.2",
        "1.0.3",
        "1.0.4",
        "1.0.5",
        "1.0.6",
        "1.0.7",
        "1.0.8",
        "1.0.9"
      ],
      "database_specific": {
        "last_known_affected_version_range": "<= 1.0.14",
        "source": "https://github.com/github/advisory-database/blob/main/advisories/github-reviewed/2022/09/GHSA-g43x-pcc9-f472/GHSA-g43x-pcc9-f472.json"
      }
    }
  ],
  "schema_version": "1.6.0",
  "severity": [
    {
      "type": "CVSS_V3",
      "score": "CVSS:3.1/AV:N/AC:L/PR:L/UI:N/S:U/C:H/I:L/A:N"
    }
  ]
}