{
  "id": "GHSA-g556-x5vx-qh59",
  "summary": "Android SVG vulnerable to XML External Entity (XXE)",
  "details": "AndroidSVG version 1.2.2 is vulnerable to XXE attacks in the SVG parsing component resulting in denial of service and possibly remote code execution",
  "aliases": [
    "CVE-2017-1000498"
  ],
  "modified": "2023-11-08T03:58:47.519363Z",
  "published": "2018-10-19T16:50:33Z",
  "database_specific": {
    "nvd_published_at": null,
    "github_reviewed_at": "2020-06-16T21:36:09Z",
    "severity": "HIGH",
    "github_reviewed": true,
    "cwe_ids": [
      "CWE-611"
    ]
  },
  "references": [
    {
      "type": "ADVISORY",
      "url": "https://nvd.nist.gov/vuln/detail/CVE-2017-1000498"
    },
    {
      "type": "WEB",
      "url": "https://github.com/BigBadaboom/androidsvg/issues/122"
    },
    {
      "type": "PACKAGE",
      "url": "https://github.com/BigBadaboom/androidsvg"
    },
    {
      "type": "ADVISORY",
      "url": "https://github.com/advisories/GHSA-g556-x5vx-qh59"
    }
  ],
  "affected": [
    {
      "package": {
        "name": "com.caverock:androidsvg",
        "ecosystem": "Maven",
        "purl": "pkg:maven/com.caverock/androidsvg"
      },
      "ranges": [
        {
          "type": "ECOSYSTEM",
          "events": [
            {
              "introduced": "0"
            },
            {
              "fixed": "1.3"
            }
          ]
        }
      ],
      "versions": [
        "1.0.170",
        "1.1.182",
        "1.2.0",
        "1.2.1",
        "1.2.2-beta-1"
      ],
      "database_specific": {
        "source": "https://github.com/github/advisory-database/blob/main/advisories/github-reviewed/2018/10/GHSA-g556-x5vx-qh59/GHSA-g556-x5vx-qh59.json"
      }
    }
  ],
  "schema_version": "1.6.0",
  "severity": [
    {
      "type": "CVSS_V3",
      "score": "CVSS:3.1/AV:L/AC:L/PR:N/UI:R/S:U/C:H/I:H/A:H"
    }
  ]
}