{
  "id": "GHSA-4m42-8qfq-h3q9",
  "summary": "Cross-site Scripting in Jenkins Rundeck Plugin",
  "details": "Jenkins Rundeck Plugin 3.6.10 and earlier does not restrict URL schemes in Rundeck webhook submissions, resulting in a stored cross-site scripting (XSS) vulnerability exploitable by attackers able to submit crafted Rundeck webhook payloads. Rundeck Plugin 3.6.11 sanitizes URLs submitted in Rundeck webhook payloads.",
  "aliases": [
    "CVE-2022-30956"
  ],
  "modified": "2023-11-08T04:09:21.008514Z",
  "published": "2022-05-18T00:00:40Z",
  "database_specific": {
    "nvd_published_at": "2022-05-17T15:15:00Z",
    "github_reviewed_at": "2022-06-02T14:54:12Z",
    "severity": "HIGH",
    "github_reviewed": true,
    "cwe_ids": [
      "CWE-79"
    ]
  },
  "references": [
    {
      "type": "ADVISORY",
      "url": "https://nvd.nist.gov/vuln/detail/CVE-2022-30956"
    },
    {
      "type": "PACKAGE",
      "url": "https://github.com/jenkinsci/rundeck-plugin"
    },
    {
      "type": "WEB",
      "url": "https://www.jenkins.io/security/advisory/2022-05-17/#SECURITY-2600"
    }
  ],
  "affected": [
    {
      "package": {
        "name": "org.jenkins-ci.plugins:rundeck",
        "ecosystem": "Maven",
        "purl": "pkg:maven/org.jenkins-ci.plugins/rundeck"
      },
      "ranges": [
        {
          "type": "ECOSYSTEM",
          "events": [
            {
              "introduced": "0"
            },
            {
              "fixed": "3.6.11"
            }
          ]
        }
      ],
      "versions": [
        "1.0",
        "1.1",
        "1.2",
        "1.3",
        "1.4",
        "1.5",
        "1.5.1",
        "1.6",
        "1.7",
        "1.8",
        "2.0",
        "2.0.1",
        "2.1",
        "2.10",
        "2.11",
        "2.2",
        "2.3",
        "2.3.1",
        "2.4",
        "2.5",
        "2.6",
        "2.7",
        "2.8",
        "2.9",
        "3.0",
        "3.1",
        "3.3",
        "3.4",
        "3.5.1",
        "3.5.4",
        "3.6.1",
        "3.6.10",
        "3.6.2",
        "3.6.3",
        "3.6.4",
        "3.6.5",
        "3.6.6",
        "3.6.7",
        "3.6.9"
      ],
      "database_specific": {
        "source": "https://github.com/github/advisory-database/blob/main/advisories/github-reviewed/2022/05/GHSA-4m42-8qfq-h3q9/GHSA-4m42-8qfq-h3q9.json"
      }
    }
  ],
  "schema_version": "1.6.0",
  "severity": [
    {
      "type": "CVSS_V3",
      "score": "CVSS:3.1/AV:N/AC:L/PR:L/UI:R/S:U/C:H/I:H/A:H"
    }
  ]
}