{
  "id": "GHSA-4q2v-j639-cp7p",
  "summary": "Improper Access Control in Apache Shiro",
  "details": "Apache Shiro before 1.3.2 allows attackers to bypass intended servlet filters and gain access by leveraging use of a non-root servlet context path.",
  "aliases": [
    "CVE-2016-6802"
  ],
  "modified": "2023-11-08T03:58:33.527856Z",
  "published": "2022-05-14T02:46:12Z",
  "database_specific": {
    "nvd_published_at": "2016-09-20T19:59:00Z",
    "github_reviewed_at": "2022-11-04T22:45:53Z",
    "severity": "HIGH",
    "github_reviewed": true,
    "cwe_ids": [
      "CWE-284"
    ]
  },
  "references": [
    {
      "type": "ADVISORY",
      "url": "https://nvd.nist.gov/vuln/detail/CVE-2016-6802"
    },
    {
      "type": "WEB",
      "url": "https://github.com/apache/shiro/commit/b15ab927709ca18ea4a02538be01919a19ab65af"
    },
    {
      "type": "WEB",
      "url": "https://issues.apache.org/jira/browse/SHIRO-584"
    },
    {
      "type": "WEB",
      "url": "https://packetstormsecurity.com/files/138709/Apache-Shiro-Filter-Bypass.html"
    }
  ],
  "affected": [
    {
      "package": {
        "name": "org.apache.shiro:shiro-all",
        "ecosystem": "Maven",
        "purl": "pkg:maven/org.apache.shiro/shiro-all"
      },
      "ranges": [
        {
          "type": "ECOSYSTEM",
          "events": [
            {
              "introduced": "0"
            },
            {
              "fixed": "1.3.2"
            }
          ]
        }
      ],
      "versions": [
        "1.0.0-incubating",
        "1.1.0",
        "1.2.0",
        "1.2.1",
        "1.2.2",
        "1.2.3",
        "1.2.4",
        "1.2.5",
        "1.2.6",
        "1.3.0",
        "1.3.1"
      ],
      "database_specific": {
        "source": "https://github.com/github/advisory-database/blob/main/advisories/github-reviewed/2022/05/GHSA-4q2v-j639-cp7p/GHSA-4q2v-j639-cp7p.json"
      }
    },
    {
      "package": {
        "name": "org.apache.shiro:shiro-web",
        "ecosystem": "Maven",
        "purl": "pkg:maven/org.apache.shiro/shiro-web"
      },
      "ranges": [
        {
          "type": "ECOSYSTEM",
          "events": [
            {
              "introduced": "0"
            },
            {
              "fixed": "1.3.2"
            }
          ]
        }
      ],
      "versions": [
        "1.0.0-incubating",
        "1.1.0",
        "1.2.0",
        "1.2.1",
        "1.2.2",
        "1.2.3",
        "1.2.4",
        "1.2.5",
        "1.2.6",
        "1.3.0",
        "1.3.1"
      ],
      "database_specific": {
        "source": "https://github.com/github/advisory-database/blob/main/advisories/github-reviewed/2022/05/GHSA-4q2v-j639-cp7p/GHSA-4q2v-j639-cp7p.json"
      }
    }
  ],
  "schema_version": "1.6.0",
  "severity": [
    {
      "type": "CVSS_V3",
      "score": "CVSS:3.0/AV:N/AC:L/PR:N/UI:N/S:U/C:N/I:H/A:N"
    }
  ]
}