{
  "id": "GHSA-xp5j-wj4h-2jq9",
  "summary": "Injection and Improper Input Validation in Apache Unomi",
  "details": "It is possible to inject malicious OGNL or MVEL scripts into the /context.json public endpoint. This was partially fixed in 1.5.1 but a new attack vector was found. In Apache Unomi version 1.5.2 scripts are now completely filtered from the input. It is highly recommended to upgrade to the latest available version of the 1.5.x release to fix this problem.",
  "aliases": [
    "CVE-2020-13942"
  ],
  "modified": "2023-11-08T04:02:23.451746Z",
  "published": "2022-02-10T00:30:54Z",
  "database_specific": {
    "nvd_published_at": "2020-11-24T18:15:00Z",
    "github_reviewed_at": "2021-04-14T18:49:17Z",
    "severity": "CRITICAL",
    "github_reviewed": true,
    "cwe_ids": [
      "CWE-20",
      "CWE-74"
    ]
  },
  "references": [
    {
      "type": "ADVISORY",
      "url": "https://nvd.nist.gov/vuln/detail/CVE-2020-13942"
    },
    {
      "type": "WEB",
      "url": "https://advisory.checkmarx.net/advisory/CX-2020-4284"
    },
    {
      "type": "WEB",
      "url": "https://lists.apache.org/thread.html/r08a4057ff7196b8880117edaa4b6207cbd36ed692d8dd1f5a56b4d0f@%3Cannounce.apache.org%3E"
    },
    {
      "type": "WEB",
      "url": "https://lists.apache.org/thread.html/r4a8fa91836687eaca42b5420a778ca8c8fd3a3740e4cf4401acc9118@%3Cdev.unomi.apache.org%3E"
    },
    {
      "type": "WEB",
      "url": "https://lists.apache.org/thread.html/r4a8fa91836687eaca42b5420a778ca8c8fd3a3740e4cf4401acc9118@%3Cusers.unomi.apache.org%3E"
    },
    {
      "type": "WEB",
      "url": "https://lists.apache.org/thread.html/r79672c25e0ef9bb4b9148376281200a8e61c6d5ef5bb705e9a363460@%3Ccommits.unomi.apache.org%3E"
    },
    {
      "type": "WEB",
      "url": "https://lists.apache.org/thread.html/rcb6d2eafcf15def433aaddfa06738e5faa5060cef2647769e178999a@%3Cdev.unomi.apache.org%3E"
    },
    {
      "type": "WEB",
      "url": "https://lists.apache.org/thread.html/rcb6d2eafcf15def433aaddfa06738e5faa5060cef2647769e178999a@%3Cusers.unomi.apache.org%3E"
    },
    {
      "type": "WEB",
      "url": "http://unomi.apache.org./security/cve-2020-13942.txt"
    },
    {
      "type": "WEB",
      "url": "http://www.openwall.com/lists/oss-security/2020/11/24/5"
    }
  ],
  "affected": [
    {
      "package": {
        "name": "org.apache.unomi:unomi",
        "ecosystem": "Maven",
        "purl": "pkg:maven/org.apache.unomi/unomi"
      },
      "ranges": [
        {
          "type": "ECOSYSTEM",
          "events": [
            {
              "introduced": "0"
            },
            {
              "fixed": "1.5.2"
            }
          ]
        }
      ],
      "versions": [
        "1.0.0-incubating",
        "1.1.0-incubating",
        "1.2.0-incubating",
        "1.3.0-incubating",
        "1.5.0",
        "1.5.1"
      ],
      "database_specific": {
        "source": "https://github.com/github/advisory-database/blob/main/advisories/github-reviewed/2022/02/GHSA-xp5j-wj4h-2jq9/GHSA-xp5j-wj4h-2jq9.json"
      }
    }
  ],
  "schema_version": "1.6.0",
  "severity": [
    {
      "type": "CVSS_V3",
      "score": "CVSS:3.1/AV:N/AC:L/PR:N/UI:N/S:U/C:H/I:H/A:H"
    }
  ]
}