{
  "id": "GHSA-pr38-qpxm-g88x",
  "summary": "Apache ActiveMQ Artemis Uncontrolled Resource Consumption (DoS)",
  "details": "In Apache ActiveMQ Artemis prior to 2.20.0 or 2.19.1, an attacker could partially disrupt availability (DoS) through uncontrolled resource consumption of memory.",
  "aliases": [
    "CVE-2022-23913"
  ],
  "modified": "2024-02-21T05:41:32.704182Z",
  "published": "2022-02-06T00:00:55Z",
  "database_specific": {
    "nvd_published_at": "2022-02-04T23:15:00Z",
    "cwe_ids": [
      "CWE-400",
      "CWE-770"
    ],
    "severity": "HIGH",
    "github_reviewed": true,
    "github_reviewed_at": "2022-02-08T17:52:10Z"
  },
  "references": [
    {
      "type": "ADVISORY",
      "url": "https://nvd.nist.gov/vuln/detail/CVE-2022-23913"
    },
    {
      "type": "WEB",
      "url": "https://github.com/github/codeql-java-CVE-coverage/issues/1061"
    },
    {
      "type": "WEB",
      "url": "https://github.com/apache/activemq-artemis/pull/3862"
    },
    {
      "type": "WEB",
      "url": "https://github.com/apache/activemq-artemis/pull/3862/commits/1f92368240229b8f5db92a92a72c703faf83e9b7"
    },
    {
      "type": "WEB",
      "url": "https://github.com/apache/activemq-artemis/pull/3871"
    },
    {
      "type": "WEB",
      "url": "https://github.com/apache/activemq-artemis/pull/3871/commits/153d2e9a979aead8dff95fbc91d659ecc7d0fb82"
    },
    {
      "type": "PACKAGE",
      "url": "https://github.com/apache/activemq-artemis"
    },
    {
      "type": "WEB",
      "url": "https://issues.apache.org/jira/browse/ARTEMIS-3593"
    },
    {
      "type": "WEB",
      "url": "https://lists.apache.org/thread/fjynj57rd99s814rdn5hzvmx8lz403q2"
    },
    {
      "type": "WEB",
      "url": "https://security.netapp.com/advisory/ntap-20220303-0003"
    }
  ],
  "affected": [
    {
      "package": {
        "name": "org.apache.activemq:artemis-core-client",
        "ecosystem": "Maven",
        "purl": "pkg:maven/org.apache.activemq/artemis-core-client"
      },
      "ranges": [
        {
          "type": "ECOSYSTEM",
          "events": [
            {
              "introduced": "0"
            },
            {
              "fixed": "2.19.1"
            }
          ]
        }
      ],
      "versions": [
        "1.0.0",
        "1.1.0",
        "1.2.0",
        "1.3.0",
        "1.4.0",
        "1.5.0",
        "1.5.1",
        "1.5.2",
        "1.5.3",
        "1.5.4",
        "1.5.5",
        "1.5.6",
        "2.0.0",
        "2.1.0",
        "2.10.0",
        "2.10.1",
        "2.11.0",
        "2.12.0",
        "2.13.0",
        "2.14.0",
        "2.15.0",
        "2.16.0",
        "2.17.0",
        "2.18.0",
        "2.19.0",
        "2.2.0",
        "2.3.0",
        "2.4.0",
        "2.5.0",
        "2.6.0",
        "2.6.1",
        "2.6.2",
        "2.6.3",
        "2.6.4",
        "2.7.0",
        "2.8.0",
        "2.8.1",
        "2.9.0"
      ],
      "database_specific": {
        "source": "https://github.com/github/advisory-database/blob/main/advisories/github-reviewed/2022/02/GHSA-pr38-qpxm-g88x/GHSA-pr38-qpxm-g88x.json"
      }
    }
  ],
  "schema_version": "1.6.0",
  "severity": [
    {
      "type": "CVSS_V3",
      "score": "CVSS:3.1/AV:N/AC:L/PR:N/UI:N/S:U/C:N/I:N/A:H"
    }
  ]
}