{
  "id": "GHSA-9hcr-66cj-r9hp",
  "summary": "Stored XSS vulnerability in Jenkins Valgrind Plugin",
  "details": "Jenkins Valgrind Plugin 0.28 and earlier does not escape content in Valgrind XML reports, resulting in a stored cross-site scripting (XSS) vulnerability exploitable by attackers able to control Valgrind XML report contents.",
  "aliases": [
    "CVE-2020-2246"
  ],
  "modified": "2023-11-08T04:02:59.794162Z",
  "published": "2022-05-24T17:27:06Z",
  "database_specific": {
    "nvd_published_at": "2020-09-01T14:15:00Z",
    "github_reviewed_at": "2022-12-20T22:38:49Z",
    "severity": "HIGH",
    "github_reviewed": true,
    "cwe_ids": [
      "CWE-79"
    ]
  },
  "references": [
    {
      "type": "ADVISORY",
      "url": "https://nvd.nist.gov/vuln/detail/CVE-2020-2246"
    },
    {
      "type": "PACKAGE",
      "url": "https://github.com/jenkinsci/valgrind-plugin"
    },
    {
      "type": "WEB",
      "url": "https://jenkins.io/security/advisory/2020-09-01/#SECURITY-1830"
    },
    {
      "type": "WEB",
      "url": "http://www.openwall.com/lists/oss-security/2020/09/01/3"
    }
  ],
  "affected": [
    {
      "package": {
        "name": "org.jenkins-ci.plugins:valgrind",
        "ecosystem": "Maven",
        "purl": "pkg:maven/org.jenkins-ci.plugins/valgrind"
      },
      "ranges": [
        {
          "type": "ECOSYSTEM",
          "events": [
            {
              "introduced": "0"
            },
            {
              "last_affected": "0.28"
            }
          ]
        }
      ],
      "versions": [
        "0.10",
        "0.11",
        "0.12",
        "0.13",
        "0.14",
        "0.15",
        "0.16",
        "0.17",
        "0.18",
        "0.19",
        "0.20",
        "0.21",
        "0.22",
        "0.24",
        "0.25",
        "0.27",
        "0.28",
        "0.3",
        "0.4",
        "0.5",
        "0.6",
        "0.7",
        "0.8",
        "0.9"
      ],
      "database_specific": {
        "source": "https://github.com/github/advisory-database/blob/main/advisories/github-reviewed/2022/05/GHSA-9hcr-66cj-r9hp/GHSA-9hcr-66cj-r9hp.json"
      }
    }
  ],
  "schema_version": "1.6.0",
  "severity": [
    {
      "type": "CVSS_V3",
      "score": "CVSS:3.1/AV:N/AC:L/PR:L/UI:R/S:U/C:H/I:H/A:H"
    }
  ]
}