{
  "id": "GHSA-j39c-c8hj-x4j3",
  "summary": "Exposure of Sensitive Information to an Unauthorized Actor in Apache Tomcat",
  "details": "When responding to new h2c connection requests, Apache Tomcat versions 10.0.0-M1 to 10.0.0, 9.0.0.M1 to 9.0.41 and 8.5.0 to 8.5.61 could duplicate request headers and a limited amount of request body from one request to another meaning user A and user B could both see the results of user A's request.",
  "aliases": [
    "BIT-tomcat-2021-25122",
    "CVE-2021-25122"
  ],
  "modified": "2024-02-19T05:31:44.331997Z",
  "published": "2021-06-16T17:45:29Z",
  "related": [
    "CGA-vhqv-jhjv-679r"
  ],
  "database_specific": {
    "nvd_published_at": "2021-03-01T12:15:00Z",
    "cwe_ids": [
      "CWE-200"
    ],
    "severity": "HIGH",
    "github_reviewed": true,
    "github_reviewed_at": "2021-03-24T19:53:13Z"
  },
  "references": [
    {
      "type": "ADVISORY",
      "url": "https://nvd.nist.gov/vuln/detail/CVE-2021-25122"
    },
    {
      "type": "WEB",
      "url": "https://lists.apache.org/thread.html/r7b95bc248603360501f18c8eb03bb6001ec0ee3296205b34b07105b7%40%3Cannounce.tomcat.apache.org%3E"
    },
    {
      "type": "WEB",
      "url": "https://lists.apache.org/thread.html/r7b95bc248603360501f18c8eb03bb6001ec0ee3296205b34b07105b7@%3Cannounce.apache.org%3E"
    },
    {
      "type": "WEB",
      "url": "https://lists.apache.org/thread.html/r7b95bc248603360501f18c8eb03bb6001ec0ee3296205b34b07105b7@%3Cannounce.tomcat.apache.org%3E"
    },
    {
      "type": "WEB",
      "url": "https://lists.apache.org/thread.html/r7b95bc248603360501f18c8eb03bb6001ec0ee3296205b34b07105b7@%3Cdev.tomcat.apache.org%3E"
    },
    {
      "type": "WEB",
      "url": "https://lists.apache.org/thread.html/r7b95bc248603360501f18c8eb03bb6001ec0ee3296205b34b07105b7@%3Cusers.tomcat.apache.org%3E"
    },
    {
      "type": "WEB",
      "url": "https://lists.apache.org/thread.html/rcd90bf36b1877e1310b87ecd14ed7bbb15da52b297efd9f0e7253a3b@%3Cusers.tomcat.apache.org%3E"
    },
    {
      "type": "WEB",
      "url": "https://lists.apache.org/thread.html/rd0463f9a5cbc02a485404c4b990f0da452e5ac5c237808edba11c947@%3Cusers.tomcat.apache.org%3E"
    },
    {
      "type": "WEB",
      "url": "https://lists.apache.org/thread.html/rf6d5d57b114678d8898005faef31e9fd6d7c981fcc4ccfc3bc272fc9@%3Cdev.tomcat.apache.org%3E"
    },
    {
      "type": "WEB",
      "url": "https://lists.debian.org/debian-lts-announce/2021/03/msg00018.html"
    },
    {
      "type": "WEB",
      "url": "https://security.gentoo.org/glsa/202208-34"
    },
    {
      "type": "WEB",
      "url": "https://security.netapp.com/advisory/ntap-20210409-0002"
    },
    {
      "type": "WEB",
      "url": "https://www.debian.org/security/2021/dsa-4891"
    },
    {
      "type": "WEB",
      "url": "https://www.oracle.com//security-alerts/cpujul2021.html"
    },
    {
      "type": "WEB",
      "url": "https://www.oracle.com/security-alerts/cpujan2022.html"
    },
    {
      "type": "WEB",
      "url": "https://www.oracle.com/security-alerts/cpuoct2021.html"
    },
    {
      "type": "WEB",
      "url": "http://www.openwall.com/lists/oss-security/2021/03/01/1"
    }
  ],
  "affected": [
    {
      "package": {
        "name": "org.apache.tomcat.embed:tomcat-embed-core",
        "ecosystem": "Maven",
        "purl": "pkg:maven/org.apache.tomcat.embed/tomcat-embed-core"
      },
      "ranges": [
        {
          "type": "ECOSYSTEM",
          "events": [
            {
              "introduced": "10.0.0"
            },
            {
              "fixed": "10.0.2"
            }
          ]
        }
      ],
      "versions": [
        "10.0.0"
      ],
      "database_specific": {
        "source": "https://github.com/github/advisory-database/blob/main/advisories/github-reviewed/2021/06/GHSA-j39c-c8hj-x4j3/GHSA-j39c-c8hj-x4j3.json"
      }
    },
    {
      "package": {
        "name": "org.apache.tomcat.embed:tomcat-embed-core",
        "ecosystem": "Maven",
        "purl": "pkg:maven/org.apache.tomcat.embed/tomcat-embed-core"
      },
      "ranges": [
        {
          "type": "ECOSYSTEM",
          "events": [
            {
              "introduced": "9.0.0"
            },
            {
              "fixed": "9.0.43"
            }
          ]
        }
      ],
      "versions": [
        "9.0.1",
        "9.0.10",
        "9.0.11",
        "9.0.12",
        "9.0.13",
        "9.0.14",
        "9.0.16",
        "9.0.17",
        "9.0.19",
        "9.0.2",
        "9.0.20",
        "9.0.21",
        "9.0.22",
        "9.0.24",
        "9.0.26",
        "9.0.27",
        "9.0.29",
        "9.0.30",
        "9.0.31",
        "9.0.33",
        "9.0.34",
        "9.0.35",
        "9.0.36",
        "9.0.37",
        "9.0.38",
        "9.0.39",
        "9.0.4",
        "9.0.40",
        "9.0.41",
        "9.0.5",
        "9.0.6",
        "9.0.7",
        "9.0.8"
      ],
      "database_specific": {
        "source": "https://github.com/github/advisory-database/blob/main/advisories/github-reviewed/2021/06/GHSA-j39c-c8hj-x4j3/GHSA-j39c-c8hj-x4j3.json"
      }
    },
    {
      "package": {
        "name": "org.apache.tomcat.embed:tomcat-embed-core",
        "ecosystem": "Maven",
        "purl": "pkg:maven/org.apache.tomcat.embed/tomcat-embed-core"
      },
      "ranges": [
        {
          "type": "ECOSYSTEM",
          "events": [
            {
              "introduced": "8.5.0"
            },
            {
              "fixed": "8.5.63"
            }
          ]
        }
      ],
      "versions": [
        "8.5.0",
        "8.5.11",
        "8.5.12",
        "8.5.13",
        "8.5.14",
        "8.5.15",
        "8.5.16",
        "8.5.19",
        "8.5.2",
        "8.5.20",
        "8.5.21",
        "8.5.23",
        "8.5.24",
        "8.5.27",
        "8.5.28",
        "8.5.29",
        "8.5.3",
        "8.5.30",
        "8.5.31",
        "8.5.32",
        "8.5.33",
        "8.5.34",
        "8.5.35",
        "8.5.37",
        "8.5.38",
        "8.5.39",
        "8.5.4",
        "8.5.40",
        "8.5.41",
        "8.5.42",
        "8.5.43",
        "8.5.45",
        "8.5.46",
        "8.5.47",
        "8.5.49",
        "8.5.5",
        "8.5.50",
        "8.5.51",
        "8.5.53",
        "8.5.54",
        "8.5.55",
        "8.5.56",
        "8.5.57",
        "8.5.58",
        "8.5.59",
        "8.5.6",
        "8.5.60",
        "8.5.61",
        "8.5.8",
        "8.5.9"
      ],
      "database_specific": {
        "source": "https://github.com/github/advisory-database/blob/main/advisories/github-reviewed/2021/06/GHSA-j39c-c8hj-x4j3/GHSA-j39c-c8hj-x4j3.json"
      }
    }
  ],
  "schema_version": "1.6.0",
  "severity": [
    {
      "type": "CVSS_V3",
      "score": "CVSS:3.1/AV:N/AC:L/PR:N/UI:N/S:U/C:H/I:N/A:N"
    }
  ]
}