{
  "id": "GHSA-5r8j-qmcm-7g7q",
  "summary": "Apache UIMA Java SDK Deserialization of Untrusted Data, Improper Input Validation vulnerability",
  "details": "Deserialization of Untrusted Data, Improper Input Validation vulnerability in Apache UIMA Java SDK. This issue affects Apache UIMA Java SDK before 3.5.0.\n\nUsers are recommended to upgrade to version 3.5.0, which fixes the issue.\n\nThere are several locations in the code where serialized Java objects are deserialized without verifying the data. This affects in particular:\n  *  the deserialization of a Java-serialized CAS, but also other binary CAS formats that include TSI information using the CasIOUtils class;\n  *  the CAS Editor Eclipse plugin which uses the\u00a0the CasIOUtils class to load data;\n  *  the deserialization of a Java-serialized CAS of the Vinci Analysis Engine service which can receive using Java-serialized CAS objects over network connections;\n  *  the CasAnnotationViewerApplet and the CasTreeViewerApplet;\n  *  the checkpointing feature of the CPE module.\n\nNote that the UIMA framework by default does not start any remotely accessible services (i.e. Vinci) that would be vulnerable to this issue. A user or developer would need to make an active choice to start such a service. However, users or developers may use the CasIOUtils in their own applications and services to parse serialized CAS data. They are affected by this issue unless they ensure that the data passed to CasIOUtils is not a serialized Java object.\n\nWhen using Vinci or using CasIOUtils in own services/applications,\u00a0the unrestricted deserialization of Java-serialized CAS files may allow arbitrary (remote) code execution.\n\nAs a remedy, it is possible to set up a global or context-specific ObjectInputFilter (cf.  https://openjdk.org/jeps/290 \u00a0and\u00a0 https://openjdk.org/jeps/415 ) if running UIMA on a Java version that supports it. \n\nNote that Java 1.8 does not support the ObjectInputFilter, so there is no remedy when running on this out-of-support platform. An upgrade to a recent Java version is strongly recommended if you need to secure an UIMA version that is affected by this issue.\n\nTo mitigate the issue on a Java 9+ platform, you can configure a filter pattern through the \"jdk.serialFilter\" system property using a semicolon as a separator:\n\nTo allow deserializing Java-serialized binary CASes, add the classes:\n  *  org.apache.uima.cas.impl.CASCompleteSerializer\n  *  org.apache.uima.cas.impl.CASMgrSerializer\n  *  org.apache.uima.cas.impl.CASSerializer\n  *  java.lang.String\n\nTo allow deserializing CPE Checkpoint data, add the following classes (and any custom classes your application uses to store its checkpoints):\n  *  org.apache.uima.collection.impl.cpm.CheckpointData\n  *  org.apache.uima.util.ProcessTrace\n  *  org.apache.uima.util.impl.ProcessTrace_impl\n  *  org.apache.uima.collection.base_cpm.SynchPoint\n\nMake sure to use \"!*\" as the final component to the filter pattern to disallow deserialization of any classes not listed in the pattern.\n\nApache UIMA 3.5.0 uses tightly scoped ObjectInputFilters when reading Java-serialized data depending on the type of data being expected. Configuring a global filter is not necessary with this version.\n\n",
  "aliases": [
    "CVE-2023-39913"
  ],
  "modified": "2024-02-16T08:23:53.775350Z",
  "published": "2023-11-08T09:30:25Z",
  "database_specific": {
    "nvd_published_at": "2023-11-08T08:15:08Z",
    "cwe_ids": [
      "CWE-20",
      "CWE-502"
    ],
    "severity": "HIGH",
    "github_reviewed": true,
    "github_reviewed_at": "2023-11-08T17:48:22Z"
  },
  "references": [
    {
      "type": "ADVISORY",
      "url": "https://nvd.nist.gov/vuln/detail/CVE-2023-39913"
    },
    {
      "type": "PACKAGE",
      "url": "https://github.com/apache/uima-uimaj"
    },
    {
      "type": "WEB",
      "url": "https://github.com/apache/uima-uimaj/releases/tag/rel%2Fuimaj-3.5.0"
    },
    {
      "type": "WEB",
      "url": "https://lists.apache.org/thread/lw30f4qlq3mhkhpljj16qw4fot3rg7v4"
    },
    {
      "type": "WEB",
      "url": "http://www.openwall.com/lists/oss-security/2023/11/08/1"
    }
  ],
  "affected": [
    {
      "package": {
        "name": "org.apache.uima:uimaj",
        "ecosystem": "Maven",
        "purl": "pkg:maven/org.apache.uima/uimaj"
      },
      "ranges": [
        {
          "type": "ECOSYSTEM",
          "events": [
            {
              "introduced": "0"
            },
            {
              "fixed": "3.5.0"
            }
          ]
        }
      ],
      "versions": [
        "2.3.1"
      ],
      "database_specific": {
        "source": "https://github.com/github/advisory-database/blob/main/advisories/github-reviewed/2023/11/GHSA-5r8j-qmcm-7g7q/GHSA-5r8j-qmcm-7g7q.json"
      }
    }
  ],
  "schema_version": "1.6.0",
  "severity": [
    {
      "type": "CVSS_V3",
      "score": "CVSS:3.1/AV:N/AC:L/PR:L/UI:N/S:U/C:H/I:H/A:H"
    }
  ]
}