{
  "id": "GHSA-v7hg-77v9-2445",
  "summary": "Apache DolphinScheduler: Arbitrary js execute as root for authenticated users",
  "details": "Improper Input Validation vulnerability in Apache DolphinScheduler. An\u00a0authenticated user can cause arbitrary, unsandboxed javascript to be executed on the server.This issue affects Apache DolphinScheduler: until 3.1.9.\n\nUsers are recommended to upgrade to version 3.1.9, which fixes the issue.\n\n",
  "aliases": [
    "CVE-2023-49299"
  ],
  "modified": "2024-08-27T15:03:10.961821Z",
  "published": "2023-12-30T18:30:37Z",
  "database_specific": {
    "nvd_published_at": "2023-12-30T17:15:07Z",
    "cwe_ids": [
      "CWE-20"
    ],
    "severity": "HIGH",
    "github_reviewed": true,
    "github_reviewed_at": "2024-01-03T21:39:56Z"
  },
  "references": [
    {
      "type": "ADVISORY",
      "url": "https://nvd.nist.gov/vuln/detail/CVE-2023-49299"
    },
    {
      "type": "WEB",
      "url": "https://github.com/apache/dolphinscheduler/pull/15228"
    },
    {
      "type": "WEB",
      "url": "https://github.com/apache/dolphinscheduler/commit/b5eddc0ce85d379080a51bf2162477f7d8c1b7d2"
    },
    {
      "type": "PACKAGE",
      "url": "https://github.com/apache/dolphinscheduler"
    },
    {
      "type": "WEB",
      "url": "https://lists.apache.org/thread/tnf99qoc6tlnwrny4t1zk6mfszgdsokm"
    },
    {
      "type": "WEB",
      "url": "http://www.openwall.com/lists/oss-security/2024/02/23/3"
    }
  ],
  "affected": [
    {
      "package": {
        "name": "org.apache.dolphinscheduler:dolphinscheduler-master",
        "ecosystem": "Maven",
        "purl": "pkg:maven/org.apache.dolphinscheduler/dolphinscheduler-master"
      },
      "ranges": [
        {
          "type": "ECOSYSTEM",
          "events": [
            {
              "introduced": "0"
            },
            {
              "fixed": "3.1.9"
            }
          ]
        }
      ],
      "versions": [
        "3.0.0",
        "3.0.0-alpha",
        "3.0.0-beta-1",
        "3.0.0-beta-2",
        "3.0.1",
        "3.0.2",
        "3.0.3",
        "3.0.4",
        "3.0.5",
        "3.0.6",
        "3.1.0",
        "3.1.1",
        "3.1.2",
        "3.1.3",
        "3.1.4",
        "3.1.5",
        "3.1.6",
        "3.1.7",
        "3.1.8"
      ],
      "database_specific": {
        "source": "https://github.com/github/advisory-database/blob/main/advisories/github-reviewed/2023/12/GHSA-v7hg-77v9-2445/GHSA-v7hg-77v9-2445.json"
      }
    }
  ],
  "schema_version": "1.6.0",
  "severity": [
    {
      "type": "CVSS_V3",
      "score": "CVSS:3.1/AV:N/AC:L/PR:L/UI:N/S:U/C:H/I:H/A:H"
    },
    {
      "type": "CVSS_V4",
      "score": "CVSS:4.0/AV:N/AC:L/AT:N/PR:L/UI:N/VC:H/VI:H/VA:H/SC:N/SI:N/SA:N"
    }
  ]
}