{
  "id": "GHSA-rhgr-952r-6p8q",
  "summary": "Command injection in Apache Maven maven-shared-utils",
  "details": "In Apache Maven maven-shared-utils prior to version 3.3.3, the Commandline class can emit double-quoted strings without proper escaping, allowing shell injection attacks.",
  "aliases": [
    "CVE-2022-29599"
  ],
  "modified": "2024-02-16T08:16:26.315889Z",
  "published": "2022-05-24T00:01:49Z",
  "database_specific": {
    "nvd_published_at": "2022-05-23T11:16:00Z",
    "cwe_ids": [
      "CWE-116",
      "CWE-77"
    ],
    "severity": "CRITICAL",
    "github_reviewed": true,
    "github_reviewed_at": "2022-05-25T22:39:47Z"
  },
  "references": [
    {
      "type": "ADVISORY",
      "url": "https://nvd.nist.gov/vuln/detail/CVE-2022-29599"
    },
    {
      "type": "WEB",
      "url": "https://github.com/apache/maven-shared-utils/pull/40"
    },
    {
      "type": "PACKAGE",
      "url": "https://github.com/apache/maven-shared-utils"
    },
    {
      "type": "WEB",
      "url": "https://issues.apache.org/jira/browse/MSHARED-297"
    },
    {
      "type": "WEB",
      "url": "https://lists.debian.org/debian-lts-announce/2022/08/msg00018.html"
    },
    {
      "type": "WEB",
      "url": "https://www.debian.org/security/2022/dsa-5242"
    },
    {
      "type": "WEB",
      "url": "http://www.openwall.com/lists/oss-security/2022/05/23/3"
    }
  ],
  "affected": [
    {
      "package": {
        "name": "org.apache.maven.shared:maven-shared-utils",
        "ecosystem": "Maven",
        "purl": "pkg:maven/org.apache.maven.shared/maven-shared-utils"
      },
      "ranges": [
        {
          "type": "ECOSYSTEM",
          "events": [
            {
              "introduced": "0"
            },
            {
              "fixed": "3.3.3"
            }
          ]
        }
      ],
      "versions": [
        "0.1",
        "0.2",
        "0.3",
        "0.4",
        "0.5",
        "0.6",
        "0.7",
        "0.8",
        "0.9",
        "3.0.0",
        "3.0.1",
        "3.1.0",
        "3.2.0",
        "3.2.1"
      ],
      "database_specific": {
        "source": "https://github.com/github/advisory-database/blob/main/advisories/github-reviewed/2022/05/GHSA-rhgr-952r-6p8q/GHSA-rhgr-952r-6p8q.json"
      }
    }
  ],
  "schema_version": "1.6.0",
  "severity": [
    {
      "type": "CVSS_V3",
      "score": "CVSS:3.1/AV:N/AC:L/PR:N/UI:N/S:U/C:H/I:H/A:H"
    }
  ]
}