{
  "id": "GHSA-mw3r-pfmg-xp92",
  "summary": "Improper Restriction of Recursive Entity References in Apache XMLBeans",
  "details": "The XML parsers used by XMLBeans up to version 2.6.0 did not set the properties needed to protect the user from malicious XML input. Vulnerabilities include possibilities for XML Entity Expansion attacks. Affects XMLBeans up to and including v2.6.0.",
  "aliases": [
    "CVE-2021-23926"
  ],
  "modified": "2024-02-19T05:31:48.906957Z",
  "published": "2021-06-16T17:37:11Z",
  "database_specific": {
    "nvd_published_at": "2021-01-14T15:15:00Z",
    "cwe_ids": [
      "CWE-776"
    ],
    "severity": "CRITICAL",
    "github_reviewed": true,
    "github_reviewed_at": "2021-04-06T21:33:29Z"
  },
  "references": [
    {
      "type": "ADVISORY",
      "url": "https://nvd.nist.gov/vuln/detail/CVE-2021-23926"
    },
    {
      "type": "WEB",
      "url": "https://issues.apache.org/jira/browse/XMLBEANS-517"
    },
    {
      "type": "WEB",
      "url": "https://lists.apache.org/thread.html/r2dc5588009dc9f0310b7382269f932cc96cae4c3901b747dda1a7fed@%3Cjava-dev.axis.apache.org%3E"
    },
    {
      "type": "WEB",
      "url": "https://lists.apache.org/thread.html/rbb01d10512098894cd5f22325588197532c64f1c818ea7e4120d40c1@%3Cjava-dev.axis.apache.org%3E"
    },
    {
      "type": "WEB",
      "url": "https://lists.debian.org/debian-lts-announce/2021/06/msg00024.html"
    },
    {
      "type": "WEB",
      "url": "https://poi.apache.org"
    },
    {
      "type": "WEB",
      "url": "https://security.netapp.com/advisory/ntap-20210513-0004"
    },
    {
      "type": "WEB",
      "url": "https://www.oracle.com/security-alerts/cpujul2022.html"
    },
    {
      "type": "WEB",
      "url": "https://www.oracle.com/security-alerts/cpuoct2021.html"
    }
  ],
  "affected": [
    {
      "package": {
        "name": "org.apache.xmlbeans:xmlbeans",
        "ecosystem": "Maven",
        "purl": "pkg:maven/org.apache.xmlbeans/xmlbeans"
      },
      "ranges": [
        {
          "type": "ECOSYSTEM",
          "events": [
            {
              "introduced": "0"
            },
            {
              "fixed": "3.0.0"
            }
          ]
        }
      ],
      "versions": [
        "2.2.0",
        "2.3.0",
        "2.4.0",
        "2.5.0",
        "2.6.0"
      ],
      "database_specific": {
        "source": "https://github.com/github/advisory-database/blob/main/advisories/github-reviewed/2021/06/GHSA-mw3r-pfmg-xp92/GHSA-mw3r-pfmg-xp92.json"
      }
    }
  ],
  "schema_version": "1.6.0",
  "severity": [
    {
      "type": "CVSS_V3",
      "score": "CVSS:3.1/AV:N/AC:L/PR:N/UI:N/S:U/C:H/I:N/A:H"
    }
  ]
}