{
  "id": "GHSA-r577-4hq7-73qh",
  "summary": "Remote Code Execution in Apache Dubbo",
  "details": "Apache Dubbo supports various rules to support configuration override or traffic routing (called routing in Dubbo). These rules are loaded into the configuration center (eg: Zookeeper, Nacos, ...) and retrieved by the customers when making a request in order to find the right endpoint. When parsing these YAML rules, Dubbo customers will use SnakeYAML library to load the rules which by default will enable calling arbitrary constructors. An attacker with access to the configuration center he will be able to poison the rule so when retrieved by the consumers, it will get RCE on all of them. This was fixed in Dubbo 2.7.13, 3.0.2",
  "aliases": [
    "CVE-2021-36162"
  ],
  "modified": "2023-11-08T04:06:12.660289Z",
  "published": "2021-09-08T20:14:24Z",
  "database_specific": {
    "nvd_published_at": "2021-09-07T10:15:00Z",
    "github_reviewed_at": "2021-09-08T17:55:48Z",
    "severity": "HIGH",
    "github_reviewed": true,
    "cwe_ids": [
      "CWE-77"
    ]
  },
  "references": [
    {
      "type": "ADVISORY",
      "url": "https://nvd.nist.gov/vuln/detail/CVE-2021-36162"
    },
    {
      "type": "PACKAGE",
      "url": "https://github.com/apache/dubbo"
    },
    {
      "type": "WEB",
      "url": "https://lists.apache.org/thread.html/rfa351115a459e214b99ffcc52c35f33359f3370c547d9c6ba1a60037%40%3Cdev.dubbo.apache.org%3E"
    }
  ],
  "affected": [
    {
      "package": {
        "name": "org.apache.dubbo:dubbo",
        "ecosystem": "Maven",
        "purl": "pkg:maven/org.apache.dubbo/dubbo"
      },
      "ranges": [
        {
          "type": "ECOSYSTEM",
          "events": [
            {
              "introduced": "0"
            },
            {
              "fixed": "2.7.13"
            }
          ]
        }
      ],
      "versions": [
        "2.7.0",
        "2.7.1",
        "2.7.10",
        "2.7.11",
        "2.7.12",
        "2.7.2",
        "2.7.3",
        "2.7.4",
        "2.7.4.1",
        "2.7.5",
        "2.7.6",
        "2.7.7",
        "2.7.8",
        "2.7.9"
      ],
      "database_specific": {
        "source": "https://github.com/github/advisory-database/blob/main/advisories/github-reviewed/2021/09/GHSA-r577-4hq7-73qh/GHSA-r577-4hq7-73qh.json"
      }
    },
    {
      "package": {
        "name": "org.apache.dubbo:dubbo",
        "ecosystem": "Maven",
        "purl": "pkg:maven/org.apache.dubbo/dubbo"
      },
      "ranges": [
        {
          "type": "ECOSYSTEM",
          "events": [
            {
              "introduced": "3.0.0"
            },
            {
              "fixed": "3.0.2"
            }
          ]
        }
      ],
      "versions": [
        "3.0.0",
        "3.0.0.preview",
        "3.0.1"
      ],
      "database_specific": {
        "source": "https://github.com/github/advisory-database/blob/main/advisories/github-reviewed/2021/09/GHSA-r577-4hq7-73qh/GHSA-r577-4hq7-73qh.json"
      }
    }
  ],
  "schema_version": "1.6.0",
  "severity": [
    {
      "type": "CVSS_V3",
      "score": "CVSS:3.1/AV:N/AC:L/PR:L/UI:N/S:U/C:H/I:H/A:H"
    }
  ]
}