{
  "id": "GHSA-c6p7-vhw7-rc9w",
  "summary": "ONOS vulnerable to denial of service due to unrestricted NettyMessagingManager payload",
  "details": "Open Network Operating System, ONOS, versions 1.8.0, 1.9.0, and 1.10.0 do not restrict the amount of memory allocated because the NettyMessagingManager payload size is not limited. ONOS nodes timeout when trying to connect to the cluster in vm test cluster, leading to a potential denial of service.",
  "aliases": [
    "CVE-2017-13763"
  ],
  "modified": "2023-11-08T03:58:55.007059Z",
  "published": "2022-05-13T01:43:15Z",
  "database_specific": {
    "nvd_published_at": "2017-08-30T00:29:00Z",
    "cwe_ids": [
      "CWE-770"
    ],
    "severity": "HIGH",
    "github_reviewed": true,
    "github_reviewed_at": "2023-07-26T18:31:56Z"
  },
  "references": [
    {
      "type": "ADVISORY",
      "url": "https://nvd.nist.gov/vuln/detail/CVE-2017-13763"
    },
    {
      "type": "WEB",
      "url": "https://github.com/opennetworkinglab/onos/commit/f7c7f6f229978fe4e78045069a4485504cc108c4"
    },
    {
      "type": "WEB",
      "url": "https://gerrit.onosproject.org/#/c/13831"
    },
    {
      "type": "WEB",
      "url": "https://gerrit.onosproject.org/#/c/14318"
    },
    {
      "type": "PACKAGE",
      "url": "https://github.com/opennetworkinglab/onos"
    },
    {
      "type": "WEB",
      "url": "https://jira.onosproject.org/browse/ONOS-6401"
    }
  ],
  "affected": [
    {
      "package": {
        "name": "org.onosproject:onos-base",
        "ecosystem": "Maven",
        "purl": "pkg:maven/org.onosproject/onos-base"
      },
      "ranges": [
        {
          "type": "ECOSYSTEM",
          "events": [
            {
              "introduced": "1.8.0"
            },
            {
              "fixed": "1.11.0"
            }
          ]
        }
      ],
      "database_specific": {
        "last_known_affected_version_range": "<= 1.10.0",
        "source": "https://github.com/github/advisory-database/blob/main/advisories/github-reviewed/2022/05/GHSA-c6p7-vhw7-rc9w/GHSA-c6p7-vhw7-rc9w.json"
      },
      "versions": []
    }
  ],
  "schema_version": "1.6.0",
  "severity": [
    {
      "type": "CVSS_V3",
      "score": "CVSS:3.0/AV:N/AC:L/PR:N/UI:N/S:U/C:N/I:N/A:H"
    }
  ]
}