{
  "id": "GHSA-px9f-597f-wmcf",
  "summary": "Uncontrolled Resource Consumption in Apache OpenMeetings server",
  "details": "If was found that the NetTest web service can be used to overload the bandwidth of a Apache OpenMeetings server. This issue was addressed in Apache OpenMeetings 6.0.0",
  "aliases": [
    "CVE-2021-27576"
  ],
  "modified": "2023-11-08T04:05:24.976184Z",
  "published": "2021-06-16T17:43:36Z",
  "database_specific": {
    "nvd_published_at": "2021-03-15T09:15:00Z",
    "github_reviewed_at": "2021-03-26T23:09:59Z",
    "severity": "HIGH",
    "github_reviewed": true,
    "cwe_ids": [
      "CWE-400"
    ]
  },
  "references": [
    {
      "type": "ADVISORY",
      "url": "https://nvd.nist.gov/vuln/detail/CVE-2021-27576"
    },
    {
      "type": "WEB",
      "url": "https://github.com/apache/openmeetings/commit/060a3114ad759931aeb42cd9afa9d1ebb39d3075"
    },
    {
      "type": "WEB",
      "url": "https://github.com/apache/openmeetings/commit/afe26c950b127776f2dfe920abff41a584874de8"
    },
    {
      "type": "WEB",
      "url": "https://github.com/apache/openmeetings/commit/cbdfd2f9731a8fe3daa9b4adf5da4a063fde161d"
    },
    {
      "type": "WEB",
      "url": "https://issues.apache.org/jira/browse/OPENMEETINGS-2551"
    },
    {
      "type": "WEB",
      "url": "https://lists.apache.org/thread.html/r9bb615bd70a0197368f5f3ffc887162686caeb0b5fc30592a7a871e9%40%3Cuser.openmeetings.apache.org%3E"
    },
    {
      "type": "WEB",
      "url": "https://openmeetings.apache.org/security.html#cve-2021-27576---apache-openmeetings-bandwidth-can"
    }
  ],
  "affected": [
    {
      "package": {
        "name": "org.apache.openmeetings:openmeetings-parent",
        "ecosystem": "Maven",
        "purl": "pkg:maven/org.apache.openmeetings/openmeetings-parent"
      },
      "ranges": [
        {
          "type": "ECOSYSTEM",
          "events": [
            {
              "introduced": "4.0.0"
            },
            {
              "fixed": "6.0.0"
            }
          ]
        }
      ],
      "versions": [
        "4.0.0",
        "4.0.1",
        "4.0.10",
        "4.0.11",
        "4.0.3",
        "4.0.4",
        "4.0.5",
        "4.0.6",
        "4.0.7",
        "4.0.9",
        "5.0.0",
        "5.0.0-M1",
        "5.0.0-M2",
        "5.0.0-M3",
        "5.0.0-M4",
        "5.1.0"
      ],
      "database_specific": {
        "source": "https://github.com/github/advisory-database/blob/main/advisories/github-reviewed/2021/06/GHSA-px9f-597f-wmcf/GHSA-px9f-597f-wmcf.json"
      }
    }
  ],
  "schema_version": "1.6.0",
  "severity": [
    {
      "type": "CVSS_V3",
      "score": "CVSS:3.1/AV:N/AC:L/PR:N/UI:N/S:U/C:N/I:N/A:H"
    }
  ]
}