{
  "id": "GHSA-9gh8-877r-g477",
  "summary": "Beetl Server-Side Template Injection vulnerability",
  "details": "Before Beetl v3.15.13.RELEASE, the rendering template has a server-side template injection (SSTI) vulnerability. When the incoming template is controllable, it will be filtered by the DefaultNativeSecurityManager blacklist. Because blacklist filtering is not strict, the blacklist can be bypassed, leading to arbitrary code execution.",
  "aliases": [
    "CVE-2024-22533"
  ],
  "modified": "2024-02-16T08:19:32.704932Z",
  "published": "2024-02-02T03:30:32Z",
  "database_specific": {
    "nvd_published_at": "2024-02-02T03:15:11Z",
    "cwe_ids": [
      "CWE-94"
    ],
    "severity": "CRITICAL",
    "github_reviewed": true,
    "github_reviewed_at": "2024-02-02T18:10:29Z"
  },
  "references": [
    {
      "type": "ADVISORY",
      "url": "https://nvd.nist.gov/vuln/detail/CVE-2024-22533"
    },
    {
      "type": "PACKAGE",
      "url": "https://gitee.com/xiandafu/beetl"
    },
    {
      "type": "WEB",
      "url": "https://gitee.com/xiandafu/beetl/issues/I8RU01"
    }
  ],
  "affected": [
    {
      "package": {
        "name": "com.ibeetl:beetl-core",
        "ecosystem": "Maven",
        "purl": "pkg:maven/com.ibeetl/beetl-core"
      },
      "ranges": [
        {
          "type": "ECOSYSTEM",
          "events": [
            {
              "introduced": "0"
            },
            {
              "fixed": "3.15.13.RELEASE"
            }
          ]
        }
      ],
      "versions": [
        "3.11.0.RELEASE",
        "3.12.0.RELEASE",
        "3.13.0.RELEASE",
        "3.14.1.RELEASE",
        "3.15.0.RELEASE",
        "3.15.1.RELEASE",
        "3.15.10.RELEASE",
        "3.15.12.RELEASE",
        "3.15.2.RELEASE",
        "3.15.3.RELEASE",
        "3.15.4.RELEASE",
        "3.15.5.RELEASE",
        "3.15.6.RELEASE",
        "3.15.7.RELEASE",
        "3.15.8.RELEASE"
      ],
      "database_specific": {
        "source": "https://github.com/github/advisory-database/blob/main/advisories/github-reviewed/2024/02/GHSA-9gh8-877r-g477/GHSA-9gh8-877r-g477.json"
      }
    }
  ],
  "schema_version": "1.6.0",
  "severity": [
    {
      "type": "CVSS_V3",
      "score": "CVSS:3.1/AV:N/AC:L/PR:N/UI:N/S:U/C:H/I:H/A:H"
    }
  ]
}