{
  "id": "GHSA-8p8g-f9vg-r7xr",
  "summary": "Directory Traversal vulnerability in Square Retrofit",
  "details": "Square Retrofit versions from (including) 2.0 to 2.5.0 (excluding) contain a Directory Traversal vulnerability in RequestBuilder class, method addPathParameter. By manipulating the URL an attacker could add or delete resources otherwise unavailable to her. This attack appears to be exploitable via an encoded path parameter on POST, PUT or DELETE request. This vulnerability appears to have been fixed in 2.5.0 and later.",
  "aliases": [
    "CVE-2018-1000850"
  ],
  "modified": "2024-02-16T08:01:53.624924Z",
  "published": "2018-12-21T17:48:19Z",
  "database_specific": {
    "nvd_published_at": null,
    "cwe_ids": [
      "CWE-22"
    ],
    "severity": "HIGH",
    "github_reviewed": true,
    "github_reviewed_at": "2020-06-16T21:26:16Z"
  },
  "references": [
    {
      "type": "ADVISORY",
      "url": "https://nvd.nist.gov/vuln/detail/CVE-2018-1000850"
    },
    {
      "type": "WEB",
      "url": "https://github.com/square/retrofit/commit/b9a7f6ad72073ddd40254c0058710e87a073047d#diff-943ec7ed35e68201824904d1dc0ec982"
    },
    {
      "type": "WEB",
      "url": "https://access.redhat.com/errata/RHSA-2019:3892"
    },
    {
      "type": "ADVISORY",
      "url": "https://github.com/advisories/GHSA-8p8g-f9vg-r7xr"
    },
    {
      "type": "PACKAGE",
      "url": "https://github.com/square/retrofit"
    },
    {
      "type": "WEB",
      "url": "https://github.com/square/retrofit/blob/master/CHANGELOG.md"
    },
    {
      "type": "WEB",
      "url": "https://ihacktoprotect.com/post/retrofit-path-traversal"
    },
    {
      "type": "WEB",
      "url": "https://lists.apache.org/thread.html/519eb0fd45642dcecd9ff74cb3e71c20a4753f7d82e2f07864b5108f@%3Cdev.drill.apache.org%3E"
    },
    {
      "type": "WEB",
      "url": "https://lists.apache.org/thread.html/b0656d359c7d40ec9f39c8cc61bca66802ef9a2a12ee199f5b0c1442@%3Cdev.drill.apache.org%3E"
    },
    {
      "type": "WEB",
      "url": "https://lists.apache.org/thread.html/f9bc3e55f4e28d1dcd1a69aae6d53e609a758e34d2869b4d798e13cc@%3Cissues.drill.apache.org%3E"
    }
  ],
  "affected": [
    {
      "package": {
        "name": "com.squareup.retrofit2:retrofit",
        "ecosystem": "Maven",
        "purl": "pkg:maven/com.squareup.retrofit2/retrofit"
      },
      "ranges": [
        {
          "type": "ECOSYSTEM",
          "events": [
            {
              "introduced": "2.0.0"
            },
            {
              "fixed": "2.5.0"
            }
          ]
        }
      ],
      "versions": [
        "2.0.0",
        "2.0.1",
        "2.0.2",
        "2.1.0",
        "2.2.0",
        "2.3.0",
        "2.4.0"
      ],
      "database_specific": {
        "source": "https://github.com/github/advisory-database/blob/main/advisories/github-reviewed/2018/12/GHSA-8p8g-f9vg-r7xr/GHSA-8p8g-f9vg-r7xr.json"
      }
    }
  ],
  "schema_version": "1.6.0",
  "severity": [
    {
      "type": "CVSS_V3",
      "score": "CVSS:3.0/AV:N/AC:L/PR:N/UI:N/S:U/C:N/I:H/A:N"
    }
  ]
}