{
  "id": "GHSA-vqcx-jw4r-6fp3",
  "summary": "CSRF vulnerability and missing permission check in Jenkins JiraTestResultReporter Plugin",
  "details": "A cross-site request forgery (CSRF) vulnerability in Jenkins JiraTestResultReporter Plugin version 165.v817928553942 and earlier allows attackers to connect to an attacker-specified URL using attacker-specified credentials.",
  "aliases": [
    "CVE-2022-28136"
  ],
  "modified": "2024-10-15T23:42:51.233715Z",
  "published": "2022-03-30T00:00:25Z",
  "database_specific": {
    "nvd_published_at": "2022-03-29T13:15:00Z",
    "cwe_ids": [
      "CWE-352"
    ],
    "severity": "HIGH",
    "github_reviewed": true,
    "github_reviewed_at": "2022-11-29T21:54:48Z"
  },
  "references": [
    {
      "type": "ADVISORY",
      "url": "https://nvd.nist.gov/vuln/detail/CVE-2022-28136"
    },
    {
      "type": "WEB",
      "url": "https://github.com/jenkinsci/JiraTestResultReporter-plugin/commit/0cc6208295b5cb683528e8bf04d139f0bee8eb53"
    },
    {
      "type": "PACKAGE",
      "url": "https://github.com/jenkinsci/JiraTestResultReporter-plugin"
    },
    {
      "type": "WEB",
      "url": "https://www.jenkins.io/security/advisory/2022-03-29/#SECURITY-2236"
    },
    {
      "type": "WEB",
      "url": "http://www.openwall.com/lists/oss-security/2022/03/29/1"
    }
  ],
  "affected": [
    {
      "package": {
        "name": "org.jenkins-ci.plugins:JiraTestResultReporter",
        "ecosystem": "Maven",
        "purl": "pkg:maven/org.jenkins-ci.plugins/JiraTestResultReporter"
      },
      "ranges": [
        {
          "type": "ECOSYSTEM",
          "events": [
            {
              "introduced": "0"
            },
            {
              "fixed": "166.v0cc6208295b5"
            }
          ]
        }
      ],
      "versions": [
        "1.0.3",
        "1.0.4",
        "162.v6b2e861f5398",
        "165.v817928553942",
        "2.0.0",
        "2.0.1",
        "2.0.10",
        "2.0.11",
        "2.0.12",
        "2.0.13",
        "2.0.14",
        "2.0.15",
        "2.0.2",
        "2.0.3",
        "2.0.4",
        "2.0.5",
        "2.0.6",
        "2.0.7",
        "2.0.8",
        "2.0.9"
      ],
      "database_specific": {
        "source": "https://github.com/github/advisory-database/blob/main/advisories/github-reviewed/2022/03/GHSA-vqcx-jw4r-6fp3/GHSA-vqcx-jw4r-6fp3.json"
      }
    }
  ],
  "schema_version": "1.6.0",
  "severity": [
    {
      "type": "CVSS_V3",
      "score": "CVSS:3.1/AV:N/AC:L/PR:N/UI:R/S:U/C:H/I:H/A:H"
    }
  ]
}