{
  "id": "GHSA-vr6v-wjfw-rxcr",
  "summary": "Stored XSS vulnerability in Jenkins Matrix Authorization Strategy Plugin",
  "details": "Matrix Authorization Strategy Plugin 2.6.1 and earlier does not escape user names shown in the permission table. This results in a stored cross-site scripting (XSS) vulnerability. When using project-based matrix authorization, this vulnerability can be exploited by a user with Job/Configure or Agent/Configure permission, otherwise by users with Overall/Administer permission.\n\nMatrix Authorization Strategy Plugin 2.6.2 escapes user names in the permission table.",
  "aliases": [
    "CVE-2020-2226"
  ],
  "modified": "2024-02-16T08:08:04.967602Z",
  "published": "2022-05-24T17:23:39Z",
  "database_specific": {
    "nvd_published_at": "2020-07-15T18:15:00Z",
    "cwe_ids": [
      "CWE-79"
    ],
    "severity": "HIGH",
    "github_reviewed": true,
    "github_reviewed_at": "2022-06-23T23:18:38Z"
  },
  "references": [
    {
      "type": "ADVISORY",
      "url": "https://nvd.nist.gov/vuln/detail/CVE-2020-2226"
    },
    {
      "type": "WEB",
      "url": "https://github.com/jenkinsci/matrix-auth-plugin/commit/e263a2feb47594787952a7e0bd1550e849c58b07"
    },
    {
      "type": "PACKAGE",
      "url": "https://github.com/jenkinsci/matrix-auth-plugin"
    },
    {
      "type": "WEB",
      "url": "https://jenkins.io/security/advisory/2020-07-15/#SECURITY-1909"
    },
    {
      "type": "WEB",
      "url": "http://www.openwall.com/lists/oss-security/2020/07/15/5"
    }
  ],
  "affected": [
    {
      "package": {
        "name": "org.jenkins-ci.plugins:matrix-auth",
        "ecosystem": "Maven",
        "purl": "pkg:maven/org.jenkins-ci.plugins/matrix-auth"
      },
      "ranges": [
        {
          "type": "ECOSYSTEM",
          "events": [
            {
              "introduced": "0"
            },
            {
              "fixed": "2.6.2"
            }
          ]
        }
      ],
      "versions": [
        "1.0",
        "1.0.1",
        "1.0.2",
        "1.1",
        "1.2",
        "1.3",
        "1.3.1",
        "1.3.2",
        "1.4",
        "1.5",
        "1.6",
        "1.7",
        "2.0",
        "2.0-beta-1",
        "2.0-beta-2",
        "2.0-beta-3",
        "2.1",
        "2.1.1",
        "2.2",
        "2.3",
        "2.4",
        "2.4.1",
        "2.4.2",
        "2.5",
        "2.5.1",
        "2.5.2",
        "2.6",
        "2.6.1"
      ],
      "database_specific": {
        "last_known_affected_version_range": "<= 2.6.1",
        "source": "https://github.com/github/advisory-database/blob/main/advisories/github-reviewed/2022/05/GHSA-vr6v-wjfw-rxcr/GHSA-vr6v-wjfw-rxcr.json"
      }
    }
  ],
  "schema_version": "1.6.0",
  "severity": [
    {
      "type": "CVSS_V3",
      "score": "CVSS:3.1/AV:N/AC:L/PR:L/UI:R/S:U/C:H/I:H/A:H"
    }
  ]
}