{
  "id": "GHSA-frc2-w2cc-x794",
  "summary": "Eclipse Kura LogServlet vulnerability",
  "details": "In Eclipse Kura LogServlet component included in versions 5.0.0 to 5.4.1, a specifically crafted request to the servlet can allow an unauthenticated user to retrieve the device logs. Also, downloaded logs may be used by an attacker to perform privilege escalation by using the session id of an authenticated user reported in logs.\n\nThis issue affects org.eclipse.kura:org.eclipse.kura.web2 version range [2.0.600, 2.4.0], which is included in Eclipse Kura version range [5.0.0, 5.4.1].",
  "aliases": [
    "CVE-2024-3046"
  ],
  "modified": "2024-04-15T20:19:17Z",
  "published": "2024-04-09T12:30:47Z",
  "database_specific": {
    "nvd_published_at": "2024-04-09T10:15:08Z",
    "cwe_ids": [
      "CWE-303"
    ],
    "severity": "HIGH",
    "github_reviewed": true,
    "github_reviewed_at": "2024-04-09T18:53:17Z"
  },
  "references": [
    {
      "type": "ADVISORY",
      "url": "https://nvd.nist.gov/vuln/detail/CVE-2024-3046"
    },
    {
      "type": "PACKAGE",
      "url": "https://github.com/eclipse/kura"
    },
    {
      "type": "WEB",
      "url": "https://gitlab.eclipse.org/security/vulnerability-reports/-/issues/188"
    }
  ],
  "affected": [
    {
      "package": {
        "name": "org.eclipse.kura:org.eclipse.kura.web2",
        "ecosystem": "Maven",
        "purl": "pkg:maven/org.eclipse.kura/org.eclipse.kura.web2"
      },
      "ranges": [
        {
          "type": "ECOSYSTEM",
          "events": [
            {
              "introduced": "2.0.600"
            },
            {
              "last_affected": "2.4.0"
            }
          ]
        }
      ],
      "database_specific": {
        "source": "https://github.com/github/advisory-database/blob/main/advisories/github-reviewed/2024/04/GHSA-frc2-w2cc-x794/GHSA-frc2-w2cc-x794.json"
      },
      "versions": []
    }
  ],
  "schema_version": "1.6.0",
  "severity": [
    {
      "type": "CVSS_V3",
      "score": "CVSS:3.1/AV:N/AC:L/PR:N/UI:N/S:U/C:H/I:N/A:N"
    }
  ]
}