{
  "id": "GHSA-h595-vwhc-3xwx",
  "summary": "Apache Archiva Incorrect Authorization vulnerability",
  "details": "** UNSUPPORTED WHEN ASSIGNED **\n\nIncorrect Authorization vulnerability in Apache Archiva: a vulnerability in Apache Archiva allows an unauthenticated attacker to modify account data, potentially leading to account takeover.\n\nThis issue affects Apache Archiva: from 2.0.0.\n\nAs this project is retired, we do not plan to release a version that fixes this issue. Users are recommended to find an alternative or restrict access to the instance to trusted users.\n\nNOTE: This vulnerability only affects products that are no longer supported by the maintainer.",
  "aliases": [
    "CVE-2024-27139"
  ],
  "modified": "2024-08-02T15:50:10.483626Z",
  "published": "2024-03-01T18:30:23Z",
  "database_specific": {
    "nvd_published_at": "2024-03-01T16:15:46Z",
    "cwe_ids": [
      "CWE-863"
    ],
    "severity": "HIGH",
    "github_reviewed": true,
    "github_reviewed_at": "2024-03-01T20:12:19Z"
  },
  "references": [
    {
      "type": "ADVISORY",
      "url": "https://nvd.nist.gov/vuln/detail/CVE-2024-27139"
    },
    {
      "type": "PACKAGE",
      "url": "https://github.com/apache/archiva"
    },
    {
      "type": "WEB",
      "url": "https://lists.apache.org/thread/qr8b7r86p1hkn0dc0q827s981kf1bgd8"
    },
    {
      "type": "WEB",
      "url": "http://www.openwall.com/lists/oss-security/2024/03/01/3"
    }
  ],
  "affected": [
    {
      "package": {
        "name": "org.apache.archiva:archiva",
        "ecosystem": "Maven",
        "purl": "pkg:maven/org.apache.archiva/archiva"
      },
      "ranges": [
        {
          "type": "ECOSYSTEM",
          "events": [
            {
              "introduced": "2.0.0"
            },
            {
              "last_affected": "2.2.10"
            }
          ]
        }
      ],
      "versions": [
        "2.0.0",
        "2.0.1",
        "2.1.0",
        "2.1.1",
        "2.2.0",
        "2.2.1",
        "2.2.10",
        "2.2.3",
        "2.2.4",
        "2.2.5",
        "2.2.6",
        "2.2.7",
        "2.2.8",
        "2.2.9"
      ],
      "database_specific": {
        "source": "https://github.com/github/advisory-database/blob/main/advisories/github-reviewed/2024/03/GHSA-h595-vwhc-3xwx/GHSA-h595-vwhc-3xwx.json"
      }
    }
  ],
  "schema_version": "1.6.0",
  "severity": [
    {
      "type": "CVSS_V3",
      "score": "CVSS:3.1/AV:N/AC:L/PR:N/UI:N/S:U/C:N/I:H/A:N"
    },
    {
      "type": "CVSS_V4",
      "score": "CVSS:4.0/AV:N/AC:L/AT:N/PR:N/UI:N/VC:N/VI:H/VA:N/SC:N/SI:N/SA:N"
    }
  ]
}