{
  "id": "GHSA-j2h6-j34w-g5vp",
  "summary": "CSRF vulnerability in Jenkins Release plugin",
  "details": "Jenkins Release Plugin 2.9 and earlier did not require form submissions to be submitted via POST, resulting in a CSRF vulnerability allowing attackers to trigger release builds.",
  "aliases": [
    "CVE-2018-1000013"
  ],
  "modified": "2024-02-18T05:32:50.069709Z",
  "published": "2022-05-14T03:45:49Z",
  "database_specific": {
    "nvd_published_at": "2018-01-23T14:29:00Z",
    "cwe_ids": [
      "CWE-352"
    ],
    "severity": "HIGH",
    "github_reviewed": true,
    "github_reviewed_at": "2024-01-30T22:40:52Z"
  },
  "references": [
    {
      "type": "ADVISORY",
      "url": "https://nvd.nist.gov/vuln/detail/CVE-2018-1000013"
    },
    {
      "type": "WEB",
      "url": "https://jenkins.io/security/advisory/2018-01-22"
    },
    {
      "type": "WEB",
      "url": "http://www.securityfocus.com/bid/102834"
    }
  ],
  "affected": [
    {
      "package": {
        "name": "org.jenkins-ci.plugins:release",
        "ecosystem": "Maven",
        "purl": "pkg:maven/org.jenkins-ci.plugins/release"
      },
      "ranges": [
        {
          "type": "ECOSYSTEM",
          "events": [
            {
              "introduced": "0"
            },
            {
              "fixed": "2.10"
            }
          ]
        }
      ],
      "versions": [
        "2.0",
        "2.1",
        "2.2",
        "2.3",
        "2.4",
        "2.4.1",
        "2.5.3",
        "2.5.4",
        "2.6",
        "2.6.1",
        "2.7",
        "2.8",
        "2.9"
      ],
      "database_specific": {
        "source": "https://github.com/github/advisory-database/blob/main/advisories/github-reviewed/2022/05/GHSA-j2h6-j34w-g5vp/GHSA-j2h6-j34w-g5vp.json"
      }
    }
  ],
  "schema_version": "1.6.0",
  "severity": [
    {
      "type": "CVSS_V3",
      "score": "CVSS:3.0/AV:N/AC:L/PR:N/UI:R/S:U/C:H/I:H/A:H"
    }
  ]
}