{
  "id": "GHSA-79rg-7mv3-jrr5",
  "summary": "Rating Script Service expose XWiki to SQL injection",
  "details": "### Impact\nThis issue impacts only XWiki with the Ratings API installed.\nThe Rating Script Service expose an API to perform SQL requests without escaping the from and where search arguments. \nThis might lead to an SQL script injection quite easily for any user having Script rights on XWiki.\n\n### Patches\nThe problem has been patched in XWiki 12.9RC1.\n\n### Workarounds\nThe only workaround besides upgrading XWiki would be to uninstall the Ratings API in XWiki from the Extension Manager.\n\n### References\nhttps://jira.xwiki.org/browse/XWIKI-17662\n\n### For more information\nIf you have any questions or comments about this advisory:\n* Open an issue in [Jira XWiki](http://jira.xwiki.org)\n* Email us at our [security mailing list](mailto:security@xwiki.org)",
  "aliases": [
    "CVE-2021-21380"
  ],
  "modified": "2023-11-08T04:04:43.912310Z",
  "published": "2021-03-23T22:48:01Z",
  "database_specific": {
    "nvd_published_at": "2021-03-23T23:15:00Z",
    "github_reviewed_at": "2021-03-23T22:34:44Z",
    "severity": "HIGH",
    "github_reviewed": true,
    "cwe_ids": [
      "CWE-89"
    ]
  },
  "references": [
    {
      "type": "WEB",
      "url": "https://github.com/xwiki/xwiki-platform/security/advisories/GHSA-79rg-7mv3-jrr5"
    },
    {
      "type": "ADVISORY",
      "url": "https://nvd.nist.gov/vuln/detail/CVE-2021-21380"
    },
    {
      "type": "WEB",
      "url": "https://jira.xwiki.org/browse/XWIKI-17662"
    }
  ],
  "affected": [
    {
      "package": {
        "name": "org.xwiki.platform:xwiki-platform-ratings-api",
        "ecosystem": "Maven",
        "purl": "pkg:maven/org.xwiki.platform/xwiki-platform-ratings-api"
      },
      "ranges": [
        {
          "type": "ECOSYSTEM",
          "events": [
            {
              "introduced": "0"
            },
            {
              "fixed": "12.9"
            }
          ]
        }
      ],
      "database_specific": {
        "source": "https://github.com/github/advisory-database/blob/main/advisories/github-reviewed/2021/03/GHSA-79rg-7mv3-jrr5/GHSA-79rg-7mv3-jrr5.json"
      },
      "versions": []
    }
  ],
  "schema_version": "1.6.0",
  "severity": [
    {
      "type": "CVSS_V3",
      "score": "CVSS:3.1/AV:N/AC:L/PR:L/UI:N/S:C/C:N/I:H/A:N"
    }
  ]
}