{
  "id": "GHSA-62v2-xwh3-5gvx",
  "summary": "Jenkins Template Workflows Plugin vulnerable to Stored Cross-site Scripting",
  "details": "Jenkins Template Workflows Plugin 41.v32d86a_313b_4a and earlier does not escape names of jobs used as buildings blocks for Template Workflow Job.\n\nThis results in a stored cross-site scripting (XSS) vulnerability exploitable by attackers able to create jobs.",
  "aliases": [
    "CVE-2023-35146"
  ],
  "modified": "2024-02-16T08:21:51.661015Z",
  "published": "2023-06-14T15:30:37Z",
  "database_specific": {
    "nvd_published_at": "2023-06-14T13:15:12Z",
    "cwe_ids": [
      "CWE-79"
    ],
    "severity": "HIGH",
    "github_reviewed": true,
    "github_reviewed_at": "2023-06-14T20:30:21Z"
  },
  "references": [
    {
      "type": "ADVISORY",
      "url": "https://nvd.nist.gov/vuln/detail/CVE-2023-35146"
    },
    {
      "type": "WEB",
      "url": "https://www.jenkins.io/security/advisory/2023-06-14/#SECURITY-3166"
    },
    {
      "type": "WEB",
      "url": "http://www.openwall.com/lists/oss-security/2023/06/14/5"
    }
  ],
  "affected": [
    {
      "package": {
        "name": "org.jenkins.plugin.templateWorkflows:template-workflows",
        "ecosystem": "Maven",
        "purl": "pkg:maven/org.jenkins.plugin.templateWorkflows/template-workflows"
      },
      "ranges": [
        {
          "type": "ECOSYSTEM",
          "events": [
            {
              "introduced": "0"
            },
            {
              "last_affected": "41.v32d86a"
            }
          ]
        }
      ],
      "versions": [
        "1.2",
        "37.v5a_eefcd360d0",
        "40.v5ca_b_f49b_c5a_a"
      ],
      "database_specific": {
        "source": "https://github.com/github/advisory-database/blob/main/advisories/github-reviewed/2023/06/GHSA-62v2-xwh3-5gvx/GHSA-62v2-xwh3-5gvx.json"
      }
    }
  ],
  "schema_version": "1.6.0",
  "severity": [
    {
      "type": "CVSS_V3",
      "score": "CVSS:3.1/AV:N/AC:L/PR:L/UI:R/S:U/C:H/I:H/A:H"
    }
  ]
}