{
  "id": "GHSA-qg5x-66hp-cw5p",
  "summary": "Uncontrolled Resource Consumption in Apache DolphinScheduler",
  "details": "Apache DolphinScheduler user registration is vulnerable to Regular express Denial of Service (ReDoS) attacks. Apache DolphinScheduler users should upgrade to version 2.0.5 or higher.",
  "aliases": [
    "CVE-2022-25598",
    "PYSEC-2022-176"
  ],
  "modified": "2024-02-16T08:21:48.377457Z",
  "published": "2022-03-31T00:00:23Z",
  "database_specific": {
    "nvd_published_at": "2022-03-30T10:15:00Z",
    "cwe_ids": [
      "CWE-1333",
      "CWE-400"
    ],
    "severity": "HIGH",
    "github_reviewed": true,
    "github_reviewed_at": "2022-04-01T15:38:43Z"
  },
  "references": [
    {
      "type": "ADVISORY",
      "url": "https://nvd.nist.gov/vuln/detail/CVE-2022-25598"
    },
    {
      "type": "PACKAGE",
      "url": "https://github.com/apache/dolphinscheduler"
    },
    {
      "type": "WEB",
      "url": "https://github.com/pypa/advisory-database/tree/main/vulns/apache-dolphinscheduler/PYSEC-2022-176.yaml"
    },
    {
      "type": "WEB",
      "url": "https://lists.apache.org/thread/hwnw7xr969sg5nv84wz75nfr2c76fl93"
    }
  ],
  "affected": [
    {
      "package": {
        "name": "org.apache.dolphinscheduler:dolphinscheduler",
        "ecosystem": "Maven",
        "purl": "pkg:maven/org.apache.dolphinscheduler/dolphinscheduler"
      },
      "ranges": [
        {
          "type": "ECOSYSTEM",
          "events": [
            {
              "introduced": "0"
            },
            {
              "fixed": "2.0.5"
            }
          ]
        }
      ],
      "versions": [
        "1.2.0",
        "1.2.1",
        "1.3.0",
        "1.3.1",
        "1.3.2",
        "1.3.3",
        "1.3.4",
        "1.3.5",
        "1.3.6",
        "1.3.7",
        "1.3.8",
        "1.3.9",
        "2.0.0",
        "2.0.0-alpha",
        "2.0.1",
        "2.0.2",
        "2.0.3",
        "2.0.4"
      ],
      "database_specific": {
        "source": "https://github.com/github/advisory-database/blob/main/advisories/github-reviewed/2022/03/GHSA-qg5x-66hp-cw5p/GHSA-qg5x-66hp-cw5p.json"
      }
    },
    {
      "package": {
        "name": "apache-dolphinscheduler",
        "ecosystem": "PyPI",
        "purl": "pkg:pypi/apache-dolphinscheduler"
      },
      "ranges": [
        {
          "type": "ECOSYSTEM",
          "events": [
            {
              "introduced": "0"
            },
            {
              "fixed": "2.0.5"
            }
          ]
        }
      ],
      "versions": [
        "0.1.0",
        "0.1.1"
      ],
      "database_specific": {
        "source": "https://github.com/github/advisory-database/blob/main/advisories/github-reviewed/2022/03/GHSA-qg5x-66hp-cw5p/GHSA-qg5x-66hp-cw5p.json"
      }
    }
  ],
  "schema_version": "1.6.0",
  "severity": [
    {
      "type": "CVSS_V3",
      "score": "CVSS:3.1/AV:N/AC:L/PR:N/UI:N/S:U/C:N/I:N/A:H"
    }
  ]
}