{
  "id": "GHSA-wfxp-4qgw-qp3c",
  "summary": "XML external entity (XXE) attacks in Jenkins Xcode integration Plugin",
  "details": "Jenkins Xcode integration Plugin 2.0.14 and earlier does not configure its XML parser to prevent XML external entity (XXE) attacks.",
  "aliases": [
    "CVE-2021-21656"
  ],
  "modified": "2024-02-16T08:23:29.047253Z",
  "published": "2022-03-18T17:52:43Z",
  "database_specific": {
    "nvd_published_at": "2021-05-11T15:15:00Z",
    "cwe_ids": [
      "CWE-611"
    ],
    "severity": "HIGH",
    "github_reviewed": true,
    "github_reviewed_at": "2021-05-19T19:20:58Z"
  },
  "references": [
    {
      "type": "ADVISORY",
      "url": "https://nvd.nist.gov/vuln/detail/CVE-2021-21656"
    },
    {
      "type": "WEB",
      "url": "https://github.com/jenkinsci/xcode-plugin/commit/01335f1f4734e4a7eda69b28e182ecd4c34a1a4b"
    },
    {
      "type": "WEB",
      "url": "https://www.jenkins.io/security/advisory/2021-05-11/#SECURITY-2335"
    }
  ],
  "affected": [
    {
      "package": {
        "name": "org.jenkins-ci.plugins:xcode-plugin",
        "ecosystem": "Maven",
        "purl": "pkg:maven/org.jenkins-ci.plugins/xcode-plugin"
      },
      "ranges": [
        {
          "type": "ECOSYSTEM",
          "events": [
            {
              "introduced": "0"
            },
            {
              "fixed": "2.0.15"
            }
          ]
        }
      ],
      "versions": [
        "1.0",
        "1.0.1",
        "1.1",
        "1.2",
        "1.2.1",
        "1.2.2",
        "1.3",
        "1.3.1",
        "1.3.3",
        "1.4",
        "1.4.1",
        "1.4.10",
        "1.4.11",
        "1.4.2",
        "1.4.5",
        "1.4.6",
        "1.4.7",
        "1.4.8",
        "1.4.9",
        "2.0.0",
        "2.0.1",
        "2.0.10",
        "2.0.11",
        "2.0.12",
        "2.0.13",
        "2.0.14",
        "2.0.2",
        "2.0.3",
        "2.0.4",
        "2.0.5",
        "2.0.6",
        "2.0.8",
        "2.0.9"
      ],
      "database_specific": {
        "source": "https://github.com/github/advisory-database/blob/main/advisories/github-reviewed/2022/03/GHSA-wfxp-4qgw-qp3c/GHSA-wfxp-4qgw-qp3c.json"
      }
    }
  ],
  "schema_version": "1.6.0",
  "severity": [
    {
      "type": "CVSS_V3",
      "score": "CVSS:3.1/AV:N/AC:L/PR:L/UI:N/S:U/C:H/I:L/A:N"
    }
  ]
}