{
  "id": "GHSA-jgwr-3qm3-26f3",
  "summary": "Potential remote code execution in Apache Tomcat",
  "details": "The fix for CVE-2020-9484 was incomplete. When using Apache Tomcat 10.0.0-M1 to 10.0.0, 9.0.0.M1 to 9.0.41, 8.5.0 to 8.5.61 or 7.0.0. to 7.0.107 with a configuration edge case that was highly unlikely to be used, the Tomcat instance was still vulnerable to CVE-2020-9494. Note that both the previously published prerequisites for CVE-2020-9484 and the previously published mitigations for CVE-2020-9484 also apply to this issue.",
  "aliases": [
    "BIT-tomcat-2021-25329",
    "CVE-2021-25329"
  ],
  "modified": "2024-03-08T05:18:06.945365Z",
  "published": "2021-03-19T20:11:13Z",
  "related": [
    "CGA-457j-5q26-g4hx"
  ],
  "database_specific": {
    "nvd_published_at": "2021-03-01T12:15:00Z",
    "cwe_ids": [
      "CWE-502"
    ],
    "severity": "HIGH",
    "github_reviewed": true,
    "github_reviewed_at": "2021-03-19T20:10:56Z"
  },
  "references": [
    {
      "type": "ADVISORY",
      "url": "https://nvd.nist.gov/vuln/detail/CVE-2021-25329"
    },
    {
      "type": "WEB",
      "url": "https://github.com/apache/tomcat/commit/6d66e99ef85da93e4d2c2a536ca51aa3418bfaf4"
    },
    {
      "type": "WEB",
      "url": "https://www.oracle.com/security-alerts/cpuoct2021.html"
    },
    {
      "type": "WEB",
      "url": "https://www.oracle.com/security-alerts/cpujan2022.html"
    },
    {
      "type": "WEB",
      "url": "https://www.oracle.com//security-alerts/cpujul2021.html"
    },
    {
      "type": "WEB",
      "url": "https://www.debian.org/security/2021/dsa-4891"
    },
    {
      "type": "WEB",
      "url": "https://security.netapp.com/advisory/ntap-20210409-0002"
    },
    {
      "type": "WEB",
      "url": "https://security.gentoo.org/glsa/202208-34"
    },
    {
      "type": "WEB",
      "url": "https://lists.debian.org/debian-lts-announce/2021/03/msg00018.html"
    },
    {
      "type": "WEB",
      "url": "https://lists.apache.org/thread.html/rfe62fbf9d4c314f166fe8c668e50e5d9dd882a99447f26f0367474bf@%3Cusers.tomcat.apache.org%3E"
    },
    {
      "type": "WEB",
      "url": "https://lists.apache.org/thread.html/rfe62fbf9d4c314f166fe8c668e50e5d9dd882a99447f26f0367474bf@%3Cdev.tomcat.apache.org%3E"
    },
    {
      "type": "WEB",
      "url": "https://lists.apache.org/thread.html/rfe62fbf9d4c314f166fe8c668e50e5d9dd882a99447f26f0367474bf@%3Cannounce.tomcat.apache.org%3E"
    },
    {
      "type": "WEB",
      "url": "https://lists.apache.org/thread.html/rfe62fbf9d4c314f166fe8c668e50e5d9dd882a99447f26f0367474bf@%3Cannounce.apache.org%3E"
    },
    {
      "type": "WEB",
      "url": "https://lists.apache.org/thread.html/rfe62fbf9d4c314f166fe8c668e50e5d9dd882a99447f26f0367474bf%40%3Cannounce.tomcat.apache.org%3E"
    },
    {
      "type": "WEB",
      "url": "https://lists.apache.org/thread.html/rf6d5d57b114678d8898005faef31e9fd6d7c981fcc4ccfc3bc272fc9@%3Cdev.tomcat.apache.org%3E"
    },
    {
      "type": "WEB",
      "url": "https://lists.apache.org/thread.html/rb51ccd58b2152fc75125b2406fc93e04ca9d34e737263faa6ff0f41f@%3Cusers.tomcat.apache.org%3E"
    },
    {
      "type": "WEB",
      "url": "https://lists.apache.org/thread.html/r8a2ac0e476dbfc1e6440b09dcc782d444ad635d6da26f0284725a5dc@%3Cusers.tomcat.apache.org%3E"
    },
    {
      "type": "WEB",
      "url": "https://lists.apache.org/thread.html/r732b2ca289dc02df2de820e8775559abd6c207f159e39f559547a085@%3Cusers.tomcat.apache.org%3E"
    },
    {
      "type": "WEB",
      "url": "https://lists.apache.org/thread.html/r11ce01e8a4c7269b88f88212f21830edf73558997ac7744f37769b77@%3Cusers.tomcat.apache.org%3E"
    },
    {
      "type": "PACKAGE",
      "url": "https://github.com/apache/tomcat"
    },
    {
      "type": "WEB",
      "url": "http://www.openwall.com/lists/oss-security/2021/03/01/2"
    }
  ],
  "affected": [
    {
      "package": {
        "name": "org.apache.tomcat.embed:tomcat-embed-core",
        "ecosystem": "Maven",
        "purl": "pkg:maven/org.apache.tomcat.embed/tomcat-embed-core"
      },
      "ranges": [
        {
          "type": "ECOSYSTEM",
          "events": [
            {
              "introduced": "10.0.0-M1"
            },
            {
              "fixed": "10.0.2"
            }
          ]
        }
      ],
      "versions": [
        "10.0.0",
        "10.0.0-M1",
        "10.0.0-M10",
        "10.0.0-M3",
        "10.0.0-M4",
        "10.0.0-M5",
        "10.0.0-M6",
        "10.0.0-M7",
        "10.0.0-M8",
        "10.0.0-M9"
      ],
      "database_specific": {
        "source": "https://github.com/github/advisory-database/blob/main/advisories/github-reviewed/2021/03/GHSA-jgwr-3qm3-26f3/GHSA-jgwr-3qm3-26f3.json"
      }
    },
    {
      "package": {
        "name": "org.apache.tomcat.embed:tomcat-embed-core",
        "ecosystem": "Maven",
        "purl": "pkg:maven/org.apache.tomcat.embed/tomcat-embed-core"
      },
      "ranges": [
        {
          "type": "ECOSYSTEM",
          "events": [
            {
              "introduced": "9.0.0"
            },
            {
              "fixed": "9.0.41"
            }
          ]
        }
      ],
      "versions": [
        "9.0.1",
        "9.0.10",
        "9.0.11",
        "9.0.12",
        "9.0.13",
        "9.0.14",
        "9.0.16",
        "9.0.17",
        "9.0.19",
        "9.0.2",
        "9.0.20",
        "9.0.21",
        "9.0.22",
        "9.0.24",
        "9.0.26",
        "9.0.27",
        "9.0.29",
        "9.0.30",
        "9.0.31",
        "9.0.33",
        "9.0.34",
        "9.0.35",
        "9.0.36",
        "9.0.37",
        "9.0.38",
        "9.0.39",
        "9.0.4",
        "9.0.40",
        "9.0.5",
        "9.0.6",
        "9.0.7",
        "9.0.8"
      ],
      "database_specific": {
        "source": "https://github.com/github/advisory-database/blob/main/advisories/github-reviewed/2021/03/GHSA-jgwr-3qm3-26f3/GHSA-jgwr-3qm3-26f3.json"
      }
    },
    {
      "package": {
        "name": "org.apache.tomcat.embed:tomcat-embed-core",
        "ecosystem": "Maven",
        "purl": "pkg:maven/org.apache.tomcat.embed/tomcat-embed-core"
      },
      "ranges": [
        {
          "type": "ECOSYSTEM",
          "events": [
            {
              "introduced": "8.0.0"
            },
            {
              "fixed": "8.5.61"
            }
          ]
        }
      ],
      "versions": [
        "8.0.1",
        "8.0.11",
        "8.0.12",
        "8.0.14",
        "8.0.15",
        "8.0.17",
        "8.0.18",
        "8.0.20",
        "8.0.21",
        "8.0.22",
        "8.0.23",
        "8.0.24",
        "8.0.26",
        "8.0.27",
        "8.0.28",
        "8.0.29",
        "8.0.3",
        "8.0.30",
        "8.0.32",
        "8.0.33",
        "8.0.35",
        "8.0.36",
        "8.0.37",
        "8.0.38",
        "8.0.39",
        "8.0.41",
        "8.0.42",
        "8.0.43",
        "8.0.44",
        "8.0.45",
        "8.0.46",
        "8.0.47",
        "8.0.48",
        "8.0.49",
        "8.0.5",
        "8.0.50",
        "8.0.51",
        "8.0.52",
        "8.0.53",
        "8.0.8",
        "8.0.9",
        "8.5.0",
        "8.5.11",
        "8.5.12",
        "8.5.13",
        "8.5.14",
        "8.5.15",
        "8.5.16",
        "8.5.19",
        "8.5.2",
        "8.5.20",
        "8.5.21",
        "8.5.23",
        "8.5.24",
        "8.5.27",
        "8.5.28",
        "8.5.29",
        "8.5.3",
        "8.5.30",
        "8.5.31",
        "8.5.32",
        "8.5.33",
        "8.5.34",
        "8.5.35",
        "8.5.37",
        "8.5.38",
        "8.5.39",
        "8.5.4",
        "8.5.40",
        "8.5.41",
        "8.5.42",
        "8.5.43",
        "8.5.45",
        "8.5.46",
        "8.5.47",
        "8.5.49",
        "8.5.5",
        "8.5.50",
        "8.5.51",
        "8.5.53",
        "8.5.54",
        "8.5.55",
        "8.5.56",
        "8.5.57",
        "8.5.58",
        "8.5.59",
        "8.5.6",
        "8.5.60",
        "8.5.8",
        "8.5.9"
      ],
      "database_specific": {
        "source": "https://github.com/github/advisory-database/blob/main/advisories/github-reviewed/2021/03/GHSA-jgwr-3qm3-26f3/GHSA-jgwr-3qm3-26f3.json"
      }
    },
    {
      "package": {
        "name": "org.apache.tomcat.embed:tomcat-embed-core",
        "ecosystem": "Maven",
        "purl": "pkg:maven/org.apache.tomcat.embed/tomcat-embed-core"
      },
      "ranges": [
        {
          "type": "ECOSYSTEM",
          "events": [
            {
              "introduced": "7.0.0"
            },
            {
              "fixed": "7.0.108"
            }
          ]
        }
      ],
      "versions": [
        "7.0.0",
        "7.0.100",
        "7.0.103",
        "7.0.104",
        "7.0.105",
        "7.0.106",
        "7.0.107",
        "7.0.11",
        "7.0.12",
        "7.0.14",
        "7.0.16",
        "7.0.19",
        "7.0.2",
        "7.0.20",
        "7.0.21",
        "7.0.22",
        "7.0.23",
        "7.0.25",
        "7.0.26",
        "7.0.27",
        "7.0.28",
        "7.0.29",
        "7.0.30",
        "7.0.32",
        "7.0.33",
        "7.0.34",
        "7.0.35",
        "7.0.37",
        "7.0.39",
        "7.0.4",
        "7.0.40",
        "7.0.41",
        "7.0.42",
        "7.0.47",
        "7.0.5",
        "7.0.50",
        "7.0.52",
        "7.0.53",
        "7.0.54",
        "7.0.55",
        "7.0.56",
        "7.0.57",
        "7.0.59",
        "7.0.6",
        "7.0.61",
        "7.0.62",
        "7.0.63",
        "7.0.64",
        "7.0.65",
        "7.0.67",
        "7.0.68",
        "7.0.69",
        "7.0.70",
        "7.0.72",
        "7.0.73",
        "7.0.75",
        "7.0.76",
        "7.0.77",
        "7.0.78",
        "7.0.79",
        "7.0.8",
        "7.0.81",
        "7.0.82",
        "7.0.84",
        "7.0.85",
        "7.0.86",
        "7.0.88",
        "7.0.90",
        "7.0.91",
        "7.0.92",
        "7.0.93",
        "7.0.94",
        "7.0.96",
        "7.0.99"
      ],
      "database_specific": {
        "last_known_affected_version_range": "< 7.0.107",
        "source": "https://github.com/github/advisory-database/blob/main/advisories/github-reviewed/2021/03/GHSA-jgwr-3qm3-26f3/GHSA-jgwr-3qm3-26f3.json"
      }
    }
  ],
  "schema_version": "1.6.0",
  "severity": [
    {
      "type": "CVSS_V3",
      "score": "CVSS:3.1/AV:L/AC:H/PR:L/UI:N/S:U/C:H/I:H/A:H"
    }
  ]
}