{
  "id": "GHSA-5qwq-g2hx-r6f7",
  "summary": "Hessian Lite for Apache Dubbo deserialization vulnerability",
  "details": "A deserialization vulnerability existed in dubbo hessian-lite 3.2.12 and its earlier versions, which could lead to malicious code execution. This issue affects Apache Dubbo 2.7.x version 2.7.17 and prior versions; Apache Dubbo 3.0.x version 3.0.11 and prior versions; Apache Dubbo 3.1.x version 3.1.0 and prior versions.",
  "aliases": [
    "CVE-2022-39198"
  ],
  "modified": "2023-11-08T04:10:14.627608Z",
  "published": "2022-10-19T12:00:22Z",
  "database_specific": {
    "nvd_published_at": "2022-10-18T19:15:00Z",
    "github_reviewed_at": "2022-10-19T18:53:09Z",
    "severity": "CRITICAL",
    "github_reviewed": true,
    "cwe_ids": [
      "CWE-502"
    ]
  },
  "references": [
    {
      "type": "ADVISORY",
      "url": "https://nvd.nist.gov/vuln/detail/CVE-2022-39198"
    },
    {
      "type": "PACKAGE",
      "url": "https://github.com/apache/dubbo-hessian-lite"
    },
    {
      "type": "WEB",
      "url": "https://github.com/apache/dubbo-hessian-lite/releases/tag/v3.2.13"
    },
    {
      "type": "WEB",
      "url": "https://github.com/apache/dubbo/releases/tag/dubbo-2.7.18"
    },
    {
      "type": "WEB",
      "url": "https://github.com/apache/dubbo/releases/tag/dubbo-3.0.12"
    },
    {
      "type": "WEB",
      "url": "https://github.com/apache/dubbo/releases/tag/dubbo-3.1.1"
    },
    {
      "type": "WEB",
      "url": "https://lists.apache.org/thread/8d3zqrkoy4jh8dy37j4rd7g9jodzlvkk"
    }
  ],
  "affected": [
    {
      "package": {
        "name": "com.alibaba:hessian-lite",
        "ecosystem": "Maven",
        "purl": "pkg:maven/com.alibaba/hessian-lite"
      },
      "ranges": [
        {
          "type": "ECOSYSTEM",
          "events": [
            {
              "introduced": "0"
            },
            {
              "fixed": "3.2.13"
            }
          ]
        }
      ],
      "versions": [
        "2.6.2",
        "3.2.10",
        "3.2.11",
        "3.2.12",
        "3.2.2",
        "3.2.3",
        "3.2.4",
        "3.2.5",
        "3.2.6",
        "3.2.7",
        "3.2.8",
        "3.2.9"
      ],
      "database_specific": {
        "last_known_affected_version_range": "<= 3.2.12",
        "source": "https://github.com/github/advisory-database/blob/main/advisories/github-reviewed/2022/10/GHSA-5qwq-g2hx-r6f7/GHSA-5qwq-g2hx-r6f7.json"
      }
    },
    {
      "package": {
        "name": "org.apache.dubbo:dubbo",
        "ecosystem": "Maven",
        "purl": "pkg:maven/org.apache.dubbo/dubbo"
      },
      "ranges": [
        {
          "type": "ECOSYSTEM",
          "events": [
            {
              "introduced": "2.7.0"
            },
            {
              "fixed": "2.7.18"
            }
          ]
        }
      ],
      "versions": [
        "2.7.0",
        "2.7.1",
        "2.7.10",
        "2.7.11",
        "2.7.12",
        "2.7.13",
        "2.7.14",
        "2.7.15",
        "2.7.16",
        "2.7.17",
        "2.7.2",
        "2.7.3",
        "2.7.4",
        "2.7.4.1",
        "2.7.5",
        "2.7.6",
        "2.7.7",
        "2.7.8",
        "2.7.9"
      ],
      "database_specific": {
        "last_known_affected_version_range": "<= 2.7.17",
        "source": "https://github.com/github/advisory-database/blob/main/advisories/github-reviewed/2022/10/GHSA-5qwq-g2hx-r6f7/GHSA-5qwq-g2hx-r6f7.json"
      }
    },
    {
      "package": {
        "name": "org.apache.dubbo:dubbo",
        "ecosystem": "Maven",
        "purl": "pkg:maven/org.apache.dubbo/dubbo"
      },
      "ranges": [
        {
          "type": "ECOSYSTEM",
          "events": [
            {
              "introduced": "3.0.0"
            },
            {
              "fixed": "3.0.12"
            }
          ]
        }
      ],
      "versions": [
        "3.0.0",
        "3.0.0.preview",
        "3.0.1",
        "3.0.10",
        "3.0.11",
        "3.0.2",
        "3.0.2.1",
        "3.0.3",
        "3.0.4",
        "3.0.5",
        "3.0.6",
        "3.0.7",
        "3.0.8",
        "3.0.9"
      ],
      "database_specific": {
        "last_known_affected_version_range": "<= 3.0.11",
        "source": "https://github.com/github/advisory-database/blob/main/advisories/github-reviewed/2022/10/GHSA-5qwq-g2hx-r6f7/GHSA-5qwq-g2hx-r6f7.json"
      }
    },
    {
      "package": {
        "name": "org.apache.dubbo:dubbo",
        "ecosystem": "Maven",
        "purl": "pkg:maven/org.apache.dubbo/dubbo"
      },
      "ranges": [
        {
          "type": "ECOSYSTEM",
          "events": [
            {
              "introduced": "3.1.0"
            },
            {
              "fixed": "3.1.1"
            }
          ]
        }
      ],
      "versions": [
        "3.1.0"
      ],
      "database_specific": {
        "source": "https://github.com/github/advisory-database/blob/main/advisories/github-reviewed/2022/10/GHSA-5qwq-g2hx-r6f7/GHSA-5qwq-g2hx-r6f7.json"
      }
    }
  ],
  "schema_version": "1.6.0",
  "severity": [
    {
      "type": "CVSS_V3",
      "score": "CVSS:3.1/AV:N/AC:L/PR:N/UI:N/S:U/C:H/I:H/A:H"
    }
  ]
}