{
  "id": "GHSA-w43x-5f8f-686p",
  "summary": "Stored XSS vulnerability in multiple axis builds tooltips in Jenkins Matrix Project Plugin",
  "details": "Matrix Project Plugin 1.16 and earlier does not escape the axis names shown in tooltips on the overview page of builds with multiple axes. This results in a stored cross-site scripting (XSS) vulnerability exploitable by users with Job/Configure permission.\n\nMatrix Project Plugin 1.17 escapes the axis names shown in these tooltips.",
  "aliases": [
    "CVE-2020-2225"
  ],
  "modified": "2024-02-16T08:15:32.086134Z",
  "published": "2022-05-24T17:23:39Z",
  "database_specific": {
    "nvd_published_at": "2020-07-15T18:15:00Z",
    "cwe_ids": [
      "CWE-79"
    ],
    "severity": "HIGH",
    "github_reviewed": true,
    "github_reviewed_at": "2022-06-24T00:53:47Z"
  },
  "references": [
    {
      "type": "ADVISORY",
      "url": "https://nvd.nist.gov/vuln/detail/CVE-2020-2225"
    },
    {
      "type": "WEB",
      "url": "https://github.com/jenkinsci/matrix-project-plugin/commit/b5f22a43147360896442c4a7719446a864898cb4"
    },
    {
      "type": "PACKAGE",
      "url": "https://github.com/jenkinsci/matrix-project-plugin"
    },
    {
      "type": "WEB",
      "url": "https://jenkins.io/security/advisory/2020-07-15/#SECURITY-1925"
    },
    {
      "type": "WEB",
      "url": "http://www.openwall.com/lists/oss-security/2020/07/15/5"
    }
  ],
  "affected": [
    {
      "package": {
        "name": "org.jenkins-ci.plugins:matrix-project",
        "ecosystem": "Maven",
        "purl": "pkg:maven/org.jenkins-ci.plugins/matrix-project"
      },
      "ranges": [
        {
          "type": "ECOSYSTEM",
          "events": [
            {
              "introduced": "0"
            },
            {
              "fixed": "1.17"
            }
          ]
        }
      ],
      "versions": [
        "1.0",
        "1.0-beta-1",
        "1.1",
        "1.10",
        "1.11",
        "1.12",
        "1.13",
        "1.14",
        "1.14.1",
        "1.15",
        "1.16",
        "1.2",
        "1.2.1",
        "1.3",
        "1.4",
        "1.4.1",
        "1.5",
        "1.6",
        "1.7",
        "1.7.1",
        "1.8",
        "1.9"
      ],
      "database_specific": {
        "last_known_affected_version_range": "<= 1.16",
        "source": "https://github.com/github/advisory-database/blob/main/advisories/github-reviewed/2022/05/GHSA-w43x-5f8f-686p/GHSA-w43x-5f8f-686p.json"
      }
    }
  ],
  "schema_version": "1.6.0",
  "severity": [
    {
      "type": "CVSS_V3",
      "score": "CVSS:3.1/AV:N/AC:L/PR:L/UI:R/S:U/C:H/I:H/A:H"
    }
  ]
}