{
  "id": "GHSA-m384-pj54-5vr2",
  "summary": "Apache Ambari Expression Language Injection vulnerability",
  "details": "SpringEL injection in the server agent in Apache Ambari version 2.7.0 to 2.7.6 allows a malicious authenticated user to execute arbitrary code remotely. Users are recommended to upgrade to 2.7.7.\n",
  "aliases": [
    "CVE-2022-42009"
  ],
  "modified": "2023-11-08T04:10:37.343891Z",
  "published": "2023-07-12T12:31:35Z",
  "database_specific": {
    "nvd_published_at": "2023-07-12T10:15:09Z",
    "cwe_ids": [
      "CWE-917"
    ],
    "severity": "HIGH",
    "github_reviewed": true,
    "github_reviewed_at": "2023-07-12T17:29:48Z"
  },
  "references": [
    {
      "type": "ADVISORY",
      "url": "https://nvd.nist.gov/vuln/detail/CVE-2022-42009"
    },
    {
      "type": "PACKAGE",
      "url": "https://github.com/apache/ambari"
    },
    {
      "type": "WEB",
      "url": "https://lists.apache.org/thread/6xf477ttz1oxmg0bx0tpdoz2mlqd7sbc"
    }
  ],
  "affected": [
    {
      "package": {
        "name": "org.apache.ambari:ambari",
        "ecosystem": "Maven",
        "purl": "pkg:maven/org.apache.ambari/ambari"
      },
      "ranges": [
        {
          "type": "ECOSYSTEM",
          "events": [
            {
              "introduced": "2.7.0"
            },
            {
              "fixed": "2.7.7"
            }
          ]
        }
      ],
      "database_specific": {
        "source": "https://github.com/github/advisory-database/blob/main/advisories/github-reviewed/2023/07/GHSA-m384-pj54-5vr2/GHSA-m384-pj54-5vr2.json"
      },
      "versions": []
    }
  ],
  "schema_version": "1.6.0",
  "severity": [
    {
      "type": "CVSS_V3",
      "score": "CVSS:3.1/AV:N/AC:L/PR:L/UI:N/S:U/C:H/I:H/A:H"
    }
  ]
}