{
  "id": "GHSA-8c6j-ffmf-q6vm",
  "summary": "Apache Struts RCE Vulnerability",
  "details": "Apache Struts 2.3.19 to 2.3.20.2, 2.3.21 to 2.3.24.1, and 2.3.25 to 2.3.28, when Dynamic Method Invocation is enabled, allow remote attackers to execute arbitrary code via method: prefix, related to chained expressions.",
  "aliases": [
    "CVE-2016-3081"
  ],
  "modified": "2024-02-16T08:16:46.290501Z",
  "published": "2022-05-14T00:54:14Z",
  "database_specific": {
    "nvd_published_at": "2016-04-26T14:59:00Z",
    "cwe_ids": [
      "CWE-77"
    ],
    "severity": "HIGH",
    "github_reviewed": true,
    "github_reviewed_at": "2023-07-28T21:21:01Z"
  },
  "references": [
    {
      "type": "ADVISORY",
      "url": "https://nvd.nist.gov/vuln/detail/CVE-2016-3081"
    },
    {
      "type": "PACKAGE",
      "url": "https://github.com/apache/struts"
    },
    {
      "type": "WEB",
      "url": "https://struts.apache.org/docs/s2-032.html"
    },
    {
      "type": "WEB",
      "url": "https://web.archive.org/web/20210123152457/http://www.securityfocus.com/bid/91787"
    },
    {
      "type": "WEB",
      "url": "https://web.archive.org/web/20210225192113/http://www.securityfocus.com/bid/87327"
    },
    {
      "type": "WEB",
      "url": "https://web.archive.org/web/20210226011418/http://www.securitytracker.com/id/1035665"
    },
    {
      "type": "WEB",
      "url": "https://www.exploit-db.com/exploits/39756"
    },
    {
      "type": "WEB",
      "url": "http://packetstormsecurity.com/files/136856/Apache-Struts-2.3.28-Dynamic-Method-Invocation-Remote-Code-Execution.html"
    },
    {
      "type": "WEB",
      "url": "http://www.huawei.com/en/psirt/security-advisories/huawei-sa-20160527-01-struts2-en"
    },
    {
      "type": "WEB",
      "url": "http://www.oracle.com/technetwork/security-advisory/cpujul2016-2881720.html"
    },
    {
      "type": "WEB",
      "url": "http://www.oracle.com/technetwork/security-advisory/cpuoct2016-2881722.html"
    },
    {
      "type": "WEB",
      "url": "http://www.rapid7.com/db/modules/exploit/linux/http/struts_dmi_exec"
    },
    {
      "type": "WEB",
      "url": "http://www.rapid7.com/db/modules/exploit/multi/http/struts_dmi_exec"
    }
  ],
  "affected": [
    {
      "package": {
        "name": "org.apache.struts:struts2-core",
        "ecosystem": "Maven",
        "purl": "pkg:maven/org.apache.struts/struts2-core"
      },
      "ranges": [
        {
          "type": "ECOSYSTEM",
          "events": [
            {
              "introduced": "2.3.19"
            },
            {
              "fixed": "2.3.20.3"
            }
          ]
        }
      ],
      "versions": [
        "2.3.20",
        "2.3.20.1"
      ],
      "database_specific": {
        "last_known_affected_version_range": "<= 2.3.20.2",
        "source": "https://github.com/github/advisory-database/blob/main/advisories/github-reviewed/2022/05/GHSA-8c6j-ffmf-q6vm/GHSA-8c6j-ffmf-q6vm.json"
      }
    },
    {
      "package": {
        "name": "org.apache.struts:struts2-core",
        "ecosystem": "Maven",
        "purl": "pkg:maven/org.apache.struts/struts2-core"
      },
      "ranges": [
        {
          "type": "ECOSYSTEM",
          "events": [
            {
              "introduced": "2.3.21"
            },
            {
              "fixed": "2.3.24.3"
            }
          ]
        }
      ],
      "versions": [
        "2.3.24",
        "2.3.24.1"
      ],
      "database_specific": {
        "last_known_affected_version_range": "<= 2.3.24.2",
        "source": "https://github.com/github/advisory-database/blob/main/advisories/github-reviewed/2022/05/GHSA-8c6j-ffmf-q6vm/GHSA-8c6j-ffmf-q6vm.json"
      }
    },
    {
      "package": {
        "name": "org.apache.struts:struts2-core",
        "ecosystem": "Maven",
        "purl": "pkg:maven/org.apache.struts/struts2-core"
      },
      "ranges": [
        {
          "type": "ECOSYSTEM",
          "events": [
            {
              "introduced": "2.3.25"
            },
            {
              "fixed": "2.3.28.1"
            }
          ]
        }
      ],
      "versions": [
        "2.3.28"
      ],
      "database_specific": {
        "last_known_affected_version_range": "<= 2.3.28",
        "source": "https://github.com/github/advisory-database/blob/main/advisories/github-reviewed/2022/05/GHSA-8c6j-ffmf-q6vm/GHSA-8c6j-ffmf-q6vm.json"
      }
    }
  ],
  "schema_version": "1.6.0",
  "severity": [
    {
      "type": "CVSS_V3",
      "score": "CVSS:3.0/AV:N/AC:H/PR:N/UI:N/S:U/C:H/I:H/A:H"
    }
  ]
}