{
  "id": "GHSA-fm3j-r98g-97jh",
  "summary": "Jenkins Groovy Plugin sandbox bypass vulnerability",
  "details": "A sandbox bypass vulnerability exists in Jenkins Groovy Plugin 2.1 and earlier in pom.xml, `src/main/java/hudson/plugins/groovy/StringScriptSource.java` that allows attackers with Overall/Read permission to execute arbitrary code on the Jenkins master JVM. Groovy Plugin 2.2 uses Script Security APIs that apply sandbox protection during these phases.",
  "aliases": [
    "CVE-2019-1003033"
  ],
  "modified": "2024-02-16T08:11:07.268050Z",
  "published": "2022-05-13T01:15:06Z",
  "database_specific": {
    "nvd_published_at": "2019-03-08T21:29:00Z",
    "cwe_ids": [
      "CWE-693"
    ],
    "severity": "HIGH",
    "github_reviewed": true,
    "github_reviewed_at": "2022-12-06T21:52:55Z"
  },
  "references": [
    {
      "type": "ADVISORY",
      "url": "https://nvd.nist.gov/vuln/detail/CVE-2019-1003033"
    },
    {
      "type": "WEB",
      "url": "https://github.com/jenkinsci/groovy-plugin/commit/40777c212d45031324685b54816212299fbe434f"
    },
    {
      "type": "WEB",
      "url": "https://jenkins.io/security/advisory/2019-03-06/#SECURITY-1338"
    },
    {
      "type": "WEB",
      "url": "http://www.securityfocus.com/bid/107476"
    }
  ],
  "affected": [
    {
      "package": {
        "name": "org.jenkins-ci.plugins:groovy",
        "ecosystem": "Maven",
        "purl": "pkg:maven/org.jenkins-ci.plugins/groovy"
      },
      "ranges": [
        {
          "type": "ECOSYSTEM",
          "events": [
            {
              "introduced": "0"
            },
            {
              "fixed": "2.2"
            }
          ]
        }
      ],
      "versions": [
        "1.10",
        "1.11",
        "1.12",
        "1.13",
        "1.14",
        "1.15",
        "1.16",
        "1.17",
        "1.18",
        "1.19",
        "1.20",
        "1.21",
        "1.22",
        "1.23",
        "1.24",
        "1.25",
        "1.26",
        "1.27",
        "1.29",
        "1.30",
        "1.9",
        "2.0",
        "2.1"
      ],
      "database_specific": {
        "last_known_affected_version_range": "<= 2.1",
        "source": "https://github.com/github/advisory-database/blob/main/advisories/github-reviewed/2022/05/GHSA-fm3j-r98g-97jh/GHSA-fm3j-r98g-97jh.json"
      }
    }
  ],
  "schema_version": "1.6.0",
  "severity": [
    {
      "type": "CVSS_V3",
      "score": "CVSS:3.1/AV:N/AC:L/PR:L/UI:N/S:U/C:H/I:H/A:H"
    }
  ]
}