{
  "id": "GHSA-95m2-p98f-24r5",
  "summary": "Apache Geode unsafe deserialization of application objects",
  "details": "In Apache Geode before v1.4.0, the Geode server stores application objects in serialized form. Certain cluster operations and API invocations cause these objects to be deserialized. A user with DATA:WRITE access to the cluster may be able to cause remote code execution if certain classes are present on the classpath.",
  "aliases": [
    "CVE-2017-15693"
  ],
  "modified": "2023-11-08T03:58:57.753731Z",
  "published": "2022-05-14T03:35:52Z",
  "database_specific": {
    "nvd_published_at": "2018-02-27T15:29:00Z",
    "github_reviewed_at": "2022-11-08T14:32:31Z",
    "severity": "HIGH",
    "github_reviewed": true,
    "cwe_ids": [
      "CWE-502"
    ]
  },
  "references": [
    {
      "type": "ADVISORY",
      "url": "https://nvd.nist.gov/vuln/detail/CVE-2017-15693"
    },
    {
      "type": "WEB",
      "url": "https://github.com/apache/geode/pull/1166"
    },
    {
      "type": "WEB",
      "url": "https://issues.apache.org/jira/browse/GEODE-3923"
    },
    {
      "type": "WEB",
      "url": "https://lists.apache.org/thread.html/cc3ec1d06062f54fdaa0357874c1d148fc54bb955f2d2df4ca328a3d@%3Cuser.geode.apache.org%3E"
    }
  ],
  "affected": [
    {
      "package": {
        "name": "org.apache.geode:geode-core",
        "ecosystem": "Maven",
        "purl": "pkg:maven/org.apache.geode/geode-core"
      },
      "ranges": [
        {
          "type": "ECOSYSTEM",
          "events": [
            {
              "introduced": "1.0.0"
            },
            {
              "fixed": "1.4.0"
            }
          ]
        }
      ],
      "versions": [
        "1.0.0-incubating",
        "1.0.0-incubating.M2",
        "1.0.0-incubating.M3",
        "1.1.0",
        "1.1.1",
        "1.2.0",
        "1.2.1",
        "1.3.0"
      ],
      "database_specific": {
        "source": "https://github.com/github/advisory-database/blob/main/advisories/github-reviewed/2022/05/GHSA-95m2-p98f-24r5/GHSA-95m2-p98f-24r5.json"
      }
    }
  ],
  "schema_version": "1.6.0",
  "severity": [
    {
      "type": "CVSS_V3",
      "score": "CVSS:3.0/AV:N/AC:H/PR:L/UI:N/S:U/C:H/I:H/A:H"
    }
  ]
}