{
  "id": "GHSA-5wfc-hjrc-gq87",
  "summary": "hjson stack exhaustion vulnerability",
  "details": "An issue was discovered hjson through 3.0.0 allows attackers to cause a denial of service or other unspecified impacts via crafted objects that deeply nested structures.",
  "aliases": [
    "CVE-2023-34620"
  ],
  "modified": "2024-02-16T08:15:01.170126Z",
  "published": "2023-06-14T15:30:38Z",
  "database_specific": {
    "nvd_published_at": "2023-06-14T14:15:10Z",
    "cwe_ids": [
      "CWE-400",
      "CWE-787"
    ],
    "severity": "HIGH",
    "github_reviewed": true,
    "github_reviewed_at": "2023-06-14T20:38:48Z"
  },
  "references": [
    {
      "type": "ADVISORY",
      "url": "https://nvd.nist.gov/vuln/detail/CVE-2023-34620"
    },
    {
      "type": "WEB",
      "url": "https://github.com/hjson/hjson-java/issues/24"
    }
  ],
  "affected": [
    {
      "package": {
        "name": "org.hjson:hjson",
        "ecosystem": "Maven",
        "purl": "pkg:maven/org.hjson/hjson"
      },
      "ranges": [
        {
          "type": "ECOSYSTEM",
          "events": [
            {
              "introduced": "0"
            },
            {
              "last_affected": "3.0.0"
            }
          ]
        }
      ],
      "versions": [
        "1.0.0",
        "1.0.1",
        "1.1.0",
        "1.1.2",
        "1.1.3",
        "1.1.4",
        "2.0.0",
        "2.0.1",
        "2.1.0",
        "2.1.1",
        "3.0.0"
      ],
      "database_specific": {
        "source": "https://github.com/github/advisory-database/blob/main/advisories/github-reviewed/2023/06/GHSA-5wfc-hjrc-gq87/GHSA-5wfc-hjrc-gq87.json"
      }
    }
  ],
  "schema_version": "1.6.0",
  "severity": [
    {
      "type": "CVSS_V3",
      "score": "CVSS:3.1/AV:N/AC:L/PR:N/UI:N/S:U/C:N/I:N/A:H"
    }
  ]
}