{
  "id": "GHSA-c459-2m73-67hj",
  "summary": "SOFA Hessian Remote Command Execution (RCE) Vulnerability",
  "details": "### Impact\nSOFA Hessian protocol uses a blacklist mechanism to restrict deserialization of potentially dangerous classes for security protection. But there is a gadget chain that can bypass the SOFA Hessian blacklist protection mechanism, and this gadget chain only relies on JDK and does not rely on any third-party components.\n\n### Patches\nFixed this issue by update blacklist, users can upgrade to sofahessian version 3.5.5 to avoid this issue.\n\n### Workarounds\nYou can maintain a blacklist yourself in this directory `external/serialize.blacklist`.\n",
  "aliases": [
    "CVE-2024-46983"
  ],
  "modified": "2024-09-20T15:01:11.227718Z",
  "published": "2024-09-19T14:49:20Z",
  "database_specific": {
    "nvd_published_at": "2024-09-19T23:15:11Z",
    "cwe_ids": [
      "CWE-502",
      "CWE-74"
    ],
    "severity": "HIGH",
    "github_reviewed": true,
    "github_reviewed_at": "2024-09-19T14:49:20Z"
  },
  "references": [
    {
      "type": "WEB",
      "url": "https://github.com/sofastack/sofa-hessian/security/advisories/GHSA-c459-2m73-67hj"
    },
    {
      "type": "ADVISORY",
      "url": "https://nvd.nist.gov/vuln/detail/CVE-2024-46983"
    },
    {
      "type": "WEB",
      "url": "https://github.com/sofastack/sofa-hessian/commit/764ef4b216aee6aeb4b111aec8947a4e8b53bb87"
    },
    {
      "type": "PACKAGE",
      "url": "https://github.com/sofastack/sofa-hessian"
    }
  ],
  "affected": [
    {
      "package": {
        "name": "com.alipay.sofa:hessian",
        "ecosystem": "Maven",
        "purl": "pkg:maven/com.alipay.sofa/hessian"
      },
      "ranges": [
        {
          "type": "ECOSYSTEM",
          "events": [
            {
              "introduced": "0"
            },
            {
              "fixed": "3.5.5"
            }
          ]
        }
      ],
      "versions": [
        "3.3.0",
        "3.3.1",
        "3.3.10",
        "3.3.11",
        "3.3.12",
        "3.3.13",
        "3.3.2",
        "3.3.3",
        "3.3.4",
        "3.3.5",
        "3.3.6",
        "3.3.7",
        "3.3.8",
        "3.3.9",
        "3.4.0",
        "3.5.0",
        "3.5.0-beta1",
        "3.5.1",
        "3.5.2",
        "3.5.3",
        "3.5.4"
      ],
      "database_specific": {
        "source": "https://github.com/github/advisory-database/blob/main/advisories/github-reviewed/2024/09/GHSA-c459-2m73-67hj/GHSA-c459-2m73-67hj.json"
      }
    }
  ],
  "schema_version": "1.6.0",
  "severity": [
    {
      "type": "CVSS_V3",
      "score": "CVSS:3.1/AV:N/AC:L/PR:N/UI:N/S:U/C:H/I:H/A:H"
    },
    {
      "type": "CVSS_V4",
      "score": "CVSS:4.0/AV:N/AC:L/AT:N/PR:N/UI:N/VC:H/VI:H/VA:H/SC:N/SI:N/SA:N/E:U"
    }
  ]
}