{
  "id": "GHSA-9jwh-qvg7-gr59",
  "summary": "CSRF vulnerability in Jenkins Orka Plugin allow capturing credentials",
  "details": "A cross-site request forgery (CSRF) vulnerability in Jenkins Orka by MacStadium Plugin 1.31 and earlier allows attackers to connect to an attacker-specified HTTP server using attacker-specified credentials IDs obtained through another method, capturing credentials stored in Jenkins.",
  "aliases": [
    "CVE-2023-24432"
  ],
  "modified": "2024-02-16T08:05:37.745639Z",
  "published": "2023-01-26T21:30:18Z",
  "database_specific": {
    "nvd_published_at": "2023-01-26T21:18:00Z",
    "cwe_ids": [
      "CWE-352"
    ],
    "severity": "HIGH",
    "github_reviewed": true,
    "github_reviewed_at": "2023-01-27T01:26:59Z"
  },
  "references": [
    {
      "type": "ADVISORY",
      "url": "https://nvd.nist.gov/vuln/detail/CVE-2023-24432"
    },
    {
      "type": "WEB",
      "url": "https://www.jenkins.io/security/advisory/2023-01-24/#SECURITY-2772%20(2)"
    }
  ],
  "affected": [
    {
      "package": {
        "name": "io.jenkins.plugins:macstadium-orka",
        "ecosystem": "Maven",
        "purl": "pkg:maven/io.jenkins.plugins/macstadium-orka"
      },
      "ranges": [
        {
          "type": "ECOSYSTEM",
          "events": [
            {
              "introduced": "0"
            },
            {
              "fixed": "1.32"
            }
          ]
        }
      ],
      "versions": [
        "1.0",
        "1.1",
        "1.10",
        "1.12",
        "1.13",
        "1.14",
        "1.15",
        "1.16",
        "1.17",
        "1.18",
        "1.19",
        "1.2",
        "1.20",
        "1.21",
        "1.22",
        "1.23",
        "1.25",
        "1.26",
        "1.27",
        "1.28",
        "1.29",
        "1.3",
        "1.30",
        "1.31",
        "1.4",
        "1.5",
        "1.6",
        "1.7",
        "1.8",
        "1.9"
      ],
      "database_specific": {
        "source": "https://github.com/github/advisory-database/blob/main/advisories/github-reviewed/2023/01/GHSA-9jwh-qvg7-gr59/GHSA-9jwh-qvg7-gr59.json"
      }
    }
  ],
  "schema_version": "1.6.0",
  "severity": [
    {
      "type": "CVSS_V3",
      "score": "CVSS:3.1/AV:N/AC:L/PR:N/UI:R/S:U/C:H/I:H/A:H"
    }
  ]
}