{
  "id": "GHSA-jc35-q369-45pv",
  "summary": "Remote code execution in Apache Struts",
  "details": "Forced OGNL evaluation, when evaluated on raw user input in tag attributes, may lead to remote code execution.",
  "aliases": [
    "CVE-2020-17530"
  ],
  "modified": "2024-02-17T05:30:58.829370Z",
  "published": "2022-02-09T22:51:56Z",
  "database_specific": {
    "nvd_published_at": "2020-12-11T02:15:00Z",
    "cwe_ids": [
      "CWE-917",
      "CWE-94"
    ],
    "severity": "CRITICAL",
    "github_reviewed": true,
    "github_reviewed_at": "2021-04-09T21:42:05Z"
  },
  "references": [
    {
      "type": "ADVISORY",
      "url": "https://nvd.nist.gov/vuln/detail/CVE-2020-17530"
    },
    {
      "type": "WEB",
      "url": "https://cwiki.apache.org/confluence/display/WW/S2-061"
    },
    {
      "type": "WEB",
      "url": "https://security.netapp.com/advisory/ntap-20210115-0005"
    },
    {
      "type": "WEB",
      "url": "https://www.oracle.com//security-alerts/cpujul2021.html"
    },
    {
      "type": "WEB",
      "url": "https://www.oracle.com/security-alerts/cpuApr2021.html"
    },
    {
      "type": "WEB",
      "url": "https://www.oracle.com/security-alerts/cpuapr2022.html"
    },
    {
      "type": "WEB",
      "url": "https://www.oracle.com/security-alerts/cpujan2021.html"
    },
    {
      "type": "WEB",
      "url": "https://www.oracle.com/security-alerts/cpujan2022.html"
    },
    {
      "type": "WEB",
      "url": "https://www.oracle.com/security-alerts/cpuoct2021.html"
    },
    {
      "type": "WEB",
      "url": "http://jvn.jp/en/jp/JVN43969166/index.html"
    },
    {
      "type": "WEB",
      "url": "http://packetstormsecurity.com/files/160721/Apache-Struts-2-Forced-Multi-OGNL-Evaluation.html"
    },
    {
      "type": "WEB",
      "url": "http://www.openwall.com/lists/oss-security/2022/04/12/6"
    }
  ],
  "affected": [
    {
      "package": {
        "name": "org.apache.struts:struts2-core",
        "ecosystem": "Maven",
        "purl": "pkg:maven/org.apache.struts/struts2-core"
      },
      "ranges": [
        {
          "type": "ECOSYSTEM",
          "events": [
            {
              "introduced": "2.0.0"
            },
            {
              "fixed": "2.5.26"
            }
          ]
        }
      ],
      "versions": [
        "2.0.11",
        "2.0.11.1",
        "2.0.11.2",
        "2.0.12",
        "2.0.14",
        "2.0.5",
        "2.0.6",
        "2.0.8",
        "2.0.9",
        "2.1.2",
        "2.1.6",
        "2.1.8",
        "2.1.8.1",
        "2.2.1",
        "2.2.1.1",
        "2.2.3",
        "2.2.3.1",
        "2.3.1",
        "2.3.1.1",
        "2.3.1.2",
        "2.3.12",
        "2.3.14",
        "2.3.14.1",
        "2.3.14.2",
        "2.3.14.3",
        "2.3.15",
        "2.3.15.1",
        "2.3.15.2",
        "2.3.15.3",
        "2.3.16",
        "2.3.16.1",
        "2.3.16.2",
        "2.3.16.3",
        "2.3.20",
        "2.3.20.1",
        "2.3.20.3",
        "2.3.24",
        "2.3.24.1",
        "2.3.24.3",
        "2.3.28",
        "2.3.28.1",
        "2.3.29",
        "2.3.3",
        "2.3.30",
        "2.3.31",
        "2.3.32",
        "2.3.33",
        "2.3.34",
        "2.3.35",
        "2.3.36",
        "2.3.37",
        "2.3.4",
        "2.3.4.1",
        "2.3.7",
        "2.3.8",
        "2.5",
        "2.5-BETA1",
        "2.5-BETA2",
        "2.5-BETA3",
        "2.5.1",
        "2.5.10",
        "2.5.10.1",
        "2.5.12",
        "2.5.13",
        "2.5.14",
        "2.5.14.1",
        "2.5.16",
        "2.5.17",
        "2.5.18",
        "2.5.2",
        "2.5.20",
        "2.5.22",
        "2.5.25",
        "2.5.5",
        "2.5.8"
      ],
      "database_specific": {
        "source": "https://github.com/github/advisory-database/blob/main/advisories/github-reviewed/2022/02/GHSA-jc35-q369-45pv/GHSA-jc35-q369-45pv.json"
      }
    }
  ],
  "schema_version": "1.6.0",
  "severity": [
    {
      "type": "CVSS_V3",
      "score": "CVSS:3.1/AV:N/AC:L/PR:N/UI:N/S:U/C:H/I:H/A:H"
    }
  ]
}