{
  "id": "GHSA-7qwv-cwgj-c8rj",
  "summary": "Improper Input Validation in Apache Struts",
  "details": "ActionForm in Apache Software Foundation (ASF) Struts before 1.2.9 with BeanUtils 1.7 allows remote attackers to cause a denial of service via a multipart/form-data encoded form with a parameter name that references the public getMultipartRequestHandler method, which provides further access to elements in the CommonsMultipartRequestHandler implementation and BeanUtils.",
  "aliases": [
    "CVE-2006-1547"
  ],
  "modified": "2024-07-25T13:49:40.879552Z",
  "published": "2022-05-01T06:50:42Z",
  "database_specific": {
    "nvd_published_at": "2006-03-30T22:02:00Z",
    "cwe_ids": [
      "CWE-20"
    ],
    "severity": "HIGH",
    "github_reviewed": true,
    "github_reviewed_at": "2022-06-07T23:11:14Z"
  },
  "references": [
    {
      "type": "ADVISORY",
      "url": "https://nvd.nist.gov/vuln/detail/CVE-2006-1547"
    },
    {
      "type": "WEB",
      "url": "https://exchange.xforce.ibmcloud.com/vulnerabilities/25613"
    },
    {
      "type": "PACKAGE",
      "url": "https://github.com/apache/struts"
    },
    {
      "type": "WEB",
      "url": "http://issues.apache.org/bugzilla/show_bug.cgi?id=38534"
    },
    {
      "type": "WEB",
      "url": "http://lists.suse.com/archive/suse-security-announce/2006-May/0004.html"
    },
    {
      "type": "WEB",
      "url": "http://secunia.com/advisories/19493"
    },
    {
      "type": "WEB",
      "url": "http://secunia.com/advisories/20117"
    },
    {
      "type": "WEB",
      "url": "http://securitytracker.com/id?1015856"
    },
    {
      "type": "WEB",
      "url": "http://struts.apache.org/struts-doc-1.2.9/userGuide/release-notes.html"
    },
    {
      "type": "WEB",
      "url": "http://www.securityfocus.com/bid/17342"
    },
    {
      "type": "WEB",
      "url": "http://www.vupen.com/english/advisories/2006/1205"
    }
  ],
  "affected": [
    {
      "package": {
        "name": "struts:struts",
        "ecosystem": "Maven",
        "purl": "pkg:maven/struts/struts"
      },
      "ranges": [
        {
          "type": "ECOSYSTEM",
          "events": [
            {
              "introduced": "0"
            },
            {
              "fixed": "1.2.9"
            }
          ]
        }
      ],
      "versions": [
        "1.0.2",
        "1.1",
        "1.1-b2-20021124",
        "1.1-b3",
        "1.1-beta-2",
        "1.1-rc1",
        "1.1-rc2",
        "1.2.2",
        "1.2.4",
        "1.2.7",
        "1.2.8"
      ],
      "database_specific": {
        "source": "https://github.com/github/advisory-database/blob/main/advisories/github-reviewed/2022/05/GHSA-7qwv-cwgj-c8rj/GHSA-7qwv-cwgj-c8rj.json"
      }
    }
  ],
  "schema_version": "1.6.0",
  "severity": [
    {
      "type": "CVSS_V3",
      "score": "CVSS:3.1/AV:N/AC:L/PR:N/UI:N/S:U/C:N/I:N/A:H"
    }
  ]
}