{
  "id": "GHSA-pr9x-qmp5-j3rr",
  "summary": "Improper Input Validation in Apache Hadoop",
  "details": "HDFS clients interact with a servlet on the DataNode to browse the HDFS namespace. The NameNode is provided as a query parameter that is not validated in Apache Hadoop before 2.7.0.",
  "aliases": [
    "CVE-2017-3162"
  ],
  "modified": "2023-11-08T03:59:20.588772Z",
  "published": "2022-05-13T01:08:56Z",
  "database_specific": {
    "nvd_published_at": "2017-04-26T20:59:00Z",
    "github_reviewed_at": "2022-07-01T17:31:15Z",
    "severity": "HIGH",
    "github_reviewed": true,
    "cwe_ids": [
      "CWE-20"
    ]
  },
  "references": [
    {
      "type": "ADVISORY",
      "url": "https://nvd.nist.gov/vuln/detail/CVE-2017-3162"
    },
    {
      "type": "WEB",
      "url": "https://lists.apache.org/thread.html/r127f75748fcabc63bc5a1bec6885753eb9b2bed803b6ed7bd46f965b@%3Cuser.hadoop.apache.org%3E"
    },
    {
      "type": "WEB",
      "url": "https://lists.apache.org/thread.html/r66de86b9a608c1da70b2d27d765c11ec88edf6e5dd6f379ab33e072a@%3Cuser.flink.apache.org%3E"
    },
    {
      "type": "WEB",
      "url": "https://s.apache.org/k2ss"
    },
    {
      "type": "WEB",
      "url": "http://www.securityfocus.com/bid/98017"
    }
  ],
  "affected": [
    {
      "package": {
        "name": "org.apache.hadoop:hadoop-client",
        "ecosystem": "Maven",
        "purl": "pkg:maven/org.apache.hadoop/hadoop-client"
      },
      "ranges": [
        {
          "type": "ECOSYSTEM",
          "events": [
            {
              "introduced": "0"
            },
            {
              "fixed": "2.7.0"
            }
          ]
        }
      ],
      "versions": [
        "0.23.1",
        "0.23.10",
        "0.23.11",
        "0.23.3",
        "0.23.4",
        "0.23.5",
        "0.23.6",
        "0.23.7",
        "0.23.8",
        "0.23.9",
        "1.0.1",
        "1.0.2",
        "1.0.3",
        "1.0.4",
        "1.1.0",
        "1.1.1",
        "1.1.2",
        "1.2.0",
        "1.2.1",
        "2.0.0-alpha",
        "2.0.1-alpha",
        "2.0.2-alpha",
        "2.0.3-alpha",
        "2.0.4-alpha",
        "2.0.5-alpha",
        "2.0.6-alpha",
        "2.1.0-beta",
        "2.1.1-beta",
        "2.2.0",
        "2.3.0",
        "2.4.0",
        "2.4.1",
        "2.5.0",
        "2.5.1",
        "2.5.2",
        "2.6.0",
        "2.6.1",
        "2.6.2",
        "2.6.3",
        "2.6.4",
        "2.6.5"
      ],
      "database_specific": {
        "last_known_affected_version_range": "<= 2.6.5",
        "source": "https://github.com/github/advisory-database/blob/main/advisories/github-reviewed/2022/05/GHSA-pr9x-qmp5-j3rr/GHSA-pr9x-qmp5-j3rr.json"
      }
    }
  ],
  "schema_version": "1.6.0",
  "severity": [
    {
      "type": "CVSS_V3",
      "score": "CVSS:3.0/AV:N/AC:L/PR:N/UI:N/S:U/C:L/I:L/A:L"
    }
  ]
}