{
  "id": "GHSA-87m3-6qj3-p3xh",
  "summary": "Liferay Portal denial of service (memory consumption)",
  "details": "The Document and Media widget In Liferay Portal 7.2.0 through 7.3.6, and older unsupported versions, and Liferay DXP 7.3 before service pack 3, 7.2 before fix pack 13, and older unsupported versions, does not limit resource consumption when generating a preview image, which allows remote authenticated users to cause a denial of service (memory consumption) via crafted PNG images.",
  "aliases": [
    "CVE-2024-25143"
  ],
  "modified": "2024-10-02T19:02:15.240772Z",
  "published": "2024-02-07T15:30:50Z",
  "database_specific": {
    "nvd_published_at": "2024-02-07T15:15:08Z",
    "cwe_ids": [
      "CWE-400",
      "CWE-770"
    ],
    "severity": "HIGH",
    "github_reviewed": true,
    "github_reviewed_at": "2024-02-07T19:32:22Z"
  },
  "references": [
    {
      "type": "ADVISORY",
      "url": "https://nvd.nist.gov/vuln/detail/CVE-2024-25143"
    },
    {
      "type": "WEB",
      "url": "https://github.com/liferay/liferay-portal/commit/29b73b9b896c7d44fb5d1800a402698c303d1cf6"
    },
    {
      "type": "WEB",
      "url": "https://github.com/liferay/liferay-portal/commit/4381c10ad0722b3b00c3e3567b68538ab0994145"
    },
    {
      "type": "PACKAGE",
      "url": "https://github.com/liferay/liferay-portal"
    },
    {
      "type": "WEB",
      "url": "https://github.com/liferay/liferay-portal/releases/tag/7.3.7-ga8"
    },
    {
      "type": "WEB",
      "url": "https://liferay.dev/portal/security/known-vulnerabilities/-/asset_publisher/jekt/content/cve-2024-25143"
    }
  ],
  "affected": [
    {
      "package": {
        "name": "com.liferay.portal:release.portal.bom",
        "ecosystem": "Maven",
        "purl": "pkg:maven/com.liferay.portal/release.portal.bom"
      },
      "ranges": [
        {
          "type": "ECOSYSTEM",
          "events": [
            {
              "introduced": "7.2.0"
            },
            {
              "fixed": "7.3.7"
            }
          ]
        }
      ],
      "versions": [
        "7.2.0",
        "7.2.1",
        "7.2.1-1",
        "7.3.0",
        "7.3.0-1",
        "7.3.1",
        "7.3.1-1",
        "7.3.2",
        "7.3.2-1",
        "7.3.3",
        "7.3.3-1",
        "7.3.4",
        "7.3.5",
        "7.3.6"
      ],
      "database_specific": {
        "source": "https://github.com/github/advisory-database/blob/main/advisories/github-reviewed/2024/02/GHSA-87m3-6qj3-p3xh/GHSA-87m3-6qj3-p3xh.json"
      }
    }
  ],
  "schema_version": "1.6.0",
  "severity": [
    {
      "type": "CVSS_V3",
      "score": "CVSS:3.1/AV:N/AC:L/PR:L/UI:N/S:U/C:N/I:N/A:H"
    },
    {
      "type": "CVSS_V4",
      "score": "CVSS:4.0/AV:N/AC:L/AT:N/PR:L/UI:N/VC:N/VI:N/VA:H/SC:N/SI:N/SA:N"
    }
  ]
}