{
  "id": "GHSA-9f5g-rgcr-8grw",
  "summary": "Jenkins MATLAB Plugin cross-site request forgery vulnerability",
  "details": "Jenkins MATLAB Plugin determines whether a user-specified directory on the Jenkins controller is the location of a MATLAB installation by parsing an XML file in that directory.\n\nMATLAB Plugin 2.11.0 and earlier does not perform permission checks in several HTTP endpoints implementing related form validation.\n\nAdditionally, these HTTP endpoints do not require POST requests, resulting in a cross-site request forgery (CSRF) vulnerability.\n\nAdditionally, the plugin does not configure its XML parser to prevent XML external entity (XXE) attacks. This allows attackers able to create files on the Jenkins controller file system to have Jenkins parse a crafted XML document that uses external entities for extraction of secrets from the Jenkins controller or server-side request forgery.\n\nMATLAB Plugin 2.11.1 configures its XML parser to prevent XML external entity (XXE) attacks.\n\nAdditionally, POST requests and Item/Configure permission are required for the affected HTTP endpoints.",
  "aliases": [
    "CVE-2023-49655"
  ],
  "modified": "2024-02-16T08:05:23.429708Z",
  "published": "2023-11-29T15:30:21Z",
  "database_specific": {
    "nvd_published_at": "2023-11-29T14:15:07Z",
    "cwe_ids": [
      "CWE-352"
    ],
    "severity": "HIGH",
    "github_reviewed": true,
    "github_reviewed_at": "2023-11-29T21:32:03Z"
  },
  "references": [
    {
      "type": "ADVISORY",
      "url": "https://nvd.nist.gov/vuln/detail/CVE-2023-49655"
    },
    {
      "type": "WEB",
      "url": "https://www.jenkins.io/security/advisory/2023-11-29/#SECURITY-3193"
    },
    {
      "type": "WEB",
      "url": "http://www.openwall.com/lists/oss-security/2023/11/29/1"
    }
  ],
  "affected": [
    {
      "package": {
        "name": "org.jenkins-ci.plugins:matlab",
        "ecosystem": "Maven",
        "purl": "pkg:maven/org.jenkins-ci.plugins/matlab"
      },
      "ranges": [
        {
          "type": "ECOSYSTEM",
          "events": [
            {
              "introduced": "0"
            },
            {
              "fixed": "2.11.1"
            }
          ]
        }
      ],
      "versions": [
        "1.0.0",
        "1.0.1",
        "1.0.2",
        "1.0.3",
        "1.1.0",
        "1.1.1",
        "1.1.2",
        "2.0.0",
        "2.0.1",
        "2.1.0",
        "2.1.1",
        "2.1.2",
        "2.1.3",
        "2.10.0",
        "2.11.0",
        "2.2.0",
        "2.3.0",
        "2.4.0",
        "2.5.0",
        "2.5.1",
        "2.6.0",
        "2.7.0",
        "2.7.1",
        "2.8.0",
        "2.9.0"
      ],
      "database_specific": {
        "source": "https://github.com/github/advisory-database/blob/main/advisories/github-reviewed/2023/11/GHSA-9f5g-rgcr-8grw/GHSA-9f5g-rgcr-8grw.json"
      }
    }
  ],
  "schema_version": "1.6.0",
  "severity": [
    {
      "type": "CVSS_V3",
      "score": "CVSS:3.1/AV:N/AC:L/PR:L/UI:N/S:U/C:H/I:L/A:N"
    }
  ]
}