{
  "id": "GHSA-v4mq-p756-p4f5",
  "summary": "Play Framework's Assets controller vulnerable to directory traversal",
  "details": "A directory traversal vulnerability has been found in the Assets controller in Play Framework 2.6.12 through 2.6.15 (fixed in 2.6.16) when running on Windows. It allows a remote attacker to download arbitrary files from the target server via specially crafted HTTP requests.",
  "aliases": [
    "CVE-2018-13864"
  ],
  "modified": "2023-11-08T03:59:54.485980Z",
  "published": "2022-05-13T01:30:27Z",
  "database_specific": {
    "nvd_published_at": "2018-07-17T12:29:00Z",
    "github_reviewed_at": "2022-11-22T19:45:54Z",
    "severity": "HIGH",
    "github_reviewed": true,
    "cwe_ids": [
      "CWE-22"
    ]
  },
  "references": [
    {
      "type": "ADVISORY",
      "url": "https://nvd.nist.gov/vuln/detail/CVE-2018-13864"
    },
    {
      "type": "WEB",
      "url": "https://discuss.lightbend.com/t/play-2-6-16-released/1575"
    },
    {
      "type": "WEB",
      "url": "https://www.playframework.com/security/vulnerability/CVE-2018-13864-PathTraversal"
    }
  ],
  "affected": [
    {
      "package": {
        "name": "com.typesafe.play:play_2.12",
        "ecosystem": "Maven",
        "purl": "pkg:maven/com.typesafe.play/play_2.12"
      },
      "ranges": [
        {
          "type": "ECOSYSTEM",
          "events": [
            {
              "introduced": "2.6.12"
            },
            {
              "fixed": "2.6.16"
            }
          ]
        }
      ],
      "versions": [
        "2.6.12",
        "2.6.13",
        "2.6.14",
        "2.6.15"
      ],
      "database_specific": {
        "source": "https://github.com/github/advisory-database/blob/main/advisories/github-reviewed/2022/05/GHSA-v4mq-p756-p4f5/GHSA-v4mq-p756-p4f5.json"
      }
    }
  ],
  "schema_version": "1.6.0",
  "severity": [
    {
      "type": "CVSS_V3",
      "score": "CVSS:3.0/AV:N/AC:L/PR:N/UI:N/S:U/C:H/I:N/A:N"
    }
  ]
}