{
  "id": "GHSA-757p-7hp5-pqmr",
  "summary": "Apache InLong Insufficient Session Expiration vulnerability",
  "details": "Insufficient Session Expiration vulnerability in Apache Software Foundation Apache InLong.This issue affects Apache InLong: from 1.4.0 through 1.6.0.\u00a0\n\nAn old session can be used by an attacker even after the user has been deleted or the password has been changed.\n\nUsers are advised to upgrade to Apache InLong's 1.7.0 or cherry-pick https://github.com/apache/inlong/pull/7836 or  https://github.com/apache/inlong/pull/7884 to solve it.",
  "aliases": [
    "CVE-2023-31065"
  ],
  "modified": "2024-02-16T07:58:07.078568Z",
  "published": "2023-07-06T21:14:59Z",
  "database_specific": {
    "nvd_published_at": "2023-05-22T16:15:10Z",
    "cwe_ids": [
      "CWE-613"
    ],
    "severity": "CRITICAL",
    "github_reviewed": true,
    "github_reviewed_at": "2023-07-06T23:13:58Z"
  },
  "references": [
    {
      "type": "ADVISORY",
      "url": "https://nvd.nist.gov/vuln/detail/CVE-2023-31065"
    },
    {
      "type": "WEB",
      "url": "https://github.com/apache/inlong/pull/7836"
    },
    {
      "type": "WEB",
      "url": "https://github.com/apache/inlong/pull/7884"
    },
    {
      "type": "PACKAGE",
      "url": "https://github.com/apache/inlong"
    },
    {
      "type": "WEB",
      "url": "https://lists.apache.org/thread/to7o0n2cks0omtwo6mhh5cs2vfdbplqf"
    }
  ],
  "affected": [
    {
      "package": {
        "name": "org.apache.inlong:manager-pojo",
        "ecosystem": "Maven",
        "purl": "pkg:maven/org.apache.inlong/manager-pojo"
      },
      "ranges": [
        {
          "type": "ECOSYSTEM",
          "events": [
            {
              "introduced": "1.4.0"
            },
            {
              "fixed": "1.7.0"
            }
          ]
        }
      ],
      "versions": [
        "1.4.0",
        "1.5.0",
        "1.6.0"
      ],
      "database_specific": {
        "source": "https://github.com/github/advisory-database/blob/main/advisories/github-reviewed/2023/07/GHSA-757p-7hp5-pqmr/GHSA-757p-7hp5-pqmr.json"
      }
    },
    {
      "package": {
        "name": "org.apache.inlong:manager-dao",
        "ecosystem": "Maven",
        "purl": "pkg:maven/org.apache.inlong/manager-dao"
      },
      "ranges": [
        {
          "type": "ECOSYSTEM",
          "events": [
            {
              "introduced": "1.4.0"
            },
            {
              "fixed": "1.7.0"
            }
          ]
        }
      ],
      "versions": [
        "1.4.0",
        "1.5.0",
        "1.6.0"
      ],
      "database_specific": {
        "source": "https://github.com/github/advisory-database/blob/main/advisories/github-reviewed/2023/07/GHSA-757p-7hp5-pqmr/GHSA-757p-7hp5-pqmr.json"
      }
    },
    {
      "package": {
        "name": "org.apache.inlong:manager-web",
        "ecosystem": "Maven",
        "purl": "pkg:maven/org.apache.inlong/manager-web"
      },
      "ranges": [
        {
          "type": "ECOSYSTEM",
          "events": [
            {
              "introduced": "1.4.0"
            },
            {
              "fixed": "1.7.0"
            }
          ]
        }
      ],
      "versions": [
        "1.4.0",
        "1.5.0",
        "1.6.0"
      ],
      "database_specific": {
        "source": "https://github.com/github/advisory-database/blob/main/advisories/github-reviewed/2023/07/GHSA-757p-7hp5-pqmr/GHSA-757p-7hp5-pqmr.json"
      }
    },
    {
      "package": {
        "name": "org.apache.inlong:manager-service",
        "ecosystem": "Maven",
        "purl": "pkg:maven/org.apache.inlong/manager-service"
      },
      "ranges": [
        {
          "type": "ECOSYSTEM",
          "events": [
            {
              "introduced": "1.4.0"
            },
            {
              "fixed": "1.7.0"
            }
          ]
        }
      ],
      "versions": [
        "1.4.0",
        "1.5.0",
        "1.6.0"
      ],
      "database_specific": {
        "source": "https://github.com/github/advisory-database/blob/main/advisories/github-reviewed/2023/07/GHSA-757p-7hp5-pqmr/GHSA-757p-7hp5-pqmr.json"
      }
    }
  ],
  "schema_version": "1.6.0",
  "severity": [
    {
      "type": "CVSS_V3",
      "score": "CVSS:3.1/AV:N/AC:L/PR:N/UI:N/S:U/C:H/I:H/A:N"
    }
  ]
}