{
  "id": "GHSA-c3wf-rrhq-rfp2",
  "summary": "Cross-site request forgery vulnerability in Jenkins WebSphere Deployer Plugin",
  "details": "A cross-site request forgery vulnerability in Jenkins WebSphere Deployer Plugin 1.6.1 and earlier allows attackers to perform connection tests and determine whether files with an attacker-specified path exist on the Jenkins master file system.",
  "aliases": [
    "CVE-2019-16560"
  ],
  "modified": "2024-02-16T08:13:27.275073Z",
  "published": "2022-05-24T17:03:47Z",
  "database_specific": {
    "nvd_published_at": "2019-12-17T15:15:00Z",
    "cwe_ids": [
      "CWE-352"
    ],
    "severity": "HIGH",
    "github_reviewed": true,
    "github_reviewed_at": "2024-01-30T21:13:36Z"
  },
  "references": [
    {
      "type": "ADVISORY",
      "url": "https://nvd.nist.gov/vuln/detail/CVE-2019-16560"
    },
    {
      "type": "WEB",
      "url": "https://jenkins.io/security/advisory/2019-12-17/#SECURITY-1371"
    },
    {
      "type": "WEB",
      "url": "http://www.openwall.com/lists/oss-security/2019/12/17/1"
    }
  ],
  "affected": [
    {
      "package": {
        "name": "org.jenkins-ci.plugins:websphere-deployer",
        "ecosystem": "Maven",
        "purl": "pkg:maven/org.jenkins-ci.plugins/websphere-deployer"
      },
      "ranges": [
        {
          "type": "ECOSYSTEM",
          "events": [
            {
              "introduced": "0"
            },
            {
              "last_affected": "1.6.1"
            }
          ]
        }
      ],
      "versions": [
        "1.1",
        "1.2",
        "1.3.4",
        "1.5.5",
        "1.5.6",
        "1.6.0",
        "1.6.1"
      ],
      "database_specific": {
        "source": "https://github.com/github/advisory-database/blob/main/advisories/github-reviewed/2022/05/GHSA-c3wf-rrhq-rfp2/GHSA-c3wf-rrhq-rfp2.json"
      }
    }
  ],
  "schema_version": "1.6.0",
  "severity": [
    {
      "type": "CVSS_V3",
      "score": "CVSS:3.1/AV:N/AC:L/PR:N/UI:R/S:U/C:H/I:H/A:H"
    }
  ]
}