{
  "id": "GHSA-qg25-hgjv-cg9q",
  "summary": "Improper Neutralization of Special Elements in Output Used by a Downstream Component in Apache Groovy",
  "details": "The MethodClosure class in runtime/MethodClosure.java in Apache Groovy 1.7.0 through 2.4.3 allows remote attackers to execute arbitrary code or cause a denial of service via a crafted serialized object.",
  "aliases": [
    "CVE-2015-3253"
  ],
  "modified": "2024-10-17T16:23:29.123790Z",
  "published": "2022-05-13T01:25:41Z",
  "database_specific": {
    "nvd_published_at": "2015-08-13T14:59:00Z",
    "cwe_ids": [
      "CWE-74"
    ],
    "severity": "CRITICAL",
    "github_reviewed": true,
    "github_reviewed_at": "2022-07-06T20:16:53Z"
  },
  "references": [
    {
      "type": "ADVISORY",
      "url": "https://nvd.nist.gov/vuln/detail/CVE-2015-3253"
    },
    {
      "type": "WEB",
      "url": "https://access.redhat.com/errata/RHSA-2016:1376"
    },
    {
      "type": "WEB",
      "url": "https://access.redhat.com/errata/RHSA-2017:2486"
    },
    {
      "type": "WEB",
      "url": "https://access.redhat.com/errata/RHSA-2017:2596"
    },
    {
      "type": "PACKAGE",
      "url": "https://github.com/apache/groovy"
    },
    {
      "type": "WEB",
      "url": "https://h20566.www2.hpe.com/portal/site/hpsc/public/kb/docDisplay?docId=emr_na-c05324755"
    },
    {
      "type": "WEB",
      "url": "https://lists.apache.org/thread.html/rbb8e16cc5acab183124572b655bdf5fe1d5b5f477dc267352426c7ed@%3Cnotifications.shardingsphere.apache.org%3E"
    },
    {
      "type": "WEB",
      "url": "https://security.gentoo.org/glsa/201610-01"
    },
    {
      "type": "WEB",
      "url": "https://security.netapp.com/advisory/ntap-20160623-0001"
    },
    {
      "type": "WEB",
      "url": "https://www.oracle.com/security-alerts/cpuapr2020.html"
    },
    {
      "type": "WEB",
      "url": "https://www.oracle.com/technetwork/security-advisory/cpuapr2019-5072813.html"
    },
    {
      "type": "WEB",
      "url": "http://groovy-lang.org/security.html"
    },
    {
      "type": "WEB",
      "url": "http://packetstormsecurity.com/files/132714/Apache-Groovy-2.4.3-Code-Execution.html"
    },
    {
      "type": "WEB",
      "url": "http://rhn.redhat.com/errata/RHSA-2016-0066.html"
    },
    {
      "type": "WEB",
      "url": "http://www.oracle.com/technetwork/security-advisory/cpuapr2016v3-2985753.html"
    },
    {
      "type": "WEB",
      "url": "http://www.oracle.com/technetwork/security-advisory/cpujan2018-3236628.html"
    },
    {
      "type": "WEB",
      "url": "http://www.oracle.com/technetwork/security-advisory/cpujul2016-2881720.html"
    },
    {
      "type": "WEB",
      "url": "http://www.oracle.com/technetwork/security-advisory/cpujul2017-3236622.html"
    },
    {
      "type": "WEB",
      "url": "http://www.oracle.com/technetwork/security-advisory/cpuoct2016-2881722.html"
    },
    {
      "type": "WEB",
      "url": "http://www.oracle.com/technetwork/security-advisory/cpuoct2017-3236626.html"
    },
    {
      "type": "WEB",
      "url": "http://www.zerodayinitiative.com/advisories/ZDI-15-365"
    }
  ],
  "affected": [
    {
      "package": {
        "name": "org.codehaus.groovy:groovy",
        "ecosystem": "Maven",
        "purl": "pkg:maven/org.codehaus.groovy/groovy"
      },
      "ranges": [
        {
          "type": "ECOSYSTEM",
          "events": [
            {
              "introduced": "1.7.0"
            },
            {
              "fixed": "2.4.4"
            }
          ]
        }
      ],
      "versions": [
        "1.7.0",
        "1.7.1",
        "1.7.10",
        "1.7.11",
        "1.7.2",
        "1.7.3",
        "1.7.4",
        "1.7.5",
        "1.7.6",
        "1.7.7",
        "1.7.8",
        "1.7.9",
        "1.8.0",
        "1.8.0-beta-1",
        "1.8.0-beta-2",
        "1.8.0-beta-3",
        "1.8.0-beta-4",
        "1.8.0-rc-1",
        "1.8.0-rc-2",
        "1.8.0-rc-3",
        "1.8.0-rc-4",
        "1.8.1",
        "1.8.2",
        "1.8.3",
        "1.8.4",
        "1.8.5",
        "1.8.6",
        "1.8.7",
        "1.8.8",
        "1.8.9",
        "1.9.0-beta-1",
        "1.9.0-beta-2",
        "1.9.0-beta-3",
        "1.9.0-beta-4",
        "2.0.0",
        "2.0.0-beta-1",
        "2.0.0-beta-2",
        "2.0.0-beta-3",
        "2.0.0-rc-1",
        "2.0.0-rc-2",
        "2.0.0-rc-3",
        "2.0.0-rc-4",
        "2.0.1",
        "2.0.2",
        "2.0.3",
        "2.0.4",
        "2.0.5",
        "2.0.6",
        "2.0.7",
        "2.0.8",
        "2.1.0",
        "2.1.0-beta-1",
        "2.1.0-rc-1",
        "2.1.0-rc-2",
        "2.1.0-rc-3",
        "2.1.1",
        "2.1.2",
        "2.1.3",
        "2.1.4",
        "2.1.5",
        "2.1.6",
        "2.1.7",
        "2.1.8",
        "2.1.9",
        "2.2.0",
        "2.2.0-beta-1",
        "2.2.0-beta-2",
        "2.2.0-rc-1",
        "2.2.0-rc-2",
        "2.2.0-rc-3",
        "2.2.1",
        "2.2.2",
        "2.3.0",
        "2.3.0-beta-1",
        "2.3.0-beta-2",
        "2.3.0-rc-1",
        "2.3.0-rc-2",
        "2.3.0-rc-4",
        "2.3.1",
        "2.3.10",
        "2.3.11",
        "2.3.2",
        "2.3.3",
        "2.3.4",
        "2.3.5",
        "2.3.6",
        "2.3.7",
        "2.3.8",
        "2.3.9",
        "2.4.0",
        "2.4.0-beta-1",
        "2.4.0-beta-2",
        "2.4.0-beta-3",
        "2.4.0-beta-4",
        "2.4.0-rc-1",
        "2.4.0-rc-2",
        "2.4.1",
        "2.4.2",
        "2.4.3"
      ],
      "database_specific": {
        "last_known_affected_version_range": "<= 2.4.3",
        "source": "https://github.com/github/advisory-database/blob/main/advisories/github-reviewed/2022/05/GHSA-qg25-hgjv-cg9q/GHSA-qg25-hgjv-cg9q.json"
      }
    },
    {
      "package": {
        "name": "org.codehaus.groovy:groovy-all",
        "ecosystem": "Maven",
        "purl": "pkg:maven/org.codehaus.groovy/groovy-all"
      },
      "ranges": [
        {
          "type": "ECOSYSTEM",
          "events": [
            {
              "introduced": "1.7.0"
            },
            {
              "fixed": "2.4.4"
            }
          ]
        }
      ],
      "versions": [
        "1.7.0",
        "1.7.1",
        "1.7.10",
        "1.7.11",
        "1.7.2",
        "1.7.3",
        "1.7.4",
        "1.7.5",
        "1.7.6",
        "1.7.7",
        "1.7.8",
        "1.7.9",
        "1.8.0",
        "1.8.0-beta-1",
        "1.8.0-beta-2",
        "1.8.0-beta-3",
        "1.8.0-beta-4",
        "1.8.0-rc-1",
        "1.8.0-rc-2",
        "1.8.0-rc-3",
        "1.8.0-rc-4",
        "1.8.1",
        "1.8.2",
        "1.8.2-jenkins-1",
        "1.8.3",
        "1.8.4",
        "1.8.5",
        "1.8.6",
        "1.8.7",
        "1.8.8",
        "1.8.9",
        "1.9.0-beta-1",
        "1.9.0-beta-2",
        "1.9.0-beta-3",
        "1.9.0-beta-4",
        "2.0.0",
        "2.0.0-beta-1",
        "2.0.0-beta-2",
        "2.0.0-beta-3",
        "2.0.0-rc-1",
        "2.0.0-rc-2",
        "2.0.0-rc-3",
        "2.0.0-rc-4",
        "2.0.1",
        "2.0.2",
        "2.0.3",
        "2.0.4",
        "2.0.5",
        "2.0.6",
        "2.0.7",
        "2.0.8",
        "2.1.0",
        "2.1.0-beta-1",
        "2.1.0-rc-1",
        "2.1.0-rc-2",
        "2.1.0-rc-3",
        "2.1.1",
        "2.1.2",
        "2.1.3",
        "2.1.4",
        "2.1.5",
        "2.1.6",
        "2.1.7",
        "2.1.8",
        "2.1.9",
        "2.2.0",
        "2.2.0-beta-1",
        "2.2.0-beta-2",
        "2.2.0-rc-1",
        "2.2.0-rc-2",
        "2.2.0-rc-3",
        "2.2.1",
        "2.2.2",
        "2.3.0",
        "2.3.0-beta-1",
        "2.3.0-beta-2",
        "2.3.0-rc-1",
        "2.3.0-rc-2",
        "2.3.0-rc-4",
        "2.3.1",
        "2.3.10",
        "2.3.11",
        "2.3.2",
        "2.3.3",
        "2.3.4",
        "2.3.5",
        "2.3.6",
        "2.3.7",
        "2.3.8",
        "2.3.9",
        "2.4.0",
        "2.4.0-beta-1",
        "2.4.0-beta-2",
        "2.4.0-beta-3",
        "2.4.0-beta-4",
        "2.4.0-rc-1",
        "2.4.0-rc-2",
        "2.4.1",
        "2.4.2",
        "2.4.3"
      ],
      "database_specific": {
        "last_known_affected_version_range": "<= 2.4.3",
        "source": "https://github.com/github/advisory-database/blob/main/advisories/github-reviewed/2022/05/GHSA-qg25-hgjv-cg9q/GHSA-qg25-hgjv-cg9q.json"
      }
    }
  ],
  "schema_version": "1.6.0",
  "severity": [
    {
      "type": "CVSS_V3",
      "score": "CVSS:3.0/AV:N/AC:L/PR:N/UI:N/S:U/C:H/I:H/A:H"
    }
  ]
}