{
  "id": "GHSA-w5gq-xrrp-3fxf",
  "summary": "OpenNMS privilege elevation vulnerability",
  "details": "The Horizon REST API includes a users endpoint in OpenNMS Horizon 31.0.8 and versions earlier than 32.0.2 on multiple platforms is vulnerable to elevation of privilege.\u00a0The solution is to upgrade to Meridian 2023.1.6, 2022.1.19, 2021.1.30, 2020.1.38 or Horizon 32.0.2 or newer. Meridian and Horizon installation instructions state that they are intended for installation within an organization's private networks and should not be directly accessible from the Internet.\n\nOpenNMS thanks\u00a0Erik Wynter for reporting this issue.",
  "aliases": [
    "CVE-2023-0872"
  ],
  "modified": "2023-11-08T04:11:12.998411Z",
  "published": "2023-08-14T18:32:59Z",
  "database_specific": {
    "nvd_published_at": "2023-08-14T18:15:10Z",
    "cwe_ids": [
      "CWE-269"
    ],
    "severity": "HIGH",
    "github_reviewed": true,
    "github_reviewed_at": "2023-08-14T21:12:00Z"
  },
  "references": [
    {
      "type": "ADVISORY",
      "url": "https://nvd.nist.gov/vuln/detail/CVE-2023-0872"
    },
    {
      "type": "WEB",
      "url": "https://github.com/OpenNMS/opennms/pull/6354"
    },
    {
      "type": "WEB",
      "url": "https://github.com/OpenNMS/opennms/commit/e59b0ddd164cf0598ac0294d11a2d677d9e310b8"
    },
    {
      "type": "WEB",
      "url": "https://docs.opennms.com/horizon/32/releasenotes/changelog.html"
    },
    {
      "type": "PACKAGE",
      "url": "https://github.com/OpenNMS/opennms"
    }
  ],
  "affected": [
    {
      "package": {
        "name": "org.opennms:opennms-webapp-rest",
        "ecosystem": "Maven",
        "purl": "pkg:maven/org.opennms/opennms-webapp-rest"
      },
      "ranges": [
        {
          "type": "ECOSYSTEM",
          "events": [
            {
              "introduced": "31.0.8"
            },
            {
              "fixed": "32.0.2"
            }
          ]
        }
      ],
      "database_specific": {
        "source": "https://github.com/github/advisory-database/blob/main/advisories/github-reviewed/2023/08/GHSA-w5gq-xrrp-3fxf/GHSA-w5gq-xrrp-3fxf.json"
      },
      "versions": []
    }
  ],
  "schema_version": "1.6.0",
  "severity": [
    {
      "type": "CVSS_V3",
      "score": "CVSS:3.1/AV:A/AC:L/PR:L/UI:N/S:C/C:L/I:H/A:L"
    }
  ]
}