{
  "id": "GHSA-h5f5-rj4r-42f6",
  "summary": "Incorrect access control in Neo4j Enterprise Database Server via LDAP authentication",
  "details": "Due to incorrect access control in Neo4j Enterprise Database Server 3.4.x before 3.4.9, the setting of LDAP for authentication with STARTTLS, and System Account for authorization, allows an attacker to log into the server by sending any valid username with an arbitrary password.",
  "aliases": [
    "CVE-2018-18389"
  ],
  "modified": "2023-11-08T04:00:05.366349Z",
  "published": "2018-10-17T17:31:26Z",
  "database_specific": {
    "nvd_published_at": null,
    "github_reviewed_at": "2020-06-16T21:38:59Z",
    "severity": "CRITICAL",
    "github_reviewed": true,
    "cwe_ids": [
      "CWE-287"
    ]
  },
  "references": [
    {
      "type": "ADVISORY",
      "url": "https://nvd.nist.gov/vuln/detail/CVE-2018-18389"
    },
    {
      "type": "WEB",
      "url": "https://github.com/neo4j/neo4j/issues/12047"
    },
    {
      "type": "WEB",
      "url": "https://github.com/neo4j/neo4j/commit/46de5d01ae2741ffe04c36270fc62c6d490f65c9"
    },
    {
      "type": "ADVISORY",
      "url": "https://github.com/advisories/GHSA-h5f5-rj4r-42f6"
    },
    {
      "type": "PACKAGE",
      "url": "https://github.com/neo4j/neo4j"
    }
  ],
  "affected": [
    {
      "package": {
        "name": "org.neo4j:neo4j-enterprise",
        "ecosystem": "Maven",
        "purl": "pkg:maven/org.neo4j/neo4j-enterprise"
      },
      "ranges": [
        {
          "type": "ECOSYSTEM",
          "events": [
            {
              "introduced": "3.4.0"
            },
            {
              "fixed": "3.4.9"
            }
          ]
        }
      ],
      "versions": [
        "3.4.0",
        "3.4.1",
        "3.4.3",
        "3.4.4",
        "3.4.5",
        "3.4.6",
        "3.4.7",
        "3.4.8"
      ],
      "database_specific": {
        "source": "https://github.com/github/advisory-database/blob/main/advisories/github-reviewed/2018/10/GHSA-h5f5-rj4r-42f6/GHSA-h5f5-rj4r-42f6.json"
      }
    }
  ],
  "schema_version": "1.6.0",
  "severity": [
    {
      "type": "CVSS_V3",
      "score": "CVSS:3.0/AV:N/AC:L/PR:N/UI:N/S:U/C:H/I:H/A:H"
    }
  ]
}