{
  "id": "GHSA-hmw6-r547-42fr",
  "summary": "Jenkins Pipeline restFul API Plugin vulnerable to Cross Site Request Forgery",
  "details": "Jenkins Pipeline restFul API Plugin 0.11 and earlier does not require POST requests for an HTTP endpoint, resulting in a cross-site request forgery (CSRF) vulnerability.\n\nThis vulnerability allows attackers to have Jenkins connect to an attacker-specified URL, capturing a newly generated JCLI token that allows impersonating the victim.",
  "aliases": [
    "CVE-2023-37957"
  ],
  "modified": "2024-02-16T08:12:34.940936Z",
  "published": "2023-07-12T18:30:38Z",
  "database_specific": {
    "nvd_published_at": "2023-07-12T16:15:13Z",
    "cwe_ids": [
      "CWE-352"
    ],
    "severity": "HIGH",
    "github_reviewed": true,
    "github_reviewed_at": "2023-07-12T22:31:55Z"
  },
  "references": [
    {
      "type": "ADVISORY",
      "url": "https://nvd.nist.gov/vuln/detail/CVE-2023-37957"
    },
    {
      "type": "WEB",
      "url": "https://www.jenkins.io/security/advisory/2023-07-12/#SECURITY-3126"
    },
    {
      "type": "WEB",
      "url": "http://www.openwall.com/lists/oss-security/2023/07/12/2"
    }
  ],
  "affected": [
    {
      "package": {
        "name": "io.jenkins.plugins:pipeline-restful-api",
        "ecosystem": "Maven",
        "purl": "pkg:maven/io.jenkins.plugins/pipeline-restful-api"
      },
      "ranges": [
        {
          "type": "ECOSYSTEM",
          "events": [
            {
              "introduced": "0"
            },
            {
              "last_affected": "0.11"
            }
          ]
        }
      ],
      "versions": [
        "0.1",
        "0.10",
        "0.11",
        "0.2",
        "0.3",
        "0.4",
        "0.5",
        "0.6",
        "0.7",
        "0.8",
        "0.9"
      ],
      "database_specific": {
        "source": "https://github.com/github/advisory-database/blob/main/advisories/github-reviewed/2023/07/GHSA-hmw6-r547-42fr/GHSA-hmw6-r547-42fr.json"
      }
    }
  ],
  "schema_version": "1.6.0",
  "severity": [
    {
      "type": "CVSS_V3",
      "score": "CVSS:3.1/AV:N/AC:L/PR:N/UI:R/S:U/C:H/I:H/A:H"
    }
  ]
}