{
  "id": "GHSA-h2v5-3hpc-85j5",
  "summary": "Stored Cross-site Scripting vulnerability in Jenkins Extended Choice Parameter Plugin",
  "details": "Jenkins Extended Choice Parameter Plugin 346.vd87693c5a_86c and earlier does not escape the value and description of extended choice parameters of radio buttons or check boxes type, resulting in a stored cross-site scripting (XSS) vulnerability exploitable by attackers with Item/Configure permission.",
  "aliases": [
    "CVE-2022-27202"
  ],
  "modified": "2023-11-08T04:08:56.946905Z",
  "published": "2022-03-16T00:00:44Z",
  "database_specific": {
    "nvd_published_at": "2022-03-15T17:15:00Z",
    "github_reviewed_at": "2022-11-30T20:24:11Z",
    "severity": "HIGH",
    "github_reviewed": true,
    "cwe_ids": [
      "CWE-79"
    ]
  },
  "references": [
    {
      "type": "ADVISORY",
      "url": "https://nvd.nist.gov/vuln/detail/CVE-2022-27202"
    },
    {
      "type": "PACKAGE",
      "url": "https://github.com/jenkinsci/extended-choice-parameter-plugin"
    },
    {
      "type": "WEB",
      "url": "https://www.jenkins.io/security/advisory/2022-03-15/#SECURITY-2232"
    },
    {
      "type": "WEB",
      "url": "http://www.openwall.com/lists/oss-security/2022/03/15/2"
    }
  ],
  "affected": [
    {
      "package": {
        "name": "org.jenkins-ci.plugins:extended-choice-parameter",
        "ecosystem": "Maven",
        "purl": "pkg:maven/org.jenkins-ci.plugins/extended-choice-parameter"
      },
      "ranges": [
        {
          "type": "ECOSYSTEM",
          "events": [
            {
              "introduced": "0"
            },
            {
              "last_affected": "346.vd87693c5a"
            }
          ]
        }
      ],
      "versions": [
        "0.18",
        "0.19",
        "0.20",
        "0.21",
        "0.22",
        "0.23",
        "0.24",
        "0.25",
        "0.26",
        "0.27",
        "0.28",
        "0.30",
        "0.31",
        "0.32",
        "0.33",
        "0.34",
        "0.35",
        "0.36",
        "0.37",
        "0.38",
        "0.39",
        "0.40",
        "0.41",
        "0.42",
        "0.43",
        "0.44",
        "0.45",
        "0.46",
        "0.47",
        "0.48",
        "0.50",
        "0.51",
        "0.52",
        "0.53",
        "0.54",
        "0.55",
        "0.56",
        "0.59",
        "0.61",
        "0.63",
        "0.64",
        "0.65",
        "0.68",
        "0.69",
        "0.70",
        "0.71",
        "0.72",
        "0.74",
        "0.75",
        "0.76",
        "0.78",
        "0.82",
        "0.84",
        "342.v91c1905a_a_eb_a_",
        "343.v3a_a_d43ce47dd"
      ],
      "database_specific": {
        "source": "https://github.com/github/advisory-database/blob/main/advisories/github-reviewed/2022/03/GHSA-h2v5-3hpc-85j5/GHSA-h2v5-3hpc-85j5.json"
      }
    }
  ],
  "schema_version": "1.6.0",
  "severity": [
    {
      "type": "CVSS_V3",
      "score": "CVSS:3.1/AV:N/AC:L/PR:L/UI:R/S:U/C:H/I:H/A:H"
    }
  ]
}