{
  "id": "GHSA-j379-9jr9-w5cq",
  "summary": "XML External Entity (XXE) vulnerability in Square Retrofit",
  "details": "Square Open Source Retrofit versions prior to commit 4a693c5aeeef2be6c7ecf80e7b5ec79f6ab59437 contain a XML External Entity (XXE) vulnerability in JAXB. An attacker could use this to remotely read files from the file system or to perform SSRF. This vulnerability appears to have been fixed in commit 4a693c5aeeef2be6c7ecf80e7b5ec79f6ab59437.",
  "aliases": [
    "CVE-2018-1000844"
  ],
  "modified": "2023-11-08T03:59:40.929300Z",
  "published": "2018-12-21T17:48:26Z",
  "database_specific": {
    "nvd_published_at": null,
    "github_reviewed_at": "2020-06-16T21:41:45Z",
    "severity": "CRITICAL",
    "github_reviewed": true,
    "cwe_ids": [
      "CWE-611"
    ]
  },
  "references": [
    {
      "type": "ADVISORY",
      "url": "https://nvd.nist.gov/vuln/detail/CVE-2018-1000844"
    },
    {
      "type": "WEB",
      "url": "https://github.com/square/retrofit/pull/2735"
    },
    {
      "type": "ADVISORY",
      "url": "https://github.com/advisories/GHSA-j379-9jr9-w5cq"
    },
    {
      "type": "PACKAGE",
      "url": "https://github.com/square/retrofit"
    }
  ],
  "affected": [
    {
      "package": {
        "name": "com.squareup.retrofit2:retrofit",
        "ecosystem": "Maven",
        "purl": "pkg:maven/com.squareup.retrofit2/retrofit"
      },
      "ranges": [
        {
          "type": "ECOSYSTEM",
          "events": [
            {
              "introduced": "2.0.0"
            },
            {
              "fixed": "2.5.0"
            }
          ]
        }
      ],
      "versions": [
        "2.0.0",
        "2.0.1",
        "2.0.2",
        "2.1.0",
        "2.2.0",
        "2.3.0",
        "2.4.0"
      ],
      "database_specific": {
        "source": "https://github.com/github/advisory-database/blob/main/advisories/github-reviewed/2018/12/GHSA-j379-9jr9-w5cq/GHSA-j379-9jr9-w5cq.json"
      }
    }
  ],
  "schema_version": "1.6.0",
  "severity": [
    {
      "type": "CVSS_V3",
      "score": "CVSS:3.0/AV:N/AC:L/PR:N/UI:N/S:U/C:H/I:H/A:N"
    }
  ]
}