{
  "id": "GHSA-mj9c-vjp9-pggh",
  "summary": "Incorrect Authorization in Puppet Enterprise Pipeline Jenkins Plugin",
  "details": "Jenkins Puppet Enterprise Pipeline 1.3.1 and earlier specifies unsafe values in its custom Script Security whitelist, allowing attackers able to execute Script Security protected scripts to execute arbitrary code.",
  "aliases": [
    "CVE-2019-10458"
  ],
  "modified": "2023-11-08T04:00:52.581651Z",
  "published": "2022-05-24T16:58:51Z",
  "database_specific": {
    "nvd_published_at": "2019-10-16T14:15:00Z",
    "github_reviewed_at": "2022-09-08T19:49:02Z",
    "severity": "CRITICAL",
    "github_reviewed": true,
    "cwe_ids": [
      "CWE-183",
      "CWE-863"
    ]
  },
  "references": [
    {
      "type": "ADVISORY",
      "url": "https://nvd.nist.gov/vuln/detail/CVE-2019-10458"
    },
    {
      "type": "PACKAGE",
      "url": "https://github.com/jenkinsci/puppet-enterprise-pipeline-plugin"
    },
    {
      "type": "WEB",
      "url": "https://jenkins.io/security/advisory/2019-10-16/#SECURITY-918"
    }
  ],
  "affected": [
    {
      "package": {
        "name": "org.jenkins-ci.plugins.workflow:puppet-enterprise-pipeline",
        "ecosystem": "Maven",
        "purl": "pkg:maven/org.jenkins-ci.plugins.workflow/puppet-enterprise-pipeline"
      },
      "ranges": [
        {
          "type": "ECOSYSTEM",
          "events": [
            {
              "introduced": "0"
            },
            {
              "last_affected": "1.3.1"
            }
          ]
        }
      ],
      "versions": [
        "1.0.1",
        "1.1.0",
        "1.1.1",
        "1.2.1",
        "1.2.2",
        "1.2.3",
        "1.3.0",
        "1.3.1"
      ],
      "database_specific": {
        "source": "https://github.com/github/advisory-database/blob/main/advisories/github-reviewed/2022/05/GHSA-mj9c-vjp9-pggh/GHSA-mj9c-vjp9-pggh.json"
      }
    }
  ],
  "schema_version": "1.6.0",
  "severity": [
    {
      "type": "CVSS_V3",
      "score": "CVSS:3.1/AV:N/AC:L/PR:L/UI:N/S:C/C:H/I:H/A:H"
    }
  ]
}