{
  "id": "GHSA-c86f-9grv-pmqf",
  "summary": "Apache IoTDB grafana-connector contains an interface without authorization",
  "details": "Apache IoTDB grafana-connector version 0.13.0 contains an interface without authorization, which may expose the internal structure of a database. Users should upgrade to version 0.13.1, which addresses this issue.",
  "aliases": [
    "CVE-2022-38370"
  ],
  "modified": "2023-11-08T04:10:11.863700Z",
  "published": "2022-09-06T00:00:27Z",
  "database_specific": {
    "nvd_published_at": "2022-09-05T10:15:00Z",
    "github_reviewed_at": "2022-09-15T03:31:34Z",
    "severity": "HIGH",
    "github_reviewed": true,
    "cwe_ids": [
      "CWE-862"
    ]
  },
  "references": [
    {
      "type": "ADVISORY",
      "url": "https://nvd.nist.gov/vuln/detail/CVE-2022-38370"
    },
    {
      "type": "PACKAGE",
      "url": "https://github.com/apache/iotdb"
    },
    {
      "type": "WEB",
      "url": "https://lists.apache.org/thread/kcpqgstvgf8sxy9ktxm1836nlwc8xy3j"
    },
    {
      "type": "WEB",
      "url": "http://www.openwall.com/lists/oss-security/2022/09/05/2"
    }
  ],
  "affected": [
    {
      "package": {
        "name": "org.apache.iotdb:iotdb-grafana-connector",
        "ecosystem": "Maven",
        "purl": "pkg:maven/org.apache.iotdb/iotdb-grafana-connector"
      },
      "ranges": [
        {
          "type": "ECOSYSTEM",
          "events": [
            {
              "introduced": "0"
            },
            {
              "fixed": "0.13.1"
            }
          ]
        }
      ],
      "versions": [
        "0.13.0"
      ],
      "database_specific": {
        "source": "https://github.com/github/advisory-database/blob/main/advisories/github-reviewed/2022/09/GHSA-c86f-9grv-pmqf/GHSA-c86f-9grv-pmqf.json"
      }
    }
  ],
  "schema_version": "1.6.0",
  "severity": [
    {
      "type": "CVSS_V3",
      "score": "CVSS:3.1/AV:N/AC:L/PR:N/UI:N/S:U/C:H/I:N/A:N"
    }
  ]
}