{
  "id": "GHSA-x95w-qf3m-pqpx",
  "summary": "Cross-site Scripting in Jenkins Filesystem List Parameter Plugin",
  "details": "Jenkins Filesystem List Parameter Plugin 0.0.7 and earlier does not escape the name and description of File system objects list parameters on views displaying parameters, resulting in a stored cross-site scripting (XSS) vulnerability exploitable by attackers with Item/Configure permission.\n\nExploitation of this vulnerability requires that parameters are listed on another page, like the \\\"Build With Parameters\\\" and \\\"Parameters\\\" pages provided by Jenkins (core), and that those pages are not hardened to prevent exploitation. Jenkins (core) has prevented exploitation of vulnerabilities of this kind on the \\\"Build With Parameters\\\" and \\\"Parameters\\\" pages since 2.44 and LTS 2.32.2 as part of the [SECURITY-353 / CVE-2017-2601](https://www.jenkins.io/security/advisory/2017-02-01/#persisted-cross-site-scripting-vulnerability-in-parameter-names-and-descriptions) fix. Additionally, several plugins have previously been updated to list parameters in a way that prevents exploitation by default, see [SECURITY-2617 in the 2022-04-12 security advisory for a list](https://www.jenkins.io/security/advisory/2022-04-12/#SECURITY-2617).",
  "aliases": [
    "CVE-2022-34187"
  ],
  "modified": "2023-11-08T04:09:43.105873Z",
  "published": "2022-06-24T00:00:31Z",
  "database_specific": {
    "nvd_published_at": "2022-06-23T17:15:00Z",
    "github_reviewed_at": "2022-07-05T22:59:22Z",
    "severity": "HIGH",
    "github_reviewed": true,
    "cwe_ids": [
      "CWE-79"
    ]
  },
  "references": [
    {
      "type": "ADVISORY",
      "url": "https://nvd.nist.gov/vuln/detail/CVE-2022-34187"
    },
    {
      "type": "PACKAGE",
      "url": "https://github.com/jenkinsci/filesystem-list-parameter-plugin"
    },
    {
      "type": "WEB",
      "url": "https://www.jenkins.io/security/advisory/2022-06-22/#SECURITY-2784"
    }
  ],
  "affected": [
    {
      "package": {
        "name": "aendter.jenkins.plugins:filesystem-list-parameter-plugin",
        "ecosystem": "Maven",
        "purl": "pkg:maven/aendter.jenkins.plugins/filesystem-list-parameter-plugin"
      },
      "ranges": [
        {
          "type": "ECOSYSTEM",
          "events": [
            {
              "introduced": "0"
            },
            {
              "last_affected": "0.0.7"
            }
          ]
        }
      ],
      "versions": [
        "0.0.1",
        "0.0.2",
        "0.0.3",
        "0.0.4",
        "0.0.5",
        "0.0.6",
        "0.0.7"
      ],
      "database_specific": {
        "source": "https://github.com/github/advisory-database/blob/main/advisories/github-reviewed/2022/06/GHSA-x95w-qf3m-pqpx/GHSA-x95w-qf3m-pqpx.json"
      }
    }
  ],
  "schema_version": "1.6.0",
  "severity": [
    {
      "type": "CVSS_V3",
      "score": "CVSS:3.1/AV:N/AC:L/PR:L/UI:R/S:U/C:H/I:H/A:H"
    }
  ]
}