{
  "id": "GHSA-7mcw-xmx3-7p8m",
  "summary": "Insecure Temporary File in HuTool",
  "details": "Hutool v5.8.17 and below was discovered to contain an information disclosure vulnerability via the `File.createTempFile()` function at `/core/io/FileUtil.java`.",
  "aliases": [
    "CVE-2023-33695"
  ],
  "modified": "2024-02-16T08:11:30.387320Z",
  "published": "2023-06-13T18:30:39Z",
  "database_specific": {
    "nvd_published_at": "2023-06-13T16:15:13Z",
    "cwe_ids": [
      "CWE-377",
      "CWE-732"
    ],
    "severity": "HIGH",
    "github_reviewed": true,
    "github_reviewed_at": "2023-06-14T16:38:27Z"
  },
  "references": [
    {
      "type": "ADVISORY",
      "url": "https://nvd.nist.gov/vuln/detail/CVE-2023-33695"
    },
    {
      "type": "WEB",
      "url": "https://github.com/dromara/hutool/issues/3103"
    },
    {
      "type": "WEB",
      "url": "https://github.com/dromara/hutool/commit/c33550f703f5d1d7dd71ad2992d79a5e5532ce2c"
    },
    {
      "type": "PACKAGE",
      "url": "https://github.com/dromara/hutool"
    }
  ],
  "affected": [
    {
      "package": {
        "name": "cn.hutool:hutool-core",
        "ecosystem": "Maven",
        "purl": "pkg:maven/cn.hutool/hutool-core"
      },
      "ranges": [
        {
          "type": "ECOSYSTEM",
          "events": [
            {
              "introduced": "0"
            },
            {
              "fixed": "5.8.19"
            }
          ]
        }
      ],
      "versions": [
        "4.0.0",
        "4.0.1",
        "4.0.10",
        "4.0.11",
        "4.0.12",
        "4.0.2",
        "4.0.3",
        "4.0.4",
        "4.0.5",
        "4.0.6",
        "4.0.7",
        "4.0.8",
        "4.0.9",
        "4.1.0",
        "4.1.1",
        "4.1.10",
        "4.1.11",
        "4.1.12",
        "4.1.13",
        "4.1.14",
        "4.1.15",
        "4.1.16",
        "4.1.17",
        "4.1.18",
        "4.1.19",
        "4.1.2",
        "4.1.20",
        "4.1.21",
        "4.1.3",
        "4.1.4",
        "4.1.5",
        "4.1.6",
        "4.1.7",
        "4.1.8",
        "4.1.9",
        "4.2.1",
        "4.3.0",
        "4.3.1",
        "4.3.2",
        "4.4.0",
        "4.4.1",
        "4.4.2",
        "4.4.3",
        "4.4.4",
        "4.4.5",
        "4.5.0",
        "4.5.1",
        "4.5.10",
        "4.5.11",
        "4.5.12",
        "4.5.13",
        "4.5.14",
        "4.5.15",
        "4.5.16",
        "4.5.17",
        "4.5.18",
        "4.5.2",
        "4.5.3",
        "4.5.4",
        "4.5.5",
        "4.5.6",
        "4.5.7",
        "4.5.8",
        "4.5.9",
        "4.6.0",
        "4.6.1",
        "4.6.10",
        "4.6.11",
        "4.6.12",
        "4.6.13",
        "4.6.14",
        "4.6.15",
        "4.6.16",
        "4.6.17",
        "4.6.2",
        "4.6.3",
        "4.6.4",
        "4.6.5",
        "4.6.6",
        "4.6.7",
        "4.6.8",
        "5.0.0",
        "5.0.1",
        "5.0.2",
        "5.0.3",
        "5.0.4",
        "5.0.5",
        "5.0.6",
        "5.0.7",
        "5.1.0",
        "5.1.1",
        "5.1.2",
        "5.1.3",
        "5.1.4",
        "5.1.5",
        "5.2.0",
        "5.2.1",
        "5.2.2",
        "5.2.3",
        "5.2.4",
        "5.2.5",
        "5.3.0",
        "5.3.1",
        "5.3.10",
        "5.3.2",
        "5.3.3",
        "5.3.4",
        "5.3.5",
        "5.3.6",
        "5.3.7",
        "5.3.8",
        "5.3.9",
        "5.4.0",
        "5.4.1",
        "5.4.2",
        "5.4.3",
        "5.4.4",
        "5.4.5",
        "5.4.6",
        "5.4.7",
        "5.5.0",
        "5.5.1",
        "5.5.2",
        "5.5.3",
        "5.5.4",
        "5.5.5",
        "5.5.6",
        "5.5.7",
        "5.5.8",
        "5.5.9",
        "5.6.0",
        "5.6.1",
        "5.6.2",
        "5.6.3",
        "5.6.4",
        "5.6.5",
        "5.6.6",
        "5.6.7",
        "5.7.0",
        "5.7.1",
        "5.7.10",
        "5.7.11",
        "5.7.12",
        "5.7.13",
        "5.7.14",
        "5.7.15",
        "5.7.16",
        "5.7.17",
        "5.7.18",
        "5.7.19",
        "5.7.2",
        "5.7.20",
        "5.7.21",
        "5.7.22",
        "5.7.3",
        "5.7.4",
        "5.7.5",
        "5.7.6",
        "5.7.7",
        "5.7.8",
        "5.7.9",
        "5.8.0",
        "5.8.0.M1",
        "5.8.0.M2",
        "5.8.0.M3",
        "5.8.0.M4",
        "5.8.1",
        "5.8.10",
        "5.8.11",
        "5.8.12",
        "5.8.13",
        "5.8.14",
        "5.8.15",
        "5.8.16",
        "5.8.17",
        "5.8.18",
        "5.8.2",
        "5.8.3",
        "5.8.4",
        "5.8.4.M1",
        "5.8.5",
        "5.8.6",
        "5.8.7",
        "5.8.8",
        "5.8.9"
      ],
      "database_specific": {
        "source": "https://github.com/github/advisory-database/blob/main/advisories/github-reviewed/2023/06/GHSA-7mcw-xmx3-7p8m/GHSA-7mcw-xmx3-7p8m.json"
      }
    }
  ],
  "schema_version": "1.6.0",
  "severity": [
    {
      "type": "CVSS_V3",
      "score": "CVSS:3.1/AV:L/AC:L/PR:L/UI:N/S:U/C:H/I:H/A:N"
    }
  ]
}