{
  "id": "GHSA-c2fp-mpmm-cqxv",
  "summary": "Code injection via property expansion in SoapUI",
  "details": "The WSDL/WADL import functionality in SoapUI before 4.6.4 allows remote attackers to execute arbitrary Java code via a crafted request parameter in a WSDL file.",
  "aliases": [
    "CVE-2014-1202"
  ],
  "modified": "2023-12-21T19:42:00.883013Z",
  "published": "2022-05-17T04:53:43Z",
  "database_specific": {
    "nvd_published_at": "2014-01-25T01:55:00Z",
    "cwe_ids": [
      "CWE-94"
    ],
    "severity": "HIGH",
    "github_reviewed": true,
    "github_reviewed_at": "2023-12-21T19:26:21Z"
  },
  "references": [
    {
      "type": "ADVISORY",
      "url": "https://nvd.nist.gov/vuln/detail/CVE-2014-1202"
    },
    {
      "type": "WEB",
      "url": "https://github.com/SmartBear/soapui/commit/6373165649ad74257493c69dbc0569caa7e6b4a6"
    },
    {
      "type": "WEB",
      "url": "https://github.com/SmartBear/soapui"
    },
    {
      "type": "WEB",
      "url": "https://github.com/SmartBear/soapui/blob/master/RELEASENOTES.txt"
    },
    {
      "type": "WEB",
      "url": "http://baraktawily.blogspot.com/2014/01/soapui-code-execution-vulnerability-cve.html"
    },
    {
      "type": "WEB",
      "url": "http://packetstormsecurity.com/files/124773/SoapUI-Remote-Code-Execution.html"
    },
    {
      "type": "WEB",
      "url": "http://www.exploit-db.com/exploits/30908"
    }
  ],
  "affected": [
    {
      "package": {
        "name": "com.smartbear.soapui:soapui",
        "ecosystem": "Maven",
        "purl": "pkg:maven/com.smartbear.soapui/soapui"
      },
      "ranges": [
        {
          "type": "ECOSYSTEM",
          "events": [
            {
              "introduced": "0"
            },
            {
              "fixed": "4.6.4"
            }
          ]
        }
      ],
      "database_specific": {
        "source": "https://github.com/github/advisory-database/blob/main/advisories/github-reviewed/2022/05/GHSA-c2fp-mpmm-cqxv/GHSA-c2fp-mpmm-cqxv.json"
      },
      "versions": []
    }
  ],
  "schema_version": "1.6.0"
}