{
  "id": "GHSA-q7xg-hh3q-hc68",
  "summary": "XML External Entity Reference vulnerability in Jenkins Config File Provider Plugin",
  "details": "Jenkins Config File Provider Plugin 3.7.0 and earlier does not configure its XML parser to prevent XML external entity (XXE) attacks.\n\nThis allows attackers with the ability to define Maven configuration files to have Jenkins parse a crafted configuration file that uses external entities for extraction of secrets from the Jenkins controller or server-side request forgery.\n\nJenkins Config File Provider Plugin 3.7.1 disables external entity resolution for its XML parser.",
  "aliases": [
    "CVE-2021-21642"
  ],
  "modified": "2024-02-16T08:19:59.734101Z",
  "published": "2022-05-24T17:48:06Z",
  "database_specific": {
    "nvd_published_at": "2021-04-21T15:15:00Z",
    "cwe_ids": [
      "CWE-611"
    ],
    "severity": "HIGH",
    "github_reviewed": true,
    "github_reviewed_at": "2022-12-13T19:17:13Z"
  },
  "references": [
    {
      "type": "ADVISORY",
      "url": "https://nvd.nist.gov/vuln/detail/CVE-2021-21642"
    },
    {
      "type": "WEB",
      "url": "https://github.com/jenkinsci/config-file-provider-plugin/commit/5f845bc015be769e595088bab11ec36c767671e1"
    },
    {
      "type": "PACKAGE",
      "url": "https://github.com/jenkinsci/config-file-provider-plugin"
    },
    {
      "type": "WEB",
      "url": "https://www.jenkins.io/security/advisory/2021-04-21/#SECURITY-2204"
    },
    {
      "type": "WEB",
      "url": "http://www.openwall.com/lists/oss-security/2021/04/21/2"
    }
  ],
  "affected": [
    {
      "package": {
        "name": "org.jenkins-ci.plugins:config-file-provider",
        "ecosystem": "Maven",
        "purl": "pkg:maven/org.jenkins-ci.plugins/config-file-provider"
      },
      "ranges": [
        {
          "type": "ECOSYSTEM",
          "events": [
            {
              "introduced": "0"
            },
            {
              "fixed": "3.7.1"
            }
          ]
        }
      ],
      "versions": [
        "1.0",
        "1.1",
        "1.2",
        "1.5",
        "1.6.1",
        "1.9.1",
        "2.0",
        "2.1",
        "2.1.1",
        "2.10.0",
        "2.10.1",
        "2.11",
        "2.13",
        "2.14-beta",
        "2.14.1-beta",
        "2.14.2-beta",
        "2.15",
        "2.15.1",
        "2.15.2-beta",
        "2.15.3",
        "2.15.3-beta",
        "2.15.4",
        "2.15.5",
        "2.15.6",
        "2.15.7",
        "2.16.0",
        "2.16.1",
        "2.16.2",
        "2.16.3",
        "2.16.4",
        "2.17",
        "2.18",
        "2.2.1",
        "2.3",
        "2.4",
        "2.5",
        "2.5.1",
        "2.6",
        "2.6.1",
        "2.6.2",
        "2.7",
        "2.7.1",
        "2.7.4",
        "2.7.5",
        "2.8.1",
        "2.9.2",
        "2.9.3",
        "3.0",
        "3.1",
        "3.2",
        "3.3",
        "3.4",
        "3.4.1",
        "3.5",
        "3.6",
        "3.6.2",
        "3.6.3",
        "3.7.0"
      ],
      "database_specific": {
        "last_known_affected_version_range": "<= 3.7.0",
        "source": "https://github.com/github/advisory-database/blob/main/advisories/github-reviewed/2022/05/GHSA-q7xg-hh3q-hc68/GHSA-q7xg-hh3q-hc68.json"
      }
    }
  ],
  "schema_version": "1.6.0",
  "severity": [
    {
      "type": "CVSS_V3",
      "score": "CVSS:3.1/AV:N/AC:L/PR:L/UI:N/S:U/C:H/I:H/A:N"
    }
  ]
}