{
  "id": "GHSA-rr2r-g6xm-58xj",
  "summary": "Cross Site Request Forgery in Jenkins Storable Configs Plugin",
  "details": "A cross-site request forgery (CSRF) vulnerability in Jenkins Storable Configs Plugin 1.0 and earlier allows attackers to have Jenkins parse a local XML file (e.g., archived artifacts) that uses external entities for extraction of secrets from the Jenkins controller or server-side request forgery.",
  "aliases": [
    "CVE-2022-30972"
  ],
  "modified": "2024-02-22T05:33:59.053645Z",
  "published": "2022-05-18T00:00:42Z",
  "database_specific": {
    "nvd_published_at": "2022-05-17T15:15:00Z",
    "cwe_ids": [
      "CWE-352"
    ],
    "severity": "HIGH",
    "github_reviewed": true,
    "github_reviewed_at": "2022-06-01T20:52:02Z"
  },
  "references": [
    {
      "type": "ADVISORY",
      "url": "https://nvd.nist.gov/vuln/detail/CVE-2022-30972"
    },
    {
      "type": "WEB",
      "url": "https://github.com/jenkinsci/storable-configs-plugin"
    },
    {
      "type": "WEB",
      "url": "https://www.jenkins.io/security/advisory/2022-05-17/#SECURITY-1969"
    }
  ],
  "affected": [
    {
      "package": {
        "name": "org.jvnet.hudson.plugins:storable-configs-plugin",
        "ecosystem": "Maven",
        "purl": "pkg:maven/org.jvnet.hudson.plugins/storable-configs-plugin"
      },
      "ranges": [
        {
          "type": "ECOSYSTEM",
          "events": [
            {
              "introduced": "0"
            },
            {
              "last_affected": "1.0"
            }
          ]
        }
      ],
      "versions": [
        "1.0"
      ],
      "database_specific": {
        "source": "https://github.com/github/advisory-database/blob/main/advisories/github-reviewed/2022/05/GHSA-rr2r-g6xm-58xj/GHSA-rr2r-g6xm-58xj.json"
      }
    }
  ],
  "schema_version": "1.6.0",
  "severity": [
    {
      "type": "CVSS_V3",
      "score": "CVSS:3.1/AV:N/AC:L/PR:L/UI:N/S:U/C:H/I:L/A:N"
    }
  ]
}