{
  "id": "GHSA-vxmh-p52j-h33m",
  "summary": "Session fixation vulnerability in Jenkins OpenId Connect Authentication Plugin ",
  "details": "Jenkins OpenId Connect Authentication Plugin 2.4 and earlier does not invalidate the previous session on login.",
  "aliases": [
    "CVE-2023-24424"
  ],
  "modified": "2023-11-08T04:11:44.676213Z",
  "published": "2023-01-26T21:30:18Z",
  "database_specific": {
    "nvd_published_at": "2023-01-26T21:18:00Z",
    "github_reviewed_at": "2023-01-27T01:06:14Z",
    "severity": "HIGH",
    "github_reviewed": true,
    "cwe_ids": [
      "CWE-384"
    ]
  },
  "references": [
    {
      "type": "ADVISORY",
      "url": "https://nvd.nist.gov/vuln/detail/CVE-2023-24424"
    },
    {
      "type": "WEB",
      "url": "https://www.jenkins.io/security/advisory/2023-01-24/#SECURITY-2978"
    }
  ],
  "affected": [
    {
      "package": {
        "name": "org.jenkins-ci.plugins:oic-auth",
        "ecosystem": "Maven",
        "purl": "pkg:maven/org.jenkins-ci.plugins/oic-auth"
      },
      "ranges": [
        {
          "type": "ECOSYSTEM",
          "events": [
            {
              "introduced": "0"
            },
            {
              "fixed": "2.5"
            }
          ]
        }
      ],
      "versions": [
        "1.0",
        "1.1",
        "1.2",
        "1.3",
        "1.4",
        "1.5",
        "1.6",
        "1.7",
        "1.8",
        "2.0.0",
        "2.1",
        "2.2",
        "2.3",
        "2.4"
      ],
      "database_specific": {
        "source": "https://github.com/github/advisory-database/blob/main/advisories/github-reviewed/2023/01/GHSA-vxmh-p52j-h33m/GHSA-vxmh-p52j-h33m.json"
      }
    }
  ],
  "schema_version": "1.6.0",
  "severity": [
    {
      "type": "CVSS_V3",
      "score": "CVSS:3.1/AV:N/AC:L/PR:N/UI:R/S:U/C:H/I:H/A:H"
    }
  ]
}