{
  "id": "GHSA-m5h8-2pjw-vg3j",
  "summary": "Apache StreamPark Improper Input Validation vulnerability",
  "details": "Apache StreamPark 1.0.0 before 2.0.0 When the user successfully logs in, to modify his profile, the username will be passed to the server-layer\u00a0as a parameter, but not verified whether the user name is the currently logged user and whether the user is legal, This will allow malicious attackers to send any username to modify and reset the account,\u00a0Users of the affected\u00a0versions should upgrade to Apache StreamPark 2.0.0 or later.\n\n\n\n\n",
  "aliases": [
    "CVE-2022-46365"
  ],
  "modified": "2023-11-08T04:10:56.373Z",
  "published": "2023-07-06T19:24:19Z",
  "database_specific": {
    "nvd_published_at": "2023-05-01T15:15:09Z",
    "cwe_ids": [
      "CWE-20"
    ],
    "severity": "CRITICAL",
    "github_reviewed": true,
    "github_reviewed_at": "2023-07-06T23:06:09Z"
  },
  "references": [
    {
      "type": "ADVISORY",
      "url": "https://nvd.nist.gov/vuln/detail/CVE-2022-46365"
    },
    {
      "type": "WEB",
      "url": "https://github.com/apache/incubator-streampark/pull/2123"
    },
    {
      "type": "WEB",
      "url": "https://github.com/apache/incubator-streampark/commit/4f39d7f422d7519a3febc2d15d31ed0126d54fbc"
    },
    {
      "type": "PACKAGE",
      "url": "https://github.com/apache/incubator-streampark"
    },
    {
      "type": "WEB",
      "url": "https://github.com/apache/incubator-streampark/blob/dev/streampark-console/streampark-console-service/src/main/java/org/apache/streampark/console/system/controller/UserController.java#L128"
    },
    {
      "type": "WEB",
      "url": "https://github.com/apache/incubator-streampark/blob/dev/streampark-console/streampark-console-service/src/main/java/org/apache/streampark/console/system/service/impl/UserServiceImpl.java#L149-L162"
    },
    {
      "type": "WEB",
      "url": "https://lists.apache.org/thread/f68lcwrp8pcdc4yrbpcm8j7m0f5mjn7h"
    }
  ],
  "affected": [
    {
      "package": {
        "name": "org.apache.streampark:streampark",
        "ecosystem": "Maven",
        "purl": "pkg:maven/org.apache.streampark/streampark"
      },
      "ranges": [
        {
          "type": "ECOSYSTEM",
          "events": [
            {
              "introduced": "1.0.0"
            },
            {
              "fixed": "2.0.0"
            }
          ]
        }
      ],
      "database_specific": {
        "source": "https://github.com/github/advisory-database/blob/main/advisories/github-reviewed/2023/07/GHSA-m5h8-2pjw-vg3j/GHSA-m5h8-2pjw-vg3j.json"
      },
      "versions": []
    }
  ],
  "schema_version": "1.6.0",
  "severity": [
    {
      "type": "CVSS_V3",
      "score": "CVSS:3.1/AV:N/AC:L/PR:N/UI:N/S:U/C:N/I:H/A:H"
    }
  ]
}