{
  "id": "GHSA-rv4h-m4wc-v99w",
  "summary": "Apache Archiva Incorrect Authorization vulnerability",
  "details": "** UNSUPPORTED WHEN ASSIGNED ** Incorrect Authorization vulnerability in Apache Archiva.\n\nApache Archiva has a setting to disable user registration, however this restriction can be bypassed. As Apache Archiva has been retired, we do not expect to release a version of Apache Archiva that fixes this issue. You are recommended to look into migrating to a different solution, or isolate your instance from any untrusted users.\n\nNOTE: This vulnerability only affects products that are no longer supported by the maintainer",
  "aliases": [
    "CVE-2024-27138"
  ],
  "modified": "2024-08-22T01:43:10.483405Z",
  "published": "2024-03-01T18:30:23Z",
  "database_specific": {
    "nvd_published_at": "2024-03-01T16:15:45Z",
    "cwe_ids": [
      "CWE-863"
    ],
    "severity": "HIGH",
    "github_reviewed": true,
    "github_reviewed_at": "2024-03-01T20:12:21Z"
  },
  "references": [
    {
      "type": "ADVISORY",
      "url": "https://nvd.nist.gov/vuln/detail/CVE-2024-27138"
    },
    {
      "type": "PACKAGE",
      "url": "https://github.com/apache/archiva"
    },
    {
      "type": "WEB",
      "url": "https://lists.apache.org/thread/070qcpclcb3sqk1hn8j5lvzohp30k1m2"
    },
    {
      "type": "WEB",
      "url": "http://www.openwall.com/lists/oss-security/2024/03/01/4"
    }
  ],
  "affected": [
    {
      "package": {
        "name": "org.apache.archiva:archiva",
        "ecosystem": "Maven",
        "purl": "pkg:maven/org.apache.archiva/archiva"
      },
      "ranges": [
        {
          "type": "ECOSYSTEM",
          "events": [
            {
              "introduced": "0"
            },
            {
              "last_affected": "2.2.10"
            }
          ]
        }
      ],
      "versions": [
        "1.1",
        "1.1.1",
        "1.1.2",
        "1.1.3",
        "1.1.4",
        "1.2",
        "1.2-M1",
        "1.2.1",
        "1.2.2",
        "1.3",
        "1.3.1",
        "1.3.2",
        "1.3.3",
        "1.3.4",
        "1.3.5",
        "1.3.6",
        "1.3.8",
        "1.3.9",
        "1.4-M1",
        "1.4-M2",
        "1.4-M3",
        "1.4-M4",
        "2.0.0",
        "2.0.1",
        "2.1.0",
        "2.1.1",
        "2.2.0",
        "2.2.1",
        "2.2.10",
        "2.2.3",
        "2.2.4",
        "2.2.5",
        "2.2.6",
        "2.2.7",
        "2.2.8",
        "2.2.9"
      ],
      "database_specific": {
        "source": "https://github.com/github/advisory-database/blob/main/advisories/github-reviewed/2024/03/GHSA-rv4h-m4wc-v99w/GHSA-rv4h-m4wc-v99w.json"
      }
    }
  ],
  "schema_version": "1.6.0",
  "severity": [
    {
      "type": "CVSS_V3",
      "score": "CVSS:3.1/AV:N/AC:L/PR:N/UI:N/S:U/C:N/I:H/A:N"
    },
    {
      "type": "CVSS_V4",
      "score": "CVSS:4.0/AV:N/AC:L/AT:N/PR:N/UI:N/VC:N/VI:H/VA:N/SC:N/SI:N/SA:N"
    }
  ]
}