{
  "id": "GHSA-pwr6-p3fh-grc2",
  "summary": "Deserialization of Untrusted Data in Magnolia CMS",
  "details": "A vulnerability in the Snake YAML parser of Magnolia CMS v6.2.3 and below allows attackers to execute arbitrary code via a crafted YAML file.",
  "aliases": [
    "CVE-2021-46364"
  ],
  "modified": "2023-11-08T04:07:25.714126Z",
  "published": "2022-02-12T00:00:37Z",
  "database_specific": {
    "nvd_published_at": "2022-02-11T21:15:00Z",
    "github_reviewed_at": "2022-02-14T22:44:01Z",
    "severity": "HIGH",
    "github_reviewed": true,
    "cwe_ids": [
      "CWE-502"
    ]
  },
  "references": [
    {
      "type": "ADVISORY",
      "url": "https://nvd.nist.gov/vuln/detail/CVE-2021-46364"
    },
    {
      "type": "WEB",
      "url": "https://docs.magnolia-cms.com/product-docs/6.2/Releases/Release-notes-for-Magnolia-CMS-6.2.4.html#_security_advisory"
    },
    {
      "type": "WEB",
      "url": "https://github.com/DrunkenShells/Disclosures/tree/master/CVE-2021-46364-YAML%20Deserialization-Magnolia%20CMS"
    }
  ],
  "affected": [
    {
      "package": {
        "name": "info.magnolia:magnolia-core",
        "ecosystem": "Maven",
        "purl": "pkg:maven/info.magnolia/magnolia-core"
      },
      "ranges": [
        {
          "type": "ECOSYSTEM",
          "events": [
            {
              "introduced": "0"
            },
            {
              "fixed": "6.2.4"
            }
          ]
        }
      ],
      "database_specific": {
        "source": "https://github.com/github/advisory-database/blob/main/advisories/github-reviewed/2022/02/GHSA-pwr6-p3fh-grc2/GHSA-pwr6-p3fh-grc2.json"
      },
      "versions": []
    }
  ],
  "schema_version": "1.6.0",
  "severity": [
    {
      "type": "CVSS_V3",
      "score": "CVSS:3.1/AV:L/AC:L/PR:N/UI:R/S:U/C:H/I:H/A:H"
    }
  ]
}