{
  "id": "GHSA-5v9r-788c-wc8p",
  "summary": "Jeecg Boot SQL injection vulnerability",
  "details": "SQL injection vulnerability in jeecg-boot version 3.5.3, allows remote attackers to escalate privileges and obtain sensitive information via the jmreport/qurestSql component.",
  "aliases": [
    "CVE-2023-41542"
  ],
  "modified": "2024-09-03T22:03:24.317271Z",
  "published": "2023-12-30T03:30:19Z",
  "database_specific": {
    "nvd_published_at": "2023-12-30T02:15:08Z",
    "cwe_ids": [
      "CWE-89"
    ],
    "severity": "CRITICAL",
    "github_reviewed": true,
    "github_reviewed_at": "2024-01-03T21:30:51Z"
  },
  "references": [
    {
      "type": "ADVISORY",
      "url": "https://nvd.nist.gov/vuln/detail/CVE-2023-41542"
    },
    {
      "type": "PACKAGE",
      "url": "https://github.com/jeecgboot/jeecg-boot"
    },
    {
      "type": "WEB",
      "url": "https://pho3n1x-web.github.io/2023/09/15/CVE-2023-41542%28JeecgBoot_sql%29"
    }
  ],
  "affected": [
    {
      "package": {
        "name": "org.jeecgframework.boot:jeecg-boot-common",
        "ecosystem": "Maven",
        "purl": "pkg:maven/org.jeecgframework.boot/jeecg-boot-common"
      },
      "ranges": [
        {
          "type": "ECOSYSTEM",
          "events": [
            {
              "introduced": "0"
            },
            {
              "last_affected": "3.5.3"
            }
          ]
        }
      ],
      "versions": [
        "3.4.0",
        "3.4.2",
        "3.4.3",
        "3.4.4",
        "3.5.0",
        "3.5.1",
        "3.5.2",
        "3.5.3"
      ],
      "database_specific": {
        "source": "https://github.com/github/advisory-database/blob/main/advisories/github-reviewed/2023/12/GHSA-5v9r-788c-wc8p/GHSA-5v9r-788c-wc8p.json"
      }
    }
  ],
  "schema_version": "1.6.0",
  "severity": [
    {
      "type": "CVSS_V3",
      "score": "CVSS:3.1/AV:N/AC:L/PR:N/UI:N/S:U/C:H/I:H/A:H"
    }
  ]
}