{
  "id": "GHSA-x7qf-qh3r-mx22",
  "summary": "XXE vulnerability in Jenkins DRY Plugin",
  "details": "Jenkins DRY Plugin 2.49 and earlier processes XML external entities in files it parses as part of the build process, allowing attackers with user permissions in Jenkins to extract secrets from the Jenkins master, perform server-side request forgery, or denial-of-service attacks.",
  "aliases": [
    "CVE-2018-1000010"
  ],
  "modified": "2024-02-18T05:24:44.127793Z",
  "published": "2022-05-14T03:46:09Z",
  "database_specific": {
    "nvd_published_at": "2018-01-23T14:29:00Z",
    "cwe_ids": [
      "CWE-611"
    ],
    "severity": "HIGH",
    "github_reviewed": true,
    "github_reviewed_at": "2024-01-30T22:36:41Z"
  },
  "references": [
    {
      "type": "ADVISORY",
      "url": "https://nvd.nist.gov/vuln/detail/CVE-2018-1000010"
    },
    {
      "type": "WEB",
      "url": "https://jenkins.io/security/advisory/2018-01-22"
    }
  ],
  "affected": [
    {
      "package": {
        "name": "org.jvnet.hudson.plugins:dry",
        "ecosystem": "Maven",
        "purl": "pkg:maven/org.jvnet.hudson.plugins/dry"
      },
      "ranges": [
        {
          "type": "ECOSYSTEM",
          "events": [
            {
              "introduced": "0"
            },
            {
              "fixed": "2.50"
            }
          ]
        }
      ],
      "versions": [
        "1.0",
        "1.10",
        "1.11",
        "1.12",
        "1.13",
        "1.2",
        "1.3",
        "1.4",
        "1.5",
        "1.6",
        "1.7",
        "1.8",
        "1.9",
        "2.0",
        "2.1",
        "2.10",
        "2.11",
        "2.12",
        "2.13",
        "2.14",
        "2.15",
        "2.16",
        "2.17",
        "2.18",
        "2.19",
        "2.2",
        "2.20",
        "2.21",
        "2.22",
        "2.23",
        "2.24",
        "2.25",
        "2.26",
        "2.27",
        "2.28",
        "2.29",
        "2.3",
        "2.30",
        "2.31",
        "2.32",
        "2.33",
        "2.34",
        "2.35",
        "2.36",
        "2.37",
        "2.38",
        "2.39",
        "2.4",
        "2.40",
        "2.41",
        "2.42",
        "2.43",
        "2.44",
        "2.45",
        "2.46",
        "2.47",
        "2.48",
        "2.49",
        "2.5",
        "2.6",
        "2.7",
        "2.8",
        "2.9"
      ],
      "database_specific": {
        "last_known_affected_version_range": "<= 2.49",
        "source": "https://github.com/github/advisory-database/blob/main/advisories/github-reviewed/2022/05/GHSA-x7qf-qh3r-mx22/GHSA-x7qf-qh3r-mx22.json"
      }
    }
  ],
  "schema_version": "1.6.0",
  "severity": [
    {
      "type": "CVSS_V3",
      "score": "CVSS:3.0/AV:N/AC:L/PR:L/UI:N/S:U/C:H/I:H/A:H"
    }
  ]
}