{
  "id": "GHSA-v7xh-h48c-xw5f",
  "summary": "CSRF vulnerability and in Jenkins OWASP Dependency-Track Plugin allow capturing credentials",
  "details": "Jenkins OWASP Dependency-Track Plugin 3.1.0 and earlier does not perform permission checks in several HTTP endpoints.\n\nThis allows attackers with Overall/Read permission to connect to an attacker-specified URL using attacker-specified credentials IDs obtained through another method, capturing \\\"Secret text\\\" credentials stored in Jenkins. If no credentials ID is specified, the globally configured credential is used, if set up, and can likewise be captured.\n\nAdditionally, these HTTP endpoints do not require POST requests, resulting in a cross-site request forgery (CSRF) vulnerability.\n\nJenkins OWASP Dependency-Track Plugin 3.1.1 requires POST requests and appropriate permissions for the affected HTTP endpoints.",
  "aliases": [
    "CVE-2021-21633"
  ],
  "modified": "2024-02-16T07:55:52.232089Z",
  "published": "2022-05-24T17:45:45Z",
  "database_specific": {
    "nvd_published_at": "2021-03-30T12:16:00Z",
    "cwe_ids": [
      "CWE-352"
    ],
    "severity": "HIGH",
    "github_reviewed": true,
    "github_reviewed_at": "2022-12-15T17:25:07Z"
  },
  "references": [
    {
      "type": "ADVISORY",
      "url": "https://nvd.nist.gov/vuln/detail/CVE-2021-21633"
    },
    {
      "type": "WEB",
      "url": "https://github.com/jenkinsci/dependency-track-plugin/commit/70e7b82ad9a10499e628998a0bcb57c1481c66bc"
    },
    {
      "type": "PACKAGE",
      "url": "https://github.com/jenkinsci/dependency-track-plugin"
    },
    {
      "type": "WEB",
      "url": "https://www.jenkins.io/security/advisory/2021-03-30/#SECURITY-2250"
    },
    {
      "type": "WEB",
      "url": "http://www.openwall.com/lists/oss-security/2021/03/30/1"
    }
  ],
  "affected": [
    {
      "package": {
        "name": "org.jenkins-ci.plugins:dependency-track",
        "ecosystem": "Maven",
        "purl": "pkg:maven/org.jenkins-ci.plugins/dependency-track"
      },
      "ranges": [
        {
          "type": "ECOSYSTEM",
          "events": [
            {
              "introduced": "0"
            },
            {
              "fixed": "3.1.1"
            }
          ]
        }
      ],
      "versions": [
        "1.0.0",
        "1.1.0",
        "1.1.1",
        "2.0.0",
        "2.0.1",
        "2.0.2",
        "2.1.0",
        "2.2.0",
        "2.2.1",
        "2.3.0",
        "3.0.0",
        "3.0.1",
        "3.0.2",
        "3.1.0"
      ],
      "database_specific": {
        "last_known_affected_version_range": "<= 3.1.0",
        "source": "https://github.com/github/advisory-database/blob/main/advisories/github-reviewed/2022/05/GHSA-v7xh-h48c-xw5f/GHSA-v7xh-h48c-xw5f.json"
      }
    }
  ],
  "schema_version": "1.6.0",
  "severity": [
    {
      "type": "CVSS_V3",
      "score": "CVSS:3.1/AV:N/AC:L/PR:N/UI:R/S:U/C:H/I:H/A:H"
    }
  ]
}