{
  "id": "GHSA-fq2h-r2h9-pj8r",
  "summary": "Jenkins NS-ND Integration Performance Publisher Plugin vulnerable to Cross-site Scripting",
  "details": "Jenkins NS-ND Integration Performance Publisher Plugin prior to version 4.8.0.147 does not escape configuration options of the Execute NetStorm/NetCloud Test build step, resulting in a stored cross-site scripting (XSS) vulnerability exploitable by attackers with Item/Configure permission.",
  "aliases": [
    "CVE-2022-41229"
  ],
  "modified": "2023-11-08T04:10:27.644209Z",
  "published": "2022-09-22T00:00:28Z",
  "database_specific": {
    "nvd_published_at": "2022-09-21T16:15:00Z",
    "github_reviewed_at": "2022-09-23T13:40:49Z",
    "severity": "HIGH",
    "github_reviewed": true,
    "cwe_ids": [
      "CWE-79"
    ]
  },
  "references": [
    {
      "type": "ADVISORY",
      "url": "https://nvd.nist.gov/vuln/detail/CVE-2022-41229"
    },
    {
      "type": "WEB",
      "url": "https://github.com/jenkinsci/cavisson-ns-nd-integration-plugin/commit/d77c6c7a279da002178f8244f37093773dd6aee5"
    },
    {
      "type": "PACKAGE",
      "url": "https://github.com/jenkinsci/cavisson-ns-nd-integration-plugin"
    },
    {
      "type": "WEB",
      "url": "https://www.jenkins.io/security/advisory/2022-09-21/#SECURITY-2858"
    }
  ],
  "affected": [
    {
      "package": {
        "name": "io.jenkins.plugins:cavisson-ns-nd-integration",
        "ecosystem": "Maven",
        "purl": "pkg:maven/io.jenkins.plugins/cavisson-ns-nd-integration"
      },
      "ranges": [
        {
          "type": "ECOSYSTEM",
          "events": [
            {
              "introduced": "0"
            },
            {
              "fixed": "4.8.0.147"
            }
          ]
        }
      ],
      "versions": [
        "4.6.0.23",
        "4.6.0.24",
        "4.6.1.40",
        "4.6.1.65",
        "4.6.1.65.1",
        "4.6.1.65.2",
        "4.6.1.66",
        "4.6.1.68",
        "4.6.1.69",
        "4.6.1.70",
        "4.6.1.76",
        "4.6.1.78",
        "4.6.1.79",
        "4.6.1.80",
        "4.6.1.82",
        "4.6.1.83",
        "4.6.1.85",
        "4.6.1.93",
        "4.8.0.129",
        "4.8.0.130",
        "4.8.0.134",
        "4.8.0.142",
        "4.8.0.143",
        "4.8.0.146",
        "4.8.0.77"
      ],
      "database_specific": {
        "source": "https://github.com/github/advisory-database/blob/main/advisories/github-reviewed/2022/09/GHSA-fq2h-r2h9-pj8r/GHSA-fq2h-r2h9-pj8r.json"
      }
    }
  ],
  "schema_version": "1.6.0",
  "severity": [
    {
      "type": "CVSS_V3",
      "score": "CVSS:3.1/AV:N/AC:L/PR:L/UI:R/S:U/C:H/I:H/A:H"
    }
  ]
}