{
  "id": "GHSA-rmcx-fg5w-x8j9",
  "summary": "FusionAuth vulnerable to directory traversal attack",
  "details": "FusionAuth before 1.41.3 allows a file outside of the application root to be viewed or retrieved using an HTTP request. To be specific, an attacker may be able to view or retrieve any file readable by the user running the FusionAuth process.",
  "aliases": [
    "CVE-2022-45921"
  ],
  "modified": "2023-11-08T04:10:54.309535Z",
  "published": "2022-11-28T21:30:21Z",
  "database_specific": {
    "nvd_published_at": "2022-11-28T21:15:00Z",
    "github_reviewed_at": "2022-11-30T21:16:58Z",
    "severity": "HIGH",
    "github_reviewed": true,
    "cwe_ids": [
      "CWE-22"
    ]
  },
  "references": [
    {
      "type": "ADVISORY",
      "url": "https://nvd.nist.gov/vuln/detail/CVE-2022-45921"
    },
    {
      "type": "WEB",
      "url": "https://github.com/FusionAuth/fusionauth-issues/issues/1983"
    },
    {
      "type": "WEB",
      "url": "https://fusionauth.io/docs/v1/tech/release-notes"
    },
    {
      "type": "PACKAGE",
      "url": "https://github.com/FusionAuth/fusionauth-java-client"
    }
  ],
  "affected": [
    {
      "package": {
        "name": "io.fusionauth:fusionauth-java-client",
        "ecosystem": "Maven",
        "purl": "pkg:maven/io.fusionauth/fusionauth-java-client"
      },
      "ranges": [
        {
          "type": "ECOSYSTEM",
          "events": [
            {
              "introduced": "1.37.0"
            },
            {
              "fixed": "1.41.3"
            }
          ]
        }
      ],
      "versions": [
        "1.37.0",
        "1.38.0",
        "1.39.0",
        "1.40.1",
        "1.41.0"
      ],
      "database_specific": {
        "source": "https://github.com/github/advisory-database/blob/main/advisories/github-reviewed/2022/11/GHSA-rmcx-fg5w-x8j9/GHSA-rmcx-fg5w-x8j9.json"
      }
    }
  ],
  "schema_version": "1.6.0",
  "severity": [
    {
      "type": "CVSS_V3",
      "score": "CVSS:3.1/AV:N/AC:L/PR:N/UI:N/S:U/C:H/I:N/A:N"
    }
  ]
}