{
  "id": "GHSA-j563-grx4-pjpv",
  "summary": "XStream can cause Denial of Service via stack overflow",
  "details": "### Impact\nThe vulnerability may allow a remote attacker to terminate the application with a stack overflow error resulting in a denial of service only by manipulating the processed input stream.\n\n### Patches\nXStream 1.4.20 handles the stack overflow and raises an InputManipulationException instead.\n\n### Workarounds\nThe attack uses the hash code implementation for collections and maps to force recursive hash calculation causing a stack overflow. Following types of the Java runtime are affected:\n\n- java.util.HashMap\n- java.util.HashSet\n- java.util.Hashtable\n- java.util.LinkedHashMap\n- java.util.LinkedHashSet\n- Other third party collection implementations that use their element's hash code may also be affected\n\nA simple solution is to catch the StackOverflowError in the client code calling XStream.\n\nIf your object graph does not use referenced elements at all, you may simply set the NO_REFERENCE mode:\n```Java\nXStream xstream = new XStream();\nxstream.setMode(XStream.NO_REFERENCES);\n```\n\nIf your object graph contains neither a Hashtable, HashMap nor a HashSet (or one of the linked variants of it) then you can use the security framework to deny the usage of these types:\n```Java\nXStream xstream = new XStream();\nxstream.denyTypes(new Class[]{\n java.util.HashMap.class, java.util.HashSet.class, java.util.Hashtable.class, java.util.LinkedHashMap.class, java.util.LinkedHashSet.class\n});\n```\n\nUnfortunately these types are very common. If you only use HashMap or HashSet and your XML refers these only as default map or set, you may additionally change the default implementation of java.util.Map and java.util.Set at unmarshalling time::\n```Java\nxstream.addDefaultImplementation(java.util.TreeMap.class, java.util.Map.class);\nxstream.addDefaultImplementation(java.util.TreeSet.class, java.util.Set.class);\n```\nHowever, this implies that your application does not care about the implementation of the map and all elements are comparable.\n\n### References\nSee full information about the nature of the vulnerability and the steps to reproduce it in XStream's documentation for [CVE-2022-41966](https://x-stream.github.io/CVE-2022-41966.html).\n\n### For more information\nIf you have any questions or comments about this advisory:\n* Open an issue in [XStream](https://github.com/x-stream/xstream/issues)\n* Contact us at [XStream Google Group](https://groups.google.com/group/xstream-user)\n",
  "aliases": [
    "CVE-2022-41966"
  ],
  "modified": "2024-02-16T08:18:32.925932Z",
  "published": "2022-12-29T01:48:08Z",
  "database_specific": {
    "nvd_published_at": "2022-12-28T00:15:00Z",
    "cwe_ids": [
      "CWE-120",
      "CWE-121",
      "CWE-502",
      "CWE-674"
    ],
    "severity": "HIGH",
    "github_reviewed": true,
    "github_reviewed_at": "2022-12-29T01:48:08Z"
  },
  "references": [
    {
      "type": "WEB",
      "url": "https://github.com/x-stream/xstream/security/advisories/GHSA-j563-grx4-pjpv"
    },
    {
      "type": "ADVISORY",
      "url": "https://nvd.nist.gov/vuln/detail/CVE-2022-41966"
    },
    {
      "type": "PACKAGE",
      "url": "https://github.com/x-stream/xstream"
    },
    {
      "type": "WEB",
      "url": "https://x-stream.github.io/CVE-2022-41966.html"
    }
  ],
  "affected": [
    {
      "package": {
        "name": "com.thoughtworks.xstream:xstream",
        "ecosystem": "Maven",
        "purl": "pkg:maven/com.thoughtworks.xstream/xstream"
      },
      "ranges": [
        {
          "type": "ECOSYSTEM",
          "events": [
            {
              "introduced": "0"
            },
            {
              "fixed": "1.4.20"
            }
          ]
        }
      ],
      "versions": [
        "0.1",
        "0.2",
        "0.3",
        "0.5",
        "0.6",
        "1.0",
        "1.0.1",
        "1.0.2",
        "1.1",
        "1.1.1",
        "1.1.2",
        "1.1.3",
        "1.2",
        "1.2.1",
        "1.2.2",
        "1.3",
        "1.3.1",
        "1.4",
        "1.4.1",
        "1.4.10",
        "1.4.10-java7",
        "1.4.11",
        "1.4.11-java7",
        "1.4.11.1",
        "1.4.12",
        "1.4.12-java7",
        "1.4.13",
        "1.4.13-java7",
        "1.4.14",
        "1.4.14-java7",
        "1.4.14-jdk7",
        "1.4.15",
        "1.4.16",
        "1.4.17",
        "1.4.18",
        "1.4.19",
        "1.4.2",
        "1.4.3",
        "1.4.4",
        "1.4.5",
        "1.4.6",
        "1.4.7",
        "1.4.8",
        "1.4.9"
      ],
      "database_specific": {
        "source": "https://github.com/github/advisory-database/blob/main/advisories/github-reviewed/2022/12/GHSA-j563-grx4-pjpv/GHSA-j563-grx4-pjpv.json"
      }
    }
  ],
  "schema_version": "1.6.0",
  "severity": [
    {
      "type": "CVSS_V3",
      "score": "CVSS:3.1/AV:N/AC:L/PR:N/UI:N/S:U/C:N/I:L/A:H"
    }
  ]
}