{
  "id": "GHSA-rxqh-fc23-gxp2",
  "summary": "Improper Input Validation in Apache ActiveMQ",
  "details": "The Fileserver web application in Apache ActiveMQ 5.x before 5.14.0 allows remote attackers to upload and execute arbitrary files via an HTTP PUT followed by an HTTP MOVE request.",
  "aliases": [
    "CVE-2016-3088"
  ],
  "modified": "2024-07-25T13:48:59.127094Z",
  "published": "2022-05-14T01:14:51Z",
  "database_specific": {
    "nvd_published_at": "2016-06-01T20:59:00Z",
    "cwe_ids": [
      "CWE-20",
      "CWE-434"
    ],
    "severity": "CRITICAL",
    "github_reviewed": true,
    "github_reviewed_at": "2022-07-06T19:56:52Z"
  },
  "references": [
    {
      "type": "ADVISORY",
      "url": "https://nvd.nist.gov/vuln/detail/CVE-2016-3088"
    },
    {
      "type": "WEB",
      "url": "https://github.com/apache/activemq/commit/3dd86d04e8b90ba309819317d19e7260d414d9e7"
    },
    {
      "type": "WEB",
      "url": "https://issues.apache.org/jira/browse/AMQ-6276"
    },
    {
      "type": "WEB",
      "url": "https://lists.apache.org/thread.html/a859563f05fbe7c31916b3178c2697165bd9bbf5a65d1cf62aef27d2%40%3Ccommits.activemq.apache.org%3E"
    },
    {
      "type": "WEB",
      "url": "https://lists.apache.org/thread.html/a859563f05fbe7c31916b3178c2697165bd9bbf5a65d1cf62aef27d2@%3Ccommits.activemq.apache.org%3E"
    },
    {
      "type": "WEB",
      "url": "https://lists.apache.org/thread.html/f956ea38e4da2e2c1e7131e6f91e41754852f5a4861d1a14ca5ca78a%40%3Cusers.activemq.apache.org%3E"
    },
    {
      "type": "WEB",
      "url": "https://lists.apache.org/thread.html/f956ea38e4da2e2c1e7131e6f91e41754852f5a4861d1a14ca5ca78a@%3Cusers.activemq.apache.org%3E"
    },
    {
      "type": "WEB",
      "url": "https://lists.apache.org/thread.html/r6d03e45b81eab03580cf7f8bb51cb3e9a1b10a2cc0c6a2d3cc92ed0c%40%3Cannounce.apache.org%3E"
    },
    {
      "type": "WEB",
      "url": "https://lists.apache.org/thread.html/r6d03e45b81eab03580cf7f8bb51cb3e9a1b10a2cc0c6a2d3cc92ed0c@%3Cannounce.apache.org%3E"
    },
    {
      "type": "WEB",
      "url": "https://stackoverflow.com/questions/67140241/configuring-activemq-webconsole-to-redirect-http-to-https"
    },
    {
      "type": "WEB",
      "url": "https://www.exploit-db.com/exploits/42283"
    },
    {
      "type": "WEB",
      "url": "http://activemq.apache.org/security-advisories.data/CVE-2016-3088-announcement.txt"
    },
    {
      "type": "WEB",
      "url": "http://rhn.redhat.com/errata/RHSA-2016-2036.html"
    },
    {
      "type": "WEB",
      "url": "http://www.securitytracker.com/id/1035951"
    },
    {
      "type": "WEB",
      "url": "http://www.zerodayinitiative.com/advisories/ZDI-16-356"
    },
    {
      "type": "WEB",
      "url": "http://www.zerodayinitiative.com/advisories/ZDI-16-357"
    }
  ],
  "affected": [
    {
      "package": {
        "name": "org.apache.activemq:activemq-client",
        "ecosystem": "Maven",
        "purl": "pkg:maven/org.apache.activemq/activemq-client"
      },
      "ranges": [
        {
          "type": "ECOSYSTEM",
          "events": [
            {
              "introduced": "5.0.0"
            },
            {
              "fixed": "5.14.0"
            }
          ]
        }
      ],
      "versions": [
        "5.10.0",
        "5.10.1",
        "5.10.2",
        "5.11.0",
        "5.11.1",
        "5.11.2",
        "5.11.3",
        "5.11.4",
        "5.12.0",
        "5.12.1",
        "5.12.2",
        "5.12.3",
        "5.13.0",
        "5.13.1",
        "5.13.2",
        "5.13.3",
        "5.13.4",
        "5.13.5",
        "5.8.0",
        "5.9.0",
        "5.9.1"
      ],
      "database_specific": {
        "source": "https://github.com/github/advisory-database/blob/main/advisories/github-reviewed/2022/05/GHSA-rxqh-fc23-gxp2/GHSA-rxqh-fc23-gxp2.json"
      }
    }
  ],
  "schema_version": "1.6.0",
  "severity": [
    {
      "type": "CVSS_V3",
      "score": "CVSS:3.0/AV:N/AC:L/PR:N/UI:N/S:U/C:H/I:H/A:H"
    }
  ]
}