{
  "id": "GHSA-6cpg-3w7f-j67q",
  "summary": "Apache OpenMeetings RCE",
  "details": "Apache OpenMeetings before 3.1.2 is vulnerable to Remote Code Execution via RMI deserialization attack.",
  "aliases": [
    "CVE-2016-8736"
  ],
  "modified": "2023-11-08T03:58:36.712516Z",
  "published": "2022-05-14T01:29:42Z",
  "database_specific": {
    "nvd_published_at": "2017-10-12T18:29:00Z",
    "cwe_ids": [
      "CWE-502"
    ],
    "severity": "CRITICAL",
    "github_reviewed": true,
    "github_reviewed_at": "2023-07-28T20:42:22Z"
  },
  "references": [
    {
      "type": "ADVISORY",
      "url": "https://nvd.nist.gov/vuln/detail/CVE-2016-8736"
    },
    {
      "type": "PACKAGE",
      "url": "https://github.com/apache/openmeetings"
    },
    {
      "type": "WEB",
      "url": "https://web.archive.org/web/20161109161647/http://www.securityfocus.com/bid/94145"
    },
    {
      "type": "WEB",
      "url": "https://web.archive.org/web/20230518120850/https://openmeetings.markmail.org/thread/tr47byaaopnemvne"
    }
  ],
  "affected": [
    {
      "package": {
        "name": "org.apache.openmeetings:openmeetings-parent",
        "ecosystem": "Maven",
        "purl": "pkg:maven/org.apache.openmeetings/openmeetings-parent"
      },
      "ranges": [
        {
          "type": "ECOSYSTEM",
          "events": [
            {
              "introduced": "0"
            },
            {
              "fixed": "3.1.2"
            }
          ]
        }
      ],
      "database_specific": {
        "source": "https://github.com/github/advisory-database/blob/main/advisories/github-reviewed/2022/05/GHSA-6cpg-3w7f-j67q/GHSA-6cpg-3w7f-j67q.json"
      },
      "versions": []
    }
  ],
  "schema_version": "1.6.0",
  "severity": [
    {
      "type": "CVSS_V3",
      "score": "CVSS:3.0/AV:N/AC:L/PR:N/UI:N/S:U/C:H/I:H/A:H"
    }
  ]
}