{
  "id": "GHSA-p62q-5483-h57v",
  "summary": "Quarkus does not properly sanitize artifacts created from its use of the Gradle plugin, allowing certain build system information to remain",
  "details": "A flaw was found in Quarkus, where it does not properly sanitize artifacts created using the Gradle plugin, allowing certain build system information to remain. This flaw allows an attacker to access potentially sensitive information from the build system within the application.",
  "aliases": [
    "CVE-2023-5720"
  ],
  "modified": "2024-02-16T08:09:16.029679Z",
  "published": "2023-11-15T15:30:21Z",
  "database_specific": {
    "nvd_published_at": "2023-11-15T14:15:07Z",
    "cwe_ids": [
      "CWE-526"
    ],
    "severity": "HIGH",
    "github_reviewed": true,
    "github_reviewed_at": "2023-11-15T17:54:00Z"
  },
  "references": [
    {
      "type": "ADVISORY",
      "url": "https://nvd.nist.gov/vuln/detail/CVE-2023-5720"
    },
    {
      "type": "WEB",
      "url": "https://access.redhat.com/security/cve/CVE-2023-5720"
    },
    {
      "type": "WEB",
      "url": "https://bugzilla.redhat.com/show_bug.cgi?id=2245700"
    },
    {
      "type": "PACKAGE",
      "url": "https://github.com/quarkusio/quarkus"
    }
  ],
  "affected": [
    {
      "package": {
        "name": "io.quarkus:quarkus-project",
        "ecosystem": "Maven",
        "purl": "pkg:maven/io.quarkus/quarkus-project"
      },
      "ranges": [
        {
          "type": "ECOSYSTEM",
          "events": [
            {
              "introduced": "3.0.0.CR1"
            },
            {
              "last_affected": "3.5.1"
            }
          ]
        }
      ],
      "versions": [
        "3.1.0.Final",
        "3.1.1.Final",
        "3.1.2.Final",
        "3.1.3.Final",
        "3.2.0.CR1",
        "3.2.0.Final",
        "3.2.1.Final",
        "3.2.10.Final",
        "3.2.2.Final",
        "3.2.3.Final",
        "3.2.4.Final",
        "3.2.5.Final",
        "3.2.6.Final",
        "3.2.7.Final",
        "3.2.8.Final",
        "3.2.9.Final",
        "3.3.0",
        "3.3.0.CR1",
        "3.3.1",
        "3.3.2",
        "3.3.3",
        "3.4.0",
        "3.4.0.CR1",
        "3.4.1",
        "3.4.2",
        "3.4.3",
        "3.5.0",
        "3.5.0.CR1",
        "3.5.1"
      ],
      "database_specific": {
        "source": "https://github.com/github/advisory-database/blob/main/advisories/github-reviewed/2023/11/GHSA-p62q-5483-h57v/GHSA-p62q-5483-h57v.json"
      }
    }
  ],
  "schema_version": "1.6.0",
  "severity": [
    {
      "type": "CVSS_V3",
      "score": "CVSS:3.1/AV:N/AC:L/PR:L/UI:N/S:C/C:H/I:N/A:N"
    }
  ]
}