{
  "id": "GHSA-x7xf-253v-x3w8",
  "summary": "Improper Restriction of XML External Entity Reference in Apache CXF JAX-RS",
  "details": "The JAX-RS module in Apache CXF prior to 3.0.12 and 3.1.x prior to 3.1.9 provides a number of Atom JAX-RS MessageBodyReaders. These readers use Apache Abdera Parser which expands XML entities by default which represents a major XXE risk.",
  "aliases": [
    "CVE-2016-8739"
  ],
  "modified": "2024-02-22T05:32:37.182266Z",
  "published": "2022-05-13T01:09:20Z",
  "database_specific": {
    "nvd_published_at": "2017-08-10T18:29:00Z",
    "cwe_ids": [
      "CWE-611"
    ],
    "severity": "HIGH",
    "github_reviewed": true,
    "github_reviewed_at": "2022-07-06T19:47:38Z"
  },
  "references": [
    {
      "type": "ADVISORY",
      "url": "https://nvd.nist.gov/vuln/detail/CVE-2016-8739"
    },
    {
      "type": "WEB",
      "url": "https://github.com/apache/cxf/commit/8e4970d9"
    },
    {
      "type": "WEB",
      "url": "https://github.com/apache/cxf/commit/9deb2d17"
    },
    {
      "type": "WEB",
      "url": "https://access.redhat.com/errata/RHSA-2017:0868"
    },
    {
      "type": "WEB",
      "url": "https://github.com/apache/cxf"
    },
    {
      "type": "WEB",
      "url": "https://lists.apache.org/thread.html/r36e44ffc1a9b365327df62cdfaabe85b9a5637de102cea07d79b2dbf@%3Ccommits.cxf.apache.org%3E"
    },
    {
      "type": "WEB",
      "url": "https://lists.apache.org/thread.html/rc774278135816e7afc943dc9fc78eb0764f2c84a2b96470a0187315c@%3Ccommits.cxf.apache.org%3E"
    },
    {
      "type": "WEB",
      "url": "https://lists.apache.org/thread.html/rd49aabd984ed540c8ff7916d4d79405f3fa311d2fdbcf9ed307839a6@%3Ccommits.cxf.apache.org%3E"
    },
    {
      "type": "WEB",
      "url": "https://lists.apache.org/thread.html/rec7160382badd3ef4ad017a22f64a266c7188b9ba71394f0d321e2d4@%3Ccommits.cxf.apache.org%3E"
    },
    {
      "type": "WEB",
      "url": "https://lists.apache.org/thread.html/rfb87e0bf3995e7d560afeed750fac9329ff5f1ad49da365129b7f89e@%3Ccommits.cxf.apache.org%3E"
    },
    {
      "type": "WEB",
      "url": "https://lists.apache.org/thread.html/rff42cfa5e7d75b7c1af0e37589140a8f1999e578a75738740b244bd4@%3Ccommits.cxf.apache.org%3E"
    },
    {
      "type": "WEB",
      "url": "http://cxf.apache.org/security-advisories.data/CVE-2016-8739.txt.asc"
    }
  ],
  "affected": [
    {
      "package": {
        "name": "org.apache.cxf:cxf-core",
        "ecosystem": "Maven",
        "purl": "pkg:maven/org.apache.cxf/cxf-core"
      },
      "ranges": [
        {
          "type": "ECOSYSTEM",
          "events": [
            {
              "introduced": "0"
            },
            {
              "fixed": "3.0.12"
            }
          ]
        }
      ],
      "versions": [
        "3.0.0",
        "3.0.0-milestone1",
        "3.0.0-milestone2",
        "3.0.1",
        "3.0.10",
        "3.0.11",
        "3.0.2",
        "3.0.3",
        "3.0.4",
        "3.0.5",
        "3.0.6",
        "3.0.7",
        "3.0.8",
        "3.0.9"
      ],
      "database_specific": {
        "last_known_affected_version_range": "<= 3.0.11",
        "source": "https://github.com/github/advisory-database/blob/main/advisories/github-reviewed/2022/05/GHSA-x7xf-253v-x3w8/GHSA-x7xf-253v-x3w8.json"
      }
    },
    {
      "package": {
        "name": "org.apache.cxf:cxf-core",
        "ecosystem": "Maven",
        "purl": "pkg:maven/org.apache.cxf/cxf-core"
      },
      "ranges": [
        {
          "type": "ECOSYSTEM",
          "events": [
            {
              "introduced": "3.1.0"
            },
            {
              "fixed": "3.1.9"
            }
          ]
        }
      ],
      "versions": [
        "3.1.0",
        "3.1.1",
        "3.1.2",
        "3.1.3",
        "3.1.4",
        "3.1.5",
        "3.1.6",
        "3.1.7",
        "3.1.8"
      ],
      "database_specific": {
        "last_known_affected_version_range": "<= 3.1.8",
        "source": "https://github.com/github/advisory-database/blob/main/advisories/github-reviewed/2022/05/GHSA-x7xf-253v-x3w8/GHSA-x7xf-253v-x3w8.json"
      }
    }
  ],
  "schema_version": "1.6.0",
  "severity": [
    {
      "type": "CVSS_V3",
      "score": "CVSS:3.0/AV:N/AC:L/PR:N/UI:N/S:U/C:H/I:N/A:N"
    }
  ]
}