{
  "id": "GHSA-j927-w6g7-7c7w",
  "summary": "Apache Jena Expression Language Injection vulnerability",
  "details": "There is insufficient restrictions of called script functions in Apache Jena versions 4.8.0 and earlier. It allows a remote user to execute javascript via a SPARQL query. This issue affects Apache Jena from 3.7.0 through 4.8.0.\n\n",
  "aliases": [
    "CVE-2023-32200"
  ],
  "modified": "2024-02-16T08:07:47.283644Z",
  "published": "2023-07-12T09:30:53Z",
  "database_specific": {
    "nvd_published_at": "2023-07-12T08:15:10Z",
    "cwe_ids": [
      "CWE-917"
    ],
    "severity": "HIGH",
    "github_reviewed": true,
    "github_reviewed_at": "2023-07-12T17:29:39Z"
  },
  "references": [
    {
      "type": "ADVISORY",
      "url": "https://nvd.nist.gov/vuln/detail/CVE-2023-32200"
    },
    {
      "type": "PACKAGE",
      "url": "https://github.com/apache/jena"
    },
    {
      "type": "WEB",
      "url": "https://jena.apache.org/about_jena/security-advisories.html#cve-2023-32200---exposure-of-execution-in-script-engine-expressions"
    },
    {
      "type": "WEB",
      "url": "https://lists.apache.org/thread/7hg0t2kws3fyr75dl7lll8389xzzc46z"
    },
    {
      "type": "WEB",
      "url": "https://www.cve.org/CVERecord?id=CVE-2023-22665"
    }
  ],
  "affected": [
    {
      "package": {
        "name": "org.apache.jena:jena",
        "ecosystem": "Maven",
        "purl": "pkg:maven/org.apache.jena/jena"
      },
      "ranges": [
        {
          "type": "ECOSYSTEM",
          "events": [
            {
              "introduced": "3.7.0"
            },
            {
              "fixed": "4.9.0"
            }
          ]
        }
      ],
      "versions": [
        "3.10.0",
        "3.11.0",
        "3.12.0",
        "3.13.0",
        "3.13.1",
        "3.14.0",
        "3.15.0",
        "3.16.0",
        "3.17.0",
        "3.7.0",
        "3.8.0",
        "3.9.0",
        "4.0.0",
        "4.1.0",
        "4.2.0",
        "4.3.0",
        "4.3.1",
        "4.3.2",
        "4.4.0",
        "4.5.0",
        "4.6.0",
        "4.6.1",
        "4.7.0",
        "4.8.0"
      ],
      "database_specific": {
        "source": "https://github.com/github/advisory-database/blob/main/advisories/github-reviewed/2023/07/GHSA-j927-w6g7-7c7w/GHSA-j927-w6g7-7c7w.json"
      }
    }
  ],
  "schema_version": "1.6.0",
  "severity": [
    {
      "type": "CVSS_V3",
      "score": "CVSS:3.1/AV:N/AC:L/PR:L/UI:N/S:U/C:H/I:H/A:H"
    }
  ]
}