{
  "id": "GHSA-q897-9jxf-jg9r",
  "summary": "Security check skip in Apache Dubbo",
  "details": "The Dubbo Provider will check the incoming request and the corresponding serialization type of this request meet the configuration set by the server. But there's an exception that the attacker can use to skip the security check (when enabled) and reaching a deserialization operation with native java serialization. Apache Dubbo 2.7.13, 3.0.2 fixed this issue by quickly fail when any unrecognized request was found.",
  "aliases": [
    "CVE-2021-37579"
  ],
  "modified": "2023-11-08T04:06:18.760938Z",
  "published": "2021-09-10T17:56:23Z",
  "database_specific": {
    "nvd_published_at": "2021-09-09T08:15:00Z",
    "github_reviewed_at": "2021-09-10T16:49:29Z",
    "severity": "CRITICAL",
    "github_reviewed": true,
    "cwe_ids": [
      "CWE-502"
    ]
  },
  "references": [
    {
      "type": "ADVISORY",
      "url": "https://nvd.nist.gov/vuln/detail/CVE-2021-37579"
    },
    {
      "type": "PACKAGE",
      "url": "https://github.com/apache/dubbo"
    },
    {
      "type": "WEB",
      "url": "https://lists.apache.org/thread.html/r898afa109cdbb4b79724308648ff0718152ebe1d3d6dfc7202d958bc%40%3Cdev.dubbo.apache.org%3E"
    }
  ],
  "affected": [
    {
      "package": {
        "name": "org.apache.dubbo:dubbo",
        "ecosystem": "Maven",
        "purl": "pkg:maven/org.apache.dubbo/dubbo"
      },
      "ranges": [
        {
          "type": "ECOSYSTEM",
          "events": [
            {
              "introduced": "0"
            },
            {
              "fixed": "2.7.13"
            }
          ]
        }
      ],
      "versions": [
        "2.7.0",
        "2.7.1",
        "2.7.10",
        "2.7.11",
        "2.7.12",
        "2.7.2",
        "2.7.3",
        "2.7.4",
        "2.7.4.1",
        "2.7.5",
        "2.7.6",
        "2.7.7",
        "2.7.8",
        "2.7.9"
      ],
      "database_specific": {
        "source": "https://github.com/github/advisory-database/blob/main/advisories/github-reviewed/2021/09/GHSA-q897-9jxf-jg9r/GHSA-q897-9jxf-jg9r.json"
      }
    },
    {
      "package": {
        "name": "org.apache.dubbo:dubbo",
        "ecosystem": "Maven",
        "purl": "pkg:maven/org.apache.dubbo/dubbo"
      },
      "ranges": [
        {
          "type": "ECOSYSTEM",
          "events": [
            {
              "introduced": "3.0.0"
            },
            {
              "fixed": "3.0.2"
            }
          ]
        }
      ],
      "versions": [
        "3.0.0",
        "3.0.0.preview",
        "3.0.1"
      ],
      "database_specific": {
        "source": "https://github.com/github/advisory-database/blob/main/advisories/github-reviewed/2021/09/GHSA-q897-9jxf-jg9r/GHSA-q897-9jxf-jg9r.json"
      }
    }
  ],
  "schema_version": "1.6.0",
  "severity": [
    {
      "type": "CVSS_V3",
      "score": "CVSS:3.1/AV:N/AC:L/PR:N/UI:N/S:U/C:H/I:H/A:H"
    }
  ]
}