{
  "id": "GHSA-94w5-rf69-2h6c",
  "summary": "hson-java vulnerable to denial of service",
  "details": "An issue in hjson-java up to v3.0.0 allows attackers to cause a Denial of Service (DoS) via supplying a crafted JSON string to string a `StringIndexOutOfBoundsException`. ",
  "aliases": [
    "CVE-2023-39685"
  ],
  "modified": "2024-02-16T08:02:59.695173Z",
  "published": "2023-09-01T12:30:44Z",
  "database_specific": {
    "nvd_published_at": "2023-09-01T10:15:08Z",
    "cwe_ids": [
      "CWE-125",
      "CWE-94"
    ],
    "severity": "HIGH",
    "github_reviewed": true,
    "github_reviewed_at": "2023-09-01T21:54:16Z"
  },
  "references": [
    {
      "type": "ADVISORY",
      "url": "https://nvd.nist.gov/vuln/detail/CVE-2023-39685"
    },
    {
      "type": "WEB",
      "url": "https://github.com/hjson/hjson-java/issues/27"
    },
    {
      "type": "WEB",
      "url": "https://github.com/hjson/hjson-java/commit/aff0b607929b4397d93dc0d029a56aeefb242602"
    },
    {
      "type": "PACKAGE",
      "url": "https://github.com/hjson/hjson-java"
    }
  ],
  "affected": [
    {
      "package": {
        "name": "org.hjson:hjson",
        "ecosystem": "Maven",
        "purl": "pkg:maven/org.hjson/hjson"
      },
      "ranges": [
        {
          "type": "ECOSYSTEM",
          "events": [
            {
              "introduced": "0"
            },
            {
              "fixed": "3.0.1"
            }
          ]
        }
      ],
      "versions": [
        "1.0.0",
        "1.0.1",
        "1.1.0",
        "1.1.2",
        "1.1.3",
        "1.1.4",
        "2.0.0",
        "2.0.1",
        "2.1.0",
        "2.1.1",
        "3.0.0"
      ],
      "database_specific": {
        "source": "https://github.com/github/advisory-database/blob/main/advisories/github-reviewed/2023/09/GHSA-94w5-rf69-2h6c/GHSA-94w5-rf69-2h6c.json"
      }
    }
  ],
  "schema_version": "1.6.0",
  "severity": [
    {
      "type": "CVSS_V3",
      "score": "CVSS:3.1/AV:N/AC:L/PR:N/UI:N/S:U/C:N/I:N/A:H"
    }
  ]
}