{
  "id": "GHSA-fph9-f5r6-vhqf",
  "summary": "Eclipse Milo vulnerable to Resource Exhaustion (Denial of Service)",
  "details": "### Impact\n\nDenial of Service\n\n### Details\n\nOPC UA specification describes a concept named _Subscriptions_. _Subscriptions_ monitor a set of _Monitored Items_ for _Notifications_ and return them to the _Client_ in response to _Publish_ requests. The server notifies the client about changes only in case the value is changed. Each monitored item is configured on a subscription, each subscription is linked to a single OPC UA session. Most OPC UA implementations set many controls and limitations for excessive memory consumption. For example:\n\n* What is the maximum allowed number of concurrent sessions\n* For each active sessions - what is the maximum allowed number of concurrent subscription per a single session\n* For each active subscription - what is the maximum allowed number of concurrent monitored items per a single subscription\n\nClarity Research discovered a unique way to bypass those restrictions and fill up the OPC UA server process memory.\n\nThe close session request closes a connected session. A `deleteSubscription` flag is also sent in that message and determines whether the server should save the subscriptions for a future session reconnection or discard them upon session termination. If the `deleteSubscription` flag is `False` the server will store the subscriptions thus filling up the memory in an unlimited manner.\n\nSending multiple subscribe requests with multiple monitored items from multiple sessions will quickly fill up the process memory until the server crashes.\n\nTo trigger this bug all is needed is to create many sessions with subscriptions and monitored items without ever deleting the monitored items. Eventually these allocations will consume all the available process memory which will lead to a crash and denial of service condition.\n\nClarity PoC does:\n```\nwhile True:\n    Open a valid OPC UA session\n    Create multiple subscriptions\n    Add monitored items to each subscription\n    Close the session with the DeleteSubscriptions flag = False\n````\n\n### Acknowledgement\n\nWe would like to thanks Vera Mens, Uri Katz, @sharonbrizinov of Team82 ([Claroty Research](https://claroty.com/)) for this report.\n\n### For more information\nIf you have any questions or comments about this advisory:\n* Open an issue in [Eclipse Milo repository](https://github.com/eclipse/milo/issues)\n* Email us at [milo-dev](https://accounts.eclipse.org/mailing-list/milo-dev)\n",
  "aliases": [
    "CVE-2022-25897"
  ],
  "modified": "2023-11-08T04:08:51.329398Z",
  "published": "2022-09-15T03:35:46Z",
  "database_specific": {
    "nvd_published_at": "2022-09-08T05:15:00Z",
    "github_reviewed_at": "2022-09-15T03:35:46Z",
    "severity": "HIGH",
    "github_reviewed": true,
    "cwe_ids": [
      "CWE-770"
    ]
  },
  "references": [
    {
      "type": "WEB",
      "url": "https://github.com/eclipse/milo/security/advisories/GHSA-fph9-f5r6-vhqf"
    },
    {
      "type": "ADVISORY",
      "url": "https://nvd.nist.gov/vuln/detail/CVE-2022-25897"
    },
    {
      "type": "WEB",
      "url": "https://github.com/eclipse/milo/issues/1030"
    },
    {
      "type": "WEB",
      "url": "https://github.com/eclipse/milo/pull/1031"
    },
    {
      "type": "WEB",
      "url": "https://github.com/eclipse/milo/commit/4534381760d7d9f0bf00cbf6a8449bb0d13c6ce5"
    },
    {
      "type": "PACKAGE",
      "url": "https://github.com/eclipse/milo"
    },
    {
      "type": "WEB",
      "url": "https://security.snyk.io/vuln/SNYK-JAVA-ORGECLIPSEMILO-2990191"
    }
  ],
  "affected": [
    {
      "package": {
        "name": "org.eclipse.milo:sdk-server",
        "ecosystem": "Maven",
        "purl": "pkg:maven/org.eclipse.milo/sdk-server"
      },
      "ranges": [
        {
          "type": "ECOSYSTEM",
          "events": [
            {
              "introduced": "0"
            },
            {
              "fixed": "0.6.8"
            }
          ]
        }
      ],
      "versions": [
        "0.1.0",
        "0.1.1",
        "0.1.2",
        "0.1.3",
        "0.1.4",
        "0.1.5",
        "0.1.6",
        "0.2.0",
        "0.2.1",
        "0.2.2",
        "0.2.3",
        "0.2.4",
        "0.2.5",
        "0.3.0",
        "0.3.0-M1",
        "0.3.1",
        "0.3.1-M1",
        "0.3.2",
        "0.3.2-M1",
        "0.3.3",
        "0.3.3-RC1",
        "0.3.3-RC2",
        "0.3.3-RC3",
        "0.3.4",
        "0.3.5",
        "0.3.6",
        "0.3.7",
        "0.3.8",
        "0.4.0",
        "0.4.1",
        "0.4.2",
        "0.4.2-M1",
        "0.4.3",
        "0.5.0",
        "0.5.0-M1",
        "0.5.0-M2",
        "0.5.1",
        "0.5.2",
        "0.5.3",
        "0.5.4",
        "0.6.0",
        "0.6.0-M1",
        "0.6.1",
        "0.6.1-M1",
        "0.6.2",
        "0.6.3",
        "0.6.4",
        "0.6.5",
        "0.6.6",
        "0.6.7"
      ],
      "database_specific": {
        "source": "https://github.com/github/advisory-database/blob/main/advisories/github-reviewed/2022/09/GHSA-fph9-f5r6-vhqf/GHSA-fph9-f5r6-vhqf.json"
      }
    }
  ],
  "schema_version": "1.6.0",
  "severity": [
    {
      "type": "CVSS_V3",
      "score": "CVSS:3.1/AV:N/AC:L/PR:N/UI:N/S:U/C:N/I:N/A:H"
    }
  ]
}