{
  "id": "GHSA-f3gj-hvv4-f57v",
  "summary": "XML External Entity Reference in Jenkins CCCC Plugin",
  "details": "Jenkins CCCC Plugin 0.6 and earlier does not configure its XML parser to prevent XML external entity (XXE) attacks.",
  "aliases": [
    "CVE-2022-45395"
  ],
  "modified": "2023-11-08T04:10:52.475973Z",
  "published": "2022-11-16T12:00:23Z",
  "database_specific": {
    "nvd_published_at": "2022-11-15T20:15:00Z",
    "github_reviewed_at": "2022-11-21T22:24:05Z",
    "severity": "CRITICAL",
    "github_reviewed": true,
    "cwe_ids": [
      "CWE-611"
    ]
  },
  "references": [
    {
      "type": "ADVISORY",
      "url": "https://nvd.nist.gov/vuln/detail/CVE-2022-45395"
    },
    {
      "type": "PACKAGE",
      "url": "https://github.com/jenkinsci/cccc-plugin"
    },
    {
      "type": "WEB",
      "url": "https://www.jenkins.io/security/advisory/2022-11-15/#SECURITY-2921"
    }
  ],
  "affected": [
    {
      "package": {
        "name": "com.thalesgroup.jenkins-ci.plugins:cccc",
        "ecosystem": "Maven",
        "purl": "pkg:maven/com.thalesgroup.jenkins-ci.plugins/cccc"
      },
      "ranges": [
        {
          "type": "ECOSYSTEM",
          "events": [
            {
              "introduced": "0"
            },
            {
              "last_affected": "0.6"
            }
          ]
        }
      ],
      "versions": [
        "0.4",
        "0.5",
        "0.6"
      ],
      "database_specific": {
        "source": "https://github.com/github/advisory-database/blob/main/advisories/github-reviewed/2022/11/GHSA-f3gj-hvv4-f57v/GHSA-f3gj-hvv4-f57v.json"
      }
    }
  ],
  "schema_version": "1.6.0",
  "severity": [
    {
      "type": "CVSS_V3",
      "score": "CVSS:3.1/AV:N/AC:L/PR:N/UI:N/S:U/C:H/I:H/A:H"
    }
  ]
}