{
  "id": "GHSA-jwqm-c9f2-2cq3",
  "summary": "Cleartext Transmission of Sensitive Information, Inclusion of Functionality from Untrusted Control Sphere , and Download of Code Without Integrity Check in Eclipse hawkBit ",
  "details": "Eclipse hawkBit versions prior to 0.3.0M2 resolved Maven build artifacts for the Vaadin based UI over HTTP instead of HTTPS. Any of these dependent artifacts could have been maliciously compromised by a MITM attack. Hence produced build artifacts of hawkBit might be infected.",
  "aliases": [
    "CVE-2019-10240"
  ],
  "modified": "2023-11-08T04:00:43.652344Z",
  "published": "2019-04-15T16:19:23Z",
  "database_specific": {
    "nvd_published_at": null,
    "github_reviewed_at": "2021-12-03T14:33:13Z",
    "severity": "HIGH",
    "github_reviewed": true,
    "cwe_ids": [
      "CWE-319",
      "CWE-494",
      "CWE-829"
    ]
  },
  "references": [
    {
      "type": "ADVISORY",
      "url": "https://nvd.nist.gov/vuln/detail/CVE-2019-10240"
    },
    {
      "type": "ADVISORY",
      "url": "https://github.com/advisories/GHSA-jwqm-c9f2-2cq3"
    }
  ],
  "affected": [
    {
      "package": {
        "name": "org.eclipse.hawkbit:hawkbit-autoconfigure",
        "ecosystem": "Maven",
        "purl": "pkg:maven/org.eclipse.hawkbit/hawkbit-autoconfigure"
      },
      "ranges": [
        {
          "type": "ECOSYSTEM",
          "events": [
            {
              "introduced": "0"
            },
            {
              "fixed": "0.3.0M2"
            }
          ]
        }
      ],
      "versions": [
        "0.2.0",
        "0.2.0M1",
        "0.2.0M2",
        "0.2.0M3",
        "0.2.0M4",
        "0.2.0M5",
        "0.2.0M6",
        "0.2.0M7",
        "0.2.0M8",
        "0.2.0M9",
        "0.2.1",
        "0.2.2",
        "0.2.3",
        "0.2.4",
        "0.2.5",
        "0.3.0M1"
      ],
      "database_specific": {
        "last_known_affected_version_range": "<= 0.3.0M1",
        "source": "https://github.com/github/advisory-database/blob/main/advisories/github-reviewed/2019/04/GHSA-jwqm-c9f2-2cq3/GHSA-jwqm-c9f2-2cq3.json"
      }
    },
    {
      "package": {
        "name": "org.eclipse.hawkbit:hawkbit-ui",
        "ecosystem": "Maven",
        "purl": "pkg:maven/org.eclipse.hawkbit/hawkbit-ui"
      },
      "ranges": [
        {
          "type": "ECOSYSTEM",
          "events": [
            {
              "introduced": "0"
            },
            {
              "fixed": "0.3.0M2"
            }
          ]
        }
      ],
      "versions": [
        "0.2.0",
        "0.2.0M1",
        "0.2.0M2",
        "0.2.0M3",
        "0.2.0M4",
        "0.2.0M5",
        "0.2.0M6",
        "0.2.0M7",
        "0.2.0M8",
        "0.2.0M9",
        "0.2.1",
        "0.2.2",
        "0.2.3",
        "0.2.4",
        "0.2.5",
        "0.3.0M1"
      ],
      "database_specific": {
        "last_known_affected_version_range": "<= 0.3.0M1",
        "source": "https://github.com/github/advisory-database/blob/main/advisories/github-reviewed/2019/04/GHSA-jwqm-c9f2-2cq3/GHSA-jwqm-c9f2-2cq3.json"
      }
    },
    {
      "package": {
        "name": "org.eclipse.hawkbit:hawkbit-parent",
        "ecosystem": "Maven",
        "purl": "pkg:maven/org.eclipse.hawkbit/hawkbit-parent"
      },
      "ranges": [
        {
          "type": "ECOSYSTEM",
          "events": [
            {
              "introduced": "0"
            },
            {
              "fixed": "0.3.0M2"
            }
          ]
        }
      ],
      "versions": [
        "0.2.0",
        "0.2.0M1",
        "0.2.0M2",
        "0.2.0M3",
        "0.2.0M4",
        "0.2.0M5",
        "0.2.0M6",
        "0.2.0M7",
        "0.2.0M8",
        "0.2.0M9",
        "0.2.1",
        "0.2.2",
        "0.2.3",
        "0.2.4",
        "0.2.5",
        "0.3.0M1"
      ],
      "database_specific": {
        "last_known_affected_version_range": "<= 0.3.0M1",
        "source": "https://github.com/github/advisory-database/blob/main/advisories/github-reviewed/2019/04/GHSA-jwqm-c9f2-2cq3/GHSA-jwqm-c9f2-2cq3.json"
      }
    },
    {
      "package": {
        "name": "org.eclipse.hawkbit:hawkbit-starters",
        "ecosystem": "Maven",
        "purl": "pkg:maven/org.eclipse.hawkbit/hawkbit-starters"
      },
      "ranges": [
        {
          "type": "ECOSYSTEM",
          "events": [
            {
              "introduced": "0"
            },
            {
              "fixed": "0.3.0M2"
            }
          ]
        }
      ],
      "versions": [
        "0.2.0",
        "0.2.0M3",
        "0.2.0M4",
        "0.2.0M5",
        "0.2.0M6",
        "0.2.0M7",
        "0.2.0M8",
        "0.2.0M9",
        "0.2.1",
        "0.2.2",
        "0.2.3",
        "0.2.4",
        "0.2.5",
        "0.3.0M1"
      ],
      "database_specific": {
        "last_known_affected_version_range": "<= 0.3.0M1",
        "source": "https://github.com/github/advisory-database/blob/main/advisories/github-reviewed/2019/04/GHSA-jwqm-c9f2-2cq3/GHSA-jwqm-c9f2-2cq3.json"
      }
    },
    {
      "package": {
        "name": "org.eclipse.hawkbit:hawkbit-boot-starter",
        "ecosystem": "Maven",
        "purl": "pkg:maven/org.eclipse.hawkbit/hawkbit-boot-starter"
      },
      "ranges": [
        {
          "type": "ECOSYSTEM",
          "events": [
            {
              "introduced": "0"
            },
            {
              "fixed": "0.3.0M2"
            }
          ]
        }
      ],
      "versions": [
        "0.2.0",
        "0.2.0M3",
        "0.2.0M4",
        "0.2.0M5",
        "0.2.0M6",
        "0.2.0M7",
        "0.2.0M8",
        "0.2.0M9",
        "0.2.1",
        "0.2.2",
        "0.2.3",
        "0.2.4",
        "0.2.5",
        "0.3.0M1"
      ],
      "database_specific": {
        "last_known_affected_version_range": "<= 0.3.0M1",
        "source": "https://github.com/github/advisory-database/blob/main/advisories/github-reviewed/2019/04/GHSA-jwqm-c9f2-2cq3/GHSA-jwqm-c9f2-2cq3.json"
      }
    },
    {
      "package": {
        "name": "org.eclipse.hawkbit:hawkbit-update-server",
        "ecosystem": "Maven",
        "purl": "pkg:maven/org.eclipse.hawkbit/hawkbit-update-server"
      },
      "ranges": [
        {
          "type": "ECOSYSTEM",
          "events": [
            {
              "introduced": "0"
            },
            {
              "fixed": "0.3.0M2"
            }
          ]
        }
      ],
      "versions": [
        "0.2.0",
        "0.2.0M3",
        "0.2.0M4",
        "0.2.0M5",
        "0.2.0M6",
        "0.2.0M7",
        "0.2.0M8",
        "0.2.0M9",
        "0.2.1",
        "0.2.2",
        "0.2.3",
        "0.2.4",
        "0.2.5",
        "0.3.0M1"
      ],
      "database_specific": {
        "last_known_affected_version_range": "<= 0.3.0M1",
        "source": "https://github.com/github/advisory-database/blob/main/advisories/github-reviewed/2019/04/GHSA-jwqm-c9f2-2cq3/GHSA-jwqm-c9f2-2cq3.json"
      }
    },
    {
      "package": {
        "name": "org.eclipse.hawkbit:hawkbit-boot-starter-mgmt-ui",
        "ecosystem": "Maven",
        "purl": "pkg:maven/org.eclipse.hawkbit/hawkbit-boot-starter-mgmt-ui"
      },
      "ranges": [
        {
          "type": "ECOSYSTEM",
          "events": [
            {
              "introduced": "0"
            },
            {
              "fixed": "0.3.0M2"
            }
          ]
        }
      ],
      "versions": [
        "0.2.0",
        "0.2.0M3",
        "0.2.0M4",
        "0.2.0M5",
        "0.2.0M6",
        "0.2.0M7",
        "0.2.0M8",
        "0.2.0M9",
        "0.2.1",
        "0.2.2",
        "0.2.3",
        "0.2.4",
        "0.2.5",
        "0.3.0M1"
      ],
      "database_specific": {
        "last_known_affected_version_range": "<= 0.3.0M1",
        "source": "https://github.com/github/advisory-database/blob/main/advisories/github-reviewed/2019/04/GHSA-jwqm-c9f2-2cq3/GHSA-jwqm-c9f2-2cq3.json"
      }
    },
    {
      "package": {
        "name": "org.eclipse.hawkbit:hawkbit-boot-starter-mgmt-api",
        "ecosystem": "Maven",
        "purl": "pkg:maven/org.eclipse.hawkbit/hawkbit-boot-starter-mgmt-api"
      },
      "ranges": [
        {
          "type": "ECOSYSTEM",
          "events": [
            {
              "introduced": "0"
            },
            {
              "fixed": "0.3.0M2"
            }
          ]
        }
      ],
      "versions": [
        "0.2.0",
        "0.2.0M3",
        "0.2.0M4",
        "0.2.0M5",
        "0.2.0M6",
        "0.2.0M7",
        "0.2.0M8",
        "0.2.0M9",
        "0.2.1",
        "0.2.2",
        "0.2.3",
        "0.2.4",
        "0.2.5",
        "0.3.0M1"
      ],
      "database_specific": {
        "last_known_affected_version_range": "<= 0.3.0M1",
        "source": "https://github.com/github/advisory-database/blob/main/advisories/github-reviewed/2019/04/GHSA-jwqm-c9f2-2cq3/GHSA-jwqm-c9f2-2cq3.json"
      }
    },
    {
      "package": {
        "name": "org.eclipse.hawkbit:hawkbit-boot-starter-dmf-api",
        "ecosystem": "Maven",
        "purl": "pkg:maven/org.eclipse.hawkbit/hawkbit-boot-starter-dmf-api"
      },
      "ranges": [
        {
          "type": "ECOSYSTEM",
          "events": [
            {
              "introduced": "0"
            },
            {
              "fixed": "0.3.0M2"
            }
          ]
        }
      ],
      "versions": [
        "0.2.0",
        "0.2.0M3",
        "0.2.0M4",
        "0.2.0M5",
        "0.2.0M6",
        "0.2.0M7",
        "0.2.0M8",
        "0.2.0M9",
        "0.2.1",
        "0.2.2",
        "0.2.3",
        "0.2.4",
        "0.2.5",
        "0.3.0M1"
      ],
      "database_specific": {
        "last_known_affected_version_range": "<= 0.3.0M1",
        "source": "https://github.com/github/advisory-database/blob/main/advisories/github-reviewed/2019/04/GHSA-jwqm-c9f2-2cq3/GHSA-jwqm-c9f2-2cq3.json"
      }
    },
    {
      "package": {
        "name": "org.eclipse.hawkbit:hawkbit-boot-starter-ddi-api",
        "ecosystem": "Maven",
        "purl": "pkg:maven/org.eclipse.hawkbit/hawkbit-boot-starter-ddi-api"
      },
      "ranges": [
        {
          "type": "ECOSYSTEM",
          "events": [
            {
              "introduced": "0"
            },
            {
              "fixed": "0.3.0M2"
            }
          ]
        }
      ],
      "versions": [
        "0.2.0",
        "0.2.0M3",
        "0.2.0M4",
        "0.2.0M5",
        "0.2.0M6",
        "0.2.0M7",
        "0.2.0M8",
        "0.2.0M9",
        "0.2.1",
        "0.2.2",
        "0.2.3",
        "0.2.4",
        "0.2.5",
        "0.3.0M1"
      ],
      "database_specific": {
        "last_known_affected_version_range": "<= 0.3.0M1",
        "source": "https://github.com/github/advisory-database/blob/main/advisories/github-reviewed/2019/04/GHSA-jwqm-c9f2-2cq3/GHSA-jwqm-c9f2-2cq3.json"
      }
    }
  ],
  "schema_version": "1.6.0",
  "severity": [
    {
      "type": "CVSS_V3",
      "score": "CVSS:3.1/AV:N/AC:H/PR:N/UI:N/S:U/C:H/I:H/A:H"
    }
  ]
}