{
  "id": "GHSA-8wcw-cw2f-h4g2",
  "summary": "Improper Authentication (empty password) in Jenkins Active Directory Plugin",
  "details": "Jenkins Active Directory Plugin implements two separate modes: Integration with ADSI on Windows, and an OS agnostic LDAP-based mode.\n\nThe Windows/ADSI mode does not specifically prohibit use of empty passwords in Active Directory Plugin prior to 2.20 and 2.16.1. If the Active Directory server allows the unauthenticated bind operation, this allows attackers to log in to Jenkins as any user by providing an empty password.\n\nJenkins Active Directory Plugin 2.20 and 2.16.1 prohibits the use of an empty password to log in.",
  "aliases": [
    "CVE-2020-2300"
  ],
  "modified": "2024-02-16T08:15:42.020716Z",
  "published": "2022-05-24T17:33:07Z",
  "database_specific": {
    "nvd_published_at": "2020-11-04T15:15:00Z",
    "cwe_ids": [
      "CWE-287"
    ],
    "severity": "CRITICAL",
    "github_reviewed": true,
    "github_reviewed_at": "2022-09-08T00:45:01Z"
  },
  "references": [
    {
      "type": "ADVISORY",
      "url": "https://nvd.nist.gov/vuln/detail/CVE-2020-2300"
    },
    {
      "type": "WEB",
      "url": "https://github.com/jenkinsci/active-directory-plugin/commit/57e78ea7bb96b4e59405f28959ade2d26821163d"
    },
    {
      "type": "WEB",
      "url": "https://github.com/CVEProject/cvelist/blob/381fe967666a5ce01625a7a050427aa4757e3ca6/2020/2xxx/CVE-2020-2300.json"
    },
    {
      "type": "PACKAGE",
      "url": "https://github.com/jenkinsci/active-directory-plugin"
    },
    {
      "type": "WEB",
      "url": "https://www.jenkins.io/security/advisory/2020-11-04/#SECURITY-2099"
    },
    {
      "type": "WEB",
      "url": "http://www.openwall.com/lists/oss-security/2020/11/04/6"
    }
  ],
  "affected": [
    {
      "package": {
        "name": "org.jenkins-ci.plugins:active-directory",
        "ecosystem": "Maven",
        "purl": "pkg:maven/org.jenkins-ci.plugins/active-directory"
      },
      "ranges": [
        {
          "type": "ECOSYSTEM",
          "events": [
            {
              "introduced": "2.17"
            },
            {
              "fixed": "2.20"
            }
          ]
        }
      ],
      "versions": [
        "2.17",
        "2.18",
        "2.19"
      ],
      "database_specific": {
        "source": "https://github.com/github/advisory-database/blob/main/advisories/github-reviewed/2022/05/GHSA-8wcw-cw2f-h4g2/GHSA-8wcw-cw2f-h4g2.json"
      }
    },
    {
      "package": {
        "name": "org.jenkins-ci.plugins:active-directory",
        "ecosystem": "Maven",
        "purl": "pkg:maven/org.jenkins-ci.plugins/active-directory"
      },
      "ranges": [
        {
          "type": "ECOSYSTEM",
          "events": [
            {
              "introduced": "0"
            },
            {
              "fixed": "2.16.1"
            }
          ]
        }
      ],
      "versions": [
        "1.18",
        "1.19",
        "1.20",
        "1.21",
        "1.22",
        "1.23",
        "1.24",
        "1.25",
        "1.26",
        "1.27",
        "1.28",
        "1.29",
        "1.30",
        "1.31",
        "1.32",
        "1.33",
        "1.34",
        "1.35",
        "1.36",
        "1.37",
        "1.38",
        "1.39",
        "1.41",
        "1.42",
        "1.43",
        "1.44",
        "1.45",
        "1.46",
        "1.47",
        "1.48",
        "1.49",
        "2.0",
        "2.1",
        "2.10",
        "2.11",
        "2.12",
        "2.13",
        "2.14",
        "2.15",
        "2.16",
        "2.2",
        "2.3",
        "2.4",
        "2.5",
        "2.6",
        "2.7",
        "2.8",
        "2.9"
      ],
      "database_specific": {
        "source": "https://github.com/github/advisory-database/blob/main/advisories/github-reviewed/2022/05/GHSA-8wcw-cw2f-h4g2/GHSA-8wcw-cw2f-h4g2.json"
      }
    }
  ],
  "schema_version": "1.6.0",
  "severity": [
    {
      "type": "CVSS_V3",
      "score": "CVSS:3.1/AV:N/AC:L/PR:N/UI:N/S:U/C:H/I:H/A:H"
    }
  ]
}