{
  "id": "GHSA-5r74-pgmq-92mm",
  "summary": "Script security sandbox bypass in Jenkins Job DSL Plugin",
  "details": "A sandbox bypass vulnerability exists in Jenkins Job DSL Plugin 1.71 and earlier in job-dsl-core/src/main/groovy/javaposse/jobdsl/dsl/AbstractDslScriptLoader.groovy, job-dsl-plugin/build.gradle, job-dsl-plugin/src/main/groovy/javaposse/jobdsl/plugin/JobDslWhitelist.groovy, job-dsl-plugin/src/main/groovy/javaposse/jobdsl/plugin/SandboxDslScriptLoader.groovy that allows attackers with control over Job DSL definitions to execute arbitrary code on the Jenkins master JVM.",
  "aliases": [
    "CVE-2019-1003034"
  ],
  "modified": "2024-02-16T08:12:02.870927Z",
  "published": "2022-05-13T01:15:07Z",
  "database_specific": {
    "nvd_published_at": "2019-03-08T21:29:00Z",
    "cwe_ids": [
      "CWE-693"
    ],
    "severity": "CRITICAL",
    "github_reviewed": true,
    "github_reviewed_at": "2022-06-01T19:46:05Z"
  },
  "references": [
    {
      "type": "ADVISORY",
      "url": "https://nvd.nist.gov/vuln/detail/CVE-2019-1003034"
    },
    {
      "type": "WEB",
      "url": "https://github.com/jenkinsci/job-dsl-plugin/commit/a2dc2def098cd6e91df0981fdf838fb44a991496"
    },
    {
      "type": "WEB",
      "url": "https://access.redhat.com/errata/RHSA-2019:0739"
    },
    {
      "type": "PACKAGE",
      "url": "https://github.com/jenkinsci/job-dsl-plugin"
    },
    {
      "type": "WEB",
      "url": "https://jenkins.io/security/advisory/2019-03-06/#SECURITY-1342"
    },
    {
      "type": "WEB",
      "url": "http://www.securityfocus.com/bid/107476"
    }
  ],
  "affected": [
    {
      "package": {
        "name": "org.jenkins-ci.plugins:job-dsl",
        "ecosystem": "Maven",
        "purl": "pkg:maven/org.jenkins-ci.plugins/job-dsl"
      },
      "ranges": [
        {
          "type": "ECOSYSTEM",
          "events": [
            {
              "introduced": "0"
            },
            {
              "fixed": "1.72"
            }
          ]
        }
      ],
      "versions": [
        "1.18",
        "1.19",
        "1.20",
        "1.21",
        "1.22",
        "1.23",
        "1.24",
        "1.25",
        "1.26",
        "1.27",
        "1.28",
        "1.29",
        "1.30",
        "1.31",
        "1.32",
        "1.33",
        "1.34",
        "1.35",
        "1.36",
        "1.37",
        "1.38",
        "1.39",
        "1.40",
        "1.41",
        "1.42",
        "1.43",
        "1.44",
        "1.45",
        "1.46",
        "1.47",
        "1.48",
        "1.49",
        "1.50",
        "1.51",
        "1.52",
        "1.53",
        "1.54",
        "1.55",
        "1.56",
        "1.57",
        "1.58",
        "1.59",
        "1.60",
        "1.61",
        "1.62",
        "1.63",
        "1.64",
        "1.65",
        "1.66",
        "1.67",
        "1.68",
        "1.69",
        "1.70",
        "1.71"
      ],
      "database_specific": {
        "source": "https://github.com/github/advisory-database/blob/main/advisories/github-reviewed/2022/05/GHSA-5r74-pgmq-92mm/GHSA-5r74-pgmq-92mm.json"
      }
    }
  ],
  "schema_version": "1.6.0",
  "severity": [
    {
      "type": "CVSS_V3",
      "score": "CVSS:3.1/AV:N/AC:L/PR:L/UI:N/S:C/C:H/I:H/A:H"
    }
  ]
}