{
  "id": "GHSA-5993-wwpg-m92c",
  "summary": "Apache Ozone user impersonation due to non-validation of Ozone S3 tokens",
  "details": "In Apache Ozone before 1.2.0, Authenticated users with valid Ozone S3 credentials can create specific OM requests, impersonating any other user.",
  "aliases": [
    "CVE-2021-39236"
  ],
  "modified": "2024-02-16T08:23:18.558163Z",
  "published": "2021-11-23T17:56:45Z",
  "database_specific": {
    "nvd_published_at": "2021-11-19T10:15:00Z",
    "cwe_ids": [
      "CWE-862",
      "CWE-863"
    ],
    "severity": "HIGH",
    "github_reviewed": true,
    "github_reviewed_at": "2021-11-22T19:05:30Z"
  },
  "references": [
    {
      "type": "ADVISORY",
      "url": "https://nvd.nist.gov/vuln/detail/CVE-2021-39236"
    },
    {
      "type": "WEB",
      "url": "https://github.com/apache/ozone/pull/1871"
    },
    {
      "type": "WEB",
      "url": "https://github.com/apache/ozone/commit/60e078729e18ef1be276f35659957ac553d266f7"
    },
    {
      "type": "PACKAGE",
      "url": "https://github.com/apache/ozone"
    },
    {
      "type": "WEB",
      "url": "https://issues.apache.org/jira/browse/HDDS-4763"
    },
    {
      "type": "WEB",
      "url": "https://lists.apache.org/thread/q0lhspolnwfbsw33w98b7b1923n1np4d"
    },
    {
      "type": "WEB",
      "url": "https://mail-archives.apache.org/mod_mbox/ozone-dev/202111.mbox/%3C0fd74baa-88a0-39a2-8f3a-b982acb25d5a%40apache.org%3E"
    },
    {
      "type": "WEB",
      "url": "http://www.openwall.com/lists/oss-security/2021/11/19/7"
    }
  ],
  "affected": [
    {
      "package": {
        "name": "org.apache.hadoop:hadoop-ozone-ozone-manager",
        "ecosystem": "Maven",
        "purl": "pkg:maven/org.apache.hadoop/hadoop-ozone-ozone-manager"
      },
      "ranges": [
        {
          "type": "ECOSYSTEM",
          "events": [
            {
              "introduced": "0"
            },
            {
              "fixed": "1.2.0"
            }
          ]
        }
      ],
      "versions": [
        "0.4.0-alpha",
        "0.4.1-alpha",
        "0.5.0-beta",
        "1.0.0",
        "1.1.0"
      ],
      "database_specific": {
        "source": "https://github.com/github/advisory-database/blob/main/advisories/github-reviewed/2021/11/GHSA-5993-wwpg-m92c/GHSA-5993-wwpg-m92c.json"
      }
    }
  ],
  "schema_version": "1.6.0",
  "severity": [
    {
      "type": "CVSS_V3",
      "score": "CVSS:3.1/AV:N/AC:L/PR:L/UI:N/S:U/C:H/I:H/A:H"
    }
  ]
}