{
  "id": "GHSA-8j88-2hfc-5rf3",
  "summary": "Jenkins Visual Studio Code Metrics Plugin vulnerable to XML external entity (XXE) attacks",
  "details": "Jenkins Visual Studio Code Metrics Plugin 1.7 and earlier does not configure its XML parser to prevent XML external entity (XXE) attacks.\n\nThis allows attackers able to control VS Code Metrics File contents to have Jenkins parse a crafted XML document that uses external entities for extraction of secrets from the Jenkins controller or server-side request forgery.",
  "aliases": [
    "CVE-2023-28681"
  ],
  "modified": "2023-11-08T04:12:13.777558Z",
  "published": "2023-04-02T21:30:17Z",
  "database_specific": {
    "nvd_published_at": "2023-04-02T21:15:00Z",
    "github_reviewed_at": "2023-04-03T22:53:56Z",
    "severity": "HIGH",
    "github_reviewed": true,
    "cwe_ids": [
      "CWE-611"
    ]
  },
  "references": [
    {
      "type": "ADVISORY",
      "url": "https://nvd.nist.gov/vuln/detail/CVE-2023-28681"
    },
    {
      "type": "PACKAGE",
      "url": "https://github.com/jenkinsci/vs-code-metrics-plugin"
    },
    {
      "type": "WEB",
      "url": "https://www.jenkins.io/security/advisory/2023-03-21/#SECURITY-2926"
    }
  ],
  "affected": [
    {
      "package": {
        "name": "org.jenkins-ci.plugins:vs-code-metrics",
        "ecosystem": "Maven",
        "purl": "pkg:maven/org.jenkins-ci.plugins/vs-code-metrics"
      },
      "ranges": [
        {
          "type": "ECOSYSTEM",
          "events": [
            {
              "introduced": "0"
            },
            {
              "last_affected": "1.7"
            }
          ]
        }
      ],
      "versions": [
        "1.0",
        "1.1",
        "1.2",
        "1.3",
        "1.4",
        "1.5",
        "1.6",
        "1.7"
      ],
      "database_specific": {
        "source": "https://github.com/github/advisory-database/blob/main/advisories/github-reviewed/2023/04/GHSA-8j88-2hfc-5rf3/GHSA-8j88-2hfc-5rf3.json"
      }
    }
  ],
  "schema_version": "1.6.0",
  "severity": [
    {
      "type": "CVSS_V3",
      "score": "CVSS:3.1/AV:N/AC:L/PR:L/UI:N/S:U/C:H/I:L/A:N"
    }
  ]
}