{
  "id": "GHSA-g23v-p5jq-jvh4",
  "summary": "Infinite loop in Apache CFX",
  "details": "A vulnerability in the JsonMapObjectReaderWriter of Apache CXF allows an attacker to submit malformed JSON to a web service, which results in the thread getting stuck in an infinite loop, consuming CPU indefinitely. This issue affects Apache CXF versions prior to 3.4.4; Apache CXF versions prior to 3.3.11.",
  "aliases": [
    "CVE-2021-30468"
  ],
  "modified": "2024-02-17T05:34:18.328615Z",
  "published": "2022-01-06T18:37:14Z",
  "database_specific": {
    "nvd_published_at": "2021-06-16T12:15:00Z",
    "cwe_ids": [
      "CWE-400",
      "CWE-835"
    ],
    "severity": "HIGH",
    "github_reviewed": true,
    "github_reviewed_at": "2021-06-17T18:54:46Z"
  },
  "references": [
    {
      "type": "ADVISORY",
      "url": "https://nvd.nist.gov/vuln/detail/CVE-2021-30468"
    },
    {
      "type": "WEB",
      "url": "https://lists.apache.org/thread.html/r3f46ae38e4a6e80c069cdb320e0ce831b0a21a12ef0cc92c0943f34a@%3Ccommits.tomee.apache.org%3E"
    },
    {
      "type": "WEB",
      "url": "https://lists.apache.org/thread.html/r4771084730c4cf6e59eda60b4407122c86f174eb750b24f610ba9ff4@%3Ccommits.tomee.apache.org%3E"
    },
    {
      "type": "WEB",
      "url": "https://lists.apache.org/thread.html/r4a4b6bc0520b69c18d2a59daa6af84ae49f0c22164dccb8538794459@%3Cannounce.apache.org%3E"
    },
    {
      "type": "WEB",
      "url": "https://lists.apache.org/thread.html/r4a4b6bc0520b69c18d2a59daa6af84ae49f0c22164dccb8538794459@%3Cdev.cxf.apache.org%3E"
    },
    {
      "type": "WEB",
      "url": "https://lists.apache.org/thread.html/r4a4b6bc0520b69c18d2a59daa6af84ae49f0c22164dccb8538794459@%3Cusers.cxf.apache.org%3E"
    },
    {
      "type": "WEB",
      "url": "https://lists.apache.org/thread.html/r54c0f1cbbb9f381dfbedb9ea5e90ecb1c0a15371f40c4b10322ac737@%3Ccommits.tomee.apache.org%3E"
    },
    {
      "type": "WEB",
      "url": "https://lists.apache.org/thread.html/ra833f78b3fa577cb43558cf343859a1bf70b1c5ce2353b3877d96422@%3Ccommits.tomee.apache.org%3E"
    },
    {
      "type": "WEB",
      "url": "https://lists.apache.org/thread.html/rac07822057521dccf33ab5d136e0e8c599a6e2c8ac75e44ffbdc6e07@%3Ccommits.tomee.apache.org%3E"
    },
    {
      "type": "WEB",
      "url": "https://lists.apache.org/thread.html/re5b2a2b77faa22684d47bd2ac6623135c615565328ff40a1ec705448@%3Ccommits.tomee.apache.org%3E"
    },
    {
      "type": "WEB",
      "url": "https://lists.apache.org/thread.html/re9e05c6cab5f0dcc827eba4e6fcf26fa0b493e7ca84d62c867a80d03@%3Ccommits.tomee.apache.org%3E"
    },
    {
      "type": "WEB",
      "url": "https://security.netapp.com/advisory/ntap-20210917-0002"
    },
    {
      "type": "WEB",
      "url": "https://www.oracle.com/security-alerts/cpuapr2022.html"
    },
    {
      "type": "WEB",
      "url": "https://www.oracle.com/security-alerts/cpuoct2021.html"
    },
    {
      "type": "WEB",
      "url": "http://cxf.apache.org/security-advisories.data/CVE-2021-30468.txt.asc"
    },
    {
      "type": "WEB",
      "url": "http://www.openwall.com/lists/oss-security/2021/06/16/2"
    }
  ],
  "affected": [
    {
      "package": {
        "name": "org.apache.cxf:apache-cxf",
        "ecosystem": "Maven",
        "purl": "pkg:maven/org.apache.cxf/apache-cxf"
      },
      "ranges": [
        {
          "type": "ECOSYSTEM",
          "events": [
            {
              "introduced": "3.4.0"
            },
            {
              "fixed": "3.4.4"
            }
          ]
        }
      ],
      "versions": [
        "3.4.0",
        "3.4.1",
        "3.4.2",
        "3.4.3"
      ],
      "database_specific": {
        "source": "https://github.com/github/advisory-database/blob/main/advisories/github-reviewed/2022/01/GHSA-g23v-p5jq-jvh4/GHSA-g23v-p5jq-jvh4.json"
      }
    },
    {
      "package": {
        "name": "org.apache.cxf:apache-cxf",
        "ecosystem": "Maven",
        "purl": "pkg:maven/org.apache.cxf/apache-cxf"
      },
      "ranges": [
        {
          "type": "ECOSYSTEM",
          "events": [
            {
              "introduced": "0"
            },
            {
              "fixed": "3.3.11"
            }
          ]
        }
      ],
      "versions": [
        "2.0.10",
        "2.0.11",
        "2.0.12",
        "2.0.13",
        "2.0.6",
        "2.0.7",
        "2.0.8",
        "2.0.9",
        "2.1",
        "2.1.1",
        "2.1.10",
        "2.1.2",
        "2.1.3",
        "2.1.4",
        "2.1.5",
        "2.1.6",
        "2.1.7",
        "2.1.8",
        "2.1.9",
        "2.2",
        "2.2.1",
        "2.2.10",
        "2.2.11",
        "2.2.12",
        "2.2.2",
        "2.2.3",
        "2.2.4",
        "2.2.5",
        "2.2.6",
        "2.2.7",
        "2.2.8",
        "2.2.9",
        "2.3.0",
        "2.3.1",
        "2.3.10",
        "2.3.11",
        "2.3.2",
        "2.3.3",
        "2.3.4",
        "2.3.5",
        "2.3.6",
        "2.3.7",
        "2.3.8",
        "2.3.9",
        "2.4.0",
        "2.4.1",
        "2.4.10",
        "2.4.2",
        "2.4.3",
        "2.4.4",
        "2.4.5",
        "2.4.6",
        "2.4.7",
        "2.4.8",
        "2.4.9",
        "2.5.0",
        "2.5.1",
        "2.5.10",
        "2.5.11",
        "2.5.2",
        "2.5.3",
        "2.5.4",
        "2.5.5",
        "2.5.6",
        "2.5.7",
        "2.5.8",
        "2.5.9",
        "2.6.0",
        "2.6.1",
        "2.6.10",
        "2.6.11",
        "2.6.12",
        "2.6.13",
        "2.6.14",
        "2.6.15",
        "2.6.16",
        "2.6.17",
        "2.6.2",
        "2.6.3",
        "2.6.4",
        "2.6.5",
        "2.6.6",
        "2.6.7",
        "2.6.8",
        "2.6.9",
        "2.7.0",
        "2.7.1",
        "2.7.10",
        "2.7.11",
        "2.7.12",
        "2.7.13",
        "2.7.14",
        "2.7.15",
        "2.7.16",
        "2.7.17",
        "2.7.18",
        "2.7.2",
        "2.7.3",
        "2.7.4",
        "2.7.5",
        "2.7.6",
        "2.7.7",
        "2.7.8",
        "2.7.9",
        "3.0.0",
        "3.0.0-milestone1",
        "3.0.0-milestone2",
        "3.0.1",
        "3.0.10",
        "3.0.11",
        "3.0.12",
        "3.0.13",
        "3.0.14",
        "3.0.15",
        "3.0.16",
        "3.0.2",
        "3.0.3",
        "3.0.4",
        "3.0.5",
        "3.0.6",
        "3.0.7",
        "3.0.8",
        "3.0.9",
        "3.1.0",
        "3.1.1",
        "3.1.10",
        "3.1.11",
        "3.1.12",
        "3.1.13",
        "3.1.14",
        "3.1.15",
        "3.1.16",
        "3.1.17",
        "3.1.18",
        "3.1.2",
        "3.1.3",
        "3.1.4",
        "3.1.5",
        "3.1.6",
        "3.1.7",
        "3.1.8",
        "3.1.9",
        "3.2.0",
        "3.2.1",
        "3.2.10",
        "3.2.11",
        "3.2.12",
        "3.2.13",
        "3.2.14",
        "3.2.2",
        "3.2.3",
        "3.2.4",
        "3.2.5",
        "3.2.6",
        "3.2.7",
        "3.2.8",
        "3.2.9",
        "3.3.0",
        "3.3.1",
        "3.3.10",
        "3.3.2",
        "3.3.3",
        "3.3.4",
        "3.3.5",
        "3.3.6",
        "3.3.7",
        "3.3.8",
        "3.3.9"
      ],
      "database_specific": {
        "source": "https://github.com/github/advisory-database/blob/main/advisories/github-reviewed/2022/01/GHSA-g23v-p5jq-jvh4/GHSA-g23v-p5jq-jvh4.json"
      }
    },
    {
      "package": {
        "name": "org.apache.cxf:cxf",
        "ecosystem": "Maven",
        "purl": "pkg:maven/org.apache.cxf/cxf"
      },
      "ranges": [
        {
          "type": "ECOSYSTEM",
          "events": [
            {
              "introduced": "3.4.0"
            },
            {
              "fixed": "3.4.4"
            }
          ]
        }
      ],
      "versions": [
        "3.4.0",
        "3.4.1",
        "3.4.2",
        "3.4.3"
      ],
      "database_specific": {
        "source": "https://github.com/github/advisory-database/blob/main/advisories/github-reviewed/2022/01/GHSA-g23v-p5jq-jvh4/GHSA-g23v-p5jq-jvh4.json"
      }
    },
    {
      "package": {
        "name": "org.apache.cxf:cxf",
        "ecosystem": "Maven",
        "purl": "pkg:maven/org.apache.cxf/cxf"
      },
      "ranges": [
        {
          "type": "ECOSYSTEM",
          "events": [
            {
              "introduced": "0"
            },
            {
              "fixed": "3.3.11"
            }
          ]
        }
      ],
      "versions": [
        "2.0.10",
        "2.0.11",
        "2.0.12",
        "2.0.13",
        "2.0.6",
        "2.0.7",
        "2.0.8",
        "2.0.9",
        "2.1",
        "2.1.1",
        "2.1.10",
        "2.1.2",
        "2.1.3",
        "2.1.4",
        "2.1.5",
        "2.1.6",
        "2.1.7",
        "2.1.8",
        "2.1.9",
        "2.2",
        "2.2.1",
        "2.2.10",
        "2.2.11",
        "2.2.12",
        "2.2.2",
        "2.2.3",
        "2.2.4",
        "2.2.5",
        "2.2.6",
        "2.2.7",
        "2.2.8",
        "2.2.9",
        "2.3.0",
        "2.3.1",
        "2.3.10",
        "2.3.11",
        "2.3.2",
        "2.3.3",
        "2.3.4",
        "2.3.5",
        "2.3.6",
        "2.3.7",
        "2.3.8",
        "2.3.9",
        "2.4.0",
        "2.4.1",
        "2.4.10",
        "2.4.2",
        "2.4.3",
        "2.4.4",
        "2.4.5",
        "2.4.6",
        "2.4.7",
        "2.4.8",
        "2.4.9",
        "2.5.0",
        "2.5.1",
        "2.5.10",
        "2.5.11",
        "2.5.2",
        "2.5.3",
        "2.5.4",
        "2.5.5",
        "2.5.6",
        "2.5.7",
        "2.5.8",
        "2.5.9",
        "2.6.0",
        "2.6.1",
        "2.6.10",
        "2.6.11",
        "2.6.12",
        "2.6.13",
        "2.6.14",
        "2.6.15",
        "2.6.16",
        "2.6.17",
        "2.6.2",
        "2.6.3",
        "2.6.4",
        "2.6.5",
        "2.6.6",
        "2.6.7",
        "2.6.8",
        "2.6.9",
        "2.7.0",
        "2.7.1",
        "2.7.10",
        "2.7.11",
        "2.7.12",
        "2.7.13",
        "2.7.14",
        "2.7.15",
        "2.7.16",
        "2.7.17",
        "2.7.18",
        "2.7.2",
        "2.7.3",
        "2.7.4",
        "2.7.5",
        "2.7.6",
        "2.7.7",
        "2.7.8",
        "2.7.9",
        "3.0.0",
        "3.0.0-milestone1",
        "3.0.0-milestone2",
        "3.0.1",
        "3.0.10",
        "3.0.11",
        "3.0.12",
        "3.0.13",
        "3.0.14",
        "3.0.15",
        "3.0.16",
        "3.0.2",
        "3.0.3",
        "3.0.4",
        "3.0.5",
        "3.0.6",
        "3.0.7",
        "3.0.8",
        "3.0.9",
        "3.1.0",
        "3.1.1",
        "3.1.10",
        "3.1.11",
        "3.1.12",
        "3.1.13",
        "3.1.14",
        "3.1.15",
        "3.1.16",
        "3.1.17",
        "3.1.18",
        "3.1.2",
        "3.1.3",
        "3.1.4",
        "3.1.5",
        "3.1.6",
        "3.1.7",
        "3.1.8",
        "3.1.9",
        "3.2.0",
        "3.2.1",
        "3.2.10",
        "3.2.11",
        "3.2.12",
        "3.2.13",
        "3.2.14",
        "3.2.2",
        "3.2.3",
        "3.2.4",
        "3.2.5",
        "3.2.6",
        "3.2.7",
        "3.2.8",
        "3.2.9",
        "3.3.0",
        "3.3.1",
        "3.3.10",
        "3.3.2",
        "3.3.3",
        "3.3.4",
        "3.3.5",
        "3.3.6",
        "3.3.7",
        "3.3.8",
        "3.3.9"
      ],
      "database_specific": {
        "source": "https://github.com/github/advisory-database/blob/main/advisories/github-reviewed/2022/01/GHSA-g23v-p5jq-jvh4/GHSA-g23v-p5jq-jvh4.json"
      }
    }
  ],
  "schema_version": "1.6.0",
  "severity": [
    {
      "type": "CVSS_V3",
      "score": "CVSS:3.1/AV:N/AC:L/PR:N/UI:N/S:U/C:N/I:N/A:H"
    }
  ]
}