{
  "id": "GHSA-v8q2-94f6-6xq2",
  "summary": "Improper Input Validation in Apache CXF",
  "details": "Apache CXF 2.0.x before 2.0.13, 2.1.x before 2.1.10, and 2.2.x before 2.2.9, as used in Apache ServiceMix, Apache Camel, Apache Chemistry, Apache jUDDI, Apache Geronimo, and other products, does not properly reject DTDs in SOAP messages, which allows remote attackers to read arbitrary files, send HTTP requests to intranet servers, or cause a denial of service (CPU and memory consumption) via a crafted DTD, as demonstrated by an entity declaration in a request to samples/wsdl_first_pure_xml, a similar issue to CVE-2010-1632.",
  "aliases": [
    "CVE-2010-2076"
  ],
  "modified": "2023-11-08T03:56:56.151105Z",
  "published": "2022-05-13T01:09:23Z",
  "database_specific": {
    "nvd_published_at": "2010-08-19T18:00:00Z",
    "github_reviewed_at": "2022-07-08T18:53:08Z",
    "severity": "HIGH",
    "github_reviewed": true,
    "cwe_ids": [
      "CWE-20"
    ]
  },
  "references": [
    {
      "type": "ADVISORY",
      "url": "https://nvd.nist.gov/vuln/detail/CVE-2010-2076"
    },
    {
      "type": "WEB",
      "url": "https://issues.apache.org/jira/browse/GERONIMO-5383"
    },
    {
      "type": "WEB",
      "url": "https://lists.apache.org/thread.html/r36e44ffc1a9b365327df62cdfaabe85b9a5637de102cea07d79b2dbf%40%3Ccommits.cxf.apache.org%3E"
    },
    {
      "type": "WEB",
      "url": "https://lists.apache.org/thread.html/r36e44ffc1a9b365327df62cdfaabe85b9a5637de102cea07d79b2dbf@%3Ccommits.cxf.apache.org%3E"
    },
    {
      "type": "WEB",
      "url": "https://lists.apache.org/thread.html/rc774278135816e7afc943dc9fc78eb0764f2c84a2b96470a0187315c%40%3Ccommits.cxf.apache.org%3E"
    },
    {
      "type": "WEB",
      "url": "https://lists.apache.org/thread.html/rc774278135816e7afc943dc9fc78eb0764f2c84a2b96470a0187315c@%3Ccommits.cxf.apache.org%3E"
    },
    {
      "type": "WEB",
      "url": "https://lists.apache.org/thread.html/rd49aabd984ed540c8ff7916d4d79405f3fa311d2fdbcf9ed307839a6%40%3Ccommits.cxf.apache.org%3E"
    },
    {
      "type": "WEB",
      "url": "https://lists.apache.org/thread.html/rd49aabd984ed540c8ff7916d4d79405f3fa311d2fdbcf9ed307839a6@%3Ccommits.cxf.apache.org%3E"
    },
    {
      "type": "WEB",
      "url": "https://lists.apache.org/thread.html/rec7160382badd3ef4ad017a22f64a266c7188b9ba71394f0d321e2d4%40%3Ccommits.cxf.apache.org%3E"
    },
    {
      "type": "WEB",
      "url": "https://lists.apache.org/thread.html/rec7160382badd3ef4ad017a22f64a266c7188b9ba71394f0d321e2d4@%3Ccommits.cxf.apache.org%3E"
    },
    {
      "type": "WEB",
      "url": "https://lists.apache.org/thread.html/rfb87e0bf3995e7d560afeed750fac9329ff5f1ad49da365129b7f89e%40%3Ccommits.cxf.apache.org%3E"
    },
    {
      "type": "WEB",
      "url": "https://lists.apache.org/thread.html/rfb87e0bf3995e7d560afeed750fac9329ff5f1ad49da365129b7f89e@%3Ccommits.cxf.apache.org%3E"
    },
    {
      "type": "WEB",
      "url": "https://lists.apache.org/thread.html/rff42cfa5e7d75b7c1af0e37589140a8f1999e578a75738740b244bd4%40%3Ccommits.cxf.apache.org%3E"
    },
    {
      "type": "WEB",
      "url": "https://lists.apache.org/thread.html/rff42cfa5e7d75b7c1af0e37589140a8f1999e578a75738740b244bd4@%3Ccommits.cxf.apache.org%3E"
    },
    {
      "type": "WEB",
      "url": "https://svn.apache.org/repos/asf/cxf/trunk/security/CVE-2010-2076.pdf"
    }
  ],
  "affected": [
    {
      "package": {
        "name": "org.apache.cxf:cxf-rt-frontend-jaxrs",
        "ecosystem": "Maven",
        "purl": "pkg:maven/org.apache.cxf/cxf-rt-frontend-jaxrs"
      },
      "ranges": [
        {
          "type": "ECOSYSTEM",
          "events": [
            {
              "introduced": "2.0.0"
            },
            {
              "fixed": "2.0.13"
            }
          ]
        }
      ],
      "database_specific": {
        "source": "https://github.com/github/advisory-database/blob/main/advisories/github-reviewed/2022/05/GHSA-v8q2-94f6-6xq2/GHSA-v8q2-94f6-6xq2.json"
      },
      "versions": []
    },
    {
      "package": {
        "name": "org.apache.cxf:cxf-rt-frontend-jaxrs",
        "ecosystem": "Maven",
        "purl": "pkg:maven/org.apache.cxf/cxf-rt-frontend-jaxrs"
      },
      "ranges": [
        {
          "type": "ECOSYSTEM",
          "events": [
            {
              "introduced": "2.1.0"
            },
            {
              "fixed": "2.1.10"
            }
          ]
        }
      ],
      "versions": [
        "2.1",
        "2.1.1",
        "2.1.2",
        "2.1.3",
        "2.1.4",
        "2.1.5",
        "2.1.6",
        "2.1.7",
        "2.1.8",
        "2.1.9"
      ],
      "database_specific": {
        "source": "https://github.com/github/advisory-database/blob/main/advisories/github-reviewed/2022/05/GHSA-v8q2-94f6-6xq2/GHSA-v8q2-94f6-6xq2.json"
      }
    },
    {
      "package": {
        "name": "org.apache.cxf:cxf-rt-frontend-jaxrs",
        "ecosystem": "Maven",
        "purl": "pkg:maven/org.apache.cxf/cxf-rt-frontend-jaxrs"
      },
      "ranges": [
        {
          "type": "ECOSYSTEM",
          "events": [
            {
              "introduced": "2.2.0"
            },
            {
              "fixed": "2.2.9"
            }
          ]
        }
      ],
      "versions": [
        "2.2",
        "2.2.1",
        "2.2.2",
        "2.2.3",
        "2.2.4",
        "2.2.5",
        "2.2.6",
        "2.2.7",
        "2.2.8"
      ],
      "database_specific": {
        "source": "https://github.com/github/advisory-database/blob/main/advisories/github-reviewed/2022/05/GHSA-v8q2-94f6-6xq2/GHSA-v8q2-94f6-6xq2.json"
      }
    }
  ],
  "schema_version": "1.6.0"
}