{
  "id": "GHSA-wmhw-hpwh-44pg",
  "summary": "Apache ActiveMQ Apollo XXE Vulnerability",
  "details": "XML external entity (XXE) vulnerability in Apache ActiveMQ Apollo 1.x before 1.7.1 allows remote consumers to have unspecified impact via vectors involving an XPath based selector when dequeuing XML messages.",
  "aliases": [
    "CVE-2014-3579"
  ],
  "modified": "2024-04-12T22:16:18.527524Z",
  "published": "2022-05-14T01:14:52Z",
  "database_specific": {
    "nvd_published_at": "2017-10-27T19:29:00Z",
    "cwe_ids": [
      "CWE-611"
    ],
    "severity": "CRITICAL",
    "github_reviewed": true,
    "github_reviewed_at": "2023-09-25T14:51:14Z"
  },
  "references": [
    {
      "type": "ADVISORY",
      "url": "https://nvd.nist.gov/vuln/detail/CVE-2014-3579"
    },
    {
      "type": "WEB",
      "url": "https://github.com/apache/activemq-apollo/commit/e5647554e6801a522c508a8eb457979a9af8c398"
    },
    {
      "type": "WEB",
      "url": "https://exchange.xforce.ibmcloud.com/vulnerabilities/100721"
    },
    {
      "type": "PACKAGE",
      "url": "https://github.com/apache/activemq-apollo"
    },
    {
      "type": "WEB",
      "url": "https://issues.apache.org/jira/browse/APLO-366"
    },
    {
      "type": "WEB",
      "url": "https://lists.apache.org/thread.html/a859563f05fbe7c31916b3178c2697165bd9bbf5a65d1cf62aef27d2@%3Ccommits.activemq.apache.org%3E"
    },
    {
      "type": "WEB",
      "url": "https://web.archive.org/web/20150213000202/http://seclists.org/oss-sec/2015/q1/428"
    },
    {
      "type": "WEB",
      "url": "https://web.archive.org/web/20200228080433/http://www.securityfocus.com/bid/72508"
    },
    {
      "type": "WEB",
      "url": "http://activemq.apache.org/security-advisories.data/CVE-2014-3579-announcement.txt"
    }
  ],
  "affected": [
    {
      "package": {
        "name": "org.apache.activemq:apollo-project",
        "ecosystem": "Maven",
        "purl": "pkg:maven/org.apache.activemq/apollo-project"
      },
      "ranges": [
        {
          "type": "ECOSYSTEM",
          "events": [
            {
              "introduced": "1.0.0"
            },
            {
              "fixed": "1.7.1"
            }
          ]
        }
      ],
      "versions": [
        "1.0",
        "1.1",
        "1.2",
        "1.3",
        "1.4",
        "1.5",
        "1.6",
        "1.7"
      ],
      "database_specific": {
        "source": "https://github.com/github/advisory-database/blob/main/advisories/github-reviewed/2022/05/GHSA-wmhw-hpwh-44pg/GHSA-wmhw-hpwh-44pg.json"
      }
    }
  ],
  "schema_version": "1.6.0",
  "severity": [
    {
      "type": "CVSS_V3",
      "score": "CVSS:3.0/AV:N/AC:L/PR:N/UI:N/S:U/C:H/I:H/A:H"
    }
  ]
}