{
  "id": "GHSA-ffvq-7w96-97p7",
  "summary": "Denial of Service in Spring Framework",
  "details": "Spring Framework, version 5.1, versions 5.0.x prior to 5.0.10, versions 4.3.x prior to 4.3.20, and older unsupported versions on the 4.2.x branch provide support for range requests when serving static resources through the ResourceHttpRequestHandler, or starting in 5.0 when an annotated controller returns an org.springframework.core.io.Resource. A malicious user (or attacker) can add a range header with a high number of ranges, or with wide ranges that overlap, or both, for a denial of service attack. This vulnerability affects applications that depend on either spring-webmvc or spring-webflux. Such applications must also have a registration for serving static resources (e.g. JS, CSS, images, and others), or have an annotated controller that returns an org.springframework.core.io.Resource. Spring Boot applications that depend on spring-boot-starter-web or spring-boot-starter-webflux are ready to serve static resources out of the box and are therefore vulnerable.",
  "aliases": [
    "CVE-2018-15756"
  ],
  "modified": "2024-06-05T17:16:17.714215Z",
  "published": "2020-06-15T19:34:50Z",
  "database_specific": {
    "nvd_published_at": "2018-10-18T22:29:00Z",
    "cwe_ids": [],
    "severity": "HIGH",
    "github_reviewed": true,
    "github_reviewed_at": "2020-06-11T20:09:37Z"
  },
  "references": [
    {
      "type": "ADVISORY",
      "url": "https://nvd.nist.gov/vuln/detail/CVE-2018-15756"
    },
    {
      "type": "WEB",
      "url": "https://www.oracle.com/technetwork/security-advisory/cpuoct2019-5072832.html"
    },
    {
      "type": "WEB",
      "url": "https://www.oracle.com/technetwork/security-advisory/cpujul2019-5072835.html"
    },
    {
      "type": "WEB",
      "url": "https://www.oracle.com/technetwork/security-advisory/cpuapr2019-5072813.html"
    },
    {
      "type": "WEB",
      "url": "https://www.oracle.com/security-alerts/cpuoct2021.html"
    },
    {
      "type": "WEB",
      "url": "https://www.oracle.com/security-alerts/cpujul2020.html"
    },
    {
      "type": "WEB",
      "url": "https://www.oracle.com/security-alerts/cpujan2021.html"
    },
    {
      "type": "WEB",
      "url": "https://www.oracle.com/security-alerts/cpujan2020.html"
    },
    {
      "type": "WEB",
      "url": "https://www.oracle.com/security-alerts/cpuapr2020.html"
    },
    {
      "type": "WEB",
      "url": "https://www.oracle.com//security-alerts/cpujul2021.html"
    },
    {
      "type": "WEB",
      "url": "https://pivotal.io/security/cve-2018-15756"
    },
    {
      "type": "WEB",
      "url": "https://lists.debian.org/debian-lts-announce/2021/04/msg00022.html"
    },
    {
      "type": "WEB",
      "url": "https://lists.apache.org/thread.html/f8905507a2c94af6b08b72d7be0c4b8c6660e585f00abfafeccc86bc@%3Cissues.activemq.apache.org%3E"
    },
    {
      "type": "WEB",
      "url": "https://lists.apache.org/thread.html/efaa52b0aa67aae7cbd9e6ef96945387e422d7ce0e65434570a37b1d@%3Cissues.activemq.apache.org%3E"
    },
    {
      "type": "WEB",
      "url": "https://lists.apache.org/thread.html/d6a84f52db89804b0ad965f3ea2b24bb880edee29107a1c5069cc3dd@%3Cissues.activemq.apache.org%3E"
    },
    {
      "type": "WEB",
      "url": "https://lists.apache.org/thread.html/bb354962cb51fff65740d5fb1bc2aac56af577c06244b57c36f98e4d@%3Cissues.activemq.apache.org%3E"
    },
    {
      "type": "WEB",
      "url": "https://lists.apache.org/thread.html/a3071e11c6fbd593022074ec1b4693f6d948c2b02cfa4a5d854aed68@%3Cissues.activemq.apache.org%3E"
    },
    {
      "type": "WEB",
      "url": "https://lists.apache.org/thread.html/8a1fe70534fc52ff5c9db5ac29c55657f802cbefd7e9d9850c7052bd@%3Cissues.activemq.apache.org%3E"
    },
    {
      "type": "WEB",
      "url": "https://lists.apache.org/thread.html/7b156ee50ba3ecce87b33c06bf7a749d84ffee55e69bfb5eca88fcc3@%3Cissues.activemq.apache.org%3E"
    },
    {
      "type": "WEB",
      "url": "https://lists.apache.org/thread.html/77886fec378ee6064debb1efb6b464a4a0173b2ff0d151ed86d3a228@%3Cissues.activemq.apache.org%3E"
    },
    {
      "type": "WEB",
      "url": "https://lists.apache.org/thread.html/339fd112517e4873695b5115b96acdddbfc8f83b10598528d37c7d12@%3Cissues.activemq.apache.org%3E"
    },
    {
      "type": "PACKAGE",
      "url": "https://github.com/spring-projects/spring-framework"
    },
    {
      "type": "WEB",
      "url": "http://www.securityfocus.com/bid/105703"
    }
  ],
  "affected": [
    {
      "package": {
        "name": "org.springframework:spring-core",
        "ecosystem": "Maven",
        "purl": "pkg:maven/org.springframework/spring-core"
      },
      "ranges": [
        {
          "type": "ECOSYSTEM",
          "events": [
            {
              "introduced": "5.1.0.RELEASE"
            },
            {
              "fixed": "5.1.1.RELEASE"
            }
          ]
        }
      ],
      "versions": [
        "5.1.0.RELEASE"
      ],
      "database_specific": {
        "source": "https://github.com/github/advisory-database/blob/main/advisories/github-reviewed/2020/06/GHSA-ffvq-7w96-97p7/GHSA-ffvq-7w96-97p7.json"
      }
    },
    {
      "package": {
        "name": "org.springframework:spring-core",
        "ecosystem": "Maven",
        "purl": "pkg:maven/org.springframework/spring-core"
      },
      "ranges": [
        {
          "type": "ECOSYSTEM",
          "events": [
            {
              "introduced": "5.0.0.RELEASE"
            },
            {
              "fixed": "5.0.10.RELEASE"
            }
          ]
        }
      ],
      "versions": [
        "5.0.0.RELEASE",
        "5.0.1.RELEASE",
        "5.0.2.RELEASE",
        "5.0.3.RELEASE",
        "5.0.4.RELEASE",
        "5.0.5.RELEASE",
        "5.0.6.RELEASE",
        "5.0.7.RELEASE",
        "5.0.8.RELEASE",
        "5.0.9.RELEASE"
      ],
      "database_specific": {
        "source": "https://github.com/github/advisory-database/blob/main/advisories/github-reviewed/2020/06/GHSA-ffvq-7w96-97p7/GHSA-ffvq-7w96-97p7.json"
      }
    },
    {
      "package": {
        "name": "org.springframework:spring-core",
        "ecosystem": "Maven",
        "purl": "pkg:maven/org.springframework/spring-core"
      },
      "ranges": [
        {
          "type": "ECOSYSTEM",
          "events": [
            {
              "introduced": "4.2.0.RELEASE"
            },
            {
              "fixed": "4.3.20.RELEASE"
            }
          ]
        }
      ],
      "versions": [
        "4.2.0.RELEASE",
        "4.2.1.RELEASE",
        "4.2.2.RELEASE",
        "4.2.3.RELEASE",
        "4.2.4.RELEASE",
        "4.2.5.RELEASE",
        "4.2.6.RELEASE",
        "4.2.7.RELEASE",
        "4.2.8.RELEASE",
        "4.2.9.RELEASE",
        "4.3.0.RELEASE",
        "4.3.1.RELEASE",
        "4.3.10.RELEASE",
        "4.3.11.RELEASE",
        "4.3.12.RELEASE",
        "4.3.13.RELEASE",
        "4.3.14.RELEASE",
        "4.3.15.RELEASE",
        "4.3.16.RELEASE",
        "4.3.17.RELEASE",
        "4.3.18.RELEASE",
        "4.3.19.RELEASE",
        "4.3.2.RELEASE",
        "4.3.3.RELEASE",
        "4.3.4.RELEASE",
        "4.3.5.RELEASE",
        "4.3.6.RELEASE",
        "4.3.7.RELEASE",
        "4.3.8.RELEASE",
        "4.3.9.RELEASE"
      ],
      "database_specific": {
        "source": "https://github.com/github/advisory-database/blob/main/advisories/github-reviewed/2020/06/GHSA-ffvq-7w96-97p7/GHSA-ffvq-7w96-97p7.json"
      }
    }
  ],
  "schema_version": "1.6.0",
  "severity": [
    {
      "type": "CVSS_V3",
      "score": "CVSS:3.0/AV:N/AC:L/PR:N/UI:N/S:U/C:N/I:N/A:H"
    }
  ]
}