{
  "id": "GHSA-h9gj-rqrw-x4fq",
  "summary": "Server Side Request Forgery in Apache Axis",
  "details": "A Server Side Request Forgery (SSRF) vulnerability affected the Apache Axis 1.4 distribution that was last released in 2006. Security and bug commits commits continue in the projects Axis 1.x Subversion repository, legacy users are encouraged to build from source. The successor to Axis 1.x is Axis2, the latest version is 1.7.9 and is not vulnerable to this issue.",
  "aliases": [
    "CVE-2019-0227"
  ],
  "modified": "2024-06-25T02:34:58.049130Z",
  "published": "2019-05-14T04:02:24Z",
  "database_specific": {
    "nvd_published_at": "2019-05-01T21:29:00Z",
    "cwe_ids": [
      "CWE-918"
    ],
    "severity": "HIGH",
    "github_reviewed": true,
    "github_reviewed_at": "2019-05-03T15:21:34Z"
  },
  "references": [
    {
      "type": "ADVISORY",
      "url": "https://nvd.nist.gov/vuln/detail/CVE-2019-0227"
    },
    {
      "type": "WEB",
      "url": "https://lists.apache.org/thread.html/r3a5baf5d76f1f2181be7f54da3deab70d7a38b5660b387583d05a8cd%40%3Cjava-user.axis.apache.org%3E"
    },
    {
      "type": "WEB",
      "url": "https://lists.apache.org/thread.html/r3a5baf5d76f1f2181be7f54da3deab70d7a38b5660b387583d05a8cd@%3Cjava-user.axis.apache.org%3E"
    },
    {
      "type": "WEB",
      "url": "https://lists.apache.org/thread.html/r6d03e45b81eab03580cf7f8bb51cb3e9a1b10a2cc0c6a2d3cc92ed0c%40%3Cannounce.apache.org%3E"
    },
    {
      "type": "WEB",
      "url": "https://lists.apache.org/thread.html/r6d03e45b81eab03580cf7f8bb51cb3e9a1b10a2cc0c6a2d3cc92ed0c@%3Cannounce.apache.org%3E"
    },
    {
      "type": "WEB",
      "url": "https://rhinosecuritylabs.com/application-security/cve-2019-0227-expired-domain-rce-apache-axis"
    },
    {
      "type": "WEB",
      "url": "https://security.netapp.com/advisory/ntap-20240621-0006"
    },
    {
      "type": "WEB",
      "url": "https://www.oracle.com/security-alerts/cpuApr2021.html"
    },
    {
      "type": "WEB",
      "url": "https://www.oracle.com/security-alerts/cpuapr2020.html"
    },
    {
      "type": "WEB",
      "url": "https://www.oracle.com/security-alerts/cpuapr2022.html"
    },
    {
      "type": "WEB",
      "url": "https://www.oracle.com/security-alerts/cpujan2020.html"
    },
    {
      "type": "WEB",
      "url": "https://www.oracle.com/security-alerts/cpujan2021.html"
    },
    {
      "type": "WEB",
      "url": "https://www.oracle.com/security-alerts/cpujul2020.html"
    },
    {
      "type": "WEB",
      "url": "https://www.oracle.com/security-alerts/cpujul2022.html"
    },
    {
      "type": "WEB",
      "url": "https://www.oracle.com/security-alerts/cpuoct2021.html"
    },
    {
      "type": "WEB",
      "url": "https://www.oracle.com/technetwork/security-advisory/cpuoct2019-5072832.html"
    }
  ],
  "affected": [
    {
      "package": {
        "name": "org.apache.axis:axis",
        "ecosystem": "Maven",
        "purl": "pkg:maven/org.apache.axis/axis"
      },
      "ranges": [
        {
          "type": "ECOSYSTEM",
          "events": [
            {
              "introduced": "0"
            },
            {
              "last_affected": "1.4"
            }
          ]
        }
      ],
      "versions": [
        "1.4"
      ],
      "database_specific": {
        "source": "https://github.com/github/advisory-database/blob/main/advisories/github-reviewed/2019/05/GHSA-h9gj-rqrw-x4fq/GHSA-h9gj-rqrw-x4fq.json"
      }
    },
    {
      "package": {
        "name": "axis:axis",
        "ecosystem": "Maven",
        "purl": "pkg:maven/axis/axis"
      },
      "ranges": [
        {
          "type": "ECOSYSTEM",
          "events": [
            {
              "introduced": "0"
            },
            {
              "last_affected": "1.4"
            }
          ]
        }
      ],
      "versions": [
        "1.0",
        "1.1",
        "1.1-beta",
        "1.2",
        "1.2-RC1",
        "1.2-RC2",
        "1.2-RC3",
        "1.2-alpha-1",
        "1.2-beta-2",
        "1.2-beta-3",
        "1.2.1",
        "1.3",
        "1.4"
      ],
      "database_specific": {
        "source": "https://github.com/github/advisory-database/blob/main/advisories/github-reviewed/2019/05/GHSA-h9gj-rqrw-x4fq/GHSA-h9gj-rqrw-x4fq.json"
      }
    }
  ],
  "schema_version": "1.6.0",
  "severity": [
    {
      "type": "CVSS_V3",
      "score": "CVSS:3.1/AV:A/AC:H/PR:N/UI:N/S:U/C:H/I:H/A:H"
    }
  ]
}