{
  "id": "GHSA-6jj6-gm7p-fcvv",
  "summary": "Remote Code Execution (RCE) vulnerability in geoserver",
  "details": "### Summary\nMultiple OGC request parameters allow Remote Code Execution (RCE) by unauthenticated users through specially crafted input against a default GeoServer installation due to unsafely evaluating property names as XPath expressions.\n\n### Details\nThe GeoTools library API that GeoServer calls evaluates property/attribute names for feature types in a way that unsafely passes them to the commons-jxpath library which can execute arbitrary code when evaluating XPath expressions. This XPath evaluation is intended to be used only by complex feature types (i.e., Application Schema data stores) but is incorrectly being applied to simple feature types as well which makes this vulnerability apply to **ALL** GeoServer instances.\n\n### PoC\nNo public PoC is provided but this vulnerability has been confirmed to be exploitable through WFS GetFeature, WFS GetPropertyValue, WMS GetMap, WMS GetFeatureInfo, WMS GetLegendGraphic and WPS Execute requests.\n\n### Impact\nThis vulnerability can lead to executing arbitrary code.\n\n### Workaround\n\nA workaround exists by removing the `gt-complex-x.y.jar` file from the GeoServer where `x.y` is the GeoTools version (e.g., `gt-complex-31.1.jar` if running GeoServer 2.25.1). This will remove the vulnerable code from GeoServer but may break some GeoServer functionality or prevent GeoServer from deploying if the gt-complex module is needed by an extension you are using:\n\nMitigation for `geoserver.war` deploy:\n\n1. Stop the application server\n2. Unzip `geoserver.war` into a directory\n3. Locate the file `WEB-INF/lib/gt-complex-x.y.jar` and remove\n4. Zip the directory into a new `geoserver.war`\n5. Restart the application server\n\nMitigation for GeoServer binary:\n\n1. Stop Jetty\n2. Locate the file `webapps/geoserver/WEB-INF/lib/gt-complex-x.y.jar` and remove\n3. Restart Jetty\n\nThe following extensions and community modules are known to have a direct dependency on `gt-complex` jar and are not expected function properly without it. This is not comprehensive list and additional GeoServer functionality may be dependent on the availability of `gt-complex` jar:\n* Extensions: Application Schema, Catalog Services for the Web, MongoDB Data Store\n* Community Modules: Features-Templating, OGC API Modules, Smart Data Loader, SOLR Data Store\n\nMitigation available for prior releases patching three jars in your existing install:\n\n1. Patched `gt-app-schema`, `gt-complex` and `gt-xsd-core` jars may be downloaded for GeoServer: [2.25.1](https://sourceforge.net/projects/geoserver/files/GeoServer/2.25.1/geoserver-2.25.1-patches.zip/download), [2.24.3](https://sourceforge.net/projects/geoserver/files/GeoServer/2.24.3/geoserver-2.24.3-patches.zip/download), [2.24.2](https://sourceforge.net/projects/geoserver/files/GeoServer/2.24.2/geoserver-2.24.2-patches.zip/download), [2.23.2](https://sourceforge.net/projects/geoserver/files/GeoServer/2.23.2/geoserver-2.23.2-patches.zip/download), [2.22.2](https://sourceforge.net/projects/geoserver/files/GeoServer/2.22.2/geoserver-2.22.2-patches.zip/download), [2.21.5](https://sourceforge.net/projects/geoserver/files/GeoServer/2.21.5/geoserver-2.21.5-patches.zip/download), [2.21.4](https://sourceforge.net/projects/geoserver/files/GeoServer/2.21.4/geoserver-2.21.4-patches.zip/download),[2.20.7](https://sourceforge.net/projects/geoserver/files/GeoServer/2.20.7/geoserver-2.20.7-patches.zip/download), [2.20.4](https://sourceforge.net/projects/geoserver/files/GeoServer/2.20.4/geoserver-2.20.4-patches.zip/download), [2.19.2](https://sourceforge.net/projects/geoserver/files/GeoServer/2.19.2/geoserver-2.19.2-patches.zip/download), [2.18.0](https://sourceforge.net/projects/geoserver/files/GeoServer/2.18.0/geoserver-2.18.0-patches.zip/download).\n  \n   As example the 2.25.1 page links to [geoserver-2.25.1-patches.zip](https://sourceforge.net/projects/geoserver/files/GeoServer/2.25.1/geoserver-2.25.1-patches.zip/download) download on source forge.\n\n2. Unzip the `geoserver-x.y.z-patches.zip` which contains three jars that have been patched to configure `commons-jxpath` with an empty function list prior to use. These files are drop-in replacements with identical file names to those they are replacing.\n\n3. Follow the instructions above to locate `WEB-INF/lib` folder and replace the existing `gt-app-schema`, `gt-complex` and `gt-xsd-core` jars with those supplied by the patch.\n\n### References\nhttps://github.com/geotools/geotools/security/advisories/GHSA-w3pj-wh35-fq8w\nhttps://osgeo-org.atlassian.net/browse/GEOT-7587\nhttps://github.com/geotools/geotools/pull/4797\nhttps://github.com/Warxim/CVE-2022-41852?tab=readme-ov-file#workaround-for-cve-2022-41852",
  "aliases": [
    "CVE-2024-36401",
    "CVE-2024-36404",
    "GHSA-w3pj-wh35-fq8w"
  ],
  "modified": "2024-10-08T04:27:05.227584Z",
  "published": "2024-07-01T20:34:50Z",
  "database_specific": {
    "nvd_published_at": "2024-07-01T16:15:04Z",
    "cwe_ids": [
      "CWE-94",
      "CWE-95"
    ],
    "severity": "CRITICAL",
    "github_reviewed": true,
    "github_reviewed_at": "2024-07-01T20:34:50Z"
  },
  "references": [
    {
      "type": "WEB",
      "url": "https://github.com/geoserver/geoserver/security/advisories/GHSA-6jj6-gm7p-fcvv"
    },
    {
      "type": "WEB",
      "url": "https://github.com/geotools/geotools/security/advisories/GHSA-w3pj-wh35-fq8w"
    },
    {
      "type": "ADVISORY",
      "url": "https://nvd.nist.gov/vuln/detail/CVE-2024-36401"
    },
    {
      "type": "WEB",
      "url": "https://github.com/geotools/geotools/pull/4797"
    },
    {
      "type": "WEB",
      "url": "https://github.com/Warxim/CVE-2022-41852?tab=readme-ov-file#workaround-for-cve-2022-41852"
    },
    {
      "type": "PACKAGE",
      "url": "https://github.com/geoserver/geoserver"
    },
    {
      "type": "WEB",
      "url": "https://osgeo-org.atlassian.net/browse/GEOT-7587"
    }
  ],
  "affected": [
    {
      "package": {
        "name": "org.geoserver.web:gs-web-app",
        "ecosystem": "Maven",
        "purl": "pkg:maven/org.geoserver.web/gs-web-app"
      },
      "ranges": [
        {
          "type": "ECOSYSTEM",
          "events": [
            {
              "introduced": "2.24.0"
            },
            {
              "fixed": "2.24.4"
            }
          ]
        }
      ],
      "database_specific": {
        "source": "https://github.com/github/advisory-database/blob/main/advisories/github-reviewed/2024/07/GHSA-6jj6-gm7p-fcvv/GHSA-6jj6-gm7p-fcvv.json"
      },
      "versions": []
    },
    {
      "package": {
        "name": "org.geoserver:gs-wfs",
        "ecosystem": "Maven",
        "purl": "pkg:maven/org.geoserver/gs-wfs"
      },
      "ranges": [
        {
          "type": "ECOSYSTEM",
          "events": [
            {
              "introduced": "2.24.0"
            },
            {
              "fixed": "2.24.4"
            }
          ]
        }
      ],
      "database_specific": {
        "source": "https://github.com/github/advisory-database/blob/main/advisories/github-reviewed/2024/07/GHSA-6jj6-gm7p-fcvv/GHSA-6jj6-gm7p-fcvv.json"
      },
      "versions": []
    },
    {
      "package": {
        "name": "org.geoserver:gs-wms",
        "ecosystem": "Maven",
        "purl": "pkg:maven/org.geoserver/gs-wms"
      },
      "ranges": [
        {
          "type": "ECOSYSTEM",
          "events": [
            {
              "introduced": "2.24.0"
            },
            {
              "fixed": "2.24.4"
            }
          ]
        }
      ],
      "database_specific": {
        "source": "https://github.com/github/advisory-database/blob/main/advisories/github-reviewed/2024/07/GHSA-6jj6-gm7p-fcvv/GHSA-6jj6-gm7p-fcvv.json"
      },
      "versions": []
    },
    {
      "package": {
        "name": "org.geoserver.web:gs-web-app",
        "ecosystem": "Maven",
        "purl": "pkg:maven/org.geoserver.web/gs-web-app"
      },
      "ranges": [
        {
          "type": "ECOSYSTEM",
          "events": [
            {
              "introduced": "2.25.0"
            },
            {
              "fixed": "2.25.2"
            }
          ]
        }
      ],
      "database_specific": {
        "source": "https://github.com/github/advisory-database/blob/main/advisories/github-reviewed/2024/07/GHSA-6jj6-gm7p-fcvv/GHSA-6jj6-gm7p-fcvv.json"
      },
      "versions": []
    },
    {
      "package": {
        "name": "org.geoserver:gs-wfs",
        "ecosystem": "Maven",
        "purl": "pkg:maven/org.geoserver/gs-wfs"
      },
      "ranges": [
        {
          "type": "ECOSYSTEM",
          "events": [
            {
              "introduced": "2.25.0"
            },
            {
              "fixed": "2.25.2"
            }
          ]
        }
      ],
      "database_specific": {
        "source": "https://github.com/github/advisory-database/blob/main/advisories/github-reviewed/2024/07/GHSA-6jj6-gm7p-fcvv/GHSA-6jj6-gm7p-fcvv.json"
      },
      "versions": []
    },
    {
      "package": {
        "name": "org.geoserver:gs-wms",
        "ecosystem": "Maven",
        "purl": "pkg:maven/org.geoserver/gs-wms"
      },
      "ranges": [
        {
          "type": "ECOSYSTEM",
          "events": [
            {
              "introduced": "2.25.0"
            },
            {
              "fixed": "2.25.2"
            }
          ]
        }
      ],
      "database_specific": {
        "source": "https://github.com/github/advisory-database/blob/main/advisories/github-reviewed/2024/07/GHSA-6jj6-gm7p-fcvv/GHSA-6jj6-gm7p-fcvv.json"
      },
      "versions": []
    },
    {
      "package": {
        "name": "org.geoserver.web:gs-web-app",
        "ecosystem": "Maven",
        "purl": "pkg:maven/org.geoserver.web/gs-web-app"
      },
      "ranges": [
        {
          "type": "ECOSYSTEM",
          "events": [
            {
              "introduced": "0"
            },
            {
              "fixed": "2.23.6"
            }
          ]
        }
      ],
      "database_specific": {
        "source": "https://github.com/github/advisory-database/blob/main/advisories/github-reviewed/2024/07/GHSA-6jj6-gm7p-fcvv/GHSA-6jj6-gm7p-fcvv.json"
      },
      "versions": []
    },
    {
      "package": {
        "name": "org.geoserver:gs-wfs",
        "ecosystem": "Maven",
        "purl": "pkg:maven/org.geoserver/gs-wfs"
      },
      "ranges": [
        {
          "type": "ECOSYSTEM",
          "events": [
            {
              "introduced": "0"
            },
            {
              "fixed": "2.23.6"
            }
          ]
        }
      ],
      "database_specific": {
        "source": "https://github.com/github/advisory-database/blob/main/advisories/github-reviewed/2024/07/GHSA-6jj6-gm7p-fcvv/GHSA-6jj6-gm7p-fcvv.json"
      },
      "versions": []
    },
    {
      "package": {
        "name": "org.geoserver:gs-wms",
        "ecosystem": "Maven",
        "purl": "pkg:maven/org.geoserver/gs-wms"
      },
      "ranges": [
        {
          "type": "ECOSYSTEM",
          "events": [
            {
              "introduced": "0"
            },
            {
              "fixed": "2.23.6"
            }
          ]
        }
      ],
      "database_specific": {
        "source": "https://github.com/github/advisory-database/blob/main/advisories/github-reviewed/2024/07/GHSA-6jj6-gm7p-fcvv/GHSA-6jj6-gm7p-fcvv.json"
      },
      "versions": []
    }
  ],
  "schema_version": "1.6.0",
  "severity": [
    {
      "type": "CVSS_V3",
      "score": "CVSS:3.1/AV:N/AC:L/PR:N/UI:N/S:U/C:H/I:H/A:H"
    },
    {
      "type": "CVSS_V4",
      "score": "CVSS:4.0/AV:N/AC:L/AT:N/PR:N/UI:N/VC:H/VI:H/VA:H/SC:N/SI:N/SA:N"
    }
  ]
}