{
  "id": "GHSA-fjjw-82xw-vfc2",
  "summary": "Apache ShenYu Admin has insecure permissions",
  "details": "Apache ShenYu Admin has insecure permissions, which may allow low-privilege administrators to modify high-privilege administrator's passwords. This issue affects Apache ShenYu 2.4.2 and 2.4.3. Version 2.5.0 contains a patch for this issue.",
  "aliases": [
    "CVE-2022-37435"
  ],
  "modified": "2024-02-16T08:11:39.797581Z",
  "published": "2022-09-02T00:01:09Z",
  "database_specific": {
    "nvd_published_at": "2022-09-01T14:15:00Z",
    "cwe_ids": [
      "CWE-732"
    ],
    "severity": "HIGH",
    "github_reviewed": true,
    "github_reviewed_at": "2022-09-15T03:31:15Z"
  },
  "references": [
    {
      "type": "ADVISORY",
      "url": "https://nvd.nist.gov/vuln/detail/CVE-2022-37435"
    },
    {
      "type": "WEB",
      "url": "https://github.com/apache/shenyu/pull/3658"
    },
    {
      "type": "WEB",
      "url": "https://github.com/apache/shenyu/releases/tag/v2.5.0"
    },
    {
      "type": "WEB",
      "url": "https://lists.apache.org/thread/ndblyxr2fdrvjtgbs1bogxgv2cgk7t28"
    }
  ],
  "affected": [
    {
      "package": {
        "name": "org.apache.shenyu:shenyu-common",
        "ecosystem": "Maven",
        "purl": "pkg:maven/org.apache.shenyu/shenyu-common"
      },
      "ranges": [
        {
          "type": "ECOSYSTEM",
          "events": [
            {
              "introduced": "2.4.2"
            },
            {
              "fixed": "2.5.0"
            }
          ]
        }
      ],
      "versions": [
        "2.4.2",
        "2.4.3"
      ],
      "database_specific": {
        "last_known_affected_version_range": "<= 2.4.3",
        "source": "https://github.com/github/advisory-database/blob/main/advisories/github-reviewed/2022/09/GHSA-fjjw-82xw-vfc2/GHSA-fjjw-82xw-vfc2.json"
      }
    }
  ],
  "schema_version": "1.6.0",
  "severity": [
    {
      "type": "CVSS_V3",
      "score": "CVSS:3.1/AV:N/AC:L/PR:L/UI:N/S:U/C:H/I:H/A:H"
    }
  ]
}