{
  "id": "GHSA-7qw2-h9gj-hcvh",
  "summary": "Sandbox bypass vulnerability in Jenkins Pipeline: Deprecated Groovy Libraries Plugin",
  "details": "Pipeline: Groovy Libraries Plugin and older releases of the Pipeline: Deprecated Groovy Libraries Plugin (formerly Pipeline: Shared Groovy Libraries Plugin) define the l`ibrary` Pipeline step, which allows Pipeline authors to dynamically load Pipeline libraries. The return value of this step can be used to instantiate classes defined in the loaded library.\n\nIn Pipeline: Groovy Libraries Plugin 612.v84da_9c54906d and earlier and in Pipeline: Deprecated Groovy Libraries Plugin 583.vf3b_454e43966 and earlier, the `library` step can be used to invoke sandbox-generated synthetic constructors in crafted untrusted libraries and construct any subclassable type. This is similar to SECURITY-582 in the [2017-08-07 security advisory](https://www.jenkins.io/security/advisory/2017-08-07/#multiple-groovy-language-features-allowed-script-security-plugin-sandbox-bypass), but in a different plugin.\n\nThis vulnerability allows attackers with permission to define untrusted Pipeline libraries and to define and run sandboxed Pipelines, to bypass the sandbox protection and execute arbitrary code in the context of the Jenkins controller JVM.\n\nPipeline: Groovy Libraries Plugin 613.v9c41a_160233f rejects improper calls to sandbox-generated synthetic constructors when using the `library` step.\n\nPipeline: Deprecated Groovy Libraries Plugin 588.v576c103a_ff86 no longer contains the `library` step. It has been moved into the Pipeline: Groovy Libraries Plugin.",
  "aliases": [
    "CVE-2022-43406"
  ],
  "modified": "2023-11-08T04:10:42.226933Z",
  "published": "2022-10-19T19:00:21Z",
  "database_specific": {
    "nvd_published_at": "2022-10-19T16:15:00Z",
    "github_reviewed_at": "2022-10-19T21:20:21Z",
    "severity": "HIGH",
    "github_reviewed": true,
    "cwe_ids": [
      "CWE-693"
    ]
  },
  "references": [
    {
      "type": "ADVISORY",
      "url": "https://nvd.nist.gov/vuln/detail/CVE-2022-43406"
    },
    {
      "type": "WEB",
      "url": "https://www.jenkins.io/security/advisory/2022-10-19/#SECURITY-2824%20(2)"
    },
    {
      "type": "WEB",
      "url": "http://www.openwall.com/lists/oss-security/2022/10/19/3"
    }
  ],
  "affected": [
    {
      "package": {
        "name": "org.jenkins-ci.plugins.workflow:workflow-cps-global-lib",
        "ecosystem": "Maven",
        "purl": "pkg:maven/org.jenkins-ci.plugins.workflow/workflow-cps-global-lib"
      },
      "ranges": [
        {
          "type": "ECOSYSTEM",
          "events": [
            {
              "introduced": "0"
            },
            {
              "fixed": "588.v576c103a_ff86"
            }
          ]
        }
      ],
      "versions": [
        "0.1-beta-5",
        "0.1-beta-6",
        "0.1-beta-7",
        "0.1-beta-8",
        "1.0",
        "1.0-beta-1",
        "1.1",
        "1.10",
        "1.10-beta-1",
        "1.10.1",
        "1.11",
        "1.11-beta-1",
        "1.11-beta-2",
        "1.11-beta-3",
        "1.11-beta-4",
        "1.12",
        "1.12-beta-1",
        "1.12-beta-2",
        "1.12-beta-3",
        "1.13",
        "1.14",
        "1.14-beta-1",
        "1.14.1",
        "1.14.1-beta-1",
        "1.14.2",
        "1.15",
        "1.15-beta-1",
        "1.2",
        "1.3",
        "1.4",
        "1.4.1",
        "1.4.2",
        "1.4.3",
        "1.4.3-beta-1",
        "1.5",
        "1.6",
        "1.6-alpha-1",
        "1.7",
        "1.7-alpha-1",
        "1.8",
        "1.9",
        "1.9-beta-1",
        "2.0",
        "2.1",
        "2.10",
        "2.11",
        "2.12",
        "2.12.1",
        "2.13",
        "2.13.1",
        "2.14",
        "2.15",
        "2.16",
        "2.17",
        "2.18",
        "2.18.1",
        "2.19",
        "2.2",
        "2.20",
        "2.21",
        "2.21.1",
        "2.21.3",
        "2.3",
        "2.4",
        "2.5",
        "2.6",
        "2.7",
        "2.8",
        "2.9",
        "544.vff04fa68714d",
        "545.v7b28cce323cf",
        "548.v9085a486966a",
        "552.554.vdba55efb9e88",
        "552.vd9cc05b8a2e1",
        "561.va_ce0de3c2d69",
        "564.ve62a_4eb_b_e039",
        "566.vd0a_a_3334a_555",
        "570.v21311f4951f8",
        "575.v24fa_0a_b_f7383",
        "581.ve633085a_8a_87",
        "583.vf3b_454e43966"
      ],
      "database_specific": {
        "last_known_affected_version_range": "< 588.v576c103a",
        "source": "https://github.com/github/advisory-database/blob/main/advisories/github-reviewed/2022/10/GHSA-7qw2-h9gj-hcvh/GHSA-7qw2-h9gj-hcvh.json"
      }
    },
    {
      "package": {
        "name": "io.jenkins.plugins:pipeline-groovy-lib",
        "ecosystem": "Maven",
        "purl": "pkg:maven/io.jenkins.plugins/pipeline-groovy-lib"
      },
      "ranges": [
        {
          "type": "ECOSYSTEM",
          "events": [
            {
              "introduced": "0"
            },
            {
              "fixed": "613.v9c41a_160233f"
            }
          ]
        }
      ],
      "versions": [
        "589.vb_a_b_4a_a_8c443c",
        "591.v3a_7f422b_d058",
        "593.595.vfc6485d13dcd",
        "593.va_a_fc25d520e9",
        "598.vcd66b_a_336510",
        "612.614.v48dcb_f62a_640",
        "612.v84da_9c54906d"
      ],
      "database_specific": {
        "last_known_affected_version_range": "<= 612.v84da",
        "source": "https://github.com/github/advisory-database/blob/main/advisories/github-reviewed/2022/10/GHSA-7qw2-h9gj-hcvh/GHSA-7qw2-h9gj-hcvh.json"
      }
    }
  ],
  "schema_version": "1.6.0",
  "severity": [
    {
      "type": "CVSS_V3",
      "score": "CVSS:3.1/AV:N/AC:L/PR:L/UI:N/S:U/C:H/I:H/A:H"
    }
  ]
}