{
  "id": "GHSA-xpvp-h73c-m9rq",
  "summary": "Jenkins vulnerable to stored cross site scripting in the I:helpIcon component",
  "details": "Jenkins 2.367 through 2.369 (both inclusive) does not escape tooltips of the `l:helpIcon` UI component used for some help icons on the Jenkins web UI, resulting in a stored cross-site scripting (XSS) vulnerability exploitable by attackers able to control tooltips for this component.\n\nAs of publication, the Jenkins security team is unaware of any exploitable help icon/tooltip in Jenkins core or plugins published by the Jenkins project. The vast majority of help icons use the `l:help` component instead of l:helpIcon. The few known instances of `l:helpIcon` do not have user-controllable tooltip contents.",
  "aliases": [
    "BIT-jenkins-2022-41224",
    "CVE-2022-41224"
  ],
  "modified": "2024-02-16T08:12:05.494203Z",
  "published": "2022-09-22T00:00:28Z",
  "database_specific": {
    "nvd_published_at": "2022-09-21T16:15:00Z",
    "cwe_ids": [
      "CWE-79"
    ],
    "severity": "HIGH",
    "github_reviewed": true,
    "github_reviewed_at": "2022-12-05T23:20:13Z"
  },
  "references": [
    {
      "type": "ADVISORY",
      "url": "https://nvd.nist.gov/vuln/detail/CVE-2022-41224"
    },
    {
      "type": "WEB",
      "url": "https://github.com/jenkinsci/jenkins/commit/84f41d2921023374dedb7d6f12d47eaf7790b7eb"
    },
    {
      "type": "PACKAGE",
      "url": "https://github.com/jenkinsci/jenkins"
    },
    {
      "type": "WEB",
      "url": "https://www.jenkins.io/security/advisory/2022-09-21/#SECURITY-2886"
    }
  ],
  "affected": [
    {
      "package": {
        "name": "org.jenkins-ci.main:jenkins-core",
        "ecosystem": "Maven",
        "purl": "pkg:maven/org.jenkins-ci.main/jenkins-core"
      },
      "ranges": [
        {
          "type": "ECOSYSTEM",
          "events": [
            {
              "introduced": "2.367"
            },
            {
              "fixed": "2.370"
            }
          ]
        }
      ],
      "versions": [
        "2.367",
        "2.368",
        "2.369"
      ],
      "database_specific": {
        "source": "https://github.com/github/advisory-database/blob/main/advisories/github-reviewed/2022/09/GHSA-xpvp-h73c-m9rq/GHSA-xpvp-h73c-m9rq.json"
      }
    }
  ],
  "schema_version": "1.6.0",
  "severity": [
    {
      "type": "CVSS_V3",
      "score": "CVSS:3.1/AV:N/AC:L/PR:L/UI:R/S:U/C:H/I:H/A:H"
    }
  ]
}