{
  "id": "GHSA-wq8g-hm94-5rqq",
  "summary": "JBoss AS may expose root content if excluded-contexts list is mismatched",
  "details": "JBoss AS 7 prior to 7.1.1 and mod_cluster do not handle default hostname in the same way, which can cause the excluded-contexts list to be mismatched and the root context to be exposed.",
  "aliases": [
    "CVE-2012-1094"
  ],
  "modified": "2023-11-08T03:57:03.478339Z",
  "published": "2022-04-23T00:40:48Z",
  "database_specific": {
    "nvd_published_at": "2020-03-10T17:15:00Z",
    "github_reviewed_at": "2022-11-22T19:02:55Z",
    "severity": "HIGH",
    "github_reviewed": true,
    "cwe_ids": [
      "CWE-200"
    ]
  },
  "references": [
    {
      "type": "ADVISORY",
      "url": "https://nvd.nist.gov/vuln/detail/CVE-2012-1094"
    },
    {
      "type": "WEB",
      "url": "https://access.redhat.com/security/cve/cve-2012-1094"
    },
    {
      "type": "WEB",
      "url": "https://bugzilla.redhat.com/show_bug.cgi?id=CVE-2012-1094"
    }
  ],
  "affected": [
    {
      "package": {
        "name": "org.jboss.as:jboss-as-server",
        "ecosystem": "Maven",
        "purl": "pkg:maven/org.jboss.as/jboss-as-server"
      },
      "ranges": [
        {
          "type": "ECOSYSTEM",
          "events": [
            {
              "introduced": "7.0.0.Alpha1"
            },
            {
              "fixed": "7.1.1.Final"
            }
          ]
        }
      ],
      "versions": [
        "7.0.0.Alpha1",
        "7.0.0.Beta1",
        "7.0.0.Beta2",
        "7.0.0.Beta3",
        "7.0.0.CR1",
        "7.0.0.Final",
        "7.0.1.Final",
        "7.0.2.Final",
        "7.1.0.Beta1",
        "7.1.0.Beta1b",
        "7.1.0.CR1",
        "7.1.0.CR1b",
        "7.1.0.Final"
      ],
      "database_specific": {
        "source": "https://github.com/github/advisory-database/blob/main/advisories/github-reviewed/2022/04/GHSA-wq8g-hm94-5rqq/GHSA-wq8g-hm94-5rqq.json"
      }
    }
  ],
  "schema_version": "1.6.0",
  "severity": [
    {
      "type": "CVSS_V3",
      "score": "CVSS:3.1/AV:N/AC:L/PR:N/UI:N/S:U/C:H/I:N/A:N"
    }
  ]
}