{
  "id": "GHSA-rv97-r8f7-8wmg",
  "summary": "Plaintext password storage in Jenkins InfluxDB Plugin",
  "details": "Jenkins InfluxDB Plugin Prior to 1.22 stored credentials unencrypted in its global configuration file on the Jenkins master where they can be viewed by users with access to the master file system.",
  "aliases": [
    "CVE-2019-10329"
  ],
  "modified": "2024-02-16T08:20:02.196873Z",
  "published": "2022-05-24T22:00:03Z",
  "database_specific": {
    "nvd_published_at": "2019-05-31T15:29:00Z",
    "cwe_ids": [
      "CWE-256",
      "CWE-522"
    ],
    "severity": "HIGH",
    "github_reviewed": true,
    "github_reviewed_at": "2022-09-09T00:56:25Z"
  },
  "references": [
    {
      "type": "ADVISORY",
      "url": "https://nvd.nist.gov/vuln/detail/CVE-2019-10329"
    },
    {
      "type": "WEB",
      "url": "https://github.com/jenkinsci/influxdb-plugin/commit/bfc2fcc0d8e6fb6f2dff5a45353abac5cefc0573"
    },
    {
      "type": "PACKAGE",
      "url": "https://github.com/jenkinsci/influxdb-plugin"
    },
    {
      "type": "WEB",
      "url": "https://jenkins.io/security/advisory/2019-05-31/#SECURITY-1403"
    },
    {
      "type": "WEB",
      "url": "http://www.openwall.com/lists/oss-security/2019/05/31/2"
    },
    {
      "type": "WEB",
      "url": "http://www.securityfocus.com/bid/108540"
    }
  ],
  "affected": [
    {
      "package": {
        "name": "org.jenkins-ci.plugins:influxdb",
        "ecosystem": "Maven",
        "purl": "pkg:maven/org.jenkins-ci.plugins/influxdb"
      },
      "ranges": [
        {
          "type": "ECOSYSTEM",
          "events": [
            {
              "introduced": "0"
            },
            {
              "fixed": "1.22"
            }
          ]
        }
      ],
      "versions": [
        "1.10",
        "1.10.1",
        "1.10.2",
        "1.10.3",
        "1.11",
        "1.12",
        "1.12.1",
        "1.12.2",
        "1.12.3",
        "1.13",
        "1.13.1",
        "1.13.2",
        "1.14",
        "1.15",
        "1.16",
        "1.17",
        "1.18",
        "1.19",
        "1.20",
        "1.20.1",
        "1.20.2",
        "1.20.3",
        "1.20.4",
        "1.21",
        "1.3",
        "1.4",
        "1.5",
        "1.6",
        "1.7",
        "1.8",
        "1.8.1",
        "1.9"
      ],
      "database_specific": {
        "source": "https://github.com/github/advisory-database/blob/main/advisories/github-reviewed/2022/05/GHSA-rv97-r8f7-8wmg/GHSA-rv97-r8f7-8wmg.json"
      }
    }
  ],
  "schema_version": "1.6.0",
  "severity": [
    {
      "type": "CVSS_V3",
      "score": "CVSS:3.1/AV:N/AC:L/PR:L/UI:N/S:U/C:H/I:H/A:H"
    }
  ]
}