{
  "id": "GHSA-f6pc-crhh-cp96",
  "summary": "Privilege escalation in Presto",
  "details": "### Affected\nThis affects Presto server installations. This does NOT affect clients such as the CLI or JDBC driver.\n\n### Impact\nAuthenticated users can bypass authorization checks by directly accessing internal APIs. This impacts Presto server installations with secure internal communication configured.\n\nThis does not affect installations that have not configured secure internal communication, as these installations are inherently insecure.\n\n### Patches\nThis issue has been fixed starting with PrestoSQL version 337.\n\n### Workarounds\nThis issue can be mitigated by blocking network access to internal APIs on the coordinator and workers. \n\n### References\nSee the Presto documentation for [Secure Internal Communication](https://trino.io/docs/current/security/internal-communication.html).\n\n### For more information\nIf you have any questions or comments about this advisory:\n* Join the **#security** channel on [Slack](https://trino.io/slack.html).\n* Contact the security team at [security@trino.io](mailto:security@trino.io)",
  "aliases": [
    "CVE-2020-15087"
  ],
  "modified": "2023-11-08T04:02:28.634607Z",
  "published": "2020-06-30T16:33:23Z",
  "database_specific": {
    "nvd_published_at": "2020-06-30T17:15:00Z",
    "github_reviewed_at": "2020-06-30T16:33:11Z",
    "severity": "HIGH",
    "github_reviewed": true,
    "cwe_ids": [
      "CWE-285"
    ]
  },
  "references": [
    {
      "type": "WEB",
      "url": "https://github.com/prestosql/presto/security/advisories/GHSA-f6pc-crhh-cp96"
    },
    {
      "type": "WEB",
      "url": "https://github.com/trinodb/trino/security/advisories/GHSA-f6pc-crhh-cp96"
    },
    {
      "type": "ADVISORY",
      "url": "https://nvd.nist.gov/vuln/detail/CVE-2020-15087"
    },
    {
      "type": "WEB",
      "url": "https://prestosql.io/docs/current/release/release-337.html#security-changes"
    },
    {
      "type": "WEB",
      "url": "https://trino.io/docs/current/release/release-337.html#security-changes"
    }
  ],
  "affected": [
    {
      "package": {
        "name": "io.prestosql:presto-server",
        "ecosystem": "Maven",
        "purl": "pkg:maven/io.prestosql/presto-server"
      },
      "ranges": [
        {
          "type": "ECOSYSTEM",
          "events": [
            {
              "introduced": "0"
            },
            {
              "fixed": "337"
            }
          ]
        }
      ],
      "versions": [
        "300",
        "301",
        "302",
        "303",
        "304",
        "305",
        "306",
        "307",
        "308",
        "309",
        "310",
        "311",
        "312",
        "313",
        "314",
        "315",
        "316",
        "317",
        "318",
        "319",
        "320",
        "321",
        "322",
        "323",
        "324",
        "325",
        "326",
        "327",
        "328",
        "329",
        "330",
        "331",
        "332",
        "333",
        "334",
        "335",
        "336"
      ],
      "database_specific": {
        "source": "https://github.com/github/advisory-database/blob/main/advisories/github-reviewed/2020/06/GHSA-f6pc-crhh-cp96/GHSA-f6pc-crhh-cp96.json"
      }
    }
  ],
  "schema_version": "1.6.0",
  "severity": [
    {
      "type": "CVSS_V3",
      "score": "CVSS:3.1/AV:N/AC:L/PR:N/UI:R/S:C/C:H/I:N/A:N"
    }
  ]
}