{
  "id": "GHSA-mfjw-x4q4-69p9",
  "summary": "Ignite Realtime Openfire vulnerable to Server Side Request Forgery ",
  "details": "A Server Side Request Forgery (SSRF) vulnerability in FaviconServlet.java in Ignite Realtime Openfire through 4.4.2 allows attackers to send arbitrary HTTP GET requests. The issue is fixed in version 4.5.0-beta.",
  "aliases": [
    "CVE-2019-18394"
  ],
  "modified": "2024-02-19T05:32:16.835852Z",
  "published": "2022-05-24T16:59:50Z",
  "database_specific": {
    "nvd_published_at": "2019-10-24T11:15:00Z",
    "cwe_ids": [
      "CWE-918"
    ],
    "severity": "CRITICAL",
    "github_reviewed": true,
    "github_reviewed_at": "2022-11-22T19:22:36Z"
  },
  "references": [
    {
      "type": "ADVISORY",
      "url": "https://nvd.nist.gov/vuln/detail/CVE-2019-18394"
    },
    {
      "type": "WEB",
      "url": "https://github.com/igniterealtime/Openfire/pull/1497"
    },
    {
      "type": "WEB",
      "url": "https://github.com/igniterealtime/Openfire/commit/c2ccb38250910587498597955d0bbee8b58e46df"
    },
    {
      "type": "PACKAGE",
      "url": "https://github.com/igniterealtime/Openfire"
    },
    {
      "type": "WEB",
      "url": "https://swarm.ptsecurity.com/openfire-admin-console"
    }
  ],
  "affected": [
    {
      "package": {
        "name": "org.igniterealtime.openfire:parent",
        "ecosystem": "Maven",
        "purl": "pkg:maven/org.igniterealtime.openfire/parent"
      },
      "ranges": [
        {
          "type": "ECOSYSTEM",
          "events": [
            {
              "introduced": "0"
            },
            {
              "fixed": "4.5.0-beta"
            }
          ]
        }
      ],
      "versions": [
        "4.2.0"
      ],
      "database_specific": {
        "source": "https://github.com/github/advisory-database/blob/main/advisories/github-reviewed/2022/05/GHSA-mfjw-x4q4-69p9/GHSA-mfjw-x4q4-69p9.json"
      }
    }
  ],
  "schema_version": "1.6.0",
  "severity": [
    {
      "type": "CVSS_V3",
      "score": "CVSS:3.1/AV:N/AC:L/PR:N/UI:N/S:U/C:H/I:H/A:H"
    }
  ]
}