{
  "id": "GHSA-89w7-5q45-r53w",
  "summary": "lite-server vulnerable to Denial of Service",
  "details": "All versions of package lite-server are vulnerable to Denial of Service (DoS) when an attacker sends an HTTP request and includes control characters that the `decodeURI()` function is unable to parse.",
  "aliases": [
    "CVE-2022-25940"
  ],
  "modified": "2023-11-08T04:08:52.691455Z",
  "published": "2022-12-20T06:30:36Z",
  "database_specific": {
    "nvd_published_at": "2022-12-20T05:15:00Z",
    "github_reviewed_at": "2022-12-20T17:37:47Z",
    "severity": "HIGH",
    "github_reviewed": true,
    "cwe_ids": [
      "CWE-400"
    ]
  },
  "references": [
    {
      "type": "ADVISORY",
      "url": "https://nvd.nist.gov/vuln/detail/CVE-2022-25940"
    },
    {
      "type": "WEB",
      "url": "https://gist.github.com/lirantal/832382155e00da92bfd8bb3adea474eb"
    },
    {
      "type": "PACKAGE",
      "url": "https://github.com/johnpapa/lite-server"
    },
    {
      "type": "WEB",
      "url": "https://security.snyk.io/vuln/SNYK-JAVA-ORGWEBJARSNPM-3175617"
    },
    {
      "type": "WEB",
      "url": "https://security.snyk.io/vuln/SNYK-JS-LITESERVER-3153540"
    }
  ],
  "affected": [
    {
      "package": {
        "name": "lite-server",
        "ecosystem": "npm",
        "purl": "pkg:npm/lite-server"
      },
      "ranges": [
        {
          "type": "SEMVER",
          "events": [
            {
              "introduced": "0"
            },
            {
              "last_affected": "2.6.1"
            }
          ]
        }
      ],
      "database_specific": {
        "source": "https://github.com/github/advisory-database/blob/main/advisories/github-reviewed/2022/12/GHSA-89w7-5q45-r53w/GHSA-89w7-5q45-r53w.json"
      }
    },
    {
      "package": {
        "name": "org.webjars.npm:lite-server",
        "ecosystem": "Maven",
        "purl": "pkg:maven/org.webjars.npm/lite-server"
      },
      "ranges": [
        {
          "type": "ECOSYSTEM",
          "events": [
            {
              "introduced": "0"
            },
            {
              "last_affected": "2.2.0"
            }
          ]
        }
      ],
      "versions": [
        "1.3.4",
        "2.0.0",
        "2.0.1",
        "2.1.0",
        "2.2.0"
      ],
      "database_specific": {
        "source": "https://github.com/github/advisory-database/blob/main/advisories/github-reviewed/2022/12/GHSA-89w7-5q45-r53w/GHSA-89w7-5q45-r53w.json"
      }
    }
  ],
  "schema_version": "1.6.0",
  "severity": [
    {
      "type": "CVSS_V3",
      "score": "CVSS:3.1/AV:N/AC:L/PR:N/UI:N/S:U/C:N/I:N/A:H"
    }
  ]
}