{
  "id": "GHSA-5r8q-9fwv-2gpr",
  "summary": "Jenkins Slack Notification Plugin CSRF vulnerability and missing permission checks",
  "details": "A cross-site request forgery vulnerability in Jenkins Slack Notification Plugin 2.19 and earlier allows attackers to connect to an attacker-specified URL using attacker-specified credentials IDs obtained through another method, capturing credentials stored in Jenkins.",
  "aliases": [
    "CVE-2019-1003044"
  ],
  "modified": "2024-02-16T08:07:02.375943Z",
  "published": "2022-05-13T01:25:43Z",
  "database_specific": {
    "nvd_published_at": "2019-03-28T18:29:00Z",
    "cwe_ids": [
      "CWE-352"
    ],
    "severity": "HIGH",
    "github_reviewed": true,
    "github_reviewed_at": "2024-01-09T22:32:31Z"
  },
  "references": [
    {
      "type": "ADVISORY",
      "url": "https://nvd.nist.gov/vuln/detail/CVE-2019-1003044"
    },
    {
      "type": "WEB",
      "url": "https://github.com/jenkinsci/slack-plugin/commit/0268bbefdcc283effd27be5318770f7e75c6f102"
    },
    {
      "type": "PACKAGE",
      "url": "https://github.com/jenkinsci/slack-plugin"
    },
    {
      "type": "WEB",
      "url": "https://jenkins.io/security/advisory/2019-03-25/#SECURITY-976"
    },
    {
      "type": "WEB",
      "url": "http://www.openwall.com/lists/oss-security/2019/03/28/2"
    },
    {
      "type": "WEB",
      "url": "http://www.securityfocus.com/bid/107628"
    }
  ],
  "affected": [
    {
      "package": {
        "name": "org.jenkins-ci.plugins:slack",
        "ecosystem": "Maven",
        "purl": "pkg:maven/org.jenkins-ci.plugins/slack"
      },
      "ranges": [
        {
          "type": "ECOSYSTEM",
          "events": [
            {
              "introduced": "0"
            },
            {
              "fixed": "2.20"
            }
          ]
        }
      ],
      "versions": [
        "1.0",
        "1.2",
        "1.7",
        "1.8",
        "1.8.1",
        "2.0",
        "2.0.1",
        "2.1",
        "2.10",
        "2.11",
        "2.12",
        "2.13",
        "2.14",
        "2.15",
        "2.16",
        "2.17",
        "2.18",
        "2.19",
        "2.2",
        "2.3",
        "2.4",
        "2.6",
        "2.7",
        "2.8",
        "2.9"
      ],
      "database_specific": {
        "last_known_affected_version_range": "<= 2.19",
        "source": "https://github.com/github/advisory-database/blob/main/advisories/github-reviewed/2022/05/GHSA-5r8q-9fwv-2gpr/GHSA-5r8q-9fwv-2gpr.json"
      }
    }
  ],
  "schema_version": "1.6.0",
  "severity": [
    {
      "type": "CVSS_V3",
      "score": "CVSS:3.0/AV:N/AC:H/PR:L/UI:R/S:U/C:H/I:H/A:H"
    }
  ]
}