{
  "id": "GHSA-9w23-w757-mvv8",
  "summary": "Cross-site Scripting in Jenkins vboxwrapper Plugin",
  "details": "Jenkins vboxwrapper Plugin 1.3 and earlier does not escape the name and description of VBox node parameters on views displaying parameters, resulting in a stored cross-site scripting (XSS) vulnerability exploitable by attackers with Item/Configure permission. This results in stored cross-site scripting (XSS) vulnerabilities exploitable by attackers with Item/Configure permission.\n\nExploitation of this vulnerability requires that parameters are listed on another page, like the \\\"Build With Parameters\\\" and \\\"Parameters\\\" pages provided by Jenkins (core), and that those pages are not hardened to prevent exploitation. Jenkins (core) has prevented exploitation of vulnerabilities of this kind on the \\\"Build With Parameters\\\" and \\\"Parameters\\\" pages since 2.44 and LTS 2.32.2 as part of the [SECURITY-353 / CVE-2017-2601](https://www.jenkins.io/security/advisory/2017-02-01/#persisted-cross-site-scripting-vulnerability-in-parameter-names-and-descriptions) fix. Additionally, several plugins have previously been updated to list parameters in a way that prevents exploitation by default, see [SECURITY-2617 in the 2022-04-12 security advisory for a list](https://www.jenkins.io/security/advisory/2022-04-12/#SECURITY-2617).",
  "aliases": [
    "CVE-2022-30968"
  ],
  "modified": "2023-11-08T04:09:21.738654Z",
  "published": "2022-05-18T00:00:41Z",
  "database_specific": {
    "nvd_published_at": "2022-05-17T15:15:00Z",
    "github_reviewed_at": "2022-06-01T21:13:57Z",
    "severity": "HIGH",
    "github_reviewed": true,
    "cwe_ids": [
      "CWE-79"
    ]
  },
  "references": [
    {
      "type": "ADVISORY",
      "url": "https://nvd.nist.gov/vuln/detail/CVE-2022-30968"
    },
    {
      "type": "PACKAGE",
      "url": "https://github.com/jenkinsci/vboxwrapper-plugin"
    },
    {
      "type": "WEB",
      "url": "https://www.jenkins.io/security/advisory/2022-05-17/#SECURITY-2717"
    }
  ],
  "affected": [
    {
      "package": {
        "name": "org.jenkins-ci.plugins:vboxwrapper",
        "ecosystem": "Maven",
        "purl": "pkg:maven/org.jenkins-ci.plugins/vboxwrapper"
      },
      "ranges": [
        {
          "type": "ECOSYSTEM",
          "events": [
            {
              "introduced": "0"
            },
            {
              "last_affected": "1.3"
            }
          ]
        }
      ],
      "versions": [
        "1.0",
        "1.1",
        "1.2",
        "1.3"
      ],
      "database_specific": {
        "source": "https://github.com/github/advisory-database/blob/main/advisories/github-reviewed/2022/05/GHSA-9w23-w757-mvv8/GHSA-9w23-w757-mvv8.json"
      }
    }
  ],
  "schema_version": "1.6.0",
  "severity": [
    {
      "type": "CVSS_V3",
      "score": "CVSS:3.1/AV:N/AC:L/PR:L/UI:R/S:U/C:H/I:H/A:H"
    }
  ]
}