{
  "id": "GHSA-67fj-6w6m-w5j8",
  "summary": "Reversible One-Way Hash in io.github.javaezlib:JavaEZ",
  "details": "### Impact\nThis weakness allows the force decryption of locked text by hackers. The issue is NOT critical for non-secure applications, however may be critical in a situation where the highest levels of security are required. This issue ONLY affects v1.6 and does not affect anything pre-1.6. Upgrading to 1.7 is advised.\n\n### Patches\nThe vulnerability has been patched in release 1.7.\n\n### Workarounds\nCurrently there is no way to fix the issue without upgrading.\n\n### References\n[CWE-327](https://cwe.mitre.org/data/definitions/327.html)\n[CWE-328](https://cwe.mitre.org/data/definitions/328.html)\n\n### For more information\nIf you have any questions or comments about this advisory:\n* Open an issue in [our issue tracker](http://github.com/JavaEZLib/JavaEZ/issues)\n* Email us at [javaezlib@gmail.com](mailto:javaezlib@gmail.com)\n",
  "aliases": [
    "CVE-2022-29249"
  ],
  "modified": "2023-11-08T04:09:12.229368Z",
  "published": "2022-05-25T22:34:15Z",
  "database_specific": {
    "nvd_published_at": "2022-05-24T16:15:00Z",
    "cwe_ids": [
      "CWE-326",
      "CWE-327",
      "CWE-328"
    ],
    "severity": "HIGH",
    "github_reviewed": true,
    "github_reviewed_at": "2022-05-25T22:34:15Z"
  },
  "references": [
    {
      "type": "WEB",
      "url": "https://github.com/JavaEZLib/JavaEZ/security/advisories/GHSA-67fj-6w6m-w5j8"
    },
    {
      "type": "ADVISORY",
      "url": "https://nvd.nist.gov/vuln/detail/CVE-2022-29249"
    },
    {
      "type": "PACKAGE",
      "url": "https://github.com/JavaEZLib/JavaEZ"
    },
    {
      "type": "WEB",
      "url": "https://github.com/JavaEZLib/JavaEZ/releases/tag/1.7"
    }
  ],
  "affected": [
    {
      "package": {
        "name": "io.github.javaezlib:JavaEZ",
        "ecosystem": "Maven",
        "purl": "pkg:maven/io.github.javaezlib/JavaEZ"
      },
      "ranges": [
        {
          "type": "ECOSYSTEM",
          "events": [
            {
              "introduced": "1.6"
            },
            {
              "fixed": "1.7"
            }
          ]
        }
      ],
      "versions": [
        "1.6"
      ],
      "database_specific": {
        "source": "https://github.com/github/advisory-database/blob/main/advisories/github-reviewed/2022/05/GHSA-67fj-6w6m-w5j8/GHSA-67fj-6w6m-w5j8.json"
      }
    }
  ],
  "schema_version": "1.6.0",
  "severity": [
    {
      "type": "CVSS_V3",
      "score": "CVSS:3.1/AV:N/AC:L/PR:N/UI:N/S:U/C:H/I:N/A:N"
    }
  ]
}