{
  "id": "GHSA-h975-r69h-4w9p",
  "summary": "Insufficient user input in Apache Jetspeed-2",
  "details": "** UNSUPPORTED WHEN ASSIGNED ** Apache Jetspeed-2 does not sufficiently filter untrusted user input by default leading to a number of issues including XSS, CSRF, XXE, and SSRF. Setting the configuration option \"xss.filter.post = true\" may mitigate these issues. NOTE: Apache Jetspeed is a dormant project of Apache Portals and no updates will be provided for this issue.",
  "aliases": [
    "CVE-2022-32533"
  ],
  "modified": "2023-11-08T04:09:36.825519Z",
  "published": "2022-07-07T00:00:28Z",
  "database_specific": {
    "nvd_published_at": "2022-07-06T10:15:00Z",
    "github_reviewed_at": "2022-07-08T17:57:13Z",
    "severity": "CRITICAL",
    "github_reviewed": true,
    "cwe_ids": [
      "CWE-352",
      "CWE-611",
      "CWE-79",
      "CWE-918"
    ]
  },
  "references": [
    {
      "type": "ADVISORY",
      "url": "https://nvd.nist.gov/vuln/detail/CVE-2022-32533"
    },
    {
      "type": "WEB",
      "url": "https://lists.apache.org/thread/d3g248pr03x8rvmh8p2t3xdlw0wn5dz2"
    },
    {
      "type": "WEB",
      "url": "https://www.openwall.com/lists/oss-security/2022/07/06/1"
    },
    {
      "type": "WEB",
      "url": "http://www.openwall.com/lists/oss-security/2022/07/06/1"
    }
  ],
  "affected": [
    {
      "package": {
        "name": "org.apache.portals.jetspeed-2:jetspeed-commons",
        "ecosystem": "Maven",
        "purl": "pkg:maven/org.apache.portals.jetspeed-2/jetspeed-commons"
      },
      "ranges": [
        {
          "type": "ECOSYSTEM",
          "events": [
            {
              "introduced": "0"
            },
            {
              "last_affected": "2.3.1"
            }
          ]
        }
      ],
      "versions": [
        "2.0",
        "2.1.3",
        "2.1.4",
        "2.2.0",
        "2.2.1",
        "2.2.2",
        "2.3.0",
        "2.3.1"
      ],
      "database_specific": {
        "source": "https://github.com/github/advisory-database/blob/main/advisories/github-reviewed/2022/07/GHSA-h975-r69h-4w9p/GHSA-h975-r69h-4w9p.json"
      }
    }
  ],
  "schema_version": "1.6.0",
  "severity": [
    {
      "type": "CVSS_V3",
      "score": "CVSS:3.1/AV:N/AC:L/PR:N/UI:N/S:U/C:H/I:H/A:H"
    }
  ]
}