{
  "id": "GHSA-vf7p-j8x6-xvwp",
  "summary": "Incorrect Authorization in Apache Solr",
  "details": "When using ConfigurableInternodeAuthHadoopPlugin for authentication, Apache Solr versions prior to 8.8.2 would forward/proxy distributed requests using server credentials instead of original client credentials. This would result in incorrect authorization resolution on the receiving hosts.",
  "aliases": [
    "BIT-solr-2021-29943",
    "CVE-2021-29943"
  ],
  "modified": "2024-02-17T05:32:14.450010Z",
  "published": "2021-05-10T15:17:58Z",
  "database_specific": {
    "nvd_published_at": "2021-04-13T07:15:00Z",
    "cwe_ids": [
      "CWE-863"
    ],
    "severity": "CRITICAL",
    "github_reviewed": true,
    "github_reviewed_at": "2021-04-14T15:14:38Z"
  },
  "references": [
    {
      "type": "ADVISORY",
      "url": "https://nvd.nist.gov/vuln/detail/CVE-2021-29943"
    },
    {
      "type": "WEB",
      "url": "https://lists.apache.org/thread.html/r91dd0ff556e0c9aab4c92852e0e540c59d4633718ce12881558cf44d%40%3Cusers.solr.apache.org%3E"
    },
    {
      "type": "WEB",
      "url": "https://security.netapp.com/advisory/ntap-20210604-0009"
    }
  ],
  "affected": [
    {
      "package": {
        "name": "org.apache.solr:solr-parent",
        "ecosystem": "Maven",
        "purl": "pkg:maven/org.apache.solr/solr-parent"
      },
      "ranges": [
        {
          "type": "ECOSYSTEM",
          "events": [
            {
              "introduced": "0"
            },
            {
              "fixed": "8.8.2"
            }
          ]
        }
      ],
      "versions": [
        "1.3.0",
        "1.4.0",
        "1.4.1",
        "3.1.0",
        "3.2.0",
        "3.3.0",
        "3.4.0",
        "3.5.0",
        "3.6.0",
        "3.6.1",
        "3.6.2",
        "4.0.0",
        "4.0.0-ALPHA",
        "4.0.0-BETA",
        "4.1.0",
        "4.10.0",
        "4.10.1",
        "4.10.2",
        "4.10.3",
        "4.10.4",
        "4.2.0",
        "4.2.1",
        "4.3.0",
        "4.3.1",
        "4.4.0",
        "4.5.0",
        "4.5.1",
        "4.6.0",
        "4.6.1",
        "4.7.0",
        "4.7.1",
        "4.7.2",
        "4.8.0",
        "4.8.1",
        "4.9.0",
        "4.9.1",
        "5.0.0",
        "5.1.0",
        "5.2.0",
        "5.2.1",
        "5.3.0",
        "5.3.1",
        "5.3.2",
        "5.4.0",
        "5.4.1",
        "5.5.0",
        "5.5.1",
        "5.5.2",
        "5.5.3",
        "5.5.4",
        "5.5.5",
        "6.0.0",
        "6.0.1",
        "6.1.0",
        "6.2.0",
        "6.2.1",
        "6.3.0",
        "6.4.0",
        "6.4.1",
        "6.4.2",
        "6.5.0",
        "6.5.1",
        "6.6.0",
        "6.6.1",
        "6.6.2",
        "6.6.3",
        "6.6.4",
        "6.6.5",
        "6.6.6",
        "7.0.0",
        "7.0.1",
        "7.1.0",
        "7.2.0",
        "7.2.1",
        "7.3.0",
        "7.3.1",
        "7.4.0",
        "7.5.0",
        "7.6.0",
        "7.7.0",
        "7.7.1",
        "7.7.2",
        "7.7.3",
        "8.0.0",
        "8.1.0",
        "8.1.1",
        "8.2.0",
        "8.3.0",
        "8.3.1",
        "8.4.0",
        "8.4.1",
        "8.5.0",
        "8.5.1",
        "8.5.2",
        "8.6.0",
        "8.6.1",
        "8.6.2",
        "8.6.3",
        "8.7.0",
        "8.8.0",
        "8.8.1"
      ],
      "database_specific": {
        "source": "https://github.com/github/advisory-database/blob/main/advisories/github-reviewed/2021/05/GHSA-vf7p-j8x6-xvwp/GHSA-vf7p-j8x6-xvwp.json"
      }
    }
  ],
  "schema_version": "1.6.0",
  "severity": [
    {
      "type": "CVSS_V3",
      "score": "CVSS:3.1/AV:N/AC:L/PR:N/UI:N/S:U/C:H/I:H/A:N"
    }
  ]
}