{
  "id": "GHSA-gx2c-fvhc-ph4j",
  "summary": "Path traversal in Hadoop",
  "details": "In Apache Hadoop, The unTar function uses unTarUsingJava function on Windows and the built-in tar utility on Unix and other OSes. As a result, a TAR entry may create a symlink under the expected extraction directory which points to an external directory. A subsequent TAR entry may extract an arbitrary file into the external directory using the symlink name. This however would be caught by the same targetDirPath check on Unix because of the getCanonicalPath call. However on Windows, getCanonicalPath doesn't resolve symbolic links, which bypasses the check. unpackEntries during TAR extraction follows symbolic links which allows writing outside expected base directory on Windows. This was addressed in Apache Hadoop 3.2.3",
  "aliases": [
    "CVE-2022-26612"
  ],
  "modified": "2024-02-20T05:34:19.796410Z",
  "published": "2022-04-08T00:00:21Z",
  "database_specific": {
    "nvd_published_at": "2022-04-07T19:15:00Z",
    "cwe_ids": [
      "CWE-22"
    ],
    "severity": "CRITICAL",
    "github_reviewed": true,
    "github_reviewed_at": "2022-04-08T22:06:47Z"
  },
  "references": [
    {
      "type": "ADVISORY",
      "url": "https://nvd.nist.gov/vuln/detail/CVE-2022-26612"
    },
    {
      "type": "PACKAGE",
      "url": "https://github.com/apache/hadoop"
    },
    {
      "type": "WEB",
      "url": "https://lists.apache.org/thread/hslo7wzw2449gv1jyjk8g6ttd7935fyz"
    },
    {
      "type": "WEB",
      "url": "https://security.netapp.com/advisory/ntap-20220519-0004"
    }
  ],
  "affected": [
    {
      "package": {
        "name": "org.apache.hadoop:hadoop-common",
        "ecosystem": "Maven",
        "purl": "pkg:maven/org.apache.hadoop/hadoop-common"
      },
      "ranges": [
        {
          "type": "ECOSYSTEM",
          "events": [
            {
              "introduced": "0"
            },
            {
              "fixed": "3.2.3"
            }
          ]
        }
      ],
      "versions": [
        "0.22.0",
        "0.23.1",
        "0.23.10",
        "0.23.11",
        "0.23.3",
        "0.23.4",
        "0.23.5",
        "0.23.6",
        "0.23.7",
        "0.23.8",
        "0.23.9",
        "2.0.0-alpha",
        "2.0.1-alpha",
        "2.0.2-alpha",
        "2.0.3-alpha",
        "2.0.4-alpha",
        "2.0.5-alpha",
        "2.0.6-alpha",
        "2.1.0-beta",
        "2.1.1-beta",
        "2.10.0",
        "2.10.1",
        "2.10.2",
        "2.2.0",
        "2.3.0",
        "2.4.0",
        "2.4.1",
        "2.5.0",
        "2.5.1",
        "2.5.2",
        "2.6.0",
        "2.6.1",
        "2.6.2",
        "2.6.3",
        "2.6.4",
        "2.6.5",
        "2.7.0",
        "2.7.1",
        "2.7.2",
        "2.7.3",
        "2.7.4",
        "2.7.5",
        "2.7.6",
        "2.7.7",
        "2.8.0",
        "2.8.1",
        "2.8.2",
        "2.8.3",
        "2.8.4",
        "2.8.5",
        "2.9.0",
        "2.9.1",
        "2.9.2",
        "3.0.0",
        "3.0.0-alpha1",
        "3.0.0-alpha2",
        "3.0.0-alpha3",
        "3.0.0-alpha4",
        "3.0.0-beta1",
        "3.0.1",
        "3.0.2",
        "3.0.3",
        "3.1.0",
        "3.1.1",
        "3.1.2",
        "3.1.3",
        "3.1.4",
        "3.2.0",
        "3.2.1",
        "3.2.2"
      ],
      "database_specific": {
        "source": "https://github.com/github/advisory-database/blob/main/advisories/github-reviewed/2022/04/GHSA-gx2c-fvhc-ph4j/GHSA-gx2c-fvhc-ph4j.json"
      }
    }
  ],
  "schema_version": "1.6.0",
  "severity": [
    {
      "type": "CVSS_V3",
      "score": "CVSS:3.1/AV:N/AC:L/PR:N/UI:N/S:U/C:H/I:H/A:H"
    }
  ]
}