{
  "id": "GHSA-w4q4-jcm7-g4m6",
  "summary": "Insufficiently Protected Credentials in PowerJob",
  "details": "An issue was discovered in PowerJob through 3.2.2, allows attackers to change arbitrary user passwords via the id parameter to /appinfo/save.",
  "aliases": [
    "CVE-2020-28865"
  ],
  "modified": "2023-11-08T04:03:29.523127Z",
  "published": "2022-06-17T00:01:21Z",
  "database_specific": {
    "nvd_published_at": "2022-06-16T21:15:00Z",
    "github_reviewed_at": "2022-07-05T22:08:44Z",
    "severity": "HIGH",
    "github_reviewed": true,
    "cwe_ids": [
      "CWE-522"
    ]
  },
  "references": [
    {
      "type": "ADVISORY",
      "url": "https://nvd.nist.gov/vuln/detail/CVE-2020-28865"
    },
    {
      "type": "WEB",
      "url": "https://github.com/KFCFans/PowerJob/issues/99"
    },
    {
      "type": "WEB",
      "url": "https://github.com/PowerJob/PowerJob/commit/464ce2dc0ca3e65fa1dc428239829890c52a413a"
    },
    {
      "type": "PACKAGE",
      "url": "https://github.com/PowerJob/PowerJob"
    }
  ],
  "affected": [
    {
      "package": {
        "name": "com.github.kfcfans:powerjob",
        "ecosystem": "Maven",
        "purl": "pkg:maven/com.github.kfcfans/powerjob"
      },
      "ranges": [
        {
          "type": "ECOSYSTEM",
          "events": [
            {
              "introduced": "0"
            },
            {
              "fixed": "3.3.3"
            }
          ]
        }
      ],
      "versions": [
        "1.0.0",
        "2.0.0",
        "3.0.0"
      ],
      "database_specific": {
        "source": "https://github.com/github/advisory-database/blob/main/advisories/github-reviewed/2022/06/GHSA-w4q4-jcm7-g4m6/GHSA-w4q4-jcm7-g4m6.json"
      }
    }
  ],
  "schema_version": "1.6.0",
  "severity": [
    {
      "type": "CVSS_V3",
      "score": "CVSS:3.1/AV:N/AC:L/PR:N/UI:N/S:U/C:N/I:H/A:N"
    }
  ]
}