{
  "id": "GHSA-p2vm-88rg-wfr2",
  "summary": "XML injection in Crafter CMS",
  "details": "In Crafter CMS Crafter Studio 3.0 prior to 3.0.1 an unauthenticated attacker is able to create a site with specially crafted XML that allows the retrieval of OS files out-of-band.",
  "aliases": [
    "CVE-2017-15683"
  ],
  "modified": "2023-11-08T03:58:57.390731Z",
  "published": "2022-05-24T17:34:59Z",
  "database_specific": {
    "nvd_published_at": "2020-11-27T18:15:00Z",
    "github_reviewed_at": "2022-06-03T15:51:04Z",
    "severity": "HIGH",
    "github_reviewed": true,
    "cwe_ids": [
      "CWE-91"
    ]
  },
  "references": [
    {
      "type": "ADVISORY",
      "url": "https://nvd.nist.gov/vuln/detail/CVE-2017-15683"
    },
    {
      "type": "WEB",
      "url": "https://docs.craftercms.org/en/3.0/security/advisory.html"
    }
  ],
  "affected": [
    {
      "package": {
        "name": "org.craftercms:crafter-core",
        "ecosystem": "Maven",
        "purl": "pkg:maven/org.craftercms/crafter-core"
      },
      "ranges": [
        {
          "type": "ECOSYSTEM",
          "events": [
            {
              "introduced": "3.0.0"
            },
            {
              "fixed": "3.0.1"
            }
          ]
        }
      ],
      "versions": [
        "3.0.0"
      ],
      "database_specific": {
        "source": "https://github.com/github/advisory-database/blob/main/advisories/github-reviewed/2022/05/GHSA-p2vm-88rg-wfr2/GHSA-p2vm-88rg-wfr2.json"
      }
    }
  ],
  "schema_version": "1.6.0",
  "severity": [
    {
      "type": "CVSS_V3",
      "score": "CVSS:3.1/AV:N/AC:L/PR:N/UI:N/S:C/C:H/I:N/A:N"
    }
  ]
}