{
  "id": "GHSA-4g9r-vxhx-9pgx",
  "summary": "Apache Commons Compress: Denial of service caused by an infinite loop for a corrupted DUMP file",
  "details": "Loop with Unreachable Exit Condition ('Infinite Loop') vulnerability in Apache Commons Compress. This issue affects Apache Commons Compress: from 1.3 through 1.25.0.\n\nUsers are recommended to upgrade to version 1.26.0 which fixes the issue.\n\n",
  "aliases": [
    "CGA-6rmf-ffqm-f8vv",
    "CVE-2024-25710"
  ],
  "modified": "2024-10-22T05:28:51.890772Z",
  "published": "2024-02-19T09:30:50Z",
  "related": [
    "CGA-2xg7-8qm4-vx87",
    "CGA-3wh2-6f5w-rxm4",
    "CGA-679f-cjh5-5f6q",
    "CGA-86rr-9236-xpq3",
    "CGA-f3gh-9fhg-9hjp",
    "CGA-gr35-gp4q-q78f",
    "CGA-hw3c-xmgp-wcw7",
    "CGA-jx86-68h8-6jqw",
    "CGA-qm27-j3j5-mwr9",
    "CGA-w8q8-p4r5-xxg9"
  ],
  "database_specific": {
    "nvd_published_at": "2024-02-19T09:15:37Z",
    "cwe_ids": [
      "CWE-835"
    ],
    "severity": "HIGH",
    "github_reviewed": true,
    "github_reviewed_at": "2024-02-20T23:58:47Z"
  },
  "references": [
    {
      "type": "ADVISORY",
      "url": "https://nvd.nist.gov/vuln/detail/CVE-2024-25710"
    },
    {
      "type": "PACKAGE",
      "url": "https://github.com/apache/commons-compress"
    },
    {
      "type": "WEB",
      "url": "https://lists.apache.org/thread/cz8qkcwphy4cx8gltn932ln51cbtq6kf"
    },
    {
      "type": "WEB",
      "url": "https://security.netapp.com/advisory/ntap-20240307-0010"
    },
    {
      "type": "WEB",
      "url": "http://www.openwall.com/lists/oss-security/2024/02/19/1"
    }
  ],
  "affected": [
    {
      "package": {
        "name": "org.apache.commons:commons-compress",
        "ecosystem": "Maven",
        "purl": "pkg:maven/org.apache.commons/commons-compress"
      },
      "ranges": [
        {
          "type": "ECOSYSTEM",
          "events": [
            {
              "introduced": "1.3"
            },
            {
              "fixed": "1.26.0"
            }
          ]
        }
      ],
      "versions": [
        "1.10",
        "1.11",
        "1.12",
        "1.13",
        "1.14",
        "1.15",
        "1.16",
        "1.16.1",
        "1.17",
        "1.18",
        "1.19",
        "1.20",
        "1.21",
        "1.22",
        "1.23.0",
        "1.24.0",
        "1.25.0",
        "1.3",
        "1.4",
        "1.4.1",
        "1.5",
        "1.6",
        "1.7",
        "1.8",
        "1.8.1",
        "1.9"
      ],
      "database_specific": {
        "source": "https://github.com/github/advisory-database/blob/main/advisories/github-reviewed/2024/02/GHSA-4g9r-vxhx-9pgx/GHSA-4g9r-vxhx-9pgx.json"
      }
    }
  ],
  "schema_version": "1.6.0",
  "severity": [
    {
      "type": "CVSS_V3",
      "score": "CVSS:3.1/AV:L/AC:H/PR:N/UI:N/S:C/C:H/I:H/A:H"
    }
  ]
}