{
  "id": "GHSA-7h2j-h5xp-h3gh",
  "summary": "Missing Authorization in Jenkins SSH plugin",
  "details": "A missing permission check in Jenkins SSH Plugin 2.6.1 and earlier allows attackers with Overall/Read permission to connect to an attacker-specified SSH server using attacker-specified credentials IDs obtained through another method, capturing credentials stored in Jenkins.",
  "aliases": [
    "CVE-2022-30959"
  ],
  "modified": "2023-11-08T04:09:21.195212Z",
  "published": "2022-05-18T00:00:40Z",
  "database_specific": {
    "nvd_published_at": "2022-05-17T15:15:00Z",
    "github_reviewed_at": "2022-06-01T20:54:49Z",
    "severity": "HIGH",
    "github_reviewed": true,
    "cwe_ids": [
      "CWE-862"
    ]
  },
  "references": [
    {
      "type": "ADVISORY",
      "url": "https://nvd.nist.gov/vuln/detail/CVE-2022-30959"
    },
    {
      "type": "PACKAGE",
      "url": "https://github.com/jenkinsci/ssh-plugin"
    },
    {
      "type": "WEB",
      "url": "https://www.jenkins.io/security/advisory/2022-05-17/#SECURITY-2093"
    }
  ],
  "affected": [
    {
      "package": {
        "name": "org.jenkins-ci.plugins:ssh",
        "ecosystem": "Maven",
        "purl": "pkg:maven/org.jenkins-ci.plugins/ssh"
      },
      "ranges": [
        {
          "type": "ECOSYSTEM",
          "events": [
            {
              "introduced": "0"
            },
            {
              "last_affected": "2.6.1"
            }
          ]
        }
      ],
      "versions": [
        "2.4",
        "2.5",
        "2.6",
        "2.6.1"
      ],
      "database_specific": {
        "source": "https://github.com/github/advisory-database/blob/main/advisories/github-reviewed/2022/05/GHSA-7h2j-h5xp-h3gh/GHSA-7h2j-h5xp-h3gh.json"
      }
    }
  ],
  "schema_version": "1.6.0",
  "severity": [
    {
      "type": "CVSS_V3",
      "score": "CVSS:3.1/AV:N/AC:L/PR:L/UI:N/S:U/C:H/I:L/A:N"
    }
  ]
}