{
  "id": "GHSA-f5ch-36rg-vfcc",
  "summary": "Cross-Site Request Forgery in Apache CXF Fediz",
  "details": "Apache CXF Fediz ships with an OpenId Connect (OIDC) service which has a Client Registration Service, which is a simple web application that allows clients to be created, deleted, etc. A CSRF (Cross Style Request Forgery) style vulnerability has been found in this web application in Apache CXF Fediz prior to 1.4.0 and 1.3.2, meaning that a malicious web application could create new clients, or reset secrets, etc, after the admin user has logged on to the client registration service and the session is still active.",
  "aliases": [
    "CVE-2017-7662"
  ],
  "modified": "2024-02-16T08:11:54.586227Z",
  "published": "2022-05-13T01:09:19Z",
  "database_specific": {
    "nvd_published_at": "2017-05-16T17:29:00Z",
    "cwe_ids": [
      "CWE-352"
    ],
    "severity": "HIGH",
    "github_reviewed": true,
    "github_reviewed_at": "2022-11-01T22:50:47Z"
  },
  "references": [
    {
      "type": "ADVISORY",
      "url": "https://nvd.nist.gov/vuln/detail/CVE-2017-7662"
    },
    {
      "type": "WEB",
      "url": "https://github.com/apache/cxf-fediz/commit/c68e4820816c19241568f4a8fe8600bffb0243cd"
    },
    {
      "type": "WEB",
      "url": "https://lists.apache.org/thread.html/r36e44ffc1a9b365327df62cdfaabe85b9a5637de102cea07d79b2dbf@%3Ccommits.cxf.apache.org%3E"
    },
    {
      "type": "WEB",
      "url": "https://lists.apache.org/thread.html/rc774278135816e7afc943dc9fc78eb0764f2c84a2b96470a0187315c@%3Ccommits.cxf.apache.org%3E"
    },
    {
      "type": "WEB",
      "url": "https://lists.apache.org/thread.html/rd49aabd984ed540c8ff7916d4d79405f3fa311d2fdbcf9ed307839a6@%3Ccommits.cxf.apache.org%3E"
    },
    {
      "type": "WEB",
      "url": "https://lists.apache.org/thread.html/rec7160382badd3ef4ad017a22f64a266c7188b9ba71394f0d321e2d4@%3Ccommits.cxf.apache.org%3E"
    },
    {
      "type": "WEB",
      "url": "https://lists.apache.org/thread.html/rfb87e0bf3995e7d560afeed750fac9329ff5f1ad49da365129b7f89e@%3Ccommits.cxf.apache.org%3E"
    },
    {
      "type": "WEB",
      "url": "https://lists.apache.org/thread.html/rff42cfa5e7d75b7c1af0e37589140a8f1999e578a75738740b244bd4@%3Ccommits.cxf.apache.org%3E"
    },
    {
      "type": "WEB",
      "url": "http://cxf.apache.org/security-advisories.data/CVE-2017-7662.txt.asc"
    },
    {
      "type": "WEB",
      "url": "http://www.securitytracker.com/id/1038498"
    }
  ],
  "affected": [
    {
      "package": {
        "name": "org.apache.cxf.fediz:fediz-oidc",
        "ecosystem": "Maven",
        "purl": "pkg:maven/org.apache.cxf.fediz/fediz-oidc"
      },
      "ranges": [
        {
          "type": "ECOSYSTEM",
          "events": [
            {
              "introduced": "0"
            },
            {
              "fixed": "1.3.2"
            }
          ]
        }
      ],
      "versions": [
        "1.3.0",
        "1.3.1"
      ],
      "database_specific": {
        "source": "https://github.com/github/advisory-database/blob/main/advisories/github-reviewed/2022/05/GHSA-f5ch-36rg-vfcc/GHSA-f5ch-36rg-vfcc.json"
      }
    }
  ],
  "schema_version": "1.6.0",
  "severity": [
    {
      "type": "CVSS_V3",
      "score": "CVSS:3.0/AV:N/AC:L/PR:N/UI:R/S:U/C:H/I:H/A:H"
    }
  ]
}