{
  "id": "GHSA-f263-c949-w85g",
  "summary": "Improper Authorization in Google OAuth Client",
  "details": "PKCE support is not implemented in accordance with the RFC for OAuth 2.0 for Native Apps. Without the use of PKCE, the authorization code returned by an authorization server is not enough to guarantee that the client that issued the initial authorization request is the one that will be authorized. An attacker is able to obtain the authorization code using a malicious app on the client-side and use it to gain authorization to the protected resource. This affects the package com.google.oauth-client:google-oauth-client before 1.31.0.",
  "aliases": [
    "CVE-2020-7692",
    "SNYK-JAVA-COMGOOGLEOAUTHCLIENT-575276"
  ],
  "modified": "2024-08-01T09:26:44.199826Z",
  "published": "2021-09-28T16:16:52Z",
  "database_specific": {
    "nvd_published_at": "2020-07-09T14:15:00Z",
    "github_reviewed_at": "2021-09-28T16:16:34Z",
    "severity": "HIGH",
    "github_reviewed": true,
    "cwe_ids": [
      "CWE-862",
      "CWE-863"
    ]
  },
  "references": [
    {
      "type": "ADVISORY",
      "url": "https://nvd.nist.gov/vuln/detail/CVE-2020-7692"
    },
    {
      "type": "WEB",
      "url": "https://github.com/googleapis/google-oauth-java-client/issues/469"
    },
    {
      "type": "WEB",
      "url": "https://github.com/googleapis/google-oauth-java-client/commit/13433cd7dd06267fc261f0b1d4764f8e3432c824"
    },
    {
      "type": "PACKAGE",
      "url": "https://github.com/googleapis/google-oauth-java-client"
    },
    {
      "type": "WEB",
      "url": "https://lists.apache.org/thread.html/r3db6ac73e0558d64f0b664f2fa4ef0a865e57c5de20f8321d3b48678@%3Ccommits.druid.apache.org%3E"
    },
    {
      "type": "WEB",
      "url": "https://lists.apache.org/thread.html/reae8909b264d1103f321b9ce1623c10c1ddc77dba9790247f2c0c90f@%3Ccommits.druid.apache.org%3E"
    },
    {
      "type": "WEB",
      "url": "https://snyk.io/vuln/SNYK-JAVA-COMGOOGLEOAUTHCLIENT-575276"
    },
    {
      "type": "WEB",
      "url": "https://tools.ietf.org/html/rfc7636%23section-1"
    },
    {
      "type": "WEB",
      "url": "https://tools.ietf.org/html/rfc8252%23section-8.1"
    }
  ],
  "affected": [
    {
      "package": {
        "name": "com.google.oauth-client:google-oauth-client",
        "ecosystem": "Maven",
        "purl": "pkg:maven/com.google.oauth-client/google-oauth-client"
      },
      "ranges": [
        {
          "type": "ECOSYSTEM",
          "events": [
            {
              "introduced": "0"
            },
            {
              "fixed": "1.31.0"
            }
          ]
        }
      ],
      "versions": [
        "1.10.0-beta",
        "1.10.1-beta",
        "1.11.0-beta",
        "1.12.0-beta",
        "1.13.0-beta",
        "1.13.1-beta",
        "1.14.0-beta",
        "1.14.1-beta",
        "1.15.0-rc",
        "1.16.0-rc",
        "1.17.0-rc",
        "1.18.0-rc",
        "1.19.0",
        "1.20.0",
        "1.21.0",
        "1.22.0",
        "1.23.0",
        "1.24.1",
        "1.25.0",
        "1.26.0",
        "1.27.0",
        "1.28.0",
        "1.29.0",
        "1.29.2",
        "1.30.1",
        "1.30.2",
        "1.30.3",
        "1.30.4",
        "1.30.5",
        "1.30.6",
        "1.5.0-alpha",
        "1.5.0-beta",
        "1.5.1-beta",
        "1.5.2-beta",
        "1.6.0-beta",
        "1.7.0-beta",
        "1.8.0-beta",
        "1.9.0-beta"
      ],
      "database_specific": {
        "source": "https://github.com/github/advisory-database/blob/main/advisories/github-reviewed/2021/09/GHSA-f263-c949-w85g/GHSA-f263-c949-w85g.json"
      }
    }
  ],
  "schema_version": "1.6.0",
  "severity": [
    {
      "type": "CVSS_V3",
      "score": "CVSS:3.1/AV:N/AC:H/PR:N/UI:N/S:U/C:H/I:H/A:N"
    }
  ]
}