{
  "id": "GHSA-85f9-w9cx-h363",
  "summary": "Cross site request forgery in Jenkins Job and Node ownership Plugin",
  "details": "Job and Node ownership Plugin 0.13.0 and earlier does not perform a permission check in several HTTP endpoints. This allows attackers with Item/Read permission to change the owners and item-specific permissions of a job. Additionally, this endpoint does not require POST requests, resulting in a cross-site request forgery (CSRF) vulnerability.\n",
  "aliases": [
    "CVE-2022-28150"
  ],
  "modified": "2024-02-16T08:29:39.558049Z",
  "published": "2022-03-30T00:00:23Z",
  "database_specific": {
    "nvd_published_at": "2022-03-29T13:15:00Z",
    "cwe_ids": [
      "CWE-352"
    ],
    "severity": "HIGH",
    "github_reviewed": true,
    "github_reviewed_at": "2022-04-07T15:35:41Z"
  },
  "references": [
    {
      "type": "ADVISORY",
      "url": "https://nvd.nist.gov/vuln/detail/CVE-2022-28150"
    },
    {
      "type": "PACKAGE",
      "url": "https://github.com/jenkinsci/ownership-plugin"
    },
    {
      "type": "WEB",
      "url": "https://www.jenkins.io/security/advisory/2022-03-29/#SECURITY-2062%20(1)"
    },
    {
      "type": "WEB",
      "url": "http://www.openwall.com/lists/oss-security/2022/03/29/1"
    }
  ],
  "affected": [
    {
      "package": {
        "name": "com.synopsys.jenkinsci:ownership",
        "ecosystem": "Maven",
        "purl": "pkg:maven/com.synopsys.jenkinsci/ownership"
      },
      "ranges": [
        {
          "type": "ECOSYSTEM",
          "events": [
            {
              "introduced": "0"
            },
            {
              "last_affected": "0.13.0"
            }
          ]
        }
      ],
      "versions": [
        "0.1.0",
        "0.10.0",
        "0.11.0",
        "0.12.0",
        "0.12.1",
        "0.13.0",
        "0.2.0",
        "0.2.1",
        "0.3",
        "0.3.1",
        "0.4",
        "0.5",
        "0.5.1",
        "0.6",
        "0.7",
        "0.8",
        "0.9.0",
        "0.9.0-beta-1",
        "0.9.1"
      ],
      "database_specific": {
        "source": "https://github.com/github/advisory-database/blob/main/advisories/github-reviewed/2022/03/GHSA-85f9-w9cx-h363/GHSA-85f9-w9cx-h363.json"
      }
    }
  ],
  "schema_version": "1.6.0",
  "severity": [
    {
      "type": "CVSS_V3",
      "score": "CVSS:3.1/AV:N/AC:L/PR:N/UI:R/S:U/C:H/I:H/A:H"
    }
  ]
}