{
  "id": "GHSA-85hw-w436-c725",
  "summary": "XML External Entity Reference in Apache Cayenne",
  "details": "This affects Apache Cayenne 4.1.M1, 3.2.M1, 4.0.M2 to 4.0.M5, 4.0.B1, 4.0.B2, 4.0.RC1, 3.1, 3.1.1, 3.1.2. CayenneModeler is a desktop GUI tool shipped with Apache Cayenne and intended for editing Cayenne ORM models stored as XML files. If an attacker tricks a user of CayenneModeler into opening a malicious XML file, the attacker will be able to instruct the XML parser built into CayenneModeler to transfer files from a local machine to a remote machine controlled by the attacker. The cause of the issue is XML parser processing XML External Entity (XXE) declarations included in XML. The vulnerability is addressed in Cayenne by disabling XXE processing in all operations that require XML parsing.",
  "aliases": [
    "CVE-2018-11758"
  ],
  "modified": "2023-11-08T03:59:46.699527Z",
  "published": "2022-05-14T02:02:28Z",
  "database_specific": {
    "nvd_published_at": "2018-08-22T20:29:00Z",
    "github_reviewed_at": "2022-11-04T20:37:08Z",
    "severity": "HIGH",
    "github_reviewed": true,
    "cwe_ids": [
      "CWE-611"
    ]
  },
  "references": [
    {
      "type": "ADVISORY",
      "url": "https://nvd.nist.gov/vuln/detail/CVE-2018-11758"
    },
    {
      "type": "WEB",
      "url": "https://lists.apache.org/thread.html/ed60a4d329be3c722f105317ca883986dfcd17615c70d1df87f4528c@%3Cuser.cayenne.apache.org%3E"
    },
    {
      "type": "PACKAGE",
      "url": "apache/cayenne"
    }
  ],
  "affected": [
    {
      "package": {
        "name": "org.apache.cayenne:cayenne-parent",
        "ecosystem": "Maven",
        "purl": "pkg:maven/org.apache.cayenne/cayenne-parent"
      },
      "ranges": [
        {
          "type": "ECOSYSTEM",
          "events": [
            {
              "introduced": "0"
            },
            {
              "fixed": "3.1.3"
            }
          ]
        }
      ],
      "versions": [
        "3.0",
        "3.0.1",
        "3.0.2",
        "3.0B1",
        "3.0M1",
        "3.0M2",
        "3.0M3",
        "3.0M4",
        "3.0M5",
        "3.0M6",
        "3.0RC1",
        "3.0RC2",
        "3.0RC3",
        "3.1",
        "3.1.1",
        "3.1.2",
        "3.1B1",
        "3.1B2",
        "3.1M1",
        "3.1M2",
        "3.1M3",
        "3.1RC1"
      ],
      "database_specific": {
        "source": "https://github.com/github/advisory-database/blob/main/advisories/github-reviewed/2022/05/GHSA-85hw-w436-c725/GHSA-85hw-w436-c725.json"
      }
    },
    {
      "package": {
        "name": "org.apache.cayenne:cayenne-parent",
        "ecosystem": "Maven",
        "purl": "pkg:maven/org.apache.cayenne/cayenne-parent"
      },
      "ranges": [
        {
          "type": "ECOSYSTEM",
          "events": [
            {
              "introduced": "4.0"
            },
            {
              "fixed": "4.1"
            }
          ]
        }
      ],
      "versions": [
        "4.0",
        "4.0.1",
        "4.0.2",
        "4.0.3",
        "4.1.B1",
        "4.1.B2",
        "4.1.M1",
        "4.1.M2",
        "4.1.RC1",
        "4.1.RC2"
      ],
      "database_specific": {
        "source": "https://github.com/github/advisory-database/blob/main/advisories/github-reviewed/2022/05/GHSA-85hw-w436-c725/GHSA-85hw-w436-c725.json"
      }
    }
  ],
  "schema_version": "1.6.0",
  "severity": [
    {
      "type": "CVSS_V3",
      "score": "CVSS:3.0/AV:N/AC:L/PR:N/UI:R/S:U/C:H/I:H/A:N"
    }
  ]
}