{
  "id": "GHSA-w24g-24qg-v4w2",
  "summary": "CSRF vulnerability in Jenkins Build With Parameters Plugin",
  "details": "Jenkins Build With Parameters Plugin 1.5 and earlier does not require POST requests for its form submission endpoint, resulting in a cross-site request forgery (CSRF) vulnerability.\n\nThis vulnerability allows attackers to build a project with attacker-specified parameters. Build With Parameters Plugin 1.5.1 requires POST requests for the affected HTTP endpoint.",
  "aliases": [
    "CVE-2021-21629"
  ],
  "modified": "2024-02-16T08:22:14.747414Z",
  "published": "2022-05-24T17:45:44Z",
  "database_specific": {
    "nvd_published_at": "2021-03-30T12:16:00Z",
    "cwe_ids": [
      "CWE-352"
    ],
    "severity": "HIGH",
    "github_reviewed": true,
    "github_reviewed_at": "2022-12-15T17:29:07Z"
  },
  "references": [
    {
      "type": "ADVISORY",
      "url": "https://nvd.nist.gov/vuln/detail/CVE-2021-21629"
    },
    {
      "type": "WEB",
      "url": "https://github.com/jenkinsci/build-with-parameters-plugin/commit/82711e83bf822c5688017304939d5d1c3482ec3e"
    },
    {
      "type": "PACKAGE",
      "url": "https://github.com/jenkinsci/build-with-parameters-plugin"
    },
    {
      "type": "WEB",
      "url": "https://www.jenkins.io/security/advisory/2021-03-30/#SECURITY-2257"
    },
    {
      "type": "WEB",
      "url": "http://www.openwall.com/lists/oss-security/2021/03/30/1"
    }
  ],
  "affected": [
    {
      "package": {
        "name": "org.jenkins-ci.plugins:build-with-parameters",
        "ecosystem": "Maven",
        "purl": "pkg:maven/org.jenkins-ci.plugins/build-with-parameters"
      },
      "ranges": [
        {
          "type": "ECOSYSTEM",
          "events": [
            {
              "introduced": "0"
            },
            {
              "fixed": "1.5.1"
            }
          ]
        }
      ],
      "versions": [
        "1.1",
        "1.2",
        "1.3",
        "1.4",
        "1.5"
      ],
      "database_specific": {
        "last_known_affected_version_range": "<= 1.5",
        "source": "https://github.com/github/advisory-database/blob/main/advisories/github-reviewed/2022/05/GHSA-w24g-24qg-v4w2/GHSA-w24g-24qg-v4w2.json"
      }
    }
  ],
  "schema_version": "1.6.0",
  "severity": [
    {
      "type": "CVSS_V3",
      "score": "CVSS:3.1/AV:N/AC:L/PR:N/UI:R/S:U/C:H/I:H/A:H"
    }
  ]
}