{
  "id": "GHSA-723p-9rcj-xv8j",
  "summary": "RCE vulnerability in RadarGun Plugin",
  "details": "RadarGun Plugin 1.7 and earlier does not configure its YAML parser to prevent the instantiation of arbitrary types. This results in a remote code execution vulnerability exploitable by users able to configure RadarGun Plugin\u2019s build step.\n\nRadarGun Plugin 1.8 configures its YAML parser to only instantiate safe types.",
  "aliases": [
    "CVE-2020-2123"
  ],
  "modified": "2024-02-16T08:06:09.715707Z",
  "published": "2022-05-24T17:08:47Z",
  "database_specific": {
    "nvd_published_at": "2020-02-12T15:15:00Z",
    "cwe_ids": [
      "CWE-502"
    ],
    "severity": "HIGH",
    "github_reviewed": true,
    "github_reviewed_at": "2023-01-14T05:27:55Z"
  },
  "references": [
    {
      "type": "ADVISORY",
      "url": "https://nvd.nist.gov/vuln/detail/CVE-2020-2123"
    },
    {
      "type": "WEB",
      "url": "https://github.com/jenkinsci/radargun-plugin/commit/63aba3b31d1a8ea140f26923eb48a25ef7f87e87"
    },
    {
      "type": "PACKAGE",
      "url": "https://github.com/jenkinsci/radargun-plugin"
    },
    {
      "type": "WEB",
      "url": "https://jenkins.io/security/advisory/2020-02-12/#SECURITY-1733"
    },
    {
      "type": "WEB",
      "url": "http://www.openwall.com/lists/oss-security/2020/02/12/3"
    }
  ],
  "affected": [
    {
      "package": {
        "name": "org.jenkins-ci.plugins:radargun",
        "ecosystem": "Maven",
        "purl": "pkg:maven/org.jenkins-ci.plugins/radargun"
      },
      "ranges": [
        {
          "type": "ECOSYSTEM",
          "events": [
            {
              "introduced": "0"
            },
            {
              "fixed": "1.8"
            }
          ]
        }
      ],
      "versions": [
        "1.0",
        "1.1",
        "1.2",
        "1.3",
        "1.4",
        "1.5",
        "1.6",
        "1.7"
      ],
      "database_specific": {
        "source": "https://github.com/github/advisory-database/blob/main/advisories/github-reviewed/2022/05/GHSA-723p-9rcj-xv8j/GHSA-723p-9rcj-xv8j.json"
      }
    }
  ],
  "schema_version": "1.6.0",
  "severity": [
    {
      "type": "CVSS_V3",
      "score": "CVSS:3.1/AV:N/AC:L/PR:L/UI:N/S:U/C:H/I:H/A:H"
    }
  ]
}