{
  "id": "GHSA-78wr-2p64-hpwj",
  "summary": "Apache Commons IO: Possible denial of service attack on untrusted input to XmlStreamReader",
  "details": "Uncontrolled Resource Consumption vulnerability in Apache Commons IO.\n\nThe `org.apache.commons.io.input.XmlStreamReader` class may excessively consume CPU resources when processing maliciously crafted input.\n\n\nThis issue affects Apache Commons IO: from 2.0 before 2.14.0.\n\nUsers are recommended to upgrade to version 2.14.0 or later, which fixes the issue.",
  "aliases": [
    "CVE-2024-47554"
  ],
  "modified": "2024-10-03T17:27:19.446955Z",
  "published": "2024-10-03T12:30:48Z",
  "related": [
    "CGA-252j-5hcw-3x22",
    "CGA-9rwq-q6m2-g373",
    "CGA-9w8c-c5fw-q342",
    "CGA-hr85-ppfv-vg2r",
    "CGA-pwg2-7493-q9wm",
    "CGA-v9q6-cg5v-8pf7",
    "CGA-vppp-hq87-2m8x"
  ],
  "database_specific": {
    "nvd_published_at": "2024-10-03T12:15:02Z",
    "cwe_ids": [
      "CWE-400"
    ],
    "severity": "HIGH",
    "github_reviewed": true,
    "github_reviewed_at": "2024-10-03T16:52:23Z"
  },
  "references": [
    {
      "type": "ADVISORY",
      "url": "https://nvd.nist.gov/vuln/detail/CVE-2024-47554"
    },
    {
      "type": "PACKAGE",
      "url": "https://github.com/apache/commons-io"
    },
    {
      "type": "WEB",
      "url": "https://lists.apache.org/thread/6ozr91rr9cj5lm0zyhv30bsp317hk5z1"
    }
  ],
  "affected": [
    {
      "package": {
        "name": "commons-io:commons-io",
        "ecosystem": "Maven",
        "purl": "pkg:maven/commons-io/commons-io"
      },
      "ranges": [
        {
          "type": "ECOSYSTEM",
          "events": [
            {
              "introduced": "2.0"
            },
            {
              "fixed": "2.14.0"
            }
          ]
        }
      ],
      "versions": [
        "2.0",
        "2.0.1",
        "2.1",
        "2.10.0",
        "2.11.0",
        "2.12.0",
        "2.13.0",
        "2.2",
        "2.3",
        "2.4",
        "2.5",
        "2.6",
        "2.7",
        "2.8.0",
        "2.9.0"
      ],
      "database_specific": {
        "source": "https://github.com/github/advisory-database/blob/main/advisories/github-reviewed/2024/10/GHSA-78wr-2p64-hpwj/GHSA-78wr-2p64-hpwj.json"
      }
    }
  ],
  "schema_version": "1.6.0",
  "severity": [
    {
      "type": "CVSS_V3",
      "score": "CVSS:3.1/AV:N/AC:L/PR:N/UI:N/S:U/C:N/I:N/A:H"
    },
    {
      "type": "CVSS_V4",
      "score": "CVSS:4.0/AV:N/AC:L/AT:N/PR:N/UI:N/VC:N/VI:N/VA:H/SC:N/SI:N/SA:N"
    }
  ]
}