{
  "id": "GHSA-c38m-v4m2-524v",
  "summary": "Apache Tomcat Allows Remote Attackers to Spoof AJP Requests",
  "details": "Certain AJP protocol connector implementations in Apache Tomcat 7.0.0 through 7.0.20, 6.0.0 through 6.0.33, 5.5.0 through 5.5.33, and possibly other versions allow remote attackers to spoof AJP requests, bypass authentication, and obtain sensitive information by causing the connector to interpret a request body as a new request.",
  "aliases": [
    "CVE-2011-3190"
  ],
  "modified": "2024-02-21T22:10:43Z",
  "published": "2022-05-14T01:17:02Z",
  "database_specific": {
    "nvd_published_at": "2011-08-31T23:55:00Z",
    "cwe_ids": [
      "CWE-287"
    ],
    "severity": "HIGH",
    "github_reviewed": true,
    "github_reviewed_at": "2024-01-17T22:19:29Z"
  },
  "references": [
    {
      "type": "ADVISORY",
      "url": "https://nvd.nist.gov/vuln/detail/CVE-2011-3190"
    },
    {
      "type": "WEB",
      "url": "https://github.com/apache/tomcat/commit/a2538ce78f83b7376c48d12d8247600079d789b1"
    },
    {
      "type": "WEB",
      "url": "https://github.com/apache/tomcat55/commit/be3eb28f82250a5c81a1c42216570ebf892aefac"
    },
    {
      "type": "WEB",
      "url": "https://exchange.xforce.ibmcloud.com/vulnerabilities/69472"
    },
    {
      "type": "PACKAGE",
      "url": "https://github.com/apache/tomcat"
    },
    {
      "type": "WEB",
      "url": "https://issues.apache.org/bugzilla/show_bug.cgi?id=51698"
    },
    {
      "type": "WEB",
      "url": "https://lists.apache.org/thread.html/06cfb634bc7bf37af7d8f760f118018746ad8efbd519c4b789ac9c2e@%3Cdev.tomcat.apache.org%3E"
    },
    {
      "type": "WEB",
      "url": "https://lists.apache.org/thread.html/8dcaf7c3894d66cb717646ea1504ea6e300021c85bb4e677dc16b1aa@%3Cdev.tomcat.apache.org%3E"
    },
    {
      "type": "WEB",
      "url": "https://lists.apache.org/thread.html/r3aacc40356defc3f248aa504b1e48e819dd0471a0a83349080c6bcbf@%3Cdev.tomcat.apache.org%3E"
    },
    {
      "type": "WEB",
      "url": "https://lists.apache.org/thread.html/r584a714f141eff7b1c358d4679288177bd4ca4558e9999d15867d4b5@%3Cdev.tomcat.apache.org%3E"
    },
    {
      "type": "WEB",
      "url": "https://oval.cisecurity.org/repository/search/definition/oval%3Aorg.mitre.oval%3Adef%3A14933"
    },
    {
      "type": "WEB",
      "url": "https://oval.cisecurity.org/repository/search/definition/oval%3Aorg.mitre.oval%3Adef%3A19465"
    },
    {
      "type": "WEB",
      "url": "https://web.archive.org/web/20130121232525/http://www.securityfocus.com/archive/1/519466/100/0/threaded"
    },
    {
      "type": "WEB",
      "url": "https://web.archive.org/web/20130314002148/http://www.securityfocus.com/bid/49353"
    },
    {
      "type": "WEB",
      "url": "https://web.archive.org/web/20131214094052/http://www.securitytracker.com/id?1025993"
    },
    {
      "type": "WEB",
      "url": "http://marc.info/?l=bugtraq&m=132215163318824&w=2"
    },
    {
      "type": "WEB",
      "url": "http://marc.info/?l=bugtraq&m=133469267822771&w=2"
    },
    {
      "type": "WEB",
      "url": "http://marc.info/?l=bugtraq&m=136485229118404&w=2"
    },
    {
      "type": "WEB",
      "url": "http://marc.info/?l=bugtraq&m=139344343412337&w=2"
    },
    {
      "type": "WEB",
      "url": "http://securityreason.com/securityalert/8362"
    },
    {
      "type": "WEB",
      "url": "http://www.debian.org/security/2012/dsa-2401"
    },
    {
      "type": "WEB",
      "url": "http://www.mandriva.com/security/advisories?name=MDVSA-2011:156"
    }
  ],
  "affected": [
    {
      "package": {
        "name": "org.apache.tomcat:tomcat",
        "ecosystem": "Maven",
        "purl": "pkg:maven/org.apache.tomcat/tomcat"
      },
      "ranges": [
        {
          "type": "ECOSYSTEM",
          "events": [
            {
              "introduced": "7.0.0"
            },
            {
              "fixed": "7.0.21"
            }
          ]
        }
      ],
      "database_specific": {
        "last_known_affected_version_range": "<= 7.0.20",
        "source": "https://github.com/github/advisory-database/blob/main/advisories/github-reviewed/2022/05/GHSA-c38m-v4m2-524v/GHSA-c38m-v4m2-524v.json"
      },
      "versions": []
    },
    {
      "package": {
        "name": "org.apache.tomcat:tomcat",
        "ecosystem": "Maven",
        "purl": "pkg:maven/org.apache.tomcat/tomcat"
      },
      "ranges": [
        {
          "type": "ECOSYSTEM",
          "events": [
            {
              "introduced": "6.0.0"
            },
            {
              "fixed": "6.0.34"
            }
          ]
        }
      ],
      "database_specific": {
        "last_known_affected_version_range": "<= 6.0.33",
        "source": "https://github.com/github/advisory-database/blob/main/advisories/github-reviewed/2022/05/GHSA-c38m-v4m2-524v/GHSA-c38m-v4m2-524v.json"
      },
      "versions": []
    },
    {
      "package": {
        "name": "org.apache.tomcat:tomcat",
        "ecosystem": "Maven",
        "purl": "pkg:maven/org.apache.tomcat/tomcat"
      },
      "ranges": [
        {
          "type": "ECOSYSTEM",
          "events": [
            {
              "introduced": "5.0.0"
            },
            {
              "fixed": "5.5.34"
            }
          ]
        }
      ],
      "database_specific": {
        "last_known_affected_version_range": "<= 5.5.33",
        "source": "https://github.com/github/advisory-database/blob/main/advisories/github-reviewed/2022/05/GHSA-c38m-v4m2-524v/GHSA-c38m-v4m2-524v.json"
      },
      "versions": []
    }
  ],
  "schema_version": "1.6.0"
}