{
  "id": "GHSA-m54f-rp6r-rrrm",
  "summary": "XXL-JOB contains a Command execution vulnerability in background tasks ",
  "details": "XXL-JOB versions 2.2.0 and prior contain a Command execution vulnerability in background tasks.\n\nNOTE: this is disputed because the issues/4929 report is about an intended and supported use case (running arbitrary Bash scripts on behalf of users).",
  "aliases": [
    "CVE-2022-40929"
  ],
  "modified": "2024-05-07T13:00:59.781059Z",
  "published": "2022-09-29T00:00:22Z",
  "database_specific": {
    "nvd_published_at": "2022-09-28T18:15:00Z",
    "cwe_ids": [
      "CWE-78"
    ],
    "severity": "CRITICAL",
    "github_reviewed": true,
    "github_reviewed_at": "2022-09-30T06:23:00Z"
  },
  "references": [
    {
      "type": "ADVISORY",
      "url": "https://nvd.nist.gov/vuln/detail/CVE-2022-40929"
    },
    {
      "type": "WEB",
      "url": "https://github.com/xuxueli/xxl-job/issues/2979"
    },
    {
      "type": "PACKAGE",
      "url": "https://github.com/xuxueli/xxl-job"
    }
  ],
  "affected": [
    {
      "package": {
        "name": "com.xuxueli:xxl-job-core",
        "ecosystem": "Maven",
        "purl": "pkg:maven/com.xuxueli/xxl-job-core"
      },
      "ranges": [
        {
          "type": "ECOSYSTEM",
          "events": [
            {
              "introduced": "0"
            },
            {
              "last_affected": "2.2.0"
            }
          ]
        }
      ],
      "versions": [
        "1.4.1",
        "1.4.2",
        "1.5.0",
        "1.5.1",
        "1.5.2",
        "1.6.0",
        "1.6.1",
        "1.6.2",
        "1.7.0",
        "1.7.1",
        "1.7.2",
        "1.8.0",
        "1.8.1",
        "1.8.2",
        "1.9.0",
        "1.9.1",
        "1.9.2",
        "2.0.0",
        "2.0.1",
        "2.0.2",
        "2.1.0",
        "2.1.1",
        "2.1.2",
        "2.2.0"
      ],
      "database_specific": {
        "source": "https://github.com/github/advisory-database/blob/main/advisories/github-reviewed/2022/09/GHSA-m54f-rp6r-rrrm/GHSA-m54f-rp6r-rrrm.json"
      }
    }
  ],
  "schema_version": "1.6.0",
  "severity": [
    {
      "type": "CVSS_V3",
      "score": "CVSS:3.1/AV:N/AC:L/PR:N/UI:N/S:U/C:H/I:H/A:H"
    }
  ]
}