{
  "id": "GHSA-h7rx-r733-7x7r",
  "summary": "Sandbox bypass in Jenkins Script Security Plugin sandbox bypass",
  "details": "Script Security Plugin did not apply sandboxing restrictions to constructor invocations via positional arguments list, super constructor invocations, method references, and type coercion expressions. This could be used to invoke arbitrary constructors and methods, bypassing sandbox protection.",
  "aliases": [
    "CVE-2017-1000107"
  ],
  "modified": "2024-02-18T05:33:09.691365Z",
  "published": "2022-05-13T01:40:57Z",
  "database_specific": {
    "nvd_published_at": "2017-10-05T01:29:00Z",
    "cwe_ids": [],
    "severity": "HIGH",
    "github_reviewed": true,
    "github_reviewed_at": "2024-01-30T22:44:02Z"
  },
  "references": [
    {
      "type": "ADVISORY",
      "url": "https://nvd.nist.gov/vuln/detail/CVE-2017-1000107"
    },
    {
      "type": "WEB",
      "url": "https://jenkins.io/security/advisory/2017-08-07"
    }
  ],
  "affected": [
    {
      "package": {
        "name": "org.jenkins-ci.plugins:script-security",
        "ecosystem": "Maven",
        "purl": "pkg:maven/org.jenkins-ci.plugins/script-security"
      },
      "ranges": [
        {
          "type": "ECOSYSTEM",
          "events": [
            {
              "introduced": "0"
            },
            {
              "fixed": "1.31"
            }
          ]
        }
      ],
      "versions": [
        "1.0",
        "1.0-beta-1",
        "1.0-beta-2",
        "1.0-beta-3",
        "1.0-beta-4",
        "1.0-beta-5",
        "1.0-beta-6",
        "1.1",
        "1.10",
        "1.11",
        "1.12",
        "1.13",
        "1.14",
        "1.15",
        "1.16",
        "1.17",
        "1.18",
        "1.18.1",
        "1.19",
        "1.2",
        "1.20",
        "1.21",
        "1.22",
        "1.23",
        "1.24",
        "1.25",
        "1.26",
        "1.27",
        "1.28",
        "1.29",
        "1.29.1",
        "1.3",
        "1.30",
        "1.4",
        "1.5",
        "1.6",
        "1.7",
        "1.8",
        "1.9"
      ],
      "database_specific": {
        "last_known_affected_version_range": "<= 1.30",
        "source": "https://github.com/github/advisory-database/blob/main/advisories/github-reviewed/2022/05/GHSA-h7rx-r733-7x7r/GHSA-h7rx-r733-7x7r.json"
      }
    }
  ],
  "schema_version": "1.6.0",
  "severity": [
    {
      "type": "CVSS_V3",
      "score": "CVSS:3.0/AV:N/AC:L/PR:L/UI:N/S:U/C:H/I:H/A:H"
    }
  ]
}