{
  "id": "GHSA-x74x-qf5j-35jh",
  "summary": "Sandbox bypass vulnerability in Jenkins Pipeline: Groovy Plugin",
  "details": "A sandbox bypass vulnerability in Jenkins Pipeline: Groovy Plugin 2.64 and earlier allows attackers to invoke arbitrary constructors in sandboxed scripts.",
  "aliases": [
    "CVE-2019-1003041"
  ],
  "modified": "2024-02-16T08:02:23.541564Z",
  "published": "2022-05-13T01:15:09Z",
  "database_specific": {
    "nvd_published_at": "2019-03-28T18:29:00Z",
    "cwe_ids": [
      "CWE-470"
    ],
    "severity": "CRITICAL",
    "github_reviewed": true,
    "github_reviewed_at": "2022-06-01T19:41:15Z"
  },
  "references": [
    {
      "type": "ADVISORY",
      "url": "https://nvd.nist.gov/vuln/detail/CVE-2019-1003041"
    },
    {
      "type": "WEB",
      "url": "https://github.com/jenkinsci/workflow-cps-plugin/commit/2e5a67fde9baf25315fe692161b4e90d401da86c"
    },
    {
      "type": "WEB",
      "url": "https://access.redhat.com/errata/RHSA-2019:1423"
    },
    {
      "type": "PACKAGE",
      "url": "https://github.com/jenkinsci/workflow-cps-plugin"
    },
    {
      "type": "WEB",
      "url": "https://jenkins.io/security/advisory/2019-03-25/#SECURITY-1353"
    },
    {
      "type": "WEB",
      "url": "http://www.openwall.com/lists/oss-security/2019/03/28/2"
    },
    {
      "type": "WEB",
      "url": "http://www.securityfocus.com/bid/107628"
    }
  ],
  "affected": [
    {
      "package": {
        "name": "org.jenkins-ci.plugins.workflow:workflow-cps",
        "ecosystem": "Maven",
        "purl": "pkg:maven/org.jenkins-ci.plugins.workflow/workflow-cps"
      },
      "ranges": [
        {
          "type": "ECOSYSTEM",
          "events": [
            {
              "introduced": "0"
            },
            {
              "fixed": "2.65"
            }
          ]
        }
      ],
      "versions": [
        "0.1-beta-1",
        "0.1-beta-2",
        "0.1-beta-3",
        "0.1-beta-4",
        "0.1-beta-5",
        "0.1-beta-6",
        "0.1-beta-7",
        "0.1-beta-8",
        "1.0",
        "1.0-beta-1",
        "1.1",
        "1.10",
        "1.10-beta-1",
        "1.10.1",
        "1.11",
        "1.11-beta-1",
        "1.11-beta-2",
        "1.11-beta-3",
        "1.11-beta-4",
        "1.12",
        "1.12-beta-1",
        "1.12-beta-2",
        "1.12-beta-3",
        "1.13",
        "1.14",
        "1.14-beta-1",
        "1.14.1",
        "1.14.1-beta-1",
        "1.14.2",
        "1.15",
        "1.15-beta-1",
        "1.2",
        "1.3",
        "1.4",
        "1.4.1",
        "1.4.2",
        "1.4.3",
        "1.4.3-beta-1",
        "1.5",
        "1.6",
        "1.6-alpha-1",
        "1.7",
        "1.7-alpha-1",
        "1.8",
        "1.9",
        "1.9-beta-1",
        "2.0",
        "2.1",
        "2.10",
        "2.11",
        "2.12",
        "2.13",
        "2.14",
        "2.15",
        "2.16",
        "2.17",
        "2.18",
        "2.19",
        "2.2",
        "2.20",
        "2.21",
        "2.22",
        "2.23",
        "2.24",
        "2.25",
        "2.26",
        "2.27",
        "2.28",
        "2.29",
        "2.3",
        "2.30",
        "2.30-stepstorage2-alpha",
        "2.30-stepstorage2-alpha2",
        "2.30-stepstorage4-beta",
        "2.31",
        "2.32",
        "2.33",
        "2.34",
        "2.35",
        "2.36",
        "2.36.1",
        "2.37",
        "2.38",
        "2.39",
        "2.4",
        "2.40",
        "2.41",
        "2.42",
        "2.43",
        "2.43-durability-beta-1",
        "2.43-durability-beta-2",
        "2.43-durability-beta-3",
        "2.43-durability-beta-4",
        "2.44",
        "2.45",
        "2.46",
        "2.46.1",
        "2.46.2",
        "2.47",
        "2.48",
        "2.49",
        "2.5",
        "2.50",
        "2.51",
        "2.52",
        "2.53",
        "2.54",
        "2.54.1",
        "2.54.2",
        "2.55",
        "2.56",
        "2.57",
        "2.57.1",
        "2.57.2",
        "2.57.3",
        "2.58",
        "2.58-beta-1",
        "2.59",
        "2.6",
        "2.60",
        "2.61",
        "2.61.1",
        "2.61.2",
        "2.61.3",
        "2.62",
        "2.63",
        "2.64",
        "2.7",
        "2.8",
        "2.9"
      ],
      "database_specific": {
        "source": "https://github.com/github/advisory-database/blob/main/advisories/github-reviewed/2022/05/GHSA-x74x-qf5j-35jh/GHSA-x74x-qf5j-35jh.json"
      }
    }
  ],
  "schema_version": "1.6.0",
  "severity": [
    {
      "type": "CVSS_V3",
      "score": "CVSS:3.1/AV:N/AC:L/PR:N/UI:N/S:U/C:H/I:H/A:H"
    }
  ]
}