{
  "id": "GHSA-4hrp-m3f2-643j",
  "summary": "Session fixation in Enonic XP",
  "details": "Enonic XP versions less than 7.7.4 are vulnerable to a session fixation issue. An remote and unauthenticated attacker can use prior sessions due to the lack of invalidating session attributes.\n\n",
  "aliases": [
    "CVE-2024-23679",
    "GHSA-4m5p-5w5w-3jcf"
  ],
  "modified": "2024-01-30T20:14:02.806687Z",
  "published": "2024-01-19T21:30:36Z",
  "database_specific": {
    "nvd_published_at": "2024-01-19T21:15:10Z",
    "cwe_ids": [
      "CWE-384"
    ],
    "severity": "CRITICAL",
    "github_reviewed": true,
    "github_reviewed_at": "2024-01-29T22:30:31Z"
  },
  "references": [
    {
      "type": "WEB",
      "url": "https://github.com/enonic/xp/security/advisories/GHSA-4m5p-5w5w-3jcf"
    },
    {
      "type": "ADVISORY",
      "url": "https://nvd.nist.gov/vuln/detail/CVE-2024-23679"
    },
    {
      "type": "WEB",
      "url": "https://github.com/enonic/xp/issues/9253"
    },
    {
      "type": "WEB",
      "url": "https://github.com/enonic/xp/commit/0189975691e9e6407a9fee87006f730e84f734ff"
    },
    {
      "type": "WEB",
      "url": "https://github.com/enonic/xp/commit/1f44674eb9ab3fbab7103e8d08067846e88bace4"
    },
    {
      "type": "WEB",
      "url": "https://github.com/enonic/xp/commit/2abac31cec8679074debc4f1fb69c25930e40842"
    },
    {
      "type": "ADVISORY",
      "url": "https://github.com/advisories/GHSA-4m5p-5w5w-3jcf"
    },
    {
      "type": "WEB",
      "url": "https://vulncheck.com/advisories/vc-advisory-GHSA-4m5p-5w5w-3jcf"
    }
  ],
  "affected": [
    {
      "package": {
        "name": "com.enonic.xp:lib-auth",
        "ecosystem": "Maven",
        "purl": "pkg:maven/com.enonic.xp/lib-auth"
      },
      "ranges": [
        {
          "type": "ECOSYSTEM",
          "events": [
            {
              "introduced": "0"
            },
            {
              "fixed": "7.7.4"
            }
          ]
        }
      ],
      "database_specific": {
        "source": "https://github.com/github/advisory-database/blob/main/advisories/github-reviewed/2024/01/GHSA-4hrp-m3f2-643j/GHSA-4hrp-m3f2-643j.json"
      },
      "versions": []
    }
  ],
  "schema_version": "1.6.0",
  "severity": [
    {
      "type": "CVSS_V3",
      "score": "CVSS:3.1/AV:N/AC:L/PR:N/UI:N/S:U/C:H/I:H/A:H"
    }
  ]
}