{
  "id": "GHSA-cmwm-45mj-mpg3",
  "summary": "SCIFIO vulnerable to Path Traversal",
  "details": "A vulnerability classified as critical was found in scifio. Affected by this vulnerability is the function downloadAndUnpackResource of the file src/test/java/io/scif/util/DefaultSampleFilesService.java of the component ZIP File Handler. The manipulation leads to path traversal. The attack can be launched remotely. The patch is at commit fcb0dbca0ec72b22fe0c9ddc8abc9cb188a0ff31. It is recommended to apply a patch to fix this issue. The associated identifier of this vulnerability is VDB-215803.",
  "aliases": [
    "CVE-2022-4493"
  ],
  "modified": "2023-11-08T04:10:49.338016Z",
  "published": "2022-12-14T12:30:42Z",
  "database_specific": {
    "nvd_published_at": "2022-12-14T12:15:00Z",
    "github_reviewed_at": "2022-12-16T21:57:53Z",
    "severity": "CRITICAL",
    "github_reviewed": true,
    "cwe_ids": [
      "CWE-22"
    ]
  },
  "references": [
    {
      "type": "ADVISORY",
      "url": "https://nvd.nist.gov/vuln/detail/CVE-2022-4493"
    },
    {
      "type": "WEB",
      "url": "https://github.com/scifio/scifio/commit/fcb0dbca0ec72b22fe0c9ddc8abc9cb188a0ff31"
    },
    {
      "type": "PACKAGE",
      "url": "https://github.com/scifio/scifio"
    },
    {
      "type": "WEB",
      "url": "https://vuldb.com/?id.215803"
    }
  ],
  "affected": [
    {
      "package": {
        "name": "io.scif:scifio",
        "ecosystem": "Maven",
        "purl": "pkg:maven/io.scif/scifio"
      },
      "ranges": [
        {
          "type": "ECOSYSTEM",
          "events": [
            {
              "introduced": "0"
            },
            {
              "fixed": "0.43.3"
            }
          ]
        }
      ],
      "database_specific": {
        "source": "https://github.com/github/advisory-database/blob/main/advisories/github-reviewed/2022/12/GHSA-cmwm-45mj-mpg3/GHSA-cmwm-45mj-mpg3.json"
      },
      "versions": []
    }
  ],
  "schema_version": "1.6.0",
  "severity": [
    {
      "type": "CVSS_V3",
      "score": "CVSS:3.1/AV:N/AC:L/PR:N/UI:N/S:U/C:H/I:H/A:H"
    }
  ]
}