{
  "id": "GHSA-j7h6-xr7g-m2c5",
  "summary": "Code injection in Apache Struts",
  "details": "Apache Struts 2.0.0 through 2.3.15.1 enables Dynamic Method Invocation by default, which has unknown impact and attack vectors.",
  "aliases": [
    "CVE-2013-4316"
  ],
  "modified": "2024-02-16T08:22:28.420587Z",
  "published": "2022-05-17T03:28:23Z",
  "database_specific": {
    "nvd_published_at": "2013-09-30T21:55:00Z",
    "cwe_ids": [
      "CWE-94"
    ],
    "severity": "HIGH",
    "github_reviewed": true,
    "github_reviewed_at": "2022-11-03T22:43:48Z"
  },
  "references": [
    {
      "type": "ADVISORY",
      "url": "https://nvd.nist.gov/vuln/detail/CVE-2013-4316"
    },
    {
      "type": "WEB",
      "url": "https://github.com/apache/struts/commit/58947c3f85ae641c1a476316a2888e53605948d1"
    },
    {
      "type": "WEB",
      "url": "https://github.com/apache/struts/commit/c643336945dda84cbcdc8a39530baa24fede28c4"
    },
    {
      "type": "PACKAGE",
      "url": "https://github.com/apache/struts"
    },
    {
      "type": "WEB",
      "url": "http://archives.neohapsis.com/archives/bugtraq/2013-09/0107.html"
    },
    {
      "type": "WEB",
      "url": "http://struts.apache.org/release/2.3.x/docs/s2-019.html"
    }
  ],
  "affected": [
    {
      "package": {
        "name": "org.apache.struts:struts2-core",
        "ecosystem": "Maven",
        "purl": "pkg:maven/org.apache.struts/struts2-core"
      },
      "ranges": [
        {
          "type": "ECOSYSTEM",
          "events": [
            {
              "introduced": "2.0.0"
            },
            {
              "fixed": "2.3.15.2"
            }
          ]
        }
      ],
      "versions": [
        "2.0.11",
        "2.0.11.1",
        "2.0.11.2",
        "2.0.12",
        "2.0.14",
        "2.0.5",
        "2.0.6",
        "2.0.8",
        "2.0.9",
        "2.1.2",
        "2.1.6",
        "2.1.8",
        "2.1.8.1",
        "2.2.1",
        "2.2.1.1",
        "2.2.3",
        "2.2.3.1",
        "2.3.1",
        "2.3.1.1",
        "2.3.1.2",
        "2.3.12",
        "2.3.14",
        "2.3.14.1",
        "2.3.14.2",
        "2.3.14.3",
        "2.3.15",
        "2.3.15.1",
        "2.3.3",
        "2.3.4",
        "2.3.4.1",
        "2.3.7",
        "2.3.8"
      ],
      "database_specific": {
        "source": "https://github.com/github/advisory-database/blob/main/advisories/github-reviewed/2022/05/GHSA-j7h6-xr7g-m2c5/GHSA-j7h6-xr7g-m2c5.json"
      }
    },
    {
      "package": {
        "name": "org.apache.struts:struts2-rest-plugin",
        "ecosystem": "Maven",
        "purl": "pkg:maven/org.apache.struts/struts2-rest-plugin"
      },
      "ranges": [
        {
          "type": "ECOSYSTEM",
          "events": [
            {
              "introduced": "2.0.0"
            },
            {
              "fixed": "2.3.15.2"
            }
          ]
        }
      ],
      "versions": [
        "2.1.2",
        "2.1.6",
        "2.1.8",
        "2.1.8.1",
        "2.2.1",
        "2.2.1.1",
        "2.2.3",
        "2.2.3.1",
        "2.3.1",
        "2.3.1.1",
        "2.3.1.2",
        "2.3.12",
        "2.3.14",
        "2.3.14.1",
        "2.3.14.2",
        "2.3.14.3",
        "2.3.15",
        "2.3.15.1",
        "2.3.3",
        "2.3.4",
        "2.3.4.1",
        "2.3.7",
        "2.3.8"
      ],
      "database_specific": {
        "source": "https://github.com/github/advisory-database/blob/main/advisories/github-reviewed/2022/05/GHSA-j7h6-xr7g-m2c5/GHSA-j7h6-xr7g-m2c5.json"
      }
    }
  ],
  "schema_version": "1.6.0"
}