{
  "id": "GHSA-p4xg-cpr9-vwvj",
  "summary": "Red Hat Wildfly DoS",
  "details": "Undertow in Red Hat wildfly before version 11.0.0.Beta1 is vulnerable to a resource exhaustion resulting in a denial of service. Undertow keeps a cache of seen HTTP headers in persistent connections. It was found that this cache can easily exploited to fill memory with garbage, up to \"max-headers\" (default 200) * \"max-header-size\" (default 1MB) per active TCP connection.",
  "aliases": [
    "CVE-2016-9589"
  ],
  "modified": "2024-02-17T05:36:42.235937Z",
  "published": "2022-05-13T01:38:28Z",
  "database_specific": {
    "nvd_published_at": "2018-03-12T15:29:00Z",
    "cwe_ids": [
      "CWE-400"
    ],
    "severity": "HIGH",
    "github_reviewed": true,
    "github_reviewed_at": "2023-07-28T21:38:39Z"
  },
  "references": [
    {
      "type": "ADVISORY",
      "url": "https://nvd.nist.gov/vuln/detail/CVE-2016-9589"
    },
    {
      "type": "WEB",
      "url": "https://access.redhat.com/errata/RHSA-2017:0872"
    },
    {
      "type": "WEB",
      "url": "https://access.redhat.com/errata/RHSA-2017:0873"
    },
    {
      "type": "WEB",
      "url": "https://access.redhat.com/errata/RHSA-2017:3454"
    },
    {
      "type": "WEB",
      "url": "https://access.redhat.com/errata/RHSA-2017:3455"
    },
    {
      "type": "WEB",
      "url": "https://access.redhat.com/errata/RHSA-2017:3456"
    },
    {
      "type": "WEB",
      "url": "https://access.redhat.com/errata/RHSA-2017:3458"
    },
    {
      "type": "WEB",
      "url": "https://bugzilla.redhat.com/show_bug.cgi?id=1404782"
    },
    {
      "type": "PACKAGE",
      "url": "https://github.com/wildfly/wildfly"
    },
    {
      "type": "WEB",
      "url": "https://web.archive.org/web/20200227180917/https://www.securityfocus.com/bid/97060"
    },
    {
      "type": "WEB",
      "url": "http://rhn.redhat.com/errata/RHSA-2017-0830.html"
    },
    {
      "type": "WEB",
      "url": "http://rhn.redhat.com/errata/RHSA-2017-0831.html"
    },
    {
      "type": "WEB",
      "url": "http://rhn.redhat.com/errata/RHSA-2017-0832.html"
    },
    {
      "type": "WEB",
      "url": "http://rhn.redhat.com/errata/RHSA-2017-0834.html"
    },
    {
      "type": "WEB",
      "url": "http://rhn.redhat.com/errata/RHSA-2017-0876.html"
    }
  ],
  "affected": [
    {
      "package": {
        "name": "org.wildfly:wildfly-undertow",
        "ecosystem": "Maven",
        "purl": "pkg:maven/org.wildfly/wildfly-undertow"
      },
      "ranges": [
        {
          "type": "ECOSYSTEM",
          "events": [
            {
              "introduced": "0"
            },
            {
              "fixed": "11.0.0.Beta1"
            }
          ]
        }
      ],
      "versions": [
        "10.0.0.Alpha1",
        "10.0.0.Alpha2",
        "10.0.0.Alpha3",
        "10.0.0.Alpha4",
        "10.0.0.Alpha5",
        "10.0.0.Alpha6",
        "10.0.0.Beta1",
        "10.0.0.Beta2",
        "10.0.0.CR1",
        "10.0.0.CR2",
        "10.0.0.CR3",
        "10.0.0.CR4",
        "10.0.0.CR5",
        "10.0.0.Final",
        "10.1.0.CR1",
        "10.1.0.Final",
        "11.0.0.Alpha1",
        "8.0.0.Alpha1",
        "8.0.0.Alpha2",
        "8.0.0.Alpha3",
        "8.0.0.Alpha4",
        "8.0.0.Beta1",
        "8.0.0.CR1",
        "8.0.0.Final",
        "8.1.0.CR1",
        "8.1.0.CR2",
        "8.1.0.Final",
        "8.2.0.Final",
        "8.2.1.Final",
        "9.0.0.Alpha1",
        "9.0.0.Beta1",
        "9.0.0.Beta2",
        "9.0.0.CR1",
        "9.0.0.CR2",
        "9.0.0.Final",
        "9.0.1.Final",
        "9.0.2.Final"
      ],
      "database_specific": {
        "source": "https://github.com/github/advisory-database/blob/main/advisories/github-reviewed/2022/05/GHSA-p4xg-cpr9-vwvj/GHSA-p4xg-cpr9-vwvj.json"
      }
    }
  ],
  "schema_version": "1.6.0",
  "severity": [
    {
      "type": "CVSS_V3",
      "score": "CVSS:3.0/AV:N/AC:L/PR:N/UI:N/S:U/C:N/I:N/A:H"
    }
  ]
}