{
  "id": "GHSA-w9jg-gvgr-354m",
  "summary": "Resource Exhaustion in Spring Security",
  "details": "Spring Security versions 5.5.x prior to 5.5.1, 5.4.x prior to 5.4.7, 5.3.x prior to 5.3.10 and 5.2.x prior to 5.2.11 are susceptible to a Denial-of-Service (DoS) attack via the initiation of the Authorization Request in an OAuth 2.0 Client Web and WebFlux application. A malicious user or attacker can send multiple requests initiating the Authorization Request for the Authorization Code Grant, which has the potential of exhausting system resources using a single session or multiple sessions.",
  "aliases": [
    "CVE-2021-22119"
  ],
  "modified": "2023-11-08T04:04:54.193370Z",
  "published": "2021-07-02T18:33:34Z",
  "database_specific": {
    "nvd_published_at": "2021-06-29T17:15:00Z",
    "github_reviewed_at": "2021-06-30T17:30:10Z",
    "severity": "HIGH",
    "github_reviewed": true,
    "cwe_ids": [
      "CWE-400",
      "CWE-863"
    ]
  },
  "references": [
    {
      "type": "ADVISORY",
      "url": "https://nvd.nist.gov/vuln/detail/CVE-2021-22119"
    },
    {
      "type": "WEB",
      "url": "https://github.com/spring-projects/spring-security/pull/9513"
    },
    {
      "type": "PACKAGE",
      "url": "https://github.com/spring-projects/spring-security"
    },
    {
      "type": "WEB",
      "url": "https://lists.apache.org/thread.html/r08a449010786e0bcffa4b5781b04fcb55d6eafa62cb79b8347680aad@%3Cissues.nifi.apache.org%3E"
    },
    {
      "type": "WEB",
      "url": "https://lists.apache.org/thread.html/r163b3e4e39803882f5be05ee8606b2b9812920e196daa2a82997ce14@%3Cpluto-dev.portals.apache.org%3E"
    },
    {
      "type": "WEB",
      "url": "https://lists.apache.org/thread.html/r3868207b967f926819fe3aa8d33f1666429be589bb4a62104a49f4e3@%3Cpluto-dev.portals.apache.org%3E"
    },
    {
      "type": "WEB",
      "url": "https://lists.apache.org/thread.html/r390783b3b1c59b978131ac08390bf77fbb3863270cbde59d5b0f5fde@%3Cpluto-dev.portals.apache.org%3E"
    },
    {
      "type": "WEB",
      "url": "https://lists.apache.org/thread.html/r89aa1b48a827f5641310305214547f1d6b2101971a49b624737c497f@%3Cpluto-dev.portals.apache.org%3E"
    },
    {
      "type": "WEB",
      "url": "https://lists.apache.org/thread.html/ra53677224fe4f04c2599abc88032076faa18dc84b329cdeba85d4cfc@%3Cpluto-scm.portals.apache.org%3E"
    },
    {
      "type": "WEB",
      "url": "https://tanzu.vmware.com/security/cve-2021-22119"
    },
    {
      "type": "WEB",
      "url": "https://www.oracle.com/security-alerts/cpujan2022.html"
    },
    {
      "type": "WEB",
      "url": "https://www.oracle.com/security-alerts/cpujul2022.html"
    }
  ],
  "affected": [
    {
      "package": {
        "name": "org.springframework.security:spring-security-core",
        "ecosystem": "Maven",
        "purl": "pkg:maven/org.springframework.security/spring-security-core"
      },
      "ranges": [
        {
          "type": "ECOSYSTEM",
          "events": [
            {
              "introduced": "5.5.0"
            },
            {
              "fixed": "5.5.1"
            }
          ]
        }
      ],
      "versions": [
        "5.5.0"
      ],
      "database_specific": {
        "source": "https://github.com/github/advisory-database/blob/main/advisories/github-reviewed/2021/07/GHSA-w9jg-gvgr-354m/GHSA-w9jg-gvgr-354m.json"
      }
    },
    {
      "package": {
        "name": "org.springframework.security:spring-security-core",
        "ecosystem": "Maven",
        "purl": "pkg:maven/org.springframework.security/spring-security-core"
      },
      "ranges": [
        {
          "type": "ECOSYSTEM",
          "events": [
            {
              "introduced": "5.4.0"
            },
            {
              "fixed": "5.4.7"
            }
          ]
        }
      ],
      "versions": [
        "5.4.0",
        "5.4.1",
        "5.4.2",
        "5.4.3",
        "5.4.4",
        "5.4.5",
        "5.4.6"
      ],
      "database_specific": {
        "source": "https://github.com/github/advisory-database/blob/main/advisories/github-reviewed/2021/07/GHSA-w9jg-gvgr-354m/GHSA-w9jg-gvgr-354m.json"
      }
    },
    {
      "package": {
        "name": "org.springframework.security:spring-security-core",
        "ecosystem": "Maven",
        "purl": "pkg:maven/org.springframework.security/spring-security-core"
      },
      "ranges": [
        {
          "type": "ECOSYSTEM",
          "events": [
            {
              "introduced": "5.3.0"
            },
            {
              "fixed": "5.3.10"
            }
          ]
        }
      ],
      "versions": [
        "5.3.0.RELEASE",
        "5.3.1.RELEASE",
        "5.3.2.RELEASE",
        "5.3.3.RELEASE",
        "5.3.4.RELEASE",
        "5.3.5.RELEASE",
        "5.3.6.RELEASE",
        "5.3.7.RELEASE",
        "5.3.8.RELEASE",
        "5.3.9.RELEASE"
      ],
      "database_specific": {
        "last_known_affected_version_range": "<= 5.3.9",
        "source": "https://github.com/github/advisory-database/blob/main/advisories/github-reviewed/2021/07/GHSA-w9jg-gvgr-354m/GHSA-w9jg-gvgr-354m.json"
      }
    },
    {
      "package": {
        "name": "org.springframework.security:spring-security-core",
        "ecosystem": "Maven",
        "purl": "pkg:maven/org.springframework.security/spring-security-core"
      },
      "ranges": [
        {
          "type": "ECOSYSTEM",
          "events": [
            {
              "introduced": "5.2.0"
            },
            {
              "fixed": "5.2.11"
            }
          ]
        }
      ],
      "versions": [
        "5.2.0.RELEASE",
        "5.2.1.RELEASE",
        "5.2.10.RELEASE",
        "5.2.2.RELEASE",
        "5.2.3.RELEASE",
        "5.2.4.RELEASE",
        "5.2.5.RELEASE",
        "5.2.6.RELEASE",
        "5.2.7.RELEASE",
        "5.2.8.RELEASE",
        "5.2.9.RELEASE"
      ],
      "database_specific": {
        "last_known_affected_version_range": "<= 5.2.10",
        "source": "https://github.com/github/advisory-database/blob/main/advisories/github-reviewed/2021/07/GHSA-w9jg-gvgr-354m/GHSA-w9jg-gvgr-354m.json"
      }
    },
    {
      "package": {
        "name": "org.springframework.security:spring-security-oauth2-client",
        "ecosystem": "Maven",
        "purl": "pkg:maven/org.springframework.security/spring-security-oauth2-client"
      },
      "ranges": [
        {
          "type": "ECOSYSTEM",
          "events": [
            {
              "introduced": "5.5.0"
            },
            {
              "fixed": "5.5.1"
            }
          ]
        }
      ],
      "versions": [
        "5.5.0"
      ],
      "database_specific": {
        "source": "https://github.com/github/advisory-database/blob/main/advisories/github-reviewed/2021/07/GHSA-w9jg-gvgr-354m/GHSA-w9jg-gvgr-354m.json"
      }
    },
    {
      "package": {
        "name": "org.springframework.security:spring-security-oauth2-client",
        "ecosystem": "Maven",
        "purl": "pkg:maven/org.springframework.security/spring-security-oauth2-client"
      },
      "ranges": [
        {
          "type": "ECOSYSTEM",
          "events": [
            {
              "introduced": "5.4.0"
            },
            {
              "fixed": "5.4.7"
            }
          ]
        }
      ],
      "versions": [
        "5.4.0",
        "5.4.1",
        "5.4.2",
        "5.4.3",
        "5.4.4",
        "5.4.5",
        "5.4.6"
      ],
      "database_specific": {
        "source": "https://github.com/github/advisory-database/blob/main/advisories/github-reviewed/2021/07/GHSA-w9jg-gvgr-354m/GHSA-w9jg-gvgr-354m.json"
      }
    },
    {
      "package": {
        "name": "org.springframework.security:spring-security-oauth2-client",
        "ecosystem": "Maven",
        "purl": "pkg:maven/org.springframework.security/spring-security-oauth2-client"
      },
      "ranges": [
        {
          "type": "ECOSYSTEM",
          "events": [
            {
              "introduced": "5.3.0"
            },
            {
              "fixed": "5.3.10"
            }
          ]
        }
      ],
      "versions": [
        "5.3.0.RELEASE",
        "5.3.1.RELEASE",
        "5.3.2.RELEASE",
        "5.3.3.RELEASE",
        "5.3.4.RELEASE",
        "5.3.5.RELEASE",
        "5.3.6.RELEASE",
        "5.3.7.RELEASE",
        "5.3.8.RELEASE",
        "5.3.9.RELEASE"
      ],
      "database_specific": {
        "last_known_affected_version_range": "<= 5.3.9",
        "source": "https://github.com/github/advisory-database/blob/main/advisories/github-reviewed/2021/07/GHSA-w9jg-gvgr-354m/GHSA-w9jg-gvgr-354m.json"
      }
    },
    {
      "package": {
        "name": "org.springframework.security:spring-security-oauth2-client",
        "ecosystem": "Maven",
        "purl": "pkg:maven/org.springframework.security/spring-security-oauth2-client"
      },
      "ranges": [
        {
          "type": "ECOSYSTEM",
          "events": [
            {
              "introduced": "5.2.0"
            },
            {
              "fixed": "5.2.11"
            }
          ]
        }
      ],
      "versions": [
        "5.2.0.RELEASE",
        "5.2.1.RELEASE",
        "5.2.10.RELEASE",
        "5.2.2.RELEASE",
        "5.2.3.RELEASE",
        "5.2.4.RELEASE",
        "5.2.5.RELEASE",
        "5.2.6.RELEASE",
        "5.2.7.RELEASE",
        "5.2.8.RELEASE",
        "5.2.9.RELEASE"
      ],
      "database_specific": {
        "last_known_affected_version_range": "<= 5.2.10",
        "source": "https://github.com/github/advisory-database/blob/main/advisories/github-reviewed/2021/07/GHSA-w9jg-gvgr-354m/GHSA-w9jg-gvgr-354m.json"
      }
    }
  ],
  "schema_version": "1.6.0",
  "severity": [
    {
      "type": "CVSS_V3",
      "score": "CVSS:3.1/AV:N/AC:L/PR:N/UI:N/S:U/C:N/I:N/A:H"
    }
  ]
}