{
  "id": "GHSA-6hvf-xvwm-vrw4",
  "summary": "XMLTooling Library Incorrectly Handles Some Exceptions",
  "details": "The XMLTooling library all versions prior to V3.0.4, provided with the OpenSAML and Shibboleth Service Provider software, contains an XML parsing class. Invalid data in the XML declaration causes an exception of a type that was not handled properly in the parser class and propagates an unexpected exception type.",
  "modified": "2024-02-17T05:28:27.453176Z",
  "published": "2022-05-13T01:02:16Z",
  "withdrawn": "2023-08-01T18:26:15Z",
  "database_specific": {
    "nvd_published_at": "2019-04-11T20:29:00Z",
    "cwe_ids": [
      "CWE-755"
    ],
    "severity": "HIGH",
    "github_reviewed": true,
    "github_reviewed_at": "2023-07-18T23:18:21Z"
  },
  "references": [
    {
      "type": "ADVISORY",
      "url": "https://nvd.nist.gov/vuln/detail/CVE-2019-9628"
    },
    {
      "type": "WEB",
      "url": "https://bugs.launchpad.net/ubuntu/+source/xmltooling/+bug/1819912"
    },
    {
      "type": "WEB",
      "url": "https://security.netapp.com/advisory/ntap-20190611-0003"
    },
    {
      "type": "WEB",
      "url": "https://shibboleth.net/community/advisories/secadv_20190311.txt"
    },
    {
      "type": "WEB",
      "url": "https://usn.ubuntu.com/3921-1"
    },
    {
      "type": "WEB",
      "url": "https://wiki.shibboleth.net/confluence/display/SP3/SecurityAdvisories"
    },
    {
      "type": "WEB",
      "url": "http://lists.opensuse.org/opensuse-security-announce/2019-04/msg00079.html"
    },
    {
      "type": "WEB",
      "url": "http://lists.opensuse.org/opensuse-security-announce/2019-04/msg00095.html"
    }
  ],
  "affected": [
    {
      "package": {
        "name": "org.opensaml:xmltooling",
        "ecosystem": "Maven",
        "purl": "pkg:maven/org.opensaml/xmltooling"
      },
      "ranges": [
        {
          "type": "ECOSYSTEM",
          "events": [
            {
              "introduced": "0"
            },
            {
              "fixed": "3.0.4"
            }
          ]
        }
      ],
      "versions": [
        "1.3.1",
        "1.3.2",
        "1.3.2-1",
        "1.3.4",
        "1.4.0",
        "1.4.1",
        "1.4.4"
      ],
      "database_specific": {
        "source": "https://github.com/github/advisory-database/blob/main/advisories/github-reviewed/2022/05/GHSA-6hvf-xvwm-vrw4/GHSA-6hvf-xvwm-vrw4.json"
      }
    }
  ],
  "schema_version": "1.6.0",
  "severity": [
    {
      "type": "CVSS_V3",
      "score": "CVSS:3.1/AV:N/AC:L/PR:N/UI:N/S:U/C:N/I:N/A:H"
    }
  ]
}