{
  "id": "GHSA-6q8r-5pm6-v2q8",
  "summary": "Stored Cross-site Scripting vulnerability in Jenkins Custom Checkbox Parameter Plugin",
  "details": "Jenkins Custom Checkbox Parameter Plugin 1.1 and earlier does not escape parameter names of custom checkbox parameters, resulting in a stored cross-site scripting (XSS) vulnerability exploitable by attackers with Item/Configure permission.",
  "aliases": [
    "CVE-2022-25189"
  ],
  "modified": "2023-11-08T04:08:42.941844Z",
  "published": "2022-02-16T00:01:27Z",
  "database_specific": {
    "nvd_published_at": "2022-02-15T17:15:00Z",
    "github_reviewed_at": "2022-12-01T23:01:50Z",
    "severity": "HIGH",
    "github_reviewed": true,
    "cwe_ids": [
      "CWE-79"
    ]
  },
  "references": [
    {
      "type": "ADVISORY",
      "url": "https://nvd.nist.gov/vuln/detail/CVE-2022-25189"
    },
    {
      "type": "WEB",
      "url": "https://github.com/jenkinsci/custom-checkbox-parameter-plugin/commit/f859f0aebb94974f72591fb01ef41b05675d9f11"
    },
    {
      "type": "PACKAGE",
      "url": "https://github.com/jenkinsci/custom-checkbox-parameter-plugin"
    },
    {
      "type": "WEB",
      "url": "https://www.jenkins.io/security/advisory/2022-02-15/#SECURITY-2266"
    }
  ],
  "affected": [
    {
      "package": {
        "name": "io.jenkins.plugins:custom-checkbox-parameter",
        "ecosystem": "Maven",
        "purl": "pkg:maven/io.jenkins.plugins/custom-checkbox-parameter"
      },
      "ranges": [
        {
          "type": "ECOSYSTEM",
          "events": [
            {
              "introduced": "0"
            },
            {
              "fixed": "1.2"
            }
          ]
        }
      ],
      "versions": [
        "1.0",
        "1.1"
      ],
      "database_specific": {
        "source": "https://github.com/github/advisory-database/blob/main/advisories/github-reviewed/2022/02/GHSA-6q8r-5pm6-v2q8/GHSA-6q8r-5pm6-v2q8.json"
      }
    }
  ],
  "schema_version": "1.6.0",
  "severity": [
    {
      "type": "CVSS_V3",
      "score": "CVSS:3.1/AV:N/AC:L/PR:L/UI:R/S:U/C:H/I:H/A:H"
    }
  ]
}