{
  "id": "GHSA-gh24-c683-79r2",
  "summary": "Duplicate Advisory: Arbitrary code execution in jfinal CMS",
  "details": "## Duplicate Advisory\nThis advisory has been withdrawn because it is a duplicate of GHSA-8qhm-ch8h-xgjr. This link is maintained to preserve external references.\n\n## Original Description\nCommand execution vulnerability in the ActionEnter Class ins jfinal CMS version 5.1.0 allows attackers to execute arbitrary code via a created json file to the ueditor route.",
  "modified": "2024-02-16T08:03:14.942172Z",
  "published": "2023-04-28T21:30:19Z",
  "withdrawn": "2023-05-03T18:17:25Z",
  "database_specific": {
    "nvd_published_at": "2023-04-28T20:15:13Z",
    "cwe_ids": [],
    "severity": "CRITICAL",
    "github_reviewed": true,
    "github_reviewed_at": "2023-05-01T14:01:21Z"
  },
  "references": [
    {
      "type": "ADVISORY",
      "url": "https://nvd.nist.gov/vuln/detail/CVE-2023-26812"
    },
    {
      "type": "WEB",
      "url": "https://github.com/jflyfox/jfinal_cms/issues/54"
    }
  ],
  "affected": [
    {
      "package": {
        "name": "com.jflyfox:jflyfox_jfinal",
        "ecosystem": "Maven",
        "purl": "pkg:maven/com.jflyfox/jflyfox_jfinal"
      },
      "ranges": [
        {
          "type": "ECOSYSTEM",
          "events": [
            {
              "introduced": "0"
            },
            {
              "last_affected": "5.1.0"
            }
          ]
        }
      ],
      "versions": [
        "1.8",
        "1.9",
        "2.0",
        "2.1",
        "3.0",
        "4.0",
        "4.1",
        "4.2",
        "4.3",
        "4.4",
        "4.5.0"
      ],
      "database_specific": {
        "source": "https://github.com/github/advisory-database/blob/main/advisories/github-reviewed/2023/04/GHSA-gh24-c683-79r2/GHSA-gh24-c683-79r2.json"
      }
    }
  ],
  "schema_version": "1.6.0"
}