{
  "id": "GHSA-hhwc-gh8h-9rrp",
  "summary": "Apache Wicket: Remote code execution via XSLT injection",
  "details": "The default configuration of XSLTResourceStream.java is vulnerable to remote code execution via XSLT injection when processing input from an untrusted source without validation.\nUsers are recommended to upgrade to versions 10.1.0, 9.18.0 or 8.16.0, which fix this issue.",
  "aliases": [
    "CVE-2024-36522"
  ],
  "modified": "2024-07-18T15:31:05.352224Z",
  "published": "2024-07-12T15:31:26Z",
  "database_specific": {
    "nvd_published_at": "2024-07-12T13:15:11Z",
    "cwe_ids": [
      "CWE-74"
    ],
    "severity": "HIGH",
    "github_reviewed": true,
    "github_reviewed_at": "2024-07-12T21:00:43Z"
  },
  "references": [
    {
      "type": "ADVISORY",
      "url": "https://nvd.nist.gov/vuln/detail/CVE-2024-36522"
    },
    {
      "type": "PACKAGE",
      "url": "https://github.com/apache/wicket"
    },
    {
      "type": "WEB",
      "url": "https://lists.apache.org/thread/w613qh7yors840pbx00l1pq6wkl9jzkc"
    },
    {
      "type": "WEB",
      "url": "http://www.openwall.com/lists/oss-security/2024/07/12/2"
    }
  ],
  "affected": [
    {
      "package": {
        "name": "org.apache.wicket:wicket-util",
        "ecosystem": "Maven",
        "purl": "pkg:maven/org.apache.wicket/wicket-util"
      },
      "ranges": [
        {
          "type": "ECOSYSTEM",
          "events": [
            {
              "introduced": "10.0.0-M1"
            },
            {
              "fixed": "10.1.0"
            }
          ]
        }
      ],
      "versions": [
        "10.0.0",
        "10.0.0-M1",
        "10.0.0-M2"
      ],
      "database_specific": {
        "source": "https://github.com/github/advisory-database/blob/main/advisories/github-reviewed/2024/07/GHSA-hhwc-gh8h-9rrp/GHSA-hhwc-gh8h-9rrp.json"
      }
    },
    {
      "package": {
        "name": "org.apache.wicket:wicket-util",
        "ecosystem": "Maven",
        "purl": "pkg:maven/org.apache.wicket/wicket-util"
      },
      "ranges": [
        {
          "type": "ECOSYSTEM",
          "events": [
            {
              "introduced": "9.0.0"
            },
            {
              "fixed": "9.18.0"
            }
          ]
        }
      ],
      "versions": [
        "9.0.0",
        "9.1.0",
        "9.10.0",
        "9.11.0",
        "9.12.0",
        "9.13.0",
        "9.14.0",
        "9.15.0",
        "9.16.0",
        "9.17.0",
        "9.2.0",
        "9.3.0",
        "9.4.0",
        "9.5.0",
        "9.6.0",
        "9.7.0",
        "9.8.0",
        "9.9.0",
        "9.9.1"
      ],
      "database_specific": {
        "source": "https://github.com/github/advisory-database/blob/main/advisories/github-reviewed/2024/07/GHSA-hhwc-gh8h-9rrp/GHSA-hhwc-gh8h-9rrp.json"
      }
    },
    {
      "package": {
        "name": "org.apache.wicket:wicket-util",
        "ecosystem": "Maven",
        "purl": "pkg:maven/org.apache.wicket/wicket-util"
      },
      "ranges": [
        {
          "type": "ECOSYSTEM",
          "events": [
            {
              "introduced": "8.0.0"
            },
            {
              "fixed": "8.16.0"
            }
          ]
        }
      ],
      "versions": [
        "8.0.0",
        "8.1.0",
        "8.10.0",
        "8.11.0",
        "8.12.0",
        "8.13.0",
        "8.14.0",
        "8.15.0",
        "8.2.0",
        "8.3.0",
        "8.4.0",
        "8.5.0",
        "8.6.0",
        "8.6.1",
        "8.7.0",
        "8.8.0",
        "8.9.0"
      ],
      "database_specific": {
        "source": "https://github.com/github/advisory-database/blob/main/advisories/github-reviewed/2024/07/GHSA-hhwc-gh8h-9rrp/GHSA-hhwc-gh8h-9rrp.json"
      }
    }
  ],
  "schema_version": "1.6.0"
}