{
  "id": "GHSA-g94p-h263-c26q",
  "summary": "Cross Site Request Forgery in Mingsoft MCMS",
  "details": "MCMS v5.2.7 contains a Cross-Site Request Forgery (CSRF) via /role/saveOrUpdateRole.do. This vulnerability allows attackers to escalate privileges and modify data.",
  "aliases": [
    "CVE-2022-27340"
  ],
  "modified": "2023-11-08T04:08:58.298921Z",
  "published": "2022-04-23T00:03:01Z",
  "database_specific": {
    "nvd_published_at": "2022-04-22T20:15:00Z",
    "github_reviewed_at": "2022-04-26T13:09:39Z",
    "severity": "HIGH",
    "github_reviewed": true,
    "cwe_ids": [
      "CWE-352"
    ]
  },
  "references": [
    {
      "type": "ADVISORY",
      "url": "https://nvd.nist.gov/vuln/detail/CVE-2022-27340"
    },
    {
      "type": "WEB",
      "url": "https://github.com/UDKI11/vul/blob/main/Mcms%E8%B7%A8%E7%AB%99%E8%AF%B7%E6%B1%82%E4%BC%AA%E9%80%A0.docx"
    },
    {
      "type": "PACKAGE",
      "url": "https://github.com/ming-soft/MCMS"
    }
  ],
  "affected": [
    {
      "package": {
        "name": "net.mingsoft:ms-mcms",
        "ecosystem": "Maven",
        "purl": "pkg:maven/net.mingsoft/ms-mcms"
      },
      "ranges": [
        {
          "type": "ECOSYSTEM",
          "events": [
            {
              "introduced": "0"
            },
            {
              "last_affected": "5.2.7"
            }
          ]
        }
      ],
      "versions": [
        "4.6.3-SNAPSHOTS",
        "4.6.5",
        "4.7.1",
        "4.7.2",
        "5.0.0",
        "5.0.1",
        "5.1",
        "5.2",
        "5.2.0",
        "5.2.0.RELEASE",
        "5.2.1",
        "5.2.2",
        "5.2.3",
        "5.2.4",
        "5.2.5",
        "5.2.6",
        "5.2.7"
      ],
      "database_specific": {
        "source": "https://github.com/github/advisory-database/blob/main/advisories/github-reviewed/2022/04/GHSA-g94p-h263-c26q/GHSA-g94p-h263-c26q.json"
      }
    }
  ],
  "schema_version": "1.6.0",
  "severity": [
    {
      "type": "CVSS_V3",
      "score": "CVSS:3.1/AV:N/AC:L/PR:N/UI:R/S:U/C:H/I:H/A:H"
    }
  ]
}