{
  "id": "GHSA-fr5w-98mc-jjvg",
  "summary": "Arbitrary file upload in Mingsoft MCMS",
  "details": "MCMS v5.2.4 was discovered to contain an arbitrary file upload vulnerability via the component `/ms/template/writeFileContent.do`.",
  "aliases": [
    "CVE-2022-23315"
  ],
  "modified": "2024-02-16T07:58:46.419196Z",
  "published": "2022-01-22T00:00:48Z",
  "database_specific": {
    "nvd_published_at": "2022-01-21T00:15:00Z",
    "cwe_ids": [
      "CWE-434"
    ],
    "severity": "CRITICAL",
    "github_reviewed": true,
    "github_reviewed_at": "2023-07-07T21:39:49Z"
  },
  "references": [
    {
      "type": "ADVISORY",
      "url": "https://nvd.nist.gov/vuln/detail/CVE-2022-23315"
    },
    {
      "type": "WEB",
      "url": "https://web.archive.org/web/20220125060457/https://gitee.com/mingSoft/MCMS/issues/I4Q4PX"
    }
  ],
  "affected": [
    {
      "package": {
        "name": "net.mingsoft:ms-mcms",
        "ecosystem": "Maven",
        "purl": "pkg:maven/net.mingsoft/ms-mcms"
      },
      "ranges": [
        {
          "type": "ECOSYSTEM",
          "events": [
            {
              "introduced": "0"
            },
            {
              "last_affected": "5.2.4"
            }
          ]
        }
      ],
      "versions": [
        "4.6.3-SNAPSHOTS",
        "4.6.5",
        "4.7.1",
        "4.7.2",
        "5.0.0",
        "5.0.1",
        "5.1",
        "5.2",
        "5.2.0",
        "5.2.0.RELEASE",
        "5.2.1",
        "5.2.2",
        "5.2.3",
        "5.2.4"
      ],
      "database_specific": {
        "source": "https://github.com/github/advisory-database/blob/main/advisories/github-reviewed/2022/01/GHSA-fr5w-98mc-jjvg/GHSA-fr5w-98mc-jjvg.json"
      }
    }
  ],
  "schema_version": "1.6.0",
  "severity": [
    {
      "type": "CVSS_V3",
      "score": "CVSS:3.1/AV:N/AC:L/PR:N/UI:N/S:U/C:H/I:H/A:H"
    }
  ]
}