{
  "id": "GHSA-pchp-c5w8-47gc",
  "summary": "Hash collision attack vulnerability in Jenkins",
  "details": "Hash collision attack vulnerability in Jenkins before 1.447, Jenkins LTS before 1.424.2, and Jenkins Enterprise by CloudBees 1.424.x before 1.424.2.1 and 1.400.x before 1.400.0.11 could allow remote attackers to cause a considerable CPU load, aka \"the Hash DoS attack.\"",
  "aliases": [
    "CVE-2012-0785"
  ],
  "modified": "2024-02-18T05:42:26.791247Z",
  "published": "2022-04-23T00:40:48Z",
  "database_specific": {
    "nvd_published_at": "2020-02-24T17:15:00Z",
    "cwe_ids": [],
    "severity": "HIGH",
    "github_reviewed": true,
    "github_reviewed_at": "2024-01-30T21:09:35Z"
  },
  "references": [
    {
      "type": "ADVISORY",
      "url": "https://nvd.nist.gov/vuln/detail/CVE-2012-0785"
    },
    {
      "type": "WEB",
      "url": "https://access.redhat.com/security/cve/cve-2012-0785"
    },
    {
      "type": "WEB",
      "url": "https://jenkins.io/security/advisory/2012-01-12"
    },
    {
      "type": "WEB",
      "url": "https://security-tracker.debian.org/tracker/CVE-2012-0785"
    },
    {
      "type": "WEB",
      "url": "https://www.cloudbees.com/jenkins-security-advisory-2012-01-12"
    },
    {
      "type": "WEB",
      "url": "http://www.openwall.com/lists/oss-security/2012/01/20/8"
    }
  ],
  "affected": [
    {
      "package": {
        "name": "org.jenkins-ci.main:jenkins-core",
        "ecosystem": "Maven",
        "purl": "pkg:maven/org.jenkins-ci.main/jenkins-core"
      },
      "ranges": [
        {
          "type": "ECOSYSTEM",
          "events": [
            {
              "introduced": "1.425"
            },
            {
              "fixed": "1.447"
            }
          ]
        }
      ],
      "versions": [
        "1.425",
        "1.426",
        "1.427",
        "1.428",
        "1.429",
        "1.430",
        "1.431",
        "1.432",
        "1.433",
        "1.434",
        "1.435",
        "1.436",
        "1.437",
        "1.438",
        "1.439",
        "1.440",
        "1.441",
        "1.442",
        "1.443",
        "1.444",
        "1.445",
        "1.446"
      ],
      "database_specific": {
        "source": "https://github.com/github/advisory-database/blob/main/advisories/github-reviewed/2022/04/GHSA-pchp-c5w8-47gc/GHSA-pchp-c5w8-47gc.json"
      }
    },
    {
      "package": {
        "name": "org.jenkins-ci.main:jenkins-core",
        "ecosystem": "Maven",
        "purl": "pkg:maven/org.jenkins-ci.main/jenkins-core"
      },
      "ranges": [
        {
          "type": "ECOSYSTEM",
          "events": [
            {
              "introduced": "0"
            },
            {
              "fixed": "1.424.2"
            }
          ]
        }
      ],
      "versions": [
        "1.396",
        "1.397",
        "1.398",
        "1.399",
        "1.400",
        "1.401",
        "1.403",
        "1.404",
        "1.405",
        "1.406",
        "1.407",
        "1.408",
        "1.409",
        "1.409.1",
        "1.409.2",
        "1.409.3",
        "1.410",
        "1.411",
        "1.412",
        "1.413",
        "1.414",
        "1.415",
        "1.416",
        "1.417",
        "1.418",
        "1.419",
        "1.420",
        "1.421",
        "1.422",
        "1.423",
        "1.424",
        "1.424.1"
      ],
      "database_specific": {
        "source": "https://github.com/github/advisory-database/blob/main/advisories/github-reviewed/2022/04/GHSA-pchp-c5w8-47gc/GHSA-pchp-c5w8-47gc.json"
      }
    }
  ],
  "schema_version": "1.6.0",
  "severity": [
    {
      "type": "CVSS_V3",
      "score": "CVSS:3.1/AV:N/AC:L/PR:N/UI:N/S:U/C:N/I:N/A:H"
    }
  ]
}