{
  "id": "GHSA-cqhr-q835-62gm",
  "summary": "Cross-site Scripting in Jenkins Sauce OnDemand Plugin",
  "details": "Jenkins Sauce OnDemand Plugin 1.204 and earlier does not escape the name and description of Sauce Labs Browsers parameters on views displaying parameters, resulting in a stored cross-site scripting (XSS) vulnerability exploitable by attackers with Item/Configure permission.\n\nExploitation of this vulnerability requires that parameters are listed on another page, like the \\\"Build With Parameters\\\" and \\\"Parameters\\\" pages provided by Jenkins (core), and that those pages are not hardened to prevent exploitation. Jenkins (core) has prevented exploitation of vulnerabilities of this kind on the \\\"Build With Parameters\\\" and \\\"Parameters\\\" pages since 2.44 and LTS 2.32.2 as part of the [SECURITY-353 / CVE-2017-2601](https://www.jenkins.io/security/advisory/2017-02-01/#persisted-cross-site-scripting-vulnerability-in-parameter-names-and-descriptions) fix. Additionally, several plugins have previously been updated to list parameters in a way that prevents exploitation by default, see [SECURITY-2617 in the 2022-04-12 security advisory for a list](https://www.jenkins.io/security/advisory/2022-04-12/#SECURITY-2617).",
  "aliases": [
    "CVE-2022-34197"
  ],
  "modified": "2023-11-08T04:09:43.711549Z",
  "published": "2022-06-24T00:00:31Z",
  "database_specific": {
    "nvd_published_at": "2022-06-23T17:15:00Z",
    "github_reviewed_at": "2022-07-05T22:55:50Z",
    "severity": "HIGH",
    "github_reviewed": true,
    "cwe_ids": [
      "CWE-79"
    ]
  },
  "references": [
    {
      "type": "ADVISORY",
      "url": "https://nvd.nist.gov/vuln/detail/CVE-2022-34197"
    },
    {
      "type": "WEB",
      "url": "https://github.com/jenkinsci/sauce-ondemand-plugin/commit/cb00db7ff1fb3fd73c9a2f0c307960ae597a5932"
    },
    {
      "type": "PACKAGE",
      "url": "https://github.com/jenkinsci/sauce-ondemand-plugin"
    },
    {
      "type": "WEB",
      "url": "https://www.jenkins.io/security/advisory/2022-06-22/#SECURITY-2784"
    }
  ],
  "affected": [
    {
      "package": {
        "name": "org.jenkins-ci.plugins:sauce-ondemand",
        "ecosystem": "Maven",
        "purl": "pkg:maven/org.jenkins-ci.plugins/sauce-ondemand"
      },
      "ranges": [
        {
          "type": "ECOSYSTEM",
          "events": [
            {
              "introduced": "0"
            },
            {
              "fixed": "1.205"
            }
          ]
        }
      ],
      "versions": [
        "1.10",
        "1.100",
        "1.101",
        "1.102",
        "1.103",
        "1.104",
        "1.105",
        "1.106",
        "1.107",
        "1.108",
        "1.109",
        "1.11",
        "1.110",
        "1.111",
        "1.112",
        "1.113",
        "1.114",
        "1.115",
        "1.116",
        "1.117",
        "1.118",
        "1.119",
        "1.12",
        "1.120",
        "1.121",
        "1.122",
        "1.123",
        "1.124",
        "1.125",
        "1.126",
        "1.127",
        "1.128",
        "1.129",
        "1.13",
        "1.130",
        "1.131",
        "1.132",
        "1.133",
        "1.134",
        "1.135",
        "1.136",
        "1.137",
        "1.138",
        "1.139",
        "1.14",
        "1.140",
        "1.141",
        "1.142",
        "1.143",
        "1.144",
        "1.145",
        "1.146",
        "1.147",
        "1.148",
        "1.149",
        "1.15",
        "1.150",
        "1.151",
        "1.152",
        "1.153",
        "1.154",
        "1.155",
        "1.156",
        "1.157",
        "1.158",
        "1.159",
        "1.16",
        "1.160",
        "1.161",
        "1.162",
        "1.163",
        "1.164",
        "1.165",
        "1.166",
        "1.167",
        "1.168",
        "1.169",
        "1.17",
        "1.170",
        "1.171",
        "1.172",
        "1.173",
        "1.174",
        "1.175",
        "1.176",
        "1.177",
        "1.178",
        "1.179",
        "1.18",
        "1.180",
        "1.181",
        "1.182",
        "1.183",
        "1.184",
        "1.185",
        "1.186",
        "1.187",
        "1.188",
        "1.189",
        "1.19",
        "1.190",
        "1.191",
        "1.192",
        "1.193",
        "1.194",
        "1.197",
        "1.199",
        "1.20",
        "1.201",
        "1.202",
        "1.204",
        "1.21",
        "1.22",
        "1.23",
        "1.24",
        "1.25",
        "1.26",
        "1.27",
        "1.28",
        "1.29",
        "1.30",
        "1.31",
        "1.32",
        "1.33",
        "1.34",
        "1.35",
        "1.36",
        "1.37",
        "1.38",
        "1.39",
        "1.40",
        "1.41",
        "1.42",
        "1.43",
        "1.44",
        "1.45",
        "1.46",
        "1.47",
        "1.48",
        "1.49",
        "1.50",
        "1.51",
        "1.52",
        "1.53",
        "1.54",
        "1.55",
        "1.56",
        "1.57",
        "1.58",
        "1.59",
        "1.6",
        "1.60",
        "1.61",
        "1.62",
        "1.63",
        "1.64",
        "1.65",
        "1.66",
        "1.67",
        "1.68",
        "1.69",
        "1.7",
        "1.70",
        "1.71",
        "1.72",
        "1.73",
        "1.74",
        "1.75",
        "1.76",
        "1.77",
        "1.78",
        "1.8",
        "1.80",
        "1.81",
        "1.82",
        "1.83",
        "1.84",
        "1.85",
        "1.86",
        "1.87",
        "1.88",
        "1.89",
        "1.9",
        "1.90",
        "1.91",
        "1.92",
        "1.93",
        "1.94",
        "1.95",
        "1.96",
        "1.97",
        "1.98",
        "1.99"
      ],
      "database_specific": {
        "last_known_affected_version_range": "<= 1.204",
        "source": "https://github.com/github/advisory-database/blob/main/advisories/github-reviewed/2022/06/GHSA-cqhr-q835-62gm/GHSA-cqhr-q835-62gm.json"
      }
    }
  ],
  "schema_version": "1.6.0",
  "severity": [
    {
      "type": "CVSS_V3",
      "score": "CVSS:3.1/AV:N/AC:L/PR:L/UI:R/S:U/C:H/I:H/A:H"
    }
  ]
}