{
  "id": "GHSA-cj8w-v588-p8wx",
  "summary": "pf4j vulnerable to remote code execution via expandIfZip method in the extract function",
  "details": "An issue in pf4j pf4j v.3.9.0 and before allows a remote attacker to obtain sensitive information and execute arbitrary code via the expandIfZip method in the extract function.",
  "aliases": [
    "CVE-2023-40828"
  ],
  "modified": "2024-02-16T08:13:16.970702Z",
  "published": "2023-08-29T00:32:04Z",
  "database_specific": {
    "nvd_published_at": "2023-08-28T22:15:09Z",
    "cwe_ids": [
      "CWE-22",
      "CWE-94"
    ],
    "severity": "HIGH",
    "github_reviewed": true,
    "github_reviewed_at": "2023-08-29T17:40:51Z"
  },
  "references": [
    {
      "type": "ADVISORY",
      "url": "https://nvd.nist.gov/vuln/detail/CVE-2023-40828"
    },
    {
      "type": "WEB",
      "url": "https://github.com/pf4j/pf4j/pull/537"
    },
    {
      "type": "WEB",
      "url": "https://github.com/pf4j/pf4j/pull/538"
    },
    {
      "type": "WEB",
      "url": "https://github.com/pf4j/pf4j/commit/8e0aa198c4e652cfc1eb9e05ca9b64397f67cc72"
    },
    {
      "type": "PACKAGE",
      "url": "https://github.com/pf4j/pf4j"
    }
  ],
  "affected": [
    {
      "package": {
        "name": "org.pf4j:pf4j",
        "ecosystem": "Maven",
        "purl": "pkg:maven/org.pf4j/pf4j"
      },
      "ranges": [
        {
          "type": "ECOSYSTEM",
          "events": [
            {
              "introduced": "0"
            },
            {
              "last_affected": "3.9.0"
            }
          ]
        }
      ],
      "versions": [
        "2.0.0",
        "2.1.0",
        "2.2.0",
        "2.3.0",
        "2.4.0",
        "2.5.0",
        "2.6.0",
        "3.0.1",
        "3.1.0",
        "3.2.0",
        "3.3.0",
        "3.3.1",
        "3.4.0",
        "3.4.1",
        "3.5.0",
        "3.6.0",
        "3.7.0",
        "3.8.0",
        "3.9.0"
      ],
      "database_specific": {
        "source": "https://github.com/github/advisory-database/blob/main/advisories/github-reviewed/2023/08/GHSA-cj8w-v588-p8wx/GHSA-cj8w-v588-p8wx.json"
      }
    }
  ],
  "schema_version": "1.6.0",
  "severity": [
    {
      "type": "CVSS_V3",
      "score": "CVSS:3.1/AV:N/AC:L/PR:N/UI:N/S:U/C:H/I:N/A:N"
    }
  ]
}