{
  "id": "GHSA-cvcf-w75c-gw5r",
  "summary": "Mulesoft Mule Unsafe Deserialization",
  "details": "The MuleSoft Mule runtime engine before 3.8.0 allows remote attackers to execute arbitrary code because of Java Deserialization, related to Apache Commons Collections.",
  "aliases": [
    "CVE-2019-13116"
  ],
  "modified": "2023-11-08T04:01:07.351475Z",
  "published": "2022-05-24T16:58:52Z",
  "database_specific": {
    "nvd_published_at": "2019-10-16T20:15:00Z",
    "cwe_ids": [
      "CWE-502"
    ],
    "severity": "CRITICAL",
    "github_reviewed": true,
    "github_reviewed_at": "2023-07-18T20:23:50Z"
  },
  "references": [
    {
      "type": "ADVISORY",
      "url": "https://nvd.nist.gov/vuln/detail/CVE-2019-13116"
    },
    {
      "type": "WEB",
      "url": "https://docs.mulesoft.com/release-notes/mule-runtime/mule-3.8.0-release-notes"
    },
    {
      "type": "PACKAGE",
      "url": "https://github.com/mulesoft/mule"
    },
    {
      "type": "WEB",
      "url": "https://threat.tevora.com/mulesoft-3-8-unauthenticated-rce"
    }
  ],
  "affected": [
    {
      "package": {
        "name": "org.mule.runtime:mule",
        "ecosystem": "Maven",
        "purl": "pkg:maven/org.mule.runtime/mule"
      },
      "ranges": [
        {
          "type": "ECOSYSTEM",
          "events": [
            {
              "introduced": "0"
            },
            {
              "fixed": "3.8.0"
            }
          ]
        }
      ],
      "database_specific": {
        "source": "https://github.com/github/advisory-database/blob/main/advisories/github-reviewed/2022/05/GHSA-cvcf-w75c-gw5r/GHSA-cvcf-w75c-gw5r.json"
      },
      "versions": []
    }
  ],
  "schema_version": "1.6.0",
  "severity": [
    {
      "type": "CVSS_V3",
      "score": "CVSS:3.1/AV:N/AC:L/PR:N/UI:N/S:U/C:H/I:H/A:H"
    }
  ]
}