{
  "id": "GHSA-j7mw-7crr-658v",
  "summary": "Richfaces vulnerable to arbitrary code execution",
  "details": "The RichFaces Framework 3.X through 3.3.4 is vulnerable to Expression Language (EL) injection via the UserResource resource. A remote, unauthenticated attacker could exploit this to execute arbitrary code using a chain of java serialized objects via `org.ajax4jsf.resource.UserResource$UriData`.",
  "aliases": [
    "CVE-2018-14667"
  ],
  "modified": "2023-11-08T03:59:56.499626Z",
  "published": "2022-05-13T01:17:53Z",
  "database_specific": {
    "nvd_published_at": "2018-11-06T22:29:00Z",
    "cwe_ids": [
      "CWE-94"
    ],
    "severity": "CRITICAL",
    "github_reviewed": true,
    "github_reviewed_at": "2022-11-08T13:08:20Z"
  },
  "references": [
    {
      "type": "ADVISORY",
      "url": "https://nvd.nist.gov/vuln/detail/CVE-2018-14667"
    },
    {
      "type": "WEB",
      "url": "https://github.com/richfaces/richfaces/commit/1372eb716c1a215a5af124198f21bde33fafad06"
    },
    {
      "type": "WEB",
      "url": "https://access.redhat.com/errata/RHSA-2018:3517"
    },
    {
      "type": "WEB",
      "url": "https://access.redhat.com/errata/RHSA-2018:3518"
    },
    {
      "type": "WEB",
      "url": "https://access.redhat.com/errata/RHSA-2018:3519"
    },
    {
      "type": "WEB",
      "url": "https://access.redhat.com/errata/RHSA-2018:3581"
    },
    {
      "type": "WEB",
      "url": "https://bugzilla.redhat.com/show_bug.cgi?id=CVE-2018-14667"
    },
    {
      "type": "WEB",
      "url": "http://packetstormsecurity.com/files/156663/Richsploit-RichFaces-Exploitation-Toolkit.html"
    },
    {
      "type": "WEB",
      "url": "http://seclists.org/fulldisclosure/2020/Mar/21"
    }
  ],
  "affected": [
    {
      "package": {
        "name": "org.richfaces:richfaces-core",
        "ecosystem": "Maven",
        "purl": "pkg:maven/org.richfaces/richfaces-core"
      },
      "ranges": [
        {
          "type": "ECOSYSTEM",
          "events": [
            {
              "introduced": "0"
            },
            {
              "fixed": "3.3.4"
            }
          ]
        }
      ],
      "database_specific": {
        "source": "https://github.com/github/advisory-database/blob/main/advisories/github-reviewed/2022/05/GHSA-j7mw-7crr-658v/GHSA-j7mw-7crr-658v.json"
      },
      "versions": []
    }
  ],
  "schema_version": "1.6.0",
  "severity": [
    {
      "type": "CVSS_V3",
      "score": "CVSS:3.1/AV:N/AC:L/PR:N/UI:N/S:U/C:H/I:H/A:H"
    }
  ]
}