{
  "id": "GHSA-4696-g7jj-xg2h",
  "summary": "Mapbox is vulnerable to Integer Overflow",
  "details": "An integer overflow exists in Mapbox's closed source gl-native library prior to version 10.6.1, which is bundled with multiple Mapbox products including open source libraries. The overflow is caused by large image height and width values when creating a new Image and allows for out of bounds writes, potentially crashing the Mapbox process.",
  "aliases": [
    "CVE-2022-38216"
  ],
  "modified": "2023-11-08T04:10:11.316722Z",
  "published": "2022-08-17T00:00:33Z",
  "database_specific": {
    "nvd_published_at": "2022-08-16T01:15:00Z",
    "github_reviewed_at": "2022-11-22T00:03:50Z",
    "severity": "HIGH",
    "github_reviewed": true,
    "cwe_ids": [
      "CWE-190"
    ]
  },
  "references": [
    {
      "type": "ADVISORY",
      "url": "https://nvd.nist.gov/vuln/detail/CVE-2022-38216"
    },
    {
      "type": "PACKAGE",
      "url": "https://github.com/mapbox/mapbox-maps-android"
    },
    {
      "type": "WEB",
      "url": "https://github.com/mapbox/mapbox-maps-android/releases/tag/android-v10.6.1"
    }
  ],
  "affected": [
    {
      "package": {
        "name": "com.mapbox.mapboxsdk:mapbox-android-core",
        "ecosystem": "Maven",
        "purl": "pkg:maven/com.mapbox.mapboxsdk/mapbox-android-core"
      },
      "ranges": [
        {
          "type": "ECOSYSTEM",
          "events": [
            {
              "introduced": "0"
            },
            {
              "fixed": "10.6.1"
            }
          ]
        }
      ],
      "versions": [
        "0.1.0",
        "0.1.1",
        "0.2.0",
        "0.2.0-beta.1",
        "0.2.0-beta.2",
        "0.2.0-beta.3",
        "0.2.0-beta.4",
        "0.2.1",
        "1.0.0",
        "1.1.0",
        "1.2.0",
        "1.3.0",
        "1.4.0",
        "1.4.1",
        "1.4.2",
        "1.4.3",
        "2.0.0",
        "2.0.1",
        "3.0.0",
        "3.1.0",
        "3.1.1",
        "3.2.0",
        "4.0.0"
      ],
      "database_specific": {
        "source": "https://github.com/github/advisory-database/blob/main/advisories/github-reviewed/2022/08/GHSA-4696-g7jj-xg2h/GHSA-4696-g7jj-xg2h.json"
      }
    }
  ],
  "schema_version": "1.6.0",
  "severity": [
    {
      "type": "CVSS_V3",
      "score": "CVSS:3.1/AV:N/AC:L/PR:N/UI:N/S:U/C:N/I:N/A:H"
    }
  ]
}