{
  "id": "GHSA-7c2q-5qmr-v76q",
  "summary": "DoS vulnerabilities persist in ESAPI file uploads despite remediation of CVE-2023-24998",
  "details": "### Impact\nESAPI 2.5.2.0 and later addressed  the DoS vulnerability described in CVE-2023-24998, which Apache Commons FileUpload 1.5 attempted to remediate. But while writing up a new security bulletin regarding the impact on the affected ESAPI `HTTPUtilities.getFileUploads` methods (or more specifically those methods in the `DefaultHTTPUtilities` implementation class), I realized that a DoS vulnerability still persists in ESAPI and for that matter in Apache Commons FileUpload as well.\n\n### Related to\nCVE-2023-24998\n\n### Patches\nESAPI 2.5.2.0 or later.\n\n### Workarounds\n- See the 'Solutions' section of Security Bulletin 11, in the References section. If you are not using ESAPI file uploads, see also the 'Workarounds' section.\n- Deploy an external WAF or other suitable DoS protection.\n- Add additional defenses to your code using HTTPUtilities.getFileUpload, such as requiring prior authentication, restricting how many / much content can be uploaded per user per day or per hour, etc. (It is the opinion of the ESAPI development team that such required controls should not be added to ESAPI because it is a general purpose security library and thus ESAPI ought not be enforcing generic policies like these on everyone, especially it it could break existing code bases.)\n\n### References\n[Security Bulletin 11: How Does CVE-2023-24998 Impact ESAPI?](https://github.com/ESAPI/esapi-java-legacy/blob/develop/documentation/ESAPI-security-bulletin11.pdf)\nNew ESAPI 2.5.2.0  or later Javadoc on HTTPUtilities.getFileUploads: https://javadoc.io/static/org.owasp.esapi/esapi/2.5.2.0/org/owasp/esapi/HTTPUtilities.html#getFileUploads-javax.servlet.http.HttpServletRequest-java.io.File-java.util.List-\n(Note: This link won't work until the 2.5.2.0 release is made official.)\n\n### Final Word\n(Especially to GitHub Advance Security team / GitHub as a CNA) -- I do not really wish to file a CVE for this. I had originally considered it, but there is no real way to address the general DoS scenarios for file uploads without breaking ESAPI client code which we are not willing to do. The clients have to take some responsibility for this themselves. In the next ESAPI release, I am going to add a reference to the appropriate Javadoc to this GitHub Security Advisory, but that's the best we can do. If you wish to discuss this with me, please first contact me via email at kevin.w.wall@gmail.com. ",
  "modified": "2024-02-16T08:20:43.294790Z",
  "published": "2023-10-27T21:55:44Z",
  "database_specific": {
    "nvd_published_at": null,
    "cwe_ids": [],
    "severity": "HIGH",
    "github_reviewed": true,
    "github_reviewed_at": "2023-10-27T21:55:44Z"
  },
  "references": [
    {
      "type": "WEB",
      "url": "https://github.com/ESAPI/esapi-java-legacy/security/advisories/GHSA-7c2q-5qmr-v76q"
    },
    {
      "type": "PACKAGE",
      "url": "https://github.com/ESAPI/esapi-java-legacy"
    }
  ],
  "affected": [
    {
      "package": {
        "name": "org.owasp.esapi:esapi",
        "ecosystem": "Maven",
        "purl": "pkg:maven/org.owasp.esapi/esapi"
      },
      "ranges": [
        {
          "type": "ECOSYSTEM",
          "events": [
            {
              "introduced": "0"
            },
            {
              "fixed": "2.5.2.0"
            }
          ]
        }
      ],
      "versions": [
        "2.0.1",
        "2.0GA",
        "2.0_rc10",
        "2.0_rc11",
        "2.0_rc9",
        "2.1.0",
        "2.1.0.1",
        "2.2.0.0",
        "2.2.0.0-RC2",
        "2.2.0.0-RC3",
        "2.2.1.0",
        "2.2.1.0-RC1",
        "2.2.1.1",
        "2.2.2.0",
        "2.2.3.0",
        "2.2.3.1",
        "2.3.0.0",
        "2.4.0.0",
        "2.5.0.0",
        "2.5.1.0"
      ],
      "database_specific": {
        "source": "https://github.com/github/advisory-database/blob/main/advisories/github-reviewed/2023/10/GHSA-7c2q-5qmr-v76q/GHSA-7c2q-5qmr-v76q.json"
      }
    }
  ],
  "schema_version": "1.6.0",
  "severity": [
    {
      "type": "CVSS_V3",
      "score": "CVSS:3.1/AV:N/AC:L/PR:N/UI:N/S:U/C:N/I:N/A:H"
    }
  ]
}