{
  "id": "GHSA-cj2x-r74q-vcx9",
  "summary": "Missing authorization in Jenkins Plug-in for ServiceNow ",
  "details": "A missing authorization vulnerability exists in versions of the Jenkins Plug-in for ServiceNow DevOps prior to 1.38.1 that, if exploited successfully, could cause the unwanted exposure of sensitive information.\u00a0To address this issue, apply the 1.38.1 version of the Jenkins plug-in for ServiceNow DevOps on your Jenkins server.  No changes are required on your instances of the Now Platform. \n",
  "aliases": [
    "CVE-2023-3442"
  ],
  "modified": "2024-02-16T08:13:19.304149Z",
  "published": "2023-07-26T21:30:19Z",
  "database_specific": {
    "nvd_published_at": "2023-07-26T19:15:09Z",
    "cwe_ids": [
      "CWE-862"
    ],
    "severity": "HIGH",
    "github_reviewed": true,
    "github_reviewed_at": "2023-07-26T22:39:52Z"
  },
  "references": [
    {
      "type": "ADVISORY",
      "url": "https://nvd.nist.gov/vuln/detail/CVE-2023-3442"
    },
    {
      "type": "WEB",
      "url": "https://github.com/jenkinsci/servicenow-devops-plugin/commit/67192e24099787ad732b41d581f20714d4253921"
    },
    {
      "type": "WEB",
      "url": "https://github.com/jenkinsci/servicenow-devops-plugin/commit/d7d2422b016995402dd245d9c9c5c2f4cf00c691"
    },
    {
      "type": "PACKAGE",
      "url": "https://github.com/jenkinsci/servicenow-devops-plugin"
    },
    {
      "type": "WEB",
      "url": "https://github.com/jenkinsci/servicenow-devops-plugin/releases/tag/v1.38.1"
    },
    {
      "type": "WEB",
      "url": "https://support.servicenow.com/kb?id=kb_article_view&sysparm_article=KB1434119"
    }
  ],
  "affected": [
    {
      "package": {
        "name": "io.jenkins.plugins:servicenow-devops",
        "ecosystem": "Maven",
        "purl": "pkg:maven/io.jenkins.plugins/servicenow-devops"
      },
      "ranges": [
        {
          "type": "ECOSYSTEM",
          "events": [
            {
              "introduced": "0"
            },
            {
              "fixed": "1.38.1"
            }
          ]
        }
      ],
      "versions": [
        "1.0",
        "1.0.0-beta.2",
        "1.0.0-beta.3",
        "1.0.1-beta.3",
        "1.0.1-beta.4",
        "1.0.1-beta.5",
        "1.29",
        "1.30",
        "1.30-beta.1",
        "1.31",
        "1.32",
        "1.32-beta.1",
        "1.33.3",
        "1.34.1",
        "1.34.1-beta.2",
        "1.34.2",
        "1.34.2-beta",
        "1.35",
        "1.35.0",
        "1.35.0-beta",
        "1.35.2",
        "1.35.2-beta",
        "1.36",
        "1.37.0",
        "1.37.0-beta",
        "1.38.0",
        "1.38.0-beta"
      ],
      "database_specific": {
        "source": "https://github.com/github/advisory-database/blob/main/advisories/github-reviewed/2023/07/GHSA-cj2x-r74q-vcx9/GHSA-cj2x-r74q-vcx9.json"
      }
    }
  ],
  "schema_version": "1.6.0",
  "severity": [
    {
      "type": "CVSS_V3",
      "score": "CVSS:3.1/AV:N/AC:L/PR:L/UI:N/S:C/C:H/I:N/A:N"
    }
  ]
}