{
  "id": "GHSA-xr6m-2p4m-jvqf",
  "summary": "XWiki Platform Wiki UI Main Wiki Eval Injection vulnerability",
  "details": "### Impact\nIt's possible to inject arbitrary wiki syntax including Groovy, Python and Velocity script macros via the request (URL parameter) using the `XWikiServerClassSheet` if the user has view access to this sheet and another page that has been saved with programming rights, a standard condition on a public read-only XWiki installation or a private XWiki installation where the user has an account. This allows arbitrary Groovy/Python/Velocity code execution which allows bypassing all rights checks and thus both modification and disclosure of all content stored in the XWiki installation. Also, this could be used to impact the availability of the wiki.\n\nOn current versions (e.g., 14.3), this can be triggered by opening the URL `/xwiki/bin/view/Main/?sheet=XWiki.XWikiServerClassSheet&form_token=<form_token>&action=delete&domain=foo%22%2F%7D%7D%7B%7Basync%20async%3D%22true%22%20cached%3D%22false%22%20context%3D%22doc.reference%22%7D%7D%7B%7Bgroovy%7D%7Dprintln(%22hello%20from%20groovy!%22)%7B%7B%2Fgroovy%7D%7D%7B%7B%2Fasync%7D%7D`, on version 5.3 Milestone 2 (oldest impacted version), the issue can be reproduced using `<server>/xwiki/bin/view/Main/?sheet=WikiManager.XWikiServerClassSheet&form_token=<form_token>&action=delete&domain=foo%22%2F%7D%7D%7B%7B%2Ferror%7D%7D%7B%7B%2Fhtml%7D%7D%7B%7Bfootnote%7D%7D%7B%7Bgroovy%7D%7Dprintln%28%22hello+from+groovy%21%22%29%7B%7B%2Fgroovy%7D%7D%7B%7B%2Ffootnote%7D%7D`. In both cases `<server>` is the URL of the XWiki installation and `<form_token>` is the token used for CSRF protection for the current user which is available in every HTML response (search for `form-token` or `form_token` in the HTML source). If the string `hello from groovy` without `println(\"` before it is displayed, the attack has been successful.\n\n### Patches\nThis has been patched in the supported versions 13.10.6 and 14.4.\n\n### Workarounds\nIt is possible to edit the affected document `XWiki.XWikiServerClassSheet` or `WikiManager.XWikiServerClassSheet` and manually perform the changes from [the patch fixing the issue](https://github.com/xwiki/xwiki-platform/commit/fc77f9f53bc65a4a9bfae3d5686615309c0c76cc), i.e., replacing\n\n```\n     {{error}}{{translation key=\"platform.wiki.sheet.erroraliasalreadynotexists\" parameters=\"$request.domain\"/}}{{/error}}\n```\nby\n```\n     {{error}}{{translation key=\"platform.wiki.sheet.erroraliasalreadynotexists\" parameters=\"~\"${services.rendering.escape($escapetool.java($request.domain), 'xwiki/2.1')}~\"\"/}}{{/error}}\n```\n\nand replacing\n\n```\n     {{error}}{{translation key=\"platform.wiki.sheet.erroraliasdoesnotexists\" parameters=\"$request.domain\"/}}{{/error}}\n```\nby\n```\n     {{error}}{{translation key=\"platform.wiki.sheet.erroraliasdoesnotexists\" parameters=\"~\"${services.rendering.escape($escapetool.java($request.domain), 'xwiki/2.1')}~\"\"/}}{{/error}}\n```\n\nNote that below version 7.1 milestone 1, the used escaping function isn't available and thus a different fix would need to be developed.\n\nOn XWiki versions 12.0 and later, it is also possible to import the document `XWiki.XWikiServerClassSheet` from the [xwiki-platform-wiki-ui-mainwiki package version 14.4](https://nexus.xwiki.org/nexus/content/groups/public/org/xwiki/platform/xwiki-platform-wiki-ui-mainwiki/14.4/xwiki-platform-wiki-ui-mainwiki-14.4.xar) using the [import feature of the administration application](https://extensions.xwiki.org/xwiki/bin/view/Extension/Administration%20Application#HImport) as there have been no other changes to this document since XWiki 12.0.\n\n### References\n* https://github.com/xwiki/xwiki-platform/commit/fc77f9f53bc65a4a9bfae3d5686615309c0c76cc\n* https://jira.xwiki.org/browse/XWIKI-19746\n\n### For more information\nIf you have any questions or comments about this advisory:\n\n- Open an issue in [Jira XWiki.org](https://jira.xwiki.org/)\n- Email us at [Security Mailing List](mailto:security@xwiki.org)\n",
  "aliases": [
    "CVE-2022-36099"
  ],
  "modified": "2023-11-08T04:10:00.985264Z",
  "published": "2022-09-16T17:22:28Z",
  "database_specific": {
    "nvd_published_at": "2022-09-08T21:15:00Z",
    "cwe_ids": [
      "CWE-116",
      "CWE-94",
      "CWE-95"
    ],
    "severity": "CRITICAL",
    "github_reviewed": true,
    "github_reviewed_at": "2022-09-16T17:22:28Z"
  },
  "references": [
    {
      "type": "WEB",
      "url": "https://github.com/xwiki/xwiki-platform/security/advisories/GHSA-xr6m-2p4m-jvqf"
    },
    {
      "type": "ADVISORY",
      "url": "https://nvd.nist.gov/vuln/detail/CVE-2022-36099"
    },
    {
      "type": "WEB",
      "url": "https://github.com/xwiki/xwiki-platform/commit/fc77f9f53bc65a4a9bfae3d5686615309c0c76cc"
    },
    {
      "type": "PACKAGE",
      "url": "https://github.com/xwiki/xwiki-platform"
    },
    {
      "type": "WEB",
      "url": "https://jira.xwiki.org/browse/XWIKI-19746"
    }
  ],
  "affected": [
    {
      "package": {
        "name": "org.xwiki.platform:xwiki-platform-wiki-ui-mainwiki",
        "ecosystem": "Maven",
        "purl": "pkg:maven/org.xwiki.platform/xwiki-platform-wiki-ui-mainwiki"
      },
      "ranges": [
        {
          "type": "ECOSYSTEM",
          "events": [
            {
              "introduced": "5.3-milestone-2"
            },
            {
              "fixed": "13.10.6"
            }
          ]
        }
      ],
      "database_specific": {
        "source": "https://github.com/github/advisory-database/blob/main/advisories/github-reviewed/2022/09/GHSA-xr6m-2p4m-jvqf/GHSA-xr6m-2p4m-jvqf.json"
      },
      "versions": []
    },
    {
      "package": {
        "name": "org.xwiki.platform:xwiki-platform-wiki-ui-mainwiki",
        "ecosystem": "Maven",
        "purl": "pkg:maven/org.xwiki.platform/xwiki-platform-wiki-ui-mainwiki"
      },
      "ranges": [
        {
          "type": "ECOSYSTEM",
          "events": [
            {
              "introduced": "14.0"
            },
            {
              "fixed": "14.4"
            }
          ]
        }
      ],
      "database_specific": {
        "source": "https://github.com/github/advisory-database/blob/main/advisories/github-reviewed/2022/09/GHSA-xr6m-2p4m-jvqf/GHSA-xr6m-2p4m-jvqf.json"
      },
      "versions": []
    }
  ],
  "schema_version": "1.6.0",
  "severity": [
    {
      "type": "CVSS_V3",
      "score": "CVSS:3.1/AV:N/AC:L/PR:L/UI:N/S:C/C:H/I:H/A:H"
    }
  ]
}