{
  "id": "GHSA-r8rm-4hfj-2x87",
  "summary": "Data Amplification in Play Framework",
  "details": "In Play Framework 2.6.0 through 2.8.2, data amplification can occur when an application accepts multipart/form-data JSON input.",
  "aliases": [
    "CVE-2020-26882"
  ],
  "modified": "2023-11-08T04:03:20.160215Z",
  "published": "2022-02-10T20:23:28Z",
  "database_specific": {
    "nvd_published_at": "2020-11-06T14:15:00Z",
    "github_reviewed_at": "2021-04-22T16:58:02Z",
    "severity": "HIGH",
    "github_reviewed": true,
    "cwe_ids": [
      "CWE-674"
    ]
  },
  "references": [
    {
      "type": "ADVISORY",
      "url": "https://nvd.nist.gov/vuln/detail/CVE-2020-26882"
    },
    {
      "type": "WEB",
      "url": "https://github.com/playframework/playframework/pull/10495"
    },
    {
      "type": "WEB",
      "url": "https://www.playframework.com/security/vulnerability/CVE-2020-26882-JsonParseDataAmplification"
    }
  ],
  "affected": [
    {
      "package": {
        "name": "com.typesafe.play:play",
        "ecosystem": "Maven",
        "purl": "pkg:maven/com.typesafe.play/play"
      },
      "ranges": [
        {
          "type": "ECOSYSTEM",
          "events": [
            {
              "introduced": "2.6.0"
            },
            {
              "fixed": "2.7.6"
            }
          ]
        }
      ],
      "database_specific": {
        "source": "https://github.com/github/advisory-database/blob/main/advisories/github-reviewed/2022/02/GHSA-r8rm-4hfj-2x87/GHSA-r8rm-4hfj-2x87.json"
      },
      "versions": []
    },
    {
      "package": {
        "name": "com.typesafe.play:play",
        "ecosystem": "Maven",
        "purl": "pkg:maven/com.typesafe.play/play"
      },
      "ranges": [
        {
          "type": "ECOSYSTEM",
          "events": [
            {
              "introduced": "2.8.0"
            },
            {
              "fixed": "2.8.3"
            }
          ]
        }
      ],
      "database_specific": {
        "source": "https://github.com/github/advisory-database/blob/main/advisories/github-reviewed/2022/02/GHSA-r8rm-4hfj-2x87/GHSA-r8rm-4hfj-2x87.json"
      },
      "versions": []
    }
  ],
  "schema_version": "1.6.0",
  "severity": [
    {
      "type": "CVSS_V3",
      "score": "CVSS:3.1/AV:N/AC:L/PR:N/UI:N/S:U/C:N/I:N/A:H"
    }
  ]
}