{
  "id": "GHSA-v9rm-7rv9-r3fw",
  "summary": "Apache OpenMeetings Improper Authentication vulnerability",
  "details": "An attacker that has gained access to certain private information can use this to act as other user.\n\nVendor: The Apache Software Foundation\n\nVersions Affected: Apache OpenMeetings from 3.1.3 before 7.1.0",
  "aliases": [
    "CVE-2023-29032"
  ],
  "modified": "2024-02-16T08:07:03.508537Z",
  "published": "2023-05-12T09:30:15Z",
  "database_specific": {
    "nvd_published_at": "2023-05-12T08:15:08Z",
    "cwe_ids": [
      "CWE-287"
    ],
    "severity": "HIGH",
    "github_reviewed": true,
    "github_reviewed_at": "2023-05-12T20:17:54Z"
  },
  "references": [
    {
      "type": "ADVISORY",
      "url": "https://nvd.nist.gov/vuln/detail/CVE-2023-29032"
    },
    {
      "type": "WEB",
      "url": "https://github.com/apache/openmeetings/commit/4e89e0ca076c83f26562f1146cf3e81ba0b16a7f"
    },
    {
      "type": "PACKAGE",
      "url": "https://github.com/apache/openmeetings"
    },
    {
      "type": "WEB",
      "url": "https://issues.apache.org/jira/browse/OPENMEETINGS-2764"
    },
    {
      "type": "WEB",
      "url": "https://lists.apache.org/thread/j2d6mg3rzcphfd8vvvk09d8p4o9lvnqp"
    }
  ],
  "affected": [
    {
      "package": {
        "name": "org.apache.openmeetings:openmeetings-parent",
        "ecosystem": "Maven",
        "purl": "pkg:maven/org.apache.openmeetings/openmeetings-parent"
      },
      "ranges": [
        {
          "type": "ECOSYSTEM",
          "events": [
            {
              "introduced": "3.1.3"
            },
            {
              "fixed": "7.1.0"
            }
          ]
        }
      ],
      "versions": [
        "3.1.3",
        "3.1.4",
        "3.1.5",
        "3.2.0",
        "3.2.1",
        "3.3.0",
        "3.3.1",
        "3.3.2",
        "4.0.0",
        "4.0.1",
        "4.0.10",
        "4.0.11",
        "4.0.3",
        "4.0.4",
        "4.0.5",
        "4.0.6",
        "4.0.7",
        "4.0.9",
        "5.0.0",
        "5.0.0-M1",
        "5.0.0-M2",
        "5.0.0-M3",
        "5.0.0-M4",
        "5.1.0",
        "6.2.0",
        "6.3.0",
        "7.0.0"
      ],
      "database_specific": {
        "source": "https://github.com/github/advisory-database/blob/main/advisories/github-reviewed/2023/05/GHSA-v9rm-7rv9-r3fw/GHSA-v9rm-7rv9-r3fw.json"
      }
    }
  ],
  "schema_version": "1.6.0",
  "severity": [
    {
      "type": "CVSS_V3",
      "score": "CVSS:3.1/AV:N/AC:H/PR:N/UI:N/S:U/C:H/I:H/A:H"
    }
  ]
}