{
  "id": "GHSA-j52r-xc68-q8f4",
  "summary": "Insufficiently Protected Credentials in Pivotal Reactor Netty",
  "details": "Pivotal Reactor Netty, versions prior to 0.8.11, passes headers through redirects, including authorization ones. A remote unauthenticated malicious user may gain access to credentials for a different server than they have access to.",
  "aliases": [
    "CVE-2019-11284"
  ],
  "modified": "2023-11-08T04:01:00.660510Z",
  "published": "2019-10-23T14:14:32Z",
  "database_specific": {
    "nvd_published_at": "2019-10-17T18:15:00Z",
    "github_reviewed_at": "2019-10-22T15:49:44Z",
    "severity": "HIGH",
    "github_reviewed": true,
    "cwe_ids": [
      "CWE-522"
    ]
  },
  "references": [
    {
      "type": "ADVISORY",
      "url": "https://nvd.nist.gov/vuln/detail/CVE-2019-11284"
    },
    {
      "type": "WEB",
      "url": "https://pivotal.io/security/cve-2019-11284"
    }
  ],
  "affected": [
    {
      "package": {
        "name": "io.projectreactor.netty:reactor-netty",
        "ecosystem": "Maven",
        "purl": "pkg:maven/io.projectreactor.netty/reactor-netty"
      },
      "ranges": [
        {
          "type": "ECOSYSTEM",
          "events": [
            {
              "introduced": "0"
            },
            {
              "fixed": "0.8.11"
            }
          ]
        }
      ],
      "versions": [
        "0.8.0.RELEASE",
        "0.8.1.RELEASE",
        "0.8.10.RELEASE",
        "0.8.2.RELEASE",
        "0.8.3.RELEASE",
        "0.8.4.RELEASE",
        "0.8.5.RELEASE",
        "0.8.6.RELEASE",
        "0.8.7.RELEASE",
        "0.8.8.RELEASE",
        "0.8.9.RELEASE"
      ],
      "database_specific": {
        "source": "https://github.com/github/advisory-database/blob/main/advisories/github-reviewed/2019/10/GHSA-j52r-xc68-q8f4/GHSA-j52r-xc68-q8f4.json"
      }
    }
  ],
  "schema_version": "1.6.0",
  "severity": [
    {
      "type": "CVSS_V3",
      "score": "CVSS:3.1/AV:N/AC:L/PR:N/UI:N/S:C/C:H/I:N/A:N"
    }
  ]
}