{
  "id": "GHSA-95w5-q9vp-5vrm",
  "summary": "Heron allows CRLF log injection",
  "details": "Heron versions <= 0.20.4-incubating allows CRLF log injection because of the lack of escaping in the log statements. Please update to version 0.20.5-incubating which addresses this issue.",
  "aliases": [
    "CVE-2021-42010"
  ],
  "modified": "2024-02-16T08:17:51.474693Z",
  "published": "2022-10-24T19:00:16Z",
  "database_specific": {
    "nvd_published_at": "2022-10-24T14:15:00Z",
    "cwe_ids": [
      "CWE-116"
    ],
    "severity": "CRITICAL",
    "github_reviewed": true,
    "github_reviewed_at": "2022-10-25T20:22:49Z"
  },
  "references": [
    {
      "type": "ADVISORY",
      "url": "https://nvd.nist.gov/vuln/detail/CVE-2021-42010"
    },
    {
      "type": "WEB",
      "url": "https://lists.apache.org/thread/j65nwr8n7jchngwqptzh100drcr4ry2q"
    },
    {
      "type": "WEB",
      "url": "http://www.openwall.com/lists/oss-security/2022/10/23/2"
    }
  ],
  "affected": [
    {
      "package": {
        "name": "org.apache.heron:heron-api",
        "ecosystem": "Maven",
        "purl": "pkg:maven/org.apache.heron/heron-api"
      },
      "ranges": [
        {
          "type": "ECOSYSTEM",
          "events": [
            {
              "introduced": "0"
            },
            {
              "fixed": "0.20.5-incubating"
            }
          ]
        }
      ],
      "versions": [
        "0.20.0-incubating",
        "0.20.1-incubating",
        "0.20.1-incubating-rc2",
        "0.20.3-incubating",
        "0.20.4-incubating",
        "v0.20.1-incubating-rc1"
      ],
      "database_specific": {
        "source": "https://github.com/github/advisory-database/blob/main/advisories/github-reviewed/2022/10/GHSA-95w5-q9vp-5vrm/GHSA-95w5-q9vp-5vrm.json"
      }
    }
  ],
  "schema_version": "1.6.0",
  "severity": [
    {
      "type": "CVSS_V3",
      "score": "CVSS:3.1/AV:N/AC:L/PR:N/UI:N/S:U/C:H/I:H/A:H"
    }
  ]
}