{
  "id": "GHSA-h6w8-52mq-4qxc",
  "summary": "Apache Linkis contains Deserialization of Untrusted Data",
  "details": "In Apache Linkis <=1.3.0 when used with the MySQL Connector/J, a deserialization vulnerability with possible remote code execution impact exists when an attacker has write access to a database and configures new datasource with a MySQL data source and malicious parameters. Therefore, the parameters in the jdbc url should be blacklisted. Versions of Apache Linkis <= 1.3.0 will be affected. We recommend users to upgrade the version of Linkis to version 1.3.1.",
  "aliases": [
    "CVE-2022-44645"
  ],
  "modified": "2023-11-08T04:10:48.967743Z",
  "published": "2023-01-31T12:30:24Z",
  "database_specific": {
    "nvd_published_at": "2023-01-31T10:15:00Z",
    "github_reviewed_at": "2023-02-02T00:09:05Z",
    "severity": "HIGH",
    "github_reviewed": true,
    "cwe_ids": [
      "CWE-502"
    ]
  },
  "references": [
    {
      "type": "ADVISORY",
      "url": "https://nvd.nist.gov/vuln/detail/CVE-2022-44645"
    },
    {
      "type": "PACKAGE",
      "url": "https://github.com/apache/linkis"
    },
    {
      "type": "WEB",
      "url": "https://lists.apache.org/thread/zlcfmvt65blqc4n6fxypg6f0ns8fqfz4"
    }
  ],
  "affected": [
    {
      "package": {
        "name": "org.apache.linkis:linkis",
        "ecosystem": "Maven",
        "purl": "pkg:maven/org.apache.linkis/linkis"
      },
      "ranges": [
        {
          "type": "ECOSYSTEM",
          "events": [
            {
              "introduced": "0"
            },
            {
              "fixed": "1.3.1"
            }
          ]
        }
      ],
      "versions": [
        "1.0.3",
        "1.1.0",
        "1.1.1",
        "1.1.2",
        "1.1.3",
        "1.2.0",
        "1.3.0"
      ],
      "database_specific": {
        "source": "https://github.com/github/advisory-database/blob/main/advisories/github-reviewed/2023/01/GHSA-h6w8-52mq-4qxc/GHSA-h6w8-52mq-4qxc.json"
      }
    }
  ],
  "schema_version": "1.6.0",
  "severity": [
    {
      "type": "CVSS_V3",
      "score": "CVSS:3.1/AV:N/AC:L/PR:L/UI:N/S:U/C:H/I:H/A:H"
    }
  ]
}