{
  "id": "GHSA-x7rc-4gqw-3q6q",
  "summary": "Apache MyFaces Trinidad Deserialization Vulnerability",
  "details": "`CoreResponseStateManager` in Apache MyFaces Trinidad 1.0.0 through 1.0.13, 1.2.x before 1.2.15, 2.0.x before 2.0.2, and 2.1.x before 2.1.2 might allow attackers to conduct deserialization attacks via a crafted serialized viewstate string.",
  "aliases": [
    "CVE-2016-5019"
  ],
  "modified": "2024-02-16T08:20:54.208889Z",
  "published": "2022-05-13T01:25:19Z",
  "database_specific": {
    "nvd_published_at": "2016-10-03T18:59:00Z",
    "cwe_ids": [
      "CWE-502"
    ],
    "severity": "CRITICAL",
    "github_reviewed": true,
    "github_reviewed_at": "2023-07-31T18:20:06Z"
  },
  "references": [
    {
      "type": "ADVISORY",
      "url": "https://nvd.nist.gov/vuln/detail/CVE-2016-5019"
    },
    {
      "type": "PACKAGE",
      "url": "https://github.com/apache/myfaces-trinidad"
    },
    {
      "type": "WEB",
      "url": "https://issues.apache.org/jira/browse/TRINIDAD-2542"
    },
    {
      "type": "WEB",
      "url": "https://web.archive.org/web/20171129092136/http://www.securitytracker.com/id/1037633"
    },
    {
      "type": "WEB",
      "url": "https://web.archive.org/web/20210123173557/http://www.securityfocus.com/bid/93236"
    },
    {
      "type": "WEB",
      "url": "https://www.oracle.com/security-alerts/cpujan2020.html"
    },
    {
      "type": "WEB",
      "url": "https://www.oracle.com/security-alerts/cpujul2020.html"
    },
    {
      "type": "WEB",
      "url": "http://mail-archives.apache.org/mod_mbox/myfaces-users/201609.mbox/%3CCAM1yOjYM%2BEW3mLUfX0pNAVLfUFRAw-Bhvkp3UE5%3DEQzR8Yxsfw%40mail.gmail.com%3E"
    },
    {
      "type": "WEB",
      "url": "http://packetstormsecurity.com/files/138920/Apache-MyFaces-Trinidad-Information-Disclosure.html"
    },
    {
      "type": "WEB",
      "url": "http://www.oracle.com/technetwork/security-advisory/cpuapr2018-3678067.html"
    },
    {
      "type": "WEB",
      "url": "http://www.oracle.com/technetwork/security-advisory/cpujul2016-2881720.html"
    },
    {
      "type": "WEB",
      "url": "http://www.oracle.com/technetwork/security-advisory/cpujul2017-3236622.html"
    },
    {
      "type": "WEB",
      "url": "http://www.oracle.com/technetwork/security-advisory/cpujul2018-4258247.html"
    },
    {
      "type": "WEB",
      "url": "http://www.oracle.com/technetwork/security-advisory/cpuoct2017-3236626.html"
    },
    {
      "type": "WEB",
      "url": "http://www.oracle.com/technetwork/security-advisory/cpuoct2018-4428296.html"
    }
  ],
  "affected": [
    {
      "package": {
        "name": "org.apache.myfaces.trinidad:trinidad",
        "ecosystem": "Maven",
        "purl": "pkg:maven/org.apache.myfaces.trinidad/trinidad"
      },
      "ranges": [
        {
          "type": "ECOSYSTEM",
          "events": [
            {
              "introduced": "1.0.0"
            },
            {
              "last_affected": "1.0.13"
            }
          ]
        }
      ],
      "versions": [
        "1.0.1",
        "1.0.10",
        "1.0.11",
        "1.0.12",
        "1.0.13",
        "1.0.2",
        "1.0.3",
        "1.0.4",
        "1.0.5",
        "1.0.6",
        "1.0.7",
        "1.0.8",
        "1.0.9"
      ],
      "database_specific": {
        "source": "https://github.com/github/advisory-database/blob/main/advisories/github-reviewed/2022/05/GHSA-x7rc-4gqw-3q6q/GHSA-x7rc-4gqw-3q6q.json"
      }
    },
    {
      "package": {
        "name": "org.apache.myfaces.trinidad:trinidad",
        "ecosystem": "Maven",
        "purl": "pkg:maven/org.apache.myfaces.trinidad/trinidad"
      },
      "ranges": [
        {
          "type": "ECOSYSTEM",
          "events": [
            {
              "introduced": "1.2.0"
            },
            {
              "fixed": "1.2.15"
            }
          ]
        }
      ],
      "versions": [
        "1.2.1",
        "1.2.10",
        "1.2.11",
        "1.2.12",
        "1.2.13",
        "1.2.14",
        "1.2.2",
        "1.2.3",
        "1.2.4",
        "1.2.5",
        "1.2.6",
        "1.2.7",
        "1.2.8",
        "1.2.9"
      ],
      "database_specific": {
        "source": "https://github.com/github/advisory-database/blob/main/advisories/github-reviewed/2022/05/GHSA-x7rc-4gqw-3q6q/GHSA-x7rc-4gqw-3q6q.json"
      }
    },
    {
      "package": {
        "name": "org.apache.myfaces.trinidad:trinidad",
        "ecosystem": "Maven",
        "purl": "pkg:maven/org.apache.myfaces.trinidad/trinidad"
      },
      "ranges": [
        {
          "type": "ECOSYSTEM",
          "events": [
            {
              "introduced": "2.0.0"
            },
            {
              "fixed": "2.0.2"
            }
          ]
        }
      ],
      "versions": [
        "2.0.0",
        "2.0.1"
      ],
      "database_specific": {
        "source": "https://github.com/github/advisory-database/blob/main/advisories/github-reviewed/2022/05/GHSA-x7rc-4gqw-3q6q/GHSA-x7rc-4gqw-3q6q.json"
      }
    },
    {
      "package": {
        "name": "org.apache.myfaces.trinidad:trinidad",
        "ecosystem": "Maven",
        "purl": "pkg:maven/org.apache.myfaces.trinidad/trinidad"
      },
      "ranges": [
        {
          "type": "ECOSYSTEM",
          "events": [
            {
              "introduced": "2.1.0"
            },
            {
              "fixed": "2.1.2"
            }
          ]
        }
      ],
      "versions": [
        "2.1.0",
        "2.1.1"
      ],
      "database_specific": {
        "source": "https://github.com/github/advisory-database/blob/main/advisories/github-reviewed/2022/05/GHSA-x7rc-4gqw-3q6q/GHSA-x7rc-4gqw-3q6q.json"
      }
    }
  ],
  "schema_version": "1.6.0",
  "severity": [
    {
      "type": "CVSS_V3",
      "score": "CVSS:3.0/AV:N/AC:L/PR:N/UI:N/S:U/C:H/I:H/A:H"
    }
  ]
}