{
  "id": "GHSA-cxrj-66c5-9fmh",
  "summary": "Spring Framework when used in combination with any versions of Spring Security contains an authorization bypass",
  "details": "Spring Framework version 5.0.5 when used in combination with any versions of Spring Security contains an authorization bypass when using method security. An unauthorized malicious user can gain unauthorized access to methods that should be restricted.",
  "aliases": [
    "CVE-2018-1258"
  ],
  "modified": "2024-03-14T21:08:21Z",
  "published": "2018-10-17T20:05:49Z",
  "database_specific": {
    "nvd_published_at": "2018-05-11T20:29:00Z",
    "cwe_ids": [
      "CWE-863"
    ],
    "severity": "HIGH",
    "github_reviewed": true,
    "github_reviewed_at": "2020-06-16T21:33:19Z"
  },
  "references": [
    {
      "type": "ADVISORY",
      "url": "https://nvd.nist.gov/vuln/detail/CVE-2018-1258"
    },
    {
      "type": "WEB",
      "url": "https://github.com/spring-projects/spring-framework/commit/7b8fa90d96aaf751a3256fa755d5f17e081c20f1"
    },
    {
      "type": "WEB",
      "url": "https://www.oracle.com/technetwork/security-advisory/cpujul2019-5072835.html"
    },
    {
      "type": "WEB",
      "url": "https://www.oracle.com/technetwork/security-advisory/cpujan2019-5072801.html"
    },
    {
      "type": "WEB",
      "url": "https://www.oracle.com/technetwork/security-advisory/cpuapr2019-5072813.html"
    },
    {
      "type": "WEB",
      "url": "https://www.oracle.com/security-alerts/cpuoct2021.html"
    },
    {
      "type": "WEB",
      "url": "https://www.oracle.com/security-alerts/cpujul2020.html"
    },
    {
      "type": "WEB",
      "url": "https://www.oracle.com/security-alerts/cpujan2021.html"
    },
    {
      "type": "WEB",
      "url": "https://www.oracle.com/security-alerts/cpujan2020.html"
    },
    {
      "type": "WEB",
      "url": "https://www.oracle.com/security-alerts/cpuapr2020.html"
    },
    {
      "type": "WEB",
      "url": "https://web.archive.org/web/20200807033751/http://www.securitytracker.com/id/1041896"
    },
    {
      "type": "WEB",
      "url": "https://web.archive.org/web/20200807025819/http://www.securitytracker.com/id/1041888"
    },
    {
      "type": "WEB",
      "url": "https://web.archive.org/web/20200227032934/http://www.securityfocus.com/bid/104222"
    },
    {
      "type": "WEB",
      "url": "https://security.netapp.com/advisory/ntap-20181018-0002"
    },
    {
      "type": "WEB",
      "url": "https://pivotal.io/security/cve-2018-1258"
    },
    {
      "type": "PACKAGE",
      "url": "https://github.com/spring-projects/spring-framework"
    },
    {
      "type": "ADVISORY",
      "url": "https://github.com/advisories/GHSA-cxrj-66c5-9fmh"
    },
    {
      "type": "WEB",
      "url": "https://access.redhat.com/errata/RHSA-2019:2413"
    },
    {
      "type": "WEB",
      "url": "http://www.oracle.com/technetwork/security-advisory/cpujul2018-4258247.html"
    },
    {
      "type": "WEB",
      "url": "http://www.oracle.com/technetwork/security-advisory/cpuoct2018-4428296.html"
    }
  ],
  "affected": [
    {
      "package": {
        "name": "org.springframework:spring-core",
        "ecosystem": "Maven",
        "purl": "pkg:maven/org.springframework/spring-core"
      },
      "ranges": [
        {
          "type": "ECOSYSTEM",
          "events": [
            {
              "introduced": "5.0.5.RELEASE"
            },
            {
              "fixed": "5.0.6.RELEASE"
            }
          ]
        }
      ],
      "versions": [
        "5.0.5.RELEASE"
      ],
      "database_specific": {
        "source": "https://github.com/github/advisory-database/blob/main/advisories/github-reviewed/2018/10/GHSA-cxrj-66c5-9fmh/GHSA-cxrj-66c5-9fmh.json"
      }
    }
  ],
  "schema_version": "1.6.0",
  "severity": [
    {
      "type": "CVSS_V3",
      "score": "CVSS:3.0/AV:N/AC:L/PR:L/UI:N/S:U/C:H/I:H/A:H"
    }
  ]
}