{
  "id": "GHSA-hj55-9jmv-9jrj",
  "summary": "Sandbox escape in Artemis Java Test Sandbox",
  "details": "Artemis Java Test Sandbox versions before 1.8.0 are vulnerable to a sandbox escape when an attacker includes class files in a package that Ares trusts. An attacker can abuse this issue to execute arbitrary Java when a victim executes the supposedly sandboxed code.\n\n\n",
  "aliases": [
    "CVE-2024-23682",
    "GHSA-227w-wv4j-67h4"
  ],
  "modified": "2024-02-16T08:15:38.608817Z",
  "published": "2024-01-19T21:30:36Z",
  "database_specific": {
    "nvd_published_at": "2024-01-19T21:15:10Z",
    "cwe_ids": [
      "CWE-501"
    ],
    "severity": "HIGH",
    "github_reviewed": true,
    "github_reviewed_at": "2024-01-22T21:31:04Z"
  },
  "references": [
    {
      "type": "WEB",
      "url": "https://github.com/ls1intum/Ares/security/advisories/GHSA-227w-wv4j-67h4"
    },
    {
      "type": "ADVISORY",
      "url": "https://nvd.nist.gov/vuln/detail/CVE-2024-23682"
    },
    {
      "type": "WEB",
      "url": "https://github.com/ls1intum/Ares/issues/15"
    },
    {
      "type": "ADVISORY",
      "url": "https://github.com/advisories/GHSA-227w-wv4j-67h4"
    },
    {
      "type": "PACKAGE",
      "url": "https://github.com/ls1intum/Ares"
    },
    {
      "type": "WEB",
      "url": "https://github.com/ls1intum/Ares/releases/tag/1.8.0"
    },
    {
      "type": "WEB",
      "url": "https://vulncheck.com/advisories/vc-advisory-GHSA-227w-wv4j-67h4"
    }
  ],
  "affected": [
    {
      "package": {
        "name": "de.tum.in.ase:artemis-java-test-sandbox",
        "ecosystem": "Maven",
        "purl": "pkg:maven/de.tum.in.ase/artemis-java-test-sandbox"
      },
      "ranges": [
        {
          "type": "ECOSYSTEM",
          "events": [
            {
              "introduced": "0"
            },
            {
              "fixed": "1.8.0"
            }
          ]
        }
      ],
      "versions": [
        "1.0.0",
        "1.0.1",
        "1.1.0",
        "1.1.1",
        "1.2.0",
        "1.2.1",
        "1.2.2",
        "1.3.0",
        "1.3.1",
        "1.3.2",
        "1.3.3",
        "1.3.4",
        "1.4.0",
        "1.4.1",
        "1.4.2",
        "1.4.3",
        "1.4.4",
        "1.4.5",
        "1.4.6",
        "1.4.7",
        "1.5.0",
        "1.5.1",
        "1.5.2",
        "1.5.3",
        "1.5.4",
        "1.5.5",
        "1.6.0",
        "1.7.0",
        "1.7.1",
        "1.7.2",
        "1.7.3",
        "1.7.5",
        "1.7.6"
      ],
      "database_specific": {
        "source": "https://github.com/github/advisory-database/blob/main/advisories/github-reviewed/2024/01/GHSA-hj55-9jmv-9jrj/GHSA-hj55-9jmv-9jrj.json"
      }
    }
  ],
  "schema_version": "1.6.0",
  "severity": [
    {
      "type": "CVSS_V3",
      "score": "CVSS:3.1/AV:L/AC:L/PR:L/UI:R/S:C/C:H/I:H/A:H"
    }
  ]
}