{
  "id": "GHSA-c9px-7j36-f35v",
  "summary": "CSRF vulnerability and missing permission checks in Jenkins AbsInt Astr\u00e9e Plugin",
  "details": "A command execution vulnerability exists in Jenkins Absint Astree Plugin 1.0.5 and older in AstreeBuilder.java that allows attackers with Overall/Read access to execute a command on the Jenkins master.",
  "aliases": [
    "CVE-2018-1000189"
  ],
  "modified": "2024-02-16T08:23:28.940694Z",
  "published": "2022-05-13T01:48:34Z",
  "database_specific": {
    "nvd_published_at": "2018-06-05T20:29:00Z",
    "cwe_ids": [],
    "severity": "HIGH",
    "github_reviewed": true,
    "github_reviewed_at": "2024-01-30T22:42:51Z"
  },
  "references": [
    {
      "type": "ADVISORY",
      "url": "https://nvd.nist.gov/vuln/detail/CVE-2018-1000189"
    },
    {
      "type": "WEB",
      "url": "https://jenkins.io/security/advisory/2018-06-04/#SECURITY-807"
    }
  ],
  "affected": [
    {
      "package": {
        "name": "org.jenkins-ci.plugins:absint-astree",
        "ecosystem": "Maven",
        "purl": "pkg:maven/org.jenkins-ci.plugins/absint-astree"
      },
      "ranges": [
        {
          "type": "ECOSYSTEM",
          "events": [
            {
              "introduced": "0"
            },
            {
              "fixed": "1.0.7"
            }
          ]
        }
      ],
      "versions": [
        "1.0.0",
        "1.0.1",
        "1.0.2",
        "1.0.3",
        "1.0.5"
      ],
      "database_specific": {
        "last_known_affected_version_range": "<= 1.0.5",
        "source": "https://github.com/github/advisory-database/blob/main/advisories/github-reviewed/2022/05/GHSA-c9px-7j36-f35v/GHSA-c9px-7j36-f35v.json"
      }
    }
  ],
  "schema_version": "1.6.0",
  "severity": [
    {
      "type": "CVSS_V3",
      "score": "CVSS:3.0/AV:N/AC:L/PR:L/UI:N/S:U/C:H/I:H/A:H"
    }
  ]
}