{
  "id": "GHSA-hxjp-q6c3-38fx",
  "summary": "XML External Entity Reference in Apache NiFi",
  "details": "The ExtractCCDAAttributes Processor in Apache NiFi 1.2.0 through 1.19.1 does not restrict XML External Entity references. Flow configurations that include the ExtractCCDAAttributes Processor are vulnerable to malicious XML documents that contain Document Type Declarations with XML External Entity references. The resolution disables Document Type Declarations and disallows XML External Entity resolution in the ExtractCCDAAttributes Processor.",
  "aliases": [
    "CVE-2023-22832"
  ],
  "modified": "2024-10-14T18:30:12.460985Z",
  "published": "2023-02-10T09:30:23Z",
  "database_specific": {
    "nvd_published_at": "2023-02-10T08:15:00Z",
    "cwe_ids": [
      "CWE-611"
    ],
    "severity": "HIGH",
    "github_reviewed": true,
    "github_reviewed_at": "2023-02-10T22:41:43Z"
  },
  "references": [
    {
      "type": "ADVISORY",
      "url": "https://nvd.nist.gov/vuln/detail/CVE-2023-22832"
    },
    {
      "type": "WEB",
      "url": "https://github.com/apache/nifi/commit/e966336e8966cf0cbbd12a2c4f2d73a7ceb75cd8"
    },
    {
      "type": "PACKAGE",
      "url": "https://github.com/apache/nifi"
    },
    {
      "type": "WEB",
      "url": "https://lists.apache.org/thread/b51qs6y7b7r58vovddkv6wc16g2xbl3w"
    },
    {
      "type": "WEB",
      "url": "https://nifi.apache.org/security.html#CVE-2023-22832"
    }
  ],
  "affected": [
    {
      "package": {
        "name": "org.apache.nifi:nifi-ccda-processors",
        "ecosystem": "Maven",
        "purl": "pkg:maven/org.apache.nifi/nifi-ccda-processors"
      },
      "ranges": [
        {
          "type": "ECOSYSTEM",
          "events": [
            {
              "introduced": "1.2.0"
            },
            {
              "fixed": "1.20.0"
            }
          ]
        }
      ],
      "versions": [
        "1.10.0",
        "1.11.0",
        "1.11.1",
        "1.11.2",
        "1.11.3",
        "1.11.4",
        "1.12.0",
        "1.12.1",
        "1.13.0",
        "1.13.1",
        "1.13.2",
        "1.14.0",
        "1.15.0",
        "1.15.1",
        "1.15.2",
        "1.15.3",
        "1.16.0",
        "1.16.1",
        "1.16.2",
        "1.16.3",
        "1.17.0",
        "1.18.0",
        "1.19.0",
        "1.19.1",
        "1.2.0",
        "1.3.0",
        "1.4.0",
        "1.5.0",
        "1.6.0",
        "1.7.0",
        "1.7.1",
        "1.8.0",
        "1.9.0",
        "1.9.1",
        "1.9.2"
      ],
      "database_specific": {
        "source": "https://github.com/github/advisory-database/blob/main/advisories/github-reviewed/2023/02/GHSA-hxjp-q6c3-38fx/GHSA-hxjp-q6c3-38fx.json"
      }
    }
  ],
  "schema_version": "1.6.0",
  "severity": [
    {
      "type": "CVSS_V3",
      "score": "CVSS:3.1/AV:N/AC:L/PR:N/UI:N/S:U/C:H/I:N/A:N"
    }
  ]
}