{
  "id": "GHSA-r84p-88g2-2vx2",
  "summary": "Apache Tomcat EncryptInterceptor error leads to Uncontrolled Resource Consumption",
  "details": "The documentation of Apache Tomcat 10.1.0-M1 to 10.1.0-M14, 10.0.0-M1 to 10.0.20, 9.0.13 to 9.0.62 and 8.5.38 to 8.5.78 for the EncryptInterceptor incorrectly stated it enabled Tomcat clustering to run over an untrusted network. This was not correct. While the EncryptInterceptor does provide confidentiality and integrity protection, it does not protect against all risks associated with running over any untrusted network, particularly DoS risks.",
  "aliases": [
    "BIT-tomcat-2022-29885",
    "CVE-2022-29885"
  ],
  "modified": "2024-03-11T19:11:34.914181Z",
  "published": "2022-05-13T00:01:12Z",
  "database_specific": {
    "nvd_published_at": "2022-05-12T08:15:00Z",
    "cwe_ids": [
      "CWE-400"
    ],
    "severity": "HIGH",
    "github_reviewed": true,
    "github_reviewed_at": "2024-03-11T18:49:58Z"
  },
  "references": [
    {
      "type": "ADVISORY",
      "url": "https://nvd.nist.gov/vuln/detail/CVE-2022-29885"
    },
    {
      "type": "WEB",
      "url": "https://github.com/apache/tomcat/commit/0fa7721f11d565a2cd2e44366c388ad6a3e6357d"
    },
    {
      "type": "WEB",
      "url": "https://github.com/apache/tomcat/commit/36826ea638457d7e17876a70f89cb435b6db0d91"
    },
    {
      "type": "WEB",
      "url": "https://github.com/apache/tomcat/commit/b679bc627f5a4ea6510af95adfb7476b07eba890"
    },
    {
      "type": "WEB",
      "url": "https://github.com/apache/tomcat/commit/eaafd28296c54d983e28a47953c1f5cb2c334f48"
    },
    {
      "type": "PACKAGE",
      "url": "https://github.com/apache/tomcat"
    },
    {
      "type": "WEB",
      "url": "https://lists.apache.org/thread/2b4qmhbcyqvc7dyfpjyx54c03x65vhcv"
    },
    {
      "type": "WEB",
      "url": "https://lists.debian.org/debian-lts-announce/2022/10/msg00029.html"
    },
    {
      "type": "WEB",
      "url": "https://security.netapp.com/advisory/ntap-20220629-0002"
    },
    {
      "type": "WEB",
      "url": "https://www.debian.org/security/2022/dsa-5265"
    },
    {
      "type": "WEB",
      "url": "https://www.oracle.com/security-alerts/cpujul2022.html"
    }
  ],
  "affected": [
    {
      "package": {
        "name": "org.apache.tomcat:tomcat",
        "ecosystem": "Maven",
        "purl": "pkg:maven/org.apache.tomcat/tomcat"
      },
      "ranges": [
        {
          "type": "ECOSYSTEM",
          "events": [
            {
              "introduced": "10.1.0-M1"
            },
            {
              "fixed": "10.1.0-M15"
            }
          ]
        }
      ],
      "versions": [
        "10.1.0-M1",
        "10.1.0-M10",
        "10.1.0-M11",
        "10.1.0-M12",
        "10.1.0-M14",
        "10.1.0-M2",
        "10.1.0-M4",
        "10.1.0-M5",
        "10.1.0-M6",
        "10.1.0-M7",
        "10.1.0-M8"
      ],
      "database_specific": {
        "source": "https://github.com/github/advisory-database/blob/main/advisories/github-reviewed/2022/05/GHSA-r84p-88g2-2vx2/GHSA-r84p-88g2-2vx2.json"
      }
    },
    {
      "package": {
        "name": "org.apache.tomcat:tomcat",
        "ecosystem": "Maven",
        "purl": "pkg:maven/org.apache.tomcat/tomcat"
      },
      "ranges": [
        {
          "type": "ECOSYSTEM",
          "events": [
            {
              "introduced": "10.0.0-M1"
            },
            {
              "fixed": "10.0.21"
            }
          ]
        }
      ],
      "versions": [
        "10.0.0",
        "10.0.0-M1",
        "10.0.0-M10",
        "10.0.0-M3",
        "10.0.0-M4",
        "10.0.0-M5",
        "10.0.0-M6",
        "10.0.0-M7",
        "10.0.0-M8",
        "10.0.0-M9",
        "10.0.10",
        "10.0.11",
        "10.0.12",
        "10.0.13",
        "10.0.14",
        "10.0.16",
        "10.0.17",
        "10.0.18",
        "10.0.2",
        "10.0.20",
        "10.0.4",
        "10.0.5",
        "10.0.6",
        "10.0.7",
        "10.0.8"
      ],
      "database_specific": {
        "source": "https://github.com/github/advisory-database/blob/main/advisories/github-reviewed/2022/05/GHSA-r84p-88g2-2vx2/GHSA-r84p-88g2-2vx2.json"
      }
    },
    {
      "package": {
        "name": "org.apache.tomcat:tomcat",
        "ecosystem": "Maven",
        "purl": "pkg:maven/org.apache.tomcat/tomcat"
      },
      "ranges": [
        {
          "type": "ECOSYSTEM",
          "events": [
            {
              "introduced": "9.0.13"
            },
            {
              "fixed": "9.0.63"
            }
          ]
        }
      ],
      "versions": [
        "9.0.13",
        "9.0.14",
        "9.0.16",
        "9.0.17",
        "9.0.19",
        "9.0.20",
        "9.0.21",
        "9.0.22",
        "9.0.24",
        "9.0.26",
        "9.0.27",
        "9.0.29",
        "9.0.30",
        "9.0.31",
        "9.0.33",
        "9.0.34",
        "9.0.35",
        "9.0.36",
        "9.0.37",
        "9.0.38",
        "9.0.39",
        "9.0.40",
        "9.0.41",
        "9.0.43",
        "9.0.44",
        "9.0.45",
        "9.0.46",
        "9.0.48",
        "9.0.50",
        "9.0.52",
        "9.0.53",
        "9.0.54",
        "9.0.55",
        "9.0.56",
        "9.0.58",
        "9.0.59",
        "9.0.60",
        "9.0.62"
      ],
      "database_specific": {
        "source": "https://github.com/github/advisory-database/blob/main/advisories/github-reviewed/2022/05/GHSA-r84p-88g2-2vx2/GHSA-r84p-88g2-2vx2.json"
      }
    },
    {
      "package": {
        "name": "org.apache.tomcat:tomcat",
        "ecosystem": "Maven",
        "purl": "pkg:maven/org.apache.tomcat/tomcat"
      },
      "ranges": [
        {
          "type": "ECOSYSTEM",
          "events": [
            {
              "introduced": "8.5.38"
            },
            {
              "fixed": "8.5.79"
            }
          ]
        }
      ],
      "versions": [
        "8.5.38",
        "8.5.39",
        "8.5.40",
        "8.5.41",
        "8.5.42",
        "8.5.43",
        "8.5.45",
        "8.5.46",
        "8.5.47",
        "8.5.49",
        "8.5.50",
        "8.5.51",
        "8.5.53",
        "8.5.54",
        "8.5.55",
        "8.5.56",
        "8.5.57",
        "8.5.58",
        "8.5.59",
        "8.5.60",
        "8.5.61",
        "8.5.63",
        "8.5.64",
        "8.5.65",
        "8.5.66",
        "8.5.68",
        "8.5.69",
        "8.5.70",
        "8.5.71",
        "8.5.72",
        "8.5.73",
        "8.5.75",
        "8.5.76",
        "8.5.77",
        "8.5.78"
      ],
      "database_specific": {
        "source": "https://github.com/github/advisory-database/blob/main/advisories/github-reviewed/2022/05/GHSA-r84p-88g2-2vx2/GHSA-r84p-88g2-2vx2.json"
      }
    }
  ],
  "schema_version": "1.6.0",
  "severity": [
    {
      "type": "CVSS_V3",
      "score": "CVSS:3.1/AV:N/AC:L/PR:N/UI:N/S:U/C:N/I:N/A:H"
    }
  ]
}