{
  "id": "GHSA-wrwq-4f2h-qxj8",
  "summary": "Stored XSS vulnerability in Custom Job Icon Plugin",
  "details": "Jenkins Custom Job Icon Plugin 0.2 and earlier does not escape the job descriptions in tooltips, resulting in a stored cross-site scripting (XSS) vulnerability exploitable by attackers with Job/Configure permission.",
  "aliases": [
    "CVE-2020-2264"
  ],
  "modified": "2023-11-08T04:03:01.014785Z",
  "published": "2022-05-24T17:28:26Z",
  "database_specific": {
    "nvd_published_at": "2020-09-16T14:15:00Z",
    "github_reviewed_at": "2022-12-29T01:43:36Z",
    "severity": "HIGH",
    "github_reviewed": true,
    "cwe_ids": [
      "CWE-79"
    ]
  },
  "references": [
    {
      "type": "ADVISORY",
      "url": "https://nvd.nist.gov/vuln/detail/CVE-2020-2264"
    },
    {
      "type": "PACKAGE",
      "url": "https://github.com/jenkinsci/custom-job-icon-plugin"
    },
    {
      "type": "WEB",
      "url": "https://www.jenkins.io/security/advisory/2020-09-16/#SECURITY-1914"
    },
    {
      "type": "WEB",
      "url": "http://www.openwall.com/lists/oss-security/2020/09/16/3"
    }
  ],
  "affected": [
    {
      "package": {
        "name": "org.jenkins-ci.plugins:custom-job-icon",
        "ecosystem": "Maven",
        "purl": "pkg:maven/org.jenkins-ci.plugins/custom-job-icon"
      },
      "ranges": [
        {
          "type": "ECOSYSTEM",
          "events": [
            {
              "introduced": "0"
            },
            {
              "last_affected": "0.2"
            }
          ]
        }
      ],
      "versions": [
        "0.1",
        "0.2"
      ],
      "database_specific": {
        "source": "https://github.com/github/advisory-database/blob/main/advisories/github-reviewed/2022/05/GHSA-wrwq-4f2h-qxj8/GHSA-wrwq-4f2h-qxj8.json"
      }
    }
  ],
  "schema_version": "1.6.0",
  "severity": [
    {
      "type": "CVSS_V3",
      "score": "CVSS:3.1/AV:N/AC:L/PR:L/UI:R/S:U/C:H/I:H/A:H"
    }
  ]
}