{
  "id": "GHSA-wp35-6jqv-r33m",
  "summary": "Apache XML-RPC XXE Vulnerability",
  "details": "XML external entity (XXE) vulnerability in the Apache XML-RPC (aka ws-xmlrpc) library 3.1.3, as used in Apache Archiva, allows remote attackers to conduct server-side request forgery (SSRF) attacks via a crafted DTD.",
  "aliases": [
    "CVE-2016-5002"
  ],
  "modified": "2024-02-16T08:03:03.693238Z",
  "published": "2022-05-14T01:53:10Z",
  "database_specific": {
    "nvd_published_at": "2017-10-27T18:29:00Z",
    "cwe_ids": [
      "CWE-611"
    ],
    "severity": "HIGH",
    "github_reviewed": true,
    "github_reviewed_at": "2023-07-28T18:41:18Z"
  },
  "references": [
    {
      "type": "ADVISORY",
      "url": "https://nvd.nist.gov/vuln/detail/CVE-2016-5002"
    },
    {
      "type": "WEB",
      "url": "https://access.redhat.com/errata/RHSA-2018:3768"
    },
    {
      "type": "WEB",
      "url": "https://exchange.xforce.ibmcloud.com/vulnerabilities/115042"
    },
    {
      "type": "WEB",
      "url": "https://security.gentoo.org/glsa/202401-26"
    },
    {
      "type": "WEB",
      "url": "https://web.archive.org/web/20210123151805/http://www.securityfocus.com/bid/91736"
    },
    {
      "type": "WEB",
      "url": "https://web.archive.org/web/20211021044107/http://www.securitytracker.com/id/1036294"
    },
    {
      "type": "WEB",
      "url": "https://web.archive.org/web/20230520164025/https://0ang3el.blogspot.com/2016/07/beware-of-ws-xmlrpc-library-in-your.html"
    },
    {
      "type": "WEB",
      "url": "http://www.openwall.com/lists/oss-security/2016/07/12/5"
    },
    {
      "type": "WEB",
      "url": "http://www.securityfocus.com/bid/91736"
    },
    {
      "type": "WEB",
      "url": "http://www.securitytracker.com/id/1036294"
    }
  ],
  "affected": [
    {
      "package": {
        "name": "org.apache.xmlrpc:xmlrpc",
        "ecosystem": "Maven",
        "purl": "pkg:maven/org.apache.xmlrpc/xmlrpc"
      },
      "ranges": [
        {
          "type": "ECOSYSTEM",
          "events": [
            {
              "introduced": "0"
            },
            {
              "last_affected": "3.1.3"
            }
          ]
        }
      ],
      "versions": [
        "3.0",
        "3.0b1",
        "3.0rc1",
        "3.1",
        "3.1.1",
        "3.1.2",
        "3.1.3"
      ],
      "database_specific": {
        "source": "https://github.com/github/advisory-database/blob/main/advisories/github-reviewed/2022/05/GHSA-wp35-6jqv-r33m/GHSA-wp35-6jqv-r33m.json"
      }
    }
  ],
  "schema_version": "1.6.0",
  "severity": [
    {
      "type": "CVSS_V3",
      "score": "CVSS:3.0/AV:L/AC:L/PR:N/UI:R/S:U/C:H/I:H/A:H"
    }
  ]
}