{
  "id": "GHSA-vcvp-89fq-hwj8",
  "summary": "Apache Sling Authentication Service vulnerability",
  "details": "A flaw in the org.apache.sling.auth.core.AuthUtil#isRedirectValid method in Apache Sling Authentication Service 1.4.0 allows an attacker, through the Sling login form, to trick a victim to send over their credentials.",
  "aliases": [
    "CVE-2017-15700"
  ],
  "modified": "2024-08-09T18:57:02.128360Z",
  "published": "2022-05-14T03:53:41Z",
  "database_specific": {
    "nvd_published_at": "2017-12-18T20:29:00Z",
    "cwe_ids": [
      "CWE-200"
    ],
    "severity": "HIGH",
    "github_reviewed": true,
    "github_reviewed_at": "2024-08-09T18:36:38Z"
  },
  "references": [
    {
      "type": "ADVISORY",
      "url": "https://nvd.nist.gov/vuln/detail/CVE-2017-15700"
    },
    {
      "type": "PACKAGE",
      "url": "https://github.com/apache/sling-org-apache-sling-auth-core"
    },
    {
      "type": "WEB",
      "url": "https://lists.apache.org/thread.html/182bed1dd6933824a81cc5f07639eeb813fbd8f2cc49d51b452ab621@%3Cdev.sling.apache.org%3E"
    }
  ],
  "affected": [
    {
      "package": {
        "name": "org.apache.sling:org.apache.sling.auth.core",
        "ecosystem": "Maven",
        "purl": "pkg:maven/org.apache.sling/org.apache.sling.auth.core"
      },
      "ranges": [
        {
          "type": "ECOSYSTEM",
          "events": [
            {
              "introduced": "1.4.0"
            },
            {
              "fixed": "1.4.2"
            }
          ]
        }
      ],
      "versions": [
        "1.4.0"
      ],
      "database_specific": {
        "source": "https://github.com/github/advisory-database/blob/main/advisories/github-reviewed/2022/05/GHSA-vcvp-89fq-hwj8/GHSA-vcvp-89fq-hwj8.json"
      }
    }
  ],
  "schema_version": "1.6.0",
  "severity": [
    {
      "type": "CVSS_V3",
      "score": "CVSS:3.0/AV:N/AC:L/PR:N/UI:R/S:U/C:H/I:H/A:H"
    },
    {
      "type": "CVSS_V4",
      "score": "CVSS:4.0/AV:N/AC:L/AT:N/PR:N/UI:P/VC:H/VI:H/VA:H/SC:N/SI:N/SA:N"
    }
  ]
}