{
  "id": "GHSA-rwhx-6hx7-pqc8",
  "summary": "SQL injection in jeecgboot",
  "details": "SQL injection vulnerbility in jeecgboot jeecg-boot v 3.0, 3.5.3 that allows a remote attacker to execute arbitrary code via a crafted request to the `report/jeecgboot/jmreport/queryFieldBySql` component.",
  "aliases": [
    "CVE-2023-40989"
  ],
  "modified": "2024-02-16T08:18:19.555901Z",
  "published": "2023-09-22T21:30:23Z",
  "database_specific": {
    "nvd_published_at": "2023-09-22T20:15:09Z",
    "cwe_ids": [
      "CWE-89"
    ],
    "severity": "CRITICAL",
    "github_reviewed": true,
    "github_reviewed_at": "2023-09-22T23:35:35Z"
  },
  "references": [
    {
      "type": "ADVISORY",
      "url": "https://nvd.nist.gov/vuln/detail/CVE-2023-40989"
    },
    {
      "type": "WEB",
      "url": "https://github.com/jeecgboot/jeecg-boot/commit/473875a9d261780a3400cf6f8260ca441b768ed1"
    },
    {
      "type": "WEB",
      "url": "https://github.com/jeecgboot/jeecg-boot/commit/56e81fbf7bce11d2762b691f5d965b2265be608"
    },
    {
      "type": "WEB",
      "url": "https://github.com/jeecgboot/jeecg-boot/commit/87677df925e55e51233bf740433b30a751fc7705"
    },
    {
      "type": "WEB",
      "url": "https://github.com/Zone1-Z/CVE-2023-40989/blob/main/CVE-2023-40989"
    },
    {
      "type": "PACKAGE",
      "url": "ttps://github.com/jeecgboot/jeecg-boot"
    }
  ],
  "affected": [
    {
      "package": {
        "name": "org.jeecgframework.boot:jeecg-boot-common",
        "ecosystem": "Maven",
        "purl": "pkg:maven/org.jeecgframework.boot/jeecg-boot-common"
      },
      "ranges": [
        {
          "type": "ECOSYSTEM",
          "events": [
            {
              "introduced": "0"
            },
            {
              "fixed": "3.6.0"
            }
          ]
        }
      ],
      "versions": [
        "3.4.0",
        "3.4.2",
        "3.4.3",
        "3.4.4",
        "3.5.0",
        "3.5.1",
        "3.5.2",
        "3.5.3",
        "3.5.4",
        "3.5.5"
      ],
      "database_specific": {
        "last_known_affected_version_range": "<= 3.5.3",
        "source": "https://github.com/github/advisory-database/blob/main/advisories/github-reviewed/2023/09/GHSA-rwhx-6hx7-pqc8/GHSA-rwhx-6hx7-pqc8.json"
      }
    }
  ],
  "schema_version": "1.6.0",
  "severity": [
    {
      "type": "CVSS_V3",
      "score": "CVSS:3.1/AV:N/AC:L/PR:N/UI:N/S:U/C:H/I:H/A:H"
    }
  ]
}