{
  "id": "GHSA-vf5v-6wjm-vr7v",
  "summary": "Stored XSS vulnerability in Jenkins Custom Checkbox Parameter Plugin",
  "details": "Custom Checkbox Parameter Plugin 1.4 and earlier does not escape the name and description of the parameter types it provides.\n\nThis results in a stored cross-site scripting (XSS) vulnerability exploitable by attackers with Item/Configure permission.\n\nExploitation of this vulnerability requires that parameters are listed on another page, like the \\\"Build With Parameters\\\" and \\\"Parameters\\\" pages provided by Jenkins (core), and that those pages are not hardened to prevent exploitation. Jenkins (core) has prevented exploitation of vulnerabilities of this kind on the \\\"Build With Parameters\\\" and \\\"Parameters\\\" pages since 2.44 and LTS 2.32.2 as part of the [SECURITY-353 / CVE-2017-2601](https://www.jenkins.io/security/advisory/2017-02-01/#persisted-cross-site-scripting-vulnerability-in-parameter-names-and-descriptions) fix. Additionally, several plugins have previously been updated to list parameters in a way that prevents exploitation by default, see [SECURITY-2617 in the 2022-04-12 security advisory for a list](https://www.jenkins.io/security/advisory/2022-04-12/#SECURITY-2617).",
  "aliases": [
    "CVE-2022-43425"
  ],
  "modified": "2023-11-08T04:10:43.455958Z",
  "published": "2022-10-19T19:00:22Z",
  "database_specific": {
    "nvd_published_at": "2022-10-19T16:15:00Z",
    "github_reviewed_at": "2022-10-19T22:01:53Z",
    "severity": "HIGH",
    "github_reviewed": true,
    "cwe_ids": [
      "CWE-79"
    ]
  },
  "references": [
    {
      "type": "ADVISORY",
      "url": "https://nvd.nist.gov/vuln/detail/CVE-2022-43425"
    },
    {
      "type": "PACKAGE",
      "url": "https://github.com/jenkinsci/custom-checkbox-parameter-plugin"
    },
    {
      "type": "WEB",
      "url": "https://www.jenkins.io/security/advisory/2022-10-19/#SECURITY-2797"
    },
    {
      "type": "WEB",
      "url": "http://www.openwall.com/lists/oss-security/2022/10/19/3"
    }
  ],
  "affected": [
    {
      "package": {
        "name": "io.jenkins.plugins:custom-checkbox-parameter",
        "ecosystem": "Maven",
        "purl": "pkg:maven/io.jenkins.plugins/custom-checkbox-parameter"
      },
      "ranges": [
        {
          "type": "ECOSYSTEM",
          "events": [
            {
              "introduced": "0"
            },
            {
              "last_affected": "1.4"
            }
          ]
        }
      ],
      "versions": [
        "1.0",
        "1.1",
        "1.2",
        "1.3",
        "1.4"
      ],
      "database_specific": {
        "source": "https://github.com/github/advisory-database/blob/main/advisories/github-reviewed/2022/10/GHSA-vf5v-6wjm-vr7v/GHSA-vf5v-6wjm-vr7v.json"
      }
    }
  ],
  "schema_version": "1.6.0",
  "severity": [
    {
      "type": "CVSS_V3",
      "score": "CVSS:3.1/AV:N/AC:L/PR:L/UI:R/S:U/C:H/I:H/A:H"
    }
  ]
}