{
  "id": "GHSA-rc44-5cmh-879m",
  "summary": "Unrestricted recursion in htmlunit",
  "details": "Those using HtmlUnit to browse untrusted webpages may be vulnerable to Denial of service attacks (DoS). If HtmlUnit is running on user supplied web pages, an attacker may supply content that causes HtmlUnit to crash by a stack overflow. This effect may support a denial of service attack. This issue affects HtmlUnit before 2.70.0.\n\n",
  "aliases": [
    "CVE-2023-2798"
  ],
  "modified": "2023-11-08T04:12:08.188072Z",
  "published": "2023-05-25T15:30:17Z",
  "database_specific": {
    "nvd_published_at": "2023-05-25T14:15:10Z",
    "cwe_ids": [
      "CWE-400",
      "CWE-787"
    ],
    "severity": "HIGH",
    "github_reviewed": true,
    "github_reviewed_at": "2023-05-25T17:02:56Z"
  },
  "references": [
    {
      "type": "ADVISORY",
      "url": "https://nvd.nist.gov/vuln/detail/CVE-2023-2798"
    },
    {
      "type": "WEB",
      "url": "https://github.com/HtmlUnit/htmlunit/commit/940dc7fd"
    },
    {
      "type": "WEB",
      "url": "https://bugs.chromium.org/p/oss-fuzz/issues/detail?id=54613"
    },
    {
      "type": "PACKAGE",
      "url": "https://github.com/HtmlUnit/htmlunit"
    },
    {
      "type": "WEB",
      "url": "https://github.com/HtmlUnit/htmlunit/releases/tag/2.70.0"
    }
  ],
  "affected": [
    {
      "package": {
        "name": "org.htmlunit:htmlunit",
        "ecosystem": "Maven",
        "purl": "pkg:maven/org.htmlunit/htmlunit"
      },
      "ranges": [
        {
          "type": "ECOSYSTEM",
          "events": [
            {
              "introduced": "0"
            },
            {
              "fixed": "2.70.0"
            }
          ]
        }
      ],
      "database_specific": {
        "source": "https://github.com/github/advisory-database/blob/main/advisories/github-reviewed/2023/05/GHSA-rc44-5cmh-879m/GHSA-rc44-5cmh-879m.json"
      },
      "versions": []
    }
  ],
  "schema_version": "1.6.0",
  "severity": [
    {
      "type": "CVSS_V3",
      "score": "CVSS:3.1/AV:N/AC:L/PR:N/UI:N/S:U/C:N/I:N/A:H"
    }
  ]
}