{
  "id": "GHSA-gq28-h5vg-8prx",
  "summary": "Privilege escalation in spring security",
  "details": "Spring Security 5.4.x prior to 5.4.4, 5.3.x prior to 5.3.8.RELEASE, 5.2.x prior to 5.2.9.RELEASE, and older unsupported versions can fail to save the SecurityContext if it is changed more than once in a single request.A malicious user cannot cause the bug to happen (it must be programmed in). However, if the application's intent is to only allow the user to run with elevated privileges in a small portion of the application, the bug can be leveraged to extend those privileges to the rest of the application.",
  "aliases": [
    "CVE-2021-22112"
  ],
  "modified": "2024-03-15T05:19:47.375850Z",
  "published": "2021-05-10T15:22:39Z",
  "database_specific": {
    "nvd_published_at": "2021-02-23T19:15:00Z",
    "cwe_ids": [
      "CWE-269"
    ],
    "severity": "HIGH",
    "github_reviewed": true,
    "github_reviewed_at": "2021-03-31T23:12:05Z"
  },
  "references": [
    {
      "type": "ADVISORY",
      "url": "https://nvd.nist.gov/vuln/detail/CVE-2021-22112"
    },
    {
      "type": "WEB",
      "url": "https://www.oracle.com/security-alerts/cpuoct2021.html"
    },
    {
      "type": "WEB",
      "url": "https://www.oracle.com/security-alerts/cpuApr2021.html"
    },
    {
      "type": "WEB",
      "url": "https://www.oracle.com//security-alerts/cpujul2021.html"
    },
    {
      "type": "WEB",
      "url": "https://www.jenkins.io/security/advisory/2021-02-19"
    },
    {
      "type": "WEB",
      "url": "https://tanzu.vmware.com/security/cve-2021-22112"
    },
    {
      "type": "WEB",
      "url": "https://lists.apache.org/thread.html/redbd004a503b3520ae5746c2ab5e93fd7da807a8c128e60d2002cd9b@%3Cissues.nifi.apache.org%3E"
    },
    {
      "type": "WEB",
      "url": "https://lists.apache.org/thread.html/ra6389b1b82108a3b6bbcd22979f7665fd437c2a3408c9509a15a9ca1@%3Cpluto-dev.portals.apache.org%3E"
    },
    {
      "type": "WEB",
      "url": "https://lists.apache.org/thread.html/ra53677224fe4f04c2599abc88032076faa18dc84b329cdeba85d4cfc@%3Cpluto-scm.portals.apache.org%3E"
    },
    {
      "type": "WEB",
      "url": "https://lists.apache.org/thread.html/r89aa1b48a827f5641310305214547f1d6b2101971a49b624737c497f@%3Cpluto-dev.portals.apache.org%3E"
    },
    {
      "type": "WEB",
      "url": "https://lists.apache.org/thread.html/r413e380088c427f56102968df89ef2f336473e1b56b7d4b3a571a378@%3Cpluto-dev.portals.apache.org%3E"
    },
    {
      "type": "WEB",
      "url": "https://lists.apache.org/thread.html/r390783b3b1c59b978131ac08390bf77fbb3863270cbde59d5b0f5fde@%3Cpluto-dev.portals.apache.org%3E"
    },
    {
      "type": "WEB",
      "url": "https://lists.apache.org/thread.html/r3868207b967f926819fe3aa8d33f1666429be589bb4a62104a49f4e3@%3Cpluto-dev.portals.apache.org%3E"
    },
    {
      "type": "WEB",
      "url": "https://lists.apache.org/thread.html/r37423ec7eea340e92a409452c35b649dce02fdc467f0b3f52086c177@%3Cpluto-dev.portals.apache.org%3E"
    },
    {
      "type": "WEB",
      "url": "https://lists.apache.org/thread.html/r2cb05e499807900ba23e539643eead9c5f0652fd271f223f89da1804@%3Cpluto-scm.portals.apache.org%3E"
    },
    {
      "type": "WEB",
      "url": "https://lists.apache.org/thread.html/r163b3e4e39803882f5be05ee8606b2b9812920e196daa2a82997ce14@%3Cpluto-dev.portals.apache.org%3E"
    },
    {
      "type": "WEB",
      "url": "https://github.com/spring-projects/spring-security/releases/tag/5.4.4"
    },
    {
      "type": "PACKAGE",
      "url": "https://github.com/spring-projects/spring-security"
    },
    {
      "type": "WEB",
      "url": "http://www.openwall.com/lists/oss-security/2021/02/19/7"
    }
  ],
  "affected": [
    {
      "package": {
        "name": "org.springframework.security:spring-security-bom",
        "ecosystem": "Maven",
        "purl": "pkg:maven/org.springframework.security/spring-security-bom"
      },
      "ranges": [
        {
          "type": "ECOSYSTEM",
          "events": [
            {
              "introduced": "5.4.0"
            },
            {
              "fixed": "5.4.4"
            }
          ]
        }
      ],
      "versions": [
        "5.4.0",
        "5.4.1",
        "5.4.2",
        "5.4.3"
      ],
      "database_specific": {
        "source": "https://github.com/github/advisory-database/blob/main/advisories/github-reviewed/2021/05/GHSA-gq28-h5vg-8prx/GHSA-gq28-h5vg-8prx.json"
      }
    },
    {
      "package": {
        "name": "org.springframework.security:spring-security-bom",
        "ecosystem": "Maven",
        "purl": "pkg:maven/org.springframework.security/spring-security-bom"
      },
      "ranges": [
        {
          "type": "ECOSYSTEM",
          "events": [
            {
              "introduced": "5.3.0"
            },
            {
              "fixed": "5.3.8"
            }
          ]
        }
      ],
      "versions": [
        "5.3.0.RELEASE",
        "5.3.1.RELEASE",
        "5.3.2.RELEASE",
        "5.3.3.RELEASE",
        "5.3.4.RELEASE",
        "5.3.5.RELEASE",
        "5.3.6.RELEASE",
        "5.3.7.RELEASE"
      ],
      "database_specific": {
        "source": "https://github.com/github/advisory-database/blob/main/advisories/github-reviewed/2021/05/GHSA-gq28-h5vg-8prx/GHSA-gq28-h5vg-8prx.json"
      }
    },
    {
      "package": {
        "name": "org.springframework.security:spring-security-bom",
        "ecosystem": "Maven",
        "purl": "pkg:maven/org.springframework.security/spring-security-bom"
      },
      "ranges": [
        {
          "type": "ECOSYSTEM",
          "events": [
            {
              "introduced": "0"
            },
            {
              "fixed": "5.2.9"
            }
          ]
        }
      ],
      "versions": [
        "3.2.0.RELEASE",
        "3.2.1.RELEASE",
        "3.2.10.RELEASE",
        "3.2.2.RELEASE",
        "3.2.3.RELEASE",
        "3.2.4.RELEASE",
        "3.2.5.RELEASE",
        "3.2.6.RELEASE",
        "3.2.7.RELEASE",
        "3.2.8.RELEASE",
        "3.2.9.RELEASE",
        "4.0.0.RELEASE",
        "4.0.1.RELEASE",
        "4.0.2.RELEASE",
        "4.0.3.RELEASE",
        "4.0.4.RELEASE",
        "4.1.0.RELEASE",
        "4.1.1.RELEASE",
        "4.1.2.RELEASE",
        "4.1.3.RELEASE",
        "4.1.4.RELEASE",
        "4.1.5.RELEASE",
        "4.2.0.RELEASE",
        "4.2.1.RELEASE",
        "4.2.10.RELEASE",
        "4.2.11.RELEASE",
        "4.2.12.RELEASE",
        "4.2.13.RELEASE",
        "4.2.14.RELEASE",
        "4.2.15.RELEASE",
        "4.2.16.RELEASE",
        "4.2.17.RELEASE",
        "4.2.18.RELEASE",
        "4.2.19.RELEASE",
        "4.2.2.RELEASE",
        "4.2.20.RELEASE",
        "4.2.3.RELEASE",
        "4.2.4.RELEASE",
        "4.2.5.RELEASE",
        "4.2.6.RELEASE",
        "4.2.7.RELEASE",
        "4.2.8.RELEASE",
        "4.2.9.RELEASE",
        "5.0.0.RELEASE",
        "5.0.1.RELEASE",
        "5.0.10.RELEASE",
        "5.0.11.RELEASE",
        "5.0.12.RELEASE",
        "5.0.13.RELEASE",
        "5.0.14.RELEASE",
        "5.0.15.RELEASE",
        "5.0.16.RELEASE",
        "5.0.17.RELEASE",
        "5.0.18.RELEASE",
        "5.0.19.RELEASE",
        "5.0.2.RELEASE",
        "5.0.3.RELEASE",
        "5.0.4.RELEASE",
        "5.0.5.RELEASE",
        "5.0.6.RELEASE",
        "5.0.7.RELEASE",
        "5.0.8.RELEASE",
        "5.0.9.RELEASE",
        "5.1.0.RELEASE",
        "5.1.1.RELEASE",
        "5.1.10.RELEASE",
        "5.1.11.RELEASE",
        "5.1.12.RELEASE",
        "5.1.13.RELEASE",
        "5.1.2.RELEASE",
        "5.1.3.RELEASE",
        "5.1.4.RELEASE",
        "5.1.5.RELEASE",
        "5.1.6.RELEASE",
        "5.1.7.RELEASE",
        "5.1.8.RELEASE",
        "5.1.9.RELEASE",
        "5.2.0.RELEASE",
        "5.2.1.RELEASE",
        "5.2.2.RELEASE",
        "5.2.3.RELEASE",
        "5.2.4.RELEASE",
        "5.2.5.RELEASE",
        "5.2.6.RELEASE",
        "5.2.7.RELEASE",
        "5.2.8.RELEASE"
      ],
      "database_specific": {
        "source": "https://github.com/github/advisory-database/blob/main/advisories/github-reviewed/2021/05/GHSA-gq28-h5vg-8prx/GHSA-gq28-h5vg-8prx.json"
      }
    },
    {
      "package": {
        "name": "org.springframework.security:spring-security-web",
        "ecosystem": "Maven",
        "purl": "pkg:maven/org.springframework.security/spring-security-web"
      },
      "ranges": [
        {
          "type": "ECOSYSTEM",
          "events": [
            {
              "introduced": "5.4.0"
            },
            {
              "fixed": "5.4.4"
            }
          ]
        }
      ],
      "versions": [
        "5.4.0",
        "5.4.1",
        "5.4.2",
        "5.4.3"
      ],
      "database_specific": {
        "source": "https://github.com/github/advisory-database/blob/main/advisories/github-reviewed/2021/05/GHSA-gq28-h5vg-8prx/GHSA-gq28-h5vg-8prx.json"
      }
    },
    {
      "package": {
        "name": "org.springframework.security:spring-security-web",
        "ecosystem": "Maven",
        "purl": "pkg:maven/org.springframework.security/spring-security-web"
      },
      "ranges": [
        {
          "type": "ECOSYSTEM",
          "events": [
            {
              "introduced": "5.3.0"
            },
            {
              "fixed": "5.3.8"
            }
          ]
        }
      ],
      "versions": [
        "5.3.0.RELEASE",
        "5.3.1.RELEASE",
        "5.3.2.RELEASE",
        "5.3.3.RELEASE",
        "5.3.4.RELEASE",
        "5.3.5.RELEASE",
        "5.3.6.RELEASE",
        "5.3.7.RELEASE"
      ],
      "database_specific": {
        "source": "https://github.com/github/advisory-database/blob/main/advisories/github-reviewed/2021/05/GHSA-gq28-h5vg-8prx/GHSA-gq28-h5vg-8prx.json"
      }
    },
    {
      "package": {
        "name": "org.springframework.security:spring-security-web",
        "ecosystem": "Maven",
        "purl": "pkg:maven/org.springframework.security/spring-security-web"
      },
      "ranges": [
        {
          "type": "ECOSYSTEM",
          "events": [
            {
              "introduced": "0"
            },
            {
              "fixed": "5.2.9"
            }
          ]
        }
      ],
      "versions": [
        "3.0.0.RELEASE",
        "3.0.1.RELEASE",
        "3.0.2.RELEASE",
        "3.0.3.RELEASE",
        "3.0.4.RELEASE",
        "3.0.5.RELEASE",
        "3.0.6.RELEASE",
        "3.0.7.RELEASE",
        "3.0.8.RELEASE",
        "3.1.0.RELEASE",
        "3.1.1.RELEASE",
        "3.1.2.RELEASE",
        "3.1.3.RELEASE",
        "3.1.4.RELEASE",
        "3.1.5.RELEASE",
        "3.1.6.RELEASE",
        "3.1.7.RELEASE",
        "3.2.0.RELEASE",
        "3.2.1.RELEASE",
        "3.2.10.RELEASE",
        "3.2.2.RELEASE",
        "3.2.3.RELEASE",
        "3.2.4.RELEASE",
        "3.2.5.RELEASE",
        "3.2.6.RELEASE",
        "3.2.7.RELEASE",
        "3.2.8.RELEASE",
        "3.2.9.RELEASE",
        "4.0.0.RELEASE",
        "4.0.1.RELEASE",
        "4.0.2.RELEASE",
        "4.0.3.RELEASE",
        "4.0.4.RELEASE",
        "4.1.0.RELEASE",
        "4.1.1.RELEASE",
        "4.1.2.RELEASE",
        "4.1.3.RELEASE",
        "4.1.4.RELEASE",
        "4.1.5.RELEASE",
        "4.2.0.RELEASE",
        "4.2.1.RELEASE",
        "4.2.10.RELEASE",
        "4.2.11.RELEASE",
        "4.2.12.RELEASE",
        "4.2.13.RELEASE",
        "4.2.14.RELEASE",
        "4.2.15.RELEASE",
        "4.2.16.RELEASE",
        "4.2.17.RELEASE",
        "4.2.18.RELEASE",
        "4.2.19.RELEASE",
        "4.2.2.RELEASE",
        "4.2.20.RELEASE",
        "4.2.3.RELEASE",
        "4.2.4.RELEASE",
        "4.2.5.RELEASE",
        "4.2.6.RELEASE",
        "4.2.7.RELEASE",
        "4.2.8.RELEASE",
        "4.2.9.RELEASE",
        "5.0.0.RELEASE",
        "5.0.1.RELEASE",
        "5.0.10.RELEASE",
        "5.0.11.RELEASE",
        "5.0.12.RELEASE",
        "5.0.13.RELEASE",
        "5.0.14.RELEASE",
        "5.0.15.RELEASE",
        "5.0.16.RELEASE",
        "5.0.17.RELEASE",
        "5.0.18.RELEASE",
        "5.0.19.RELEASE",
        "5.0.2.RELEASE",
        "5.0.3.RELEASE",
        "5.0.4.RELEASE",
        "5.0.5.RELEASE",
        "5.0.6.RELEASE",
        "5.0.7.RELEASE",
        "5.0.8.RELEASE",
        "5.0.9.RELEASE",
        "5.1.0.RELEASE",
        "5.1.1.RELEASE",
        "5.1.10.RELEASE",
        "5.1.11.RELEASE",
        "5.1.12.RELEASE",
        "5.1.13.RELEASE",
        "5.1.2.RELEASE",
        "5.1.3.RELEASE",
        "5.1.4.RELEASE",
        "5.1.5.RELEASE",
        "5.1.6.RELEASE",
        "5.1.7.RELEASE",
        "5.1.8.RELEASE",
        "5.1.9.RELEASE",
        "5.2.0.RELEASE",
        "5.2.1.RELEASE",
        "5.2.2.RELEASE",
        "5.2.3.RELEASE",
        "5.2.4.RELEASE",
        "5.2.5.RELEASE",
        "5.2.6.RELEASE",
        "5.2.7.RELEASE",
        "5.2.8.RELEASE"
      ],
      "database_specific": {
        "source": "https://github.com/github/advisory-database/blob/main/advisories/github-reviewed/2021/05/GHSA-gq28-h5vg-8prx/GHSA-gq28-h5vg-8prx.json"
      }
    }
  ],
  "schema_version": "1.6.0",
  "severity": [
    {
      "type": "CVSS_V3",
      "score": "CVSS:3.1/AV:N/AC:L/PR:L/UI:N/S:U/C:H/I:H/A:H"
    }
  ]
}