{
  "id": "GHSA-p9qj-4rjp-j3w9",
  "summary": "Apache Directory Studio Command Injection",
  "details": "The CSV export in Apache LDAP Studio and Apache Directory Studio before 2.0.0-M10 does not properly escape field values, which might allow attackers to execute arbitrary commands by leveraging a crafted LDAP entry that is interpreted as a formula when imported into a spreadsheet.",
  "aliases": [
    "CVE-2015-5349"
  ],
  "modified": "2024-02-16T08:04:26.611507Z",
  "published": "2022-05-13T01:07:08Z",
  "database_specific": {
    "nvd_published_at": "2016-04-11T21:59:00Z",
    "cwe_ids": [
      "CWE-77"
    ],
    "severity": "HIGH",
    "github_reviewed": true,
    "github_reviewed_at": "2023-08-01T00:05:06Z"
  },
  "references": [
    {
      "type": "ADVISORY",
      "url": "https://nvd.nist.gov/vuln/detail/CVE-2015-5349"
    },
    {
      "type": "WEB",
      "url": "https://github.com/apache/directory-studio/commit/ac57a26fcb98aa17fe9534575cf5fdad00a1c839"
    },
    {
      "type": "WEB",
      "url": "https://directory.apache.org/studio/news.html"
    },
    {
      "type": "PACKAGE",
      "url": "https://github.com/apache/directory-studio"
    },
    {
      "type": "WEB",
      "url": "https://lists.apache.org/thread.html/reb5443aaf781b364896ee9d7cf6e97fdc4f5a5174132c319252963b6@%3Ccommits.directory.apache.org%3E"
    },
    {
      "type": "WEB",
      "url": "https://web.archive.org/web/20201209040832/http://www.securityfocus.com/archive/1/537225/100/0/threaded"
    }
  ],
  "affected": [
    {
      "package": {
        "name": "org.apache.directory.studio:org.apache.directory.studio.ldapbrowser.core",
        "ecosystem": "Maven",
        "purl": "pkg:maven/org.apache.directory.studio/org.apache.directory.studio.ldapbrowser.core"
      },
      "ranges": [
        {
          "type": "ECOSYSTEM",
          "events": [
            {
              "introduced": "0"
            },
            {
              "fixed": "2.0.0.v20151221-M10"
            }
          ]
        }
      ],
      "versions": [
        "2.0.0.v20150606-M9"
      ],
      "database_specific": {
        "source": "https://github.com/github/advisory-database/blob/main/advisories/github-reviewed/2022/05/GHSA-p9qj-4rjp-j3w9/GHSA-p9qj-4rjp-j3w9.json"
      }
    }
  ],
  "schema_version": "1.6.0",
  "severity": [
    {
      "type": "CVSS_V3",
      "score": "CVSS:3.0/AV:L/AC:L/PR:N/UI:R/S:U/C:H/I:H/A:H"
    }
  ]
}