{
  "id": "GHSA-rwrx-x2hw-9h5w",
  "summary": "Apache Sling Resource Merger has Excessive Iteration vulnerability",
  "details": "Excessive Iteration vulnerability in Apache Software Foundation Apache Sling Resource Merger. This issue affects Apache Sling Resource Merger: from 1.2.0 before 1.4.2.",
  "aliases": [
    "CVE-2023-26513"
  ],
  "modified": "2023-11-08T04:12:02.581196Z",
  "published": "2023-03-20T15:30:20Z",
  "database_specific": {
    "nvd_published_at": "2023-03-20T13:15:00Z",
    "github_reviewed_at": "2023-03-20T17:28:36Z",
    "severity": "HIGH",
    "github_reviewed": true,
    "cwe_ids": [
      "CWE-834"
    ]
  },
  "references": [
    {
      "type": "ADVISORY",
      "url": "https://nvd.nist.gov/vuln/detail/CVE-2023-26513"
    },
    {
      "type": "WEB",
      "url": "https://issues.apache.org/jira/browse/SLING-11776"
    },
    {
      "type": "WEB",
      "url": "https://lists.apache.org/thread/xpcpo1y88ldss5hgmvogsf6h3735l5zb"
    }
  ],
  "affected": [
    {
      "package": {
        "name": "org.apache.sling:org.apache.sling.resourcemerger",
        "ecosystem": "Maven",
        "purl": "pkg:maven/org.apache.sling/org.apache.sling.resourcemerger"
      },
      "ranges": [
        {
          "type": "ECOSYSTEM",
          "events": [
            {
              "introduced": "1.2.0"
            },
            {
              "fixed": "1.4.2"
            }
          ]
        }
      ],
      "versions": [
        "1.2.0",
        "1.2.10",
        "1.2.4",
        "1.2.6",
        "1.2.8",
        "1.3.0",
        "1.3.10",
        "1.3.2",
        "1.3.4",
        "1.3.6",
        "1.3.8",
        "1.4.0"
      ],
      "database_specific": {
        "source": "https://github.com/github/advisory-database/blob/main/advisories/github-reviewed/2023/03/GHSA-rwrx-x2hw-9h5w/GHSA-rwrx-x2hw-9h5w.json"
      }
    }
  ],
  "schema_version": "1.6.0",
  "severity": [
    {
      "type": "CVSS_V3",
      "score": "CVSS:3.1/AV:N/AC:L/PR:N/UI:N/S:U/C:N/I:N/A:H"
    }
  ]
}