{
  "id": "GHSA-75m3-f4hr-2vh9",
  "summary": "jjson vulnerable to stack exhaustion",
  "details": "An issue was discovered jjson through 0.1.7 allows attackers to cause a denial of service or other unspecified impacts via crafted objects that deeply nested structures.",
  "aliases": [
    "CVE-2023-35110"
  ],
  "modified": "2024-02-16T08:13:01.520597Z",
  "published": "2023-06-14T15:30:39Z",
  "database_specific": {
    "nvd_published_at": "2023-06-14T14:15:10Z",
    "cwe_ids": [
      "CWE-400",
      "CWE-787"
    ],
    "severity": "HIGH",
    "github_reviewed": true,
    "github_reviewed_at": "2023-06-14T21:11:23Z"
  },
  "references": [
    {
      "type": "ADVISORY",
      "url": "https://nvd.nist.gov/vuln/detail/CVE-2023-35110"
    },
    {
      "type": "WEB",
      "url": "https://github.com/grobmeier/jjson/issues/2"
    },
    {
      "type": "PACKAGE",
      "url": "https://github.com/grobmeier/jjson"
    }
  ],
  "affected": [
    {
      "package": {
        "name": "de.grobmeier.json:jjson",
        "ecosystem": "Maven",
        "purl": "pkg:maven/de.grobmeier.json/jjson"
      },
      "ranges": [
        {
          "type": "ECOSYSTEM",
          "events": [
            {
              "introduced": "0"
            },
            {
              "last_affected": "0.1.7"
            }
          ]
        }
      ],
      "versions": [
        "0.1.2",
        "0.1.4",
        "0.1.7"
      ],
      "database_specific": {
        "source": "https://github.com/github/advisory-database/blob/main/advisories/github-reviewed/2023/06/GHSA-75m3-f4hr-2vh9/GHSA-75m3-f4hr-2vh9.json"
      }
    }
  ],
  "schema_version": "1.6.0",
  "severity": [
    {
      "type": "CVSS_V3",
      "score": "CVSS:3.1/AV:N/AC:L/PR:N/UI:N/S:U/C:N/I:N/A:H"
    }
  ]
}