{
  "id": "GHSA-fhj6-gr87-g4cj",
  "summary": "XML External Entity Reference in ureport",
  "details": "An XML External Entity (XXE) vulnerability in ureport v2.2.9 allows attackers to execute arbitrary code via uploading a crafted XML file to /ureport/designer/saveReportFile.",
  "aliases": [
    "CVE-2023-24187"
  ],
  "modified": "2023-11-08T04:11:43.882926Z",
  "published": "2023-02-14T03:30:20Z",
  "database_specific": {
    "nvd_published_at": "2023-02-14T02:15:00Z",
    "github_reviewed_at": "2023-02-14T21:56:11Z",
    "severity": "HIGH",
    "github_reviewed": true,
    "cwe_ids": [
      "CWE-611"
    ]
  },
  "references": [
    {
      "type": "ADVISORY",
      "url": "https://nvd.nist.gov/vuln/detail/CVE-2023-24187"
    },
    {
      "type": "WEB",
      "url": "https://github.com/Venus-WQLab/bug_report/blob/main/ureport/ureport-cve-2023-24187.md"
    },
    {
      "type": "WEB",
      "url": "https://github.com/cgddgc/vulns/blob/main/ureport2-vuln-des.md"
    },
    {
      "type": "PACKAGE",
      "url": "https://github.com/youseries/ureport"
    },
    {
      "type": "WEB",
      "url": "http://ureport.com"
    }
  ],
  "affected": [
    {
      "package": {
        "name": "com.bstek.ureport:ureport2-core",
        "ecosystem": "Maven",
        "purl": "pkg:maven/com.bstek.ureport/ureport2-core"
      },
      "ranges": [
        {
          "type": "ECOSYSTEM",
          "events": [
            {
              "introduced": "0"
            },
            {
              "last_affected": "2.2.9"
            }
          ]
        }
      ],
      "versions": [
        "2.0.0",
        "2.0.1",
        "2.0.2",
        "2.0.3",
        "2.0.4",
        "2.0.5",
        "2.0.6",
        "2.0.7",
        "2.0.8",
        "2.0.9",
        "2.1.0",
        "2.1.1",
        "2.1.2",
        "2.1.3",
        "2.1.4",
        "2.1.5",
        "2.2",
        "2.2.1",
        "2.2.2",
        "2.2.3",
        "2.2.4",
        "2.2.5",
        "2.2.6",
        "2.2.7",
        "2.2.8",
        "2.2.9"
      ],
      "database_specific": {
        "source": "https://github.com/github/advisory-database/blob/main/advisories/github-reviewed/2023/02/GHSA-fhj6-gr87-g4cj/GHSA-fhj6-gr87-g4cj.json"
      }
    }
  ],
  "schema_version": "1.6.0",
  "severity": [
    {
      "type": "CVSS_V3",
      "score": "CVSS:3.1/AV:L/AC:L/PR:N/UI:R/S:U/C:H/I:H/A:H"
    }
  ]
}