{
  "id": "GHSA-cjr8-5rw4-wh65",
  "summary": "Jenkins Splunk Plugin Sandbox Bypass",
  "details": "Jenkins Splunk Plugin has a form validation HTTP endpoint used to validate a user-submitted Groovy script through compilation, which was not subject to sandbox protection. This allowed attackers with Overall/Read access to execute arbitrary code on the Jenkins controller by applying AST transforming annotations such as `@Grab` to source code elements.\n\nThe affected HTTP endpoint now applies a safe Groovy compiler configuration preventing the use of unsafe AST transforming annotations.",
  "aliases": [
    "CVE-2019-10390"
  ],
  "modified": "2024-02-16T08:17:32.923891Z",
  "published": "2022-05-24T16:55:01Z",
  "database_specific": {
    "nvd_published_at": "2019-08-28T16:15:00Z",
    "cwe_ids": [],
    "severity": "HIGH",
    "github_reviewed": true,
    "github_reviewed_at": "2023-10-26T23:01:32Z"
  },
  "references": [
    {
      "type": "ADVISORY",
      "url": "https://nvd.nist.gov/vuln/detail/CVE-2019-10390"
    },
    {
      "type": "WEB",
      "url": "https://github.com/jenkinsci/splunk-devops-plugin/commit/58db2878a7faa4c34f73774f28740e5ac8041928"
    },
    {
      "type": "WEB",
      "url": "https://jenkins.io/security/advisory/2019-08-28/#SECURITY-1294"
    },
    {
      "type": "WEB",
      "url": "http://www.openwall.com/lists/oss-security/2019/08/28/4"
    }
  ],
  "affected": [
    {
      "package": {
        "name": "com.splunk.splunkins:splunk-devops",
        "ecosystem": "Maven",
        "purl": "pkg:maven/com.splunk.splunkins/splunk-devops"
      },
      "ranges": [
        {
          "type": "ECOSYSTEM",
          "events": [
            {
              "introduced": "0"
            },
            {
              "fixed": "1.8.0"
            }
          ]
        }
      ],
      "versions": [
        "1.0",
        "1.1",
        "1.2",
        "1.3",
        "1.3.1",
        "1.4",
        "1.4.1",
        "1.4.2",
        "1.4.3",
        "1.5.0",
        "1.5.1",
        "1.5.2",
        "1.5.3",
        "1.6.0",
        "1.6.1",
        "1.6.2",
        "1.6.3",
        "1.6.4",
        "1.6.5",
        "1.7.0",
        "1.7.1",
        "1.7.2",
        "1.7.3",
        "1.7.4"
      ],
      "database_specific": {
        "source": "https://github.com/github/advisory-database/blob/main/advisories/github-reviewed/2022/05/GHSA-cjr8-5rw4-wh65/GHSA-cjr8-5rw4-wh65.json"
      }
    }
  ],
  "schema_version": "1.6.0",
  "severity": [
    {
      "type": "CVSS_V3",
      "score": "CVSS:3.0/AV:N/AC:L/PR:L/UI:N/S:U/C:H/I:H/A:H"
    }
  ]
}