{
  "id": "GHSA-737w-mh58-cxjp",
  "summary": "Arbitrary code execution in Apache Struts",
  "details": "Apache Struts 2 before 2.3.14.2 allows remote attackers to execute arbitrary OGNL code via a crafted request that is not properly handled when using the includeParams attribute in the (1) URL or (2) A tag.",
  "aliases": [
    "CVE-2013-1966"
  ],
  "modified": "2024-02-16T08:11:25.804385Z",
  "published": "2022-05-14T00:54:15Z",
  "database_specific": {
    "nvd_published_at": "2013-07-10T19:55:00Z",
    "cwe_ids": [
      "CWE-94"
    ],
    "severity": "HIGH",
    "github_reviewed": true,
    "github_reviewed_at": "2022-11-03T22:54:13Z"
  },
  "references": [
    {
      "type": "ADVISORY",
      "url": "https://nvd.nist.gov/vuln/detail/CVE-2013-1966"
    },
    {
      "type": "WEB",
      "url": "https://github.com/apache/struts/commit/7e6f641ebb142663cbd1653dc49bed725edf7f56"
    },
    {
      "type": "WEB",
      "url": "https://bugzilla.redhat.com/show_bug.cgi?id=967656"
    },
    {
      "type": "WEB",
      "url": "https://cwiki.apache.org/confluence/display/WW/S2-013"
    },
    {
      "type": "PACKAGE",
      "url": "https://github.com/apache/struts"
    },
    {
      "type": "WEB",
      "url": "http://struts.apache.org/development/2.x/docs/s2-013.html"
    }
  ],
  "affected": [
    {
      "package": {
        "name": "org.apache.struts:struts2-core",
        "ecosystem": "Maven",
        "purl": "pkg:maven/org.apache.struts/struts2-core"
      },
      "ranges": [
        {
          "type": "ECOSYSTEM",
          "events": [
            {
              "introduced": "2.0.0"
            },
            {
              "fixed": "2.3.14.2"
            }
          ]
        }
      ],
      "versions": [
        "2.0.11",
        "2.0.11.1",
        "2.0.11.2",
        "2.0.12",
        "2.0.14",
        "2.0.5",
        "2.0.6",
        "2.0.8",
        "2.0.9",
        "2.1.2",
        "2.1.6",
        "2.1.8",
        "2.1.8.1",
        "2.2.1",
        "2.2.1.1",
        "2.2.3",
        "2.2.3.1",
        "2.3.1",
        "2.3.1.1",
        "2.3.1.2",
        "2.3.12",
        "2.3.14",
        "2.3.14.1",
        "2.3.3",
        "2.3.4",
        "2.3.4.1",
        "2.3.7",
        "2.3.8"
      ],
      "database_specific": {
        "source": "https://github.com/github/advisory-database/blob/main/advisories/github-reviewed/2022/05/GHSA-737w-mh58-cxjp/GHSA-737w-mh58-cxjp.json"
      }
    },
    {
      "package": {
        "name": "org.apache.struts.xwork:xwork-core",
        "ecosystem": "Maven",
        "purl": "pkg:maven/org.apache.struts.xwork/xwork-core"
      },
      "ranges": [
        {
          "type": "ECOSYSTEM",
          "events": [
            {
              "introduced": "2.0.0"
            },
            {
              "fixed": "2.3.14.2"
            }
          ]
        }
      ],
      "versions": [
        "2.2.1",
        "2.2.1.1",
        "2.2.3",
        "2.2.3.1",
        "2.3.1",
        "2.3.1.1",
        "2.3.1.2",
        "2.3.12",
        "2.3.14",
        "2.3.14.1",
        "2.3.3",
        "2.3.4",
        "2.3.4.1",
        "2.3.7",
        "2.3.8"
      ],
      "database_specific": {
        "source": "https://github.com/github/advisory-database/blob/main/advisories/github-reviewed/2022/05/GHSA-737w-mh58-cxjp/GHSA-737w-mh58-cxjp.json"
      }
    }
  ],
  "schema_version": "1.6.0"
}