{
  "id": "GHSA-c558-5gfm-p2r8",
  "summary": "JSPUI spellcheck and autocomplete tools vulnerable to Cross Site Scripting",
  "details": "### Impact\nThe JSPUI spellcheck \"Did you mean\" HTML escapes the data-spell attribute in the link, but not the actual displayed text.  Similarly, the JSPUI autocomplete HTML does not properly escape text passed to it. Both are vulnerable to XSS.  This vulnerability only impacts the JSPUI.\n\n_This vulnerability does NOT impact the XMLUI or 7.x._\n\n### Patches\n_DSpace 6.x:_\n* Fixed in 6.4 via two commits: \n    * Fix for spellcheck: https://github.com/DSpace/DSpace/commit/ebb83a75234d3de9be129464013e998dc929b68d\n    * Fix for autocomplete: https://github.com/DSpace/DSpace/commit/35030a23e48b5946f5853332c797e1c4adea7bb7\n* 6.x patch files available (may be applied manually if an immediate upgrade to 6.4 or above is not possible)\n    * Fix for spellcheck: https://github.com/DSpace/DSpace/commit/ebb83a75234d3de9be129464013e998dc929b68d.patch\n    * Fix for autocomplete: https://github.com/DSpace/DSpace/commit/35030a23e48b5946f5853332c797e1c4adea7bb7.patch\n\n_DSpace 5.x:_\n* Fixed in 5.11 via two commits: \n    * Fix for spellcheck: https://github.com/DSpace/DSpace/commit/c89e493e517b424dea6175caba54e91d3847fc3a\n    * Fix for autocomplete: https://github.com/DSpace/DSpace/commit/6f75bb084ab1937d094208c55cd84340040bcbb5\n* 5.x patch files available (may be applied manually if an immediate upgrade to 5.11 or 6.4 is not possible)\n    * Fix for spellcheck: https://github.com/DSpace/DSpace/commit/c89e493e517b424dea6175caba54e91d3847fc3a.patch\n    * Fix for autocomplete: https://github.com/DSpace/DSpace/commit/6f75bb084ab1937d094208c55cd84340040bcbb5.patch\n\n#### Apply the patch to your DSpace\nIf at all possible, we recommend upgrading your DSpace site based on the upgrade instructions. However, if you are unable to do so, you can manually apply the above patches as follows:\n1. Download the appropriate patch file to the machine where DSpace is running\n2. From the `[dspace-src]` folder, apply the patch, e.g. `git apply [name-of-file].patch`\n3. Now, update your DSpace site (based loosely on the Upgrade instructions). This generally involves three steps:\n    1. Rebuild DSpace, e.g. `mvn -U clean package`  (This will recompile all DSpace code)\n    2. Redeploy DSpace, e.g. `ant update`  (This will copy all updated WARs / configs to your installation directory). Depending on your setup you also may need to copy the updated WARs over to your Tomcat webapps folder.\n    3. Restart Tomcat\n\n### References\nDiscovered & reported by Hassan Bhuiyan (Brunel University London)\n\n### For more information\nIf you have any questions or comments about this advisory:\n* Email us at security@dspace.org",
  "aliases": [
    "CVE-2022-31191"
  ],
  "modified": "2023-11-08T04:09:29.505254Z",
  "published": "2022-08-06T05:46:14Z",
  "database_specific": {
    "nvd_published_at": "2022-08-01T21:15:00Z",
    "github_reviewed_at": "2022-08-06T05:46:14Z",
    "severity": "HIGH",
    "github_reviewed": true,
    "cwe_ids": [
      "CWE-79"
    ]
  },
  "references": [
    {
      "type": "WEB",
      "url": "https://github.com/DSpace/DSpace/security/advisories/GHSA-c558-5gfm-p2r8"
    },
    {
      "type": "ADVISORY",
      "url": "https://nvd.nist.gov/vuln/detail/CVE-2022-31191"
    },
    {
      "type": "WEB",
      "url": "https://github.com/DSpace/DSpace/commit/35030a23e48b5946f5853332c797e1c4adea7bb7"
    },
    {
      "type": "WEB",
      "url": "https://github.com/DSpace/DSpace/commit/6f75bb084ab1937d094208c55cd84340040bcbb5"
    },
    {
      "type": "WEB",
      "url": "https://github.com/DSpace/DSpace/commit/c89e493e517b424dea6175caba54e91d3847fc3a"
    },
    {
      "type": "WEB",
      "url": "https://github.com/DSpace/DSpace/commit/ebb83a75234d3de9be129464013e998dc929b68d"
    },
    {
      "type": "PACKAGE",
      "url": "https://github.com/DSpace/DSpace"
    }
  ],
  "affected": [
    {
      "package": {
        "name": "org.dspace:dspace-jspui",
        "ecosystem": "Maven",
        "purl": "pkg:maven/org.dspace/dspace-jspui"
      },
      "ranges": [
        {
          "type": "ECOSYSTEM",
          "events": [
            {
              "introduced": "4.0"
            },
            {
              "fixed": "5.11"
            }
          ]
        }
      ],
      "versions": [
        "4.0",
        "4.1",
        "4.2",
        "4.3",
        "4.4",
        "4.5",
        "4.6",
        "4.7",
        "4.8",
        "4.9",
        "5.0",
        "5.0-rc1",
        "5.0-rc2",
        "5.0-rc3",
        "5.1",
        "5.10",
        "5.2",
        "5.3",
        "5.4",
        "5.5",
        "5.6",
        "5.7",
        "5.8",
        "5.9"
      ],
      "database_specific": {
        "source": "https://github.com/github/advisory-database/blob/main/advisories/github-reviewed/2022/08/GHSA-c558-5gfm-p2r8/GHSA-c558-5gfm-p2r8.json"
      }
    },
    {
      "package": {
        "name": "org.dspace:dspace-jspui",
        "ecosystem": "Maven",
        "purl": "pkg:maven/org.dspace/dspace-jspui"
      },
      "ranges": [
        {
          "type": "ECOSYSTEM",
          "events": [
            {
              "introduced": "6.0"
            },
            {
              "fixed": "6.4"
            }
          ]
        }
      ],
      "versions": [
        "6.0",
        "6.1",
        "6.2",
        "6.3"
      ],
      "database_specific": {
        "source": "https://github.com/github/advisory-database/blob/main/advisories/github-reviewed/2022/08/GHSA-c558-5gfm-p2r8/GHSA-c558-5gfm-p2r8.json"
      }
    }
  ],
  "schema_version": "1.6.0",
  "severity": [
    {
      "type": "CVSS_V3",
      "score": "CVSS:3.1/AV:N/AC:L/PR:N/UI:R/S:C/C:L/I:L/A:L"
    }
  ]
}