{
  "id": "GHSA-c998-c4f6-vjw2",
  "summary": "Jenkins Team Concert Plugin missing permission check",
  "details": "Jenkins Team Concert Plugin 1.3.0 and earlier does not perform permission checks on a method implementing form validation. This allows users with Overall/Read access to Jenkins to connect to an attacker-specified URL using attacker-specified credentials IDs obtained through another method, capturing credentials stored in Jenkins.\n\nAdditionally, the form validation method does not require POST requests, resulting in a CSRF vulnerability.\n\nAs of publication of this advisory, there is no fix.",
  "aliases": [
    "CVE-2019-16566"
  ],
  "modified": "2024-02-16T08:14:58.043558Z",
  "published": "2022-05-24T17:03:48Z",
  "database_specific": {
    "nvd_published_at": "2019-12-17T15:15:00Z",
    "cwe_ids": [
      "CWE-862"
    ],
    "severity": "HIGH",
    "github_reviewed": true,
    "github_reviewed_at": "2023-10-27T17:46:32Z"
  },
  "references": [
    {
      "type": "ADVISORY",
      "url": "https://nvd.nist.gov/vuln/detail/CVE-2019-16566"
    },
    {
      "type": "WEB",
      "url": "https://jenkins.io/security/advisory/2019-12-17/#SECURITY-1605%20%281%29"
    },
    {
      "type": "WEB",
      "url": "https://jenkins.io/security/advisory/2019-12-17/#SECURITY-1605%20(1)"
    },
    {
      "type": "WEB",
      "url": "http://www.openwall.com/lists/oss-security/2019/12/17/1"
    }
  ],
  "affected": [
    {
      "package": {
        "name": "org.jenkins-ci.plugins:teamconcert",
        "ecosystem": "Maven",
        "purl": "pkg:maven/org.jenkins-ci.plugins/teamconcert"
      },
      "ranges": [
        {
          "type": "ECOSYSTEM",
          "events": [
            {
              "introduced": "0"
            },
            {
              "last_affected": "1.3.0"
            }
          ]
        }
      ],
      "versions": [
        "1.0.1",
        "1.0.10",
        "1.0.11",
        "1.0.12",
        "1.0.4",
        "1.0.5",
        "1.0.7",
        "1.1.2",
        "1.1.8",
        "1.1.9",
        "1.1.9.1",
        "1.1.9.2",
        "1.1.9.3",
        "1.1.9.4",
        "1.1.9.5",
        "1.1.9.6",
        "1.1.9.6.1",
        "1.1.9.7",
        "1.1.9.8",
        "1.1.9.9",
        "1.2.0.0",
        "1.2.0.1",
        "1.2.0.2",
        "1.2.0.3",
        "1.2.0.4",
        "1.2.0.5",
        "1.3.0"
      ],
      "database_specific": {
        "source": "https://github.com/github/advisory-database/blob/main/advisories/github-reviewed/2022/05/GHSA-c998-c4f6-vjw2/GHSA-c998-c4f6-vjw2.json"
      }
    }
  ],
  "schema_version": "1.6.0",
  "severity": [
    {
      "type": "CVSS_V3",
      "score": "CVSS:3.0/AV:N/AC:L/PR:L/UI:N/S:U/C:H/I:L/A:N"
    }
  ]
}