{
  "id": "GHSA-hq2h-9mc3-h6w2",
  "summary": "Stored XSS vulnerability in Pipeline Maven Integration Plugin via unescaped display name",
  "details": "Pipeline Maven Integration Plugin 3.9.2 and earlier does not escape the upstream job\u2019s display name shown as part of a build cause.\n\nThis results in a stored cross-site scripting (XSS) vulnerability exploitable by attackers with Job/Configure permission.\n\nPipeline Maven Integration Plugin 3.9.3 escapes upstream job names in build causes.",
  "aliases": [
    "CVE-2020-2256"
  ],
  "modified": "2024-02-21T05:32:10.442616Z",
  "published": "2022-05-24T17:28:25Z",
  "database_specific": {
    "nvd_published_at": "2020-09-16T14:15:00Z",
    "cwe_ids": [
      "CWE-79"
    ],
    "severity": "HIGH",
    "github_reviewed": true,
    "github_reviewed_at": "2022-12-29T01:34:09Z"
  },
  "references": [
    {
      "type": "ADVISORY",
      "url": "https://nvd.nist.gov/vuln/detail/CVE-2020-2256"
    },
    {
      "type": "WEB",
      "url": "https://github.com/jenkinsci/pipeline-maven-plugin/commit/78b8e6d49bffcc6b65064a882c03a2b4bb157230"
    },
    {
      "type": "WEB",
      "url": "https://github.com/jenkinsci/pipeline-maven-plugin"
    },
    {
      "type": "WEB",
      "url": "https://www.jenkins.io/security/advisory/2020-09-16/#SECURITY-1976"
    },
    {
      "type": "WEB",
      "url": "http://www.openwall.com/lists/oss-security/2020/09/16/3"
    }
  ],
  "affected": [
    {
      "package": {
        "name": "org.jenkins-ci.plugins:pipeline-maven",
        "ecosystem": "Maven",
        "purl": "pkg:maven/org.jenkins-ci.plugins/pipeline-maven"
      },
      "ranges": [
        {
          "type": "ECOSYSTEM",
          "events": [
            {
              "introduced": "0"
            },
            {
              "fixed": "3.9.3"
            }
          ]
        }
      ],
      "versions": [
        "0.1-beta",
        "0.2",
        "0.3",
        "0.4",
        "0.5",
        "0.6",
        "0.7",
        "2.0",
        "2.0-beta-3",
        "2.0-beta-4",
        "2.0-beta-5",
        "2.0-beta-6",
        "2.0-beta-7",
        "2.0.1",
        "2.0.2",
        "2.0.3",
        "2.1.0",
        "2.1.0-beta-1",
        "2.1.1-beta-1",
        "2.2.0",
        "2.2.1",
        "2.3.0",
        "2.3.0-beta-1",
        "2.3.1",
        "2.3.1-beta-1",
        "2.4.0",
        "2.4.0-beta-1",
        "2.4.0-beta-2",
        "2.5.0",
        "2.5.0-alpha-1",
        "2.5.1",
        "2.5.2",
        "3.0.0",
        "3.0.0-beta-1",
        "3.0.0-beta-2",
        "3.0.0-beta-3",
        "3.0.0-beta-4",
        "3.0.0-beta-5",
        "3.0.0-beta-6",
        "3.0.1",
        "3.0.1-beta-1",
        "3.0.1-beta-2",
        "3.0.2",
        "3.0.3",
        "3.0.3-beta-1",
        "3.0.3-beta-2",
        "3.0.4",
        "3.0.5",
        "3.0.6",
        "3.0.6-beta-1",
        "3.0.7",
        "3.1.0",
        "3.1.0-beta-1",
        "3.2.0",
        "3.2.0-alpha-1",
        "3.2.0-alpha-2",
        "3.2.1",
        "3.2.1-beta-1",
        "3.3.0",
        "3.3.1",
        "3.3.1-beta-1",
        "3.3.1-beta-2",
        "3.3.2",
        "3.4.0",
        "3.4.0-beta-1",
        "3.4.1",
        "3.4.2",
        "3.4.3",
        "3.5.0",
        "3.5.0-beta-1",
        "3.5.1",
        "3.5.1-beta-1",
        "3.5.10",
        "3.5.11",
        "3.5.12",
        "3.5.12-beta-1",
        "3.5.12-beta-2",
        "3.5.12-beta-3",
        "3.5.12-beta-4",
        "3.5.13",
        "3.5.14",
        "3.5.15",
        "3.5.15-beta-1",
        "3.5.15-beta-2",
        "3.5.15-beta-3",
        "3.5.15-beta-4",
        "3.5.2",
        "3.5.3",
        "3.5.4",
        "3.5.4-beta-1",
        "3.5.5",
        "3.5.6",
        "3.5.7",
        "3.5.7-beta-1",
        "3.5.8",
        "3.5.8-beta-1",
        "3.5.9",
        "3.6.0",
        "3.6.0-beta-1",
        "3.6.0-beta-2",
        "3.6.1",
        "3.6.10",
        "3.6.11",
        "3.6.12",
        "3.6.13",
        "3.6.14",
        "3.6.15-beta-1",
        "3.6.2",
        "3.6.3",
        "3.6.4",
        "3.6.4-beta-1",
        "3.6.5",
        "3.6.5-beta-1",
        "3.6.6",
        "3.6.6-beta-1",
        "3.6.6-beta-2",
        "3.6.6-beta-3",
        "3.6.6-beta-4",
        "3.6.7",
        "3.6.8",
        "3.6.8-beta-1",
        "3.6.8-beta-2",
        "3.6.9",
        "3.7.0",
        "3.7.0-beta-1",
        "3.7.1",
        "3.8.0",
        "3.8.1",
        "3.8.2",
        "3.8.3",
        "3.9.0",
        "3.9.0-beta-1",
        "3.9.1",
        "3.9.2"
      ],
      "database_specific": {
        "last_known_affected_version_range": "<= 3.9.2",
        "source": "https://github.com/github/advisory-database/blob/main/advisories/github-reviewed/2022/05/GHSA-hq2h-9mc3-h6w2/GHSA-hq2h-9mc3-h6w2.json"
      }
    }
  ],
  "schema_version": "1.6.0",
  "severity": [
    {
      "type": "CVSS_V3",
      "score": "CVSS:3.1/AV:N/AC:L/PR:L/UI:R/S:U/C:H/I:H/A:H"
    }
  ]
}