{
  "id": "GHSA-mgpf-hhgf-cxg4",
  "summary": "In Apache Kylin, Cross-origin requests with credentials are allowed to be sent from any origin.",
  "details": "In Apache Kylin, Cross-origin requests with credentials are allowed to be sent from any origin. This issue affects Apache Kylin 2 version 2.6.6 and prior versions; Apache Kylin 3 version 3.1.2 and prior versions; Apache Kylin 4 version 4.0.0 and prior versions.",
  "aliases": [
    "CVE-2021-45457"
  ],
  "modified": "2023-11-08T04:07:20.998473Z",
  "published": "2022-01-08T00:43:16Z",
  "database_specific": {
    "nvd_published_at": "2022-01-06T13:15:00Z",
    "github_reviewed_at": "2022-01-07T23:13:40Z",
    "severity": "HIGH",
    "github_reviewed": true,
    "cwe_ids": [
      "CWE-522"
    ]
  },
  "references": [
    {
      "type": "ADVISORY",
      "url": "https://nvd.nist.gov/vuln/detail/CVE-2021-45457"
    },
    {
      "type": "WEB",
      "url": "https://github.com/apache/kylin/pull/1781"
    },
    {
      "type": "WEB",
      "url": "https://github.com/apache/kylin/pull/1782"
    },
    {
      "type": "PACKAGE",
      "url": "https://github.com/apache/kylin"
    },
    {
      "type": "WEB",
      "url": "https://lists.apache.org/thread/rzv4mq58okwj1n88lry82ol2wwm57q1m"
    },
    {
      "type": "WEB",
      "url": "http://www.openwall.com/lists/oss-security/2022/01/06/2"
    }
  ],
  "affected": [
    {
      "package": {
        "name": "org.apache.kylin:kylin",
        "ecosystem": "Maven",
        "purl": "pkg:maven/org.apache.kylin/kylin"
      },
      "ranges": [
        {
          "type": "ECOSYSTEM",
          "events": [
            {
              "introduced": "0"
            },
            {
              "fixed": "3.1.3"
            }
          ]
        }
      ],
      "versions": [
        "0.7.1-incubating",
        "0.7.2-incubating",
        "1.0-incubating",
        "1.1-incubating",
        "1.1.1-incubating",
        "1.2",
        "1.3.0",
        "1.5.0",
        "1.5.1",
        "1.5.2",
        "1.5.2.1",
        "1.5.3",
        "1.5.4",
        "1.5.4.1",
        "1.6.0",
        "2.0.0",
        "2.1.0",
        "2.2.0",
        "2.3.0",
        "2.3.1",
        "2.3.2",
        "2.4.0",
        "2.4.1",
        "2.5.0",
        "2.5.1",
        "2.5.2",
        "2.6.0",
        "2.6.1",
        "2.6.2",
        "2.6.3",
        "2.6.4",
        "2.6.5",
        "2.6.6",
        "3.0.0",
        "3.0.0-alpha",
        "3.0.0-alpha2",
        "3.0.1",
        "3.0.2",
        "3.1.0",
        "3.1.1",
        "3.1.2"
      ],
      "database_specific": {
        "source": "https://github.com/github/advisory-database/blob/main/advisories/github-reviewed/2022/01/GHSA-mgpf-hhgf-cxg4/GHSA-mgpf-hhgf-cxg4.json"
      }
    },
    {
      "package": {
        "name": "org.apache.kylin:kylin",
        "ecosystem": "Maven",
        "purl": "pkg:maven/org.apache.kylin/kylin"
      },
      "ranges": [
        {
          "type": "ECOSYSTEM",
          "events": [
            {
              "introduced": "4.0.0"
            },
            {
              "fixed": "4.0.1"
            }
          ]
        }
      ],
      "versions": [
        "4.0.0"
      ],
      "database_specific": {
        "source": "https://github.com/github/advisory-database/blob/main/advisories/github-reviewed/2022/01/GHSA-mgpf-hhgf-cxg4/GHSA-mgpf-hhgf-cxg4.json"
      }
    }
  ],
  "schema_version": "1.6.0",
  "severity": [
    {
      "type": "CVSS_V3",
      "score": "CVSS:3.1/AV:N/AC:L/PR:N/UI:N/S:U/C:H/I:N/A:N"
    }
  ]
}