{
  "id": "GHSA-w729-7633-2fw5",
  "summary": "Deserialization of Untrusted Data leading to Remote Code Execution in Apache Storm",
  "details": "An Unsafe Deserialization vulnerability exists in the worker services of the Apache Storm supervisor server allowing pre-auth Remote Code Execution (RCE). Apache Storm 2.2.x users should upgrade to version 2.2.1 or 2.3.0. Apache Storm 2.1.x users should upgrade to version 2.1.1. Apache Storm 1.x users should upgrade to version 1.2.4",
  "aliases": [
    "CVE-2021-40865"
  ],
  "modified": "2023-11-08T04:06:49.748909Z",
  "published": "2021-10-27T18:52:06Z",
  "database_specific": {
    "nvd_published_at": "2021-10-25T13:15:00Z",
    "github_reviewed_at": "2021-10-26T17:53:48Z",
    "severity": "CRITICAL",
    "github_reviewed": true,
    "cwe_ids": [
      "CWE-502"
    ]
  },
  "references": [
    {
      "type": "ADVISORY",
      "url": "https://nvd.nist.gov/vuln/detail/CVE-2021-40865"
    },
    {
      "type": "WEB",
      "url": "https://lists.apache.org/thread.html/r8d45e74299897b6734dd0f788c46a631009ce2eeb731523386f7a253%40%3Cuser.storm.apache.org%3E"
    },
    {
      "type": "WEB",
      "url": "https://seclists.org/oss-sec/2021/q4/45"
    }
  ],
  "affected": [
    {
      "package": {
        "name": "org.apache.storm:storm",
        "ecosystem": "Maven",
        "purl": "pkg:maven/org.apache.storm/storm"
      },
      "ranges": [
        {
          "type": "ECOSYSTEM",
          "events": [
            {
              "introduced": "2.2.0"
            },
            {
              "fixed": "2.2.1"
            }
          ]
        }
      ],
      "versions": [
        "2.2.0"
      ],
      "database_specific": {
        "source": "https://github.com/github/advisory-database/blob/main/advisories/github-reviewed/2021/10/GHSA-w729-7633-2fw5/GHSA-w729-7633-2fw5.json"
      }
    },
    {
      "package": {
        "name": "org.apache.storm:storm",
        "ecosystem": "Maven",
        "purl": "pkg:maven/org.apache.storm/storm"
      },
      "ranges": [
        {
          "type": "ECOSYSTEM",
          "events": [
            {
              "introduced": "1.0.0"
            },
            {
              "fixed": "1.2.4"
            }
          ]
        }
      ],
      "versions": [
        "1.0.0",
        "1.0.1",
        "1.0.2",
        "1.0.3",
        "1.0.4",
        "1.0.5",
        "1.0.6",
        "1.1.0",
        "1.1.1",
        "1.1.2",
        "1.1.3",
        "1.2.0",
        "1.2.1",
        "1.2.2",
        "1.2.3"
      ],
      "database_specific": {
        "source": "https://github.com/github/advisory-database/blob/main/advisories/github-reviewed/2021/10/GHSA-w729-7633-2fw5/GHSA-w729-7633-2fw5.json"
      }
    },
    {
      "package": {
        "name": "org.apache.storm:storm",
        "ecosystem": "Maven",
        "purl": "pkg:maven/org.apache.storm/storm"
      },
      "ranges": [
        {
          "type": "ECOSYSTEM",
          "events": [
            {
              "introduced": "2.1.0"
            },
            {
              "fixed": "2.1.1"
            }
          ]
        }
      ],
      "versions": [
        "2.1.0"
      ],
      "database_specific": {
        "source": "https://github.com/github/advisory-database/blob/main/advisories/github-reviewed/2021/10/GHSA-w729-7633-2fw5/GHSA-w729-7633-2fw5.json"
      }
    }
  ],
  "schema_version": "1.6.0",
  "severity": [
    {
      "type": "CVSS_V3",
      "score": "CVSS:3.1/AV:N/AC:L/PR:N/UI:N/S:U/C:H/I:H/A:H"
    }
  ]
}