{
  "id": "GHSA-r6mg-fq87-gw34",
  "summary": "Cross-Site Request Forgery in JFinalCMS via /admin/tag/update",
  "details": "JFinalCMS v5.0.0 was discovered to contain a Cross-Site Request Forgery (CSRF) vulnerability via /admin/tag/update.",
  "aliases": [
    "CVE-2023-49377"
  ],
  "modified": "2024-02-16T08:15:49.571626Z",
  "published": "2023-12-05T15:30:37Z",
  "database_specific": {
    "nvd_published_at": "2023-12-05T15:15:08Z",
    "cwe_ids": [
      "CWE-352"
    ],
    "severity": "HIGH",
    "github_reviewed": true,
    "github_reviewed_at": "2023-12-12T00:52:23Z"
  },
  "references": [
    {
      "type": "ADVISORY",
      "url": "https://nvd.nist.gov/vuln/detail/CVE-2023-49377"
    },
    {
      "type": "WEB",
      "url": "https://github.com/cui2shark/cms/blob/main/Modification%20of%20CSRF%20in%20Label%20Management.md"
    }
  ],
  "affected": [
    {
      "package": {
        "name": "com.jfinal:jfinal",
        "ecosystem": "Maven",
        "purl": "pkg:maven/com.jfinal/jfinal"
      },
      "ranges": [
        {
          "type": "ECOSYSTEM",
          "events": [
            {
              "introduced": "0"
            },
            {
              "last_affected": "5.0.0"
            }
          ]
        }
      ],
      "versions": [
        "1.4",
        "1.4.0",
        "1.5",
        "1.6",
        "1.8",
        "1.9",
        "2.0",
        "2.1",
        "2.2",
        "3.0",
        "3.1",
        "3.2",
        "3.3",
        "3.4",
        "3.5",
        "3.6",
        "3.7",
        "3.8",
        "4.0",
        "4.1",
        "4.2",
        "4.3",
        "4.4",
        "4.5",
        "4.6",
        "4.7",
        "4.8",
        "4.9",
        "4.9.01",
        "4.9.02",
        "4.9.03",
        "4.9.04",
        "4.9.05",
        "4.9.06",
        "4.9.07",
        "4.9.08",
        "4.9.09",
        "4.9.10",
        "4.9.11",
        "4.9.12",
        "4.9.13",
        "4.9.14",
        "4.9.15",
        "4.9.16",
        "4.9.17",
        "4.9.18",
        "4.9.19",
        "4.9.20",
        "4.9.21",
        "4.9.22",
        "4.9.23",
        "5.0.0"
      ],
      "database_specific": {
        "source": "https://github.com/github/advisory-database/blob/main/advisories/github-reviewed/2023/12/GHSA-r6mg-fq87-gw34/GHSA-r6mg-fq87-gw34.json"
      }
    }
  ],
  "schema_version": "1.6.0",
  "severity": [
    {
      "type": "CVSS_V3",
      "score": "CVSS:3.1/AV:N/AC:L/PR:N/UI:R/S:U/C:H/I:H/A:H"
    }
  ]
}