{
  "id": "GHSA-77cc-w3wm-6whp",
  "summary": "dssp vulnerable to Improper Restriction of XML External Entity Reference",
  "details": "A vulnerability classified as problematic was found in e-Contract dssp up to 1.3.1. Affected by this vulnerability is the function `checkSignResponse` of the file `dssp-client/src/main/java/be/e_contract/dssp/client/SignResponseVerifier.java`. The manipulation leads to xml external entity reference. Upgrading to version 1.3.2 can address this issue. The name of the patch is ec4238349691ec66dd30b416ec6eaab02d722302. It is recommended to upgrade the affected component. The identifier VDB-217549 was assigned to this vulnerability.",
  "aliases": [
    "CVE-2016-15011"
  ],
  "modified": "2023-11-08T03:58:22.442921Z",
  "published": "2023-01-06T12:31:34Z",
  "database_specific": {
    "nvd_published_at": "2023-01-06T10:15:00Z",
    "github_reviewed_at": "2023-01-12T23:42:07Z",
    "severity": "CRITICAL",
    "github_reviewed": true,
    "cwe_ids": [
      "CWE-611"
    ]
  },
  "references": [
    {
      "type": "ADVISORY",
      "url": "https://nvd.nist.gov/vuln/detail/CVE-2016-15011"
    },
    {
      "type": "WEB",
      "url": "https://github.com/e-Contract/dssp/commit/ec4238349691ec66dd30b416ec6eaab02d722302"
    },
    {
      "type": "PACKAGE",
      "url": "https://github.com/e-Contract/dssp"
    },
    {
      "type": "WEB",
      "url": "https://github.com/e-Contract/dssp/releases/tag/dssp-1.3.2"
    },
    {
      "type": "WEB",
      "url": "https://vuldb.com/?ctiid.217549"
    },
    {
      "type": "WEB",
      "url": "https://vuldb.com/?id.217549"
    }
  ],
  "affected": [
    {
      "package": {
        "name": "be.e_contract.dssp:dssp-client",
        "ecosystem": "Maven",
        "purl": "pkg:maven/be.e_contract.dssp/dssp-client"
      },
      "ranges": [
        {
          "type": "ECOSYSTEM",
          "events": [
            {
              "introduced": "0"
            },
            {
              "fixed": "1.3.2"
            }
          ]
        }
      ],
      "database_specific": {
        "source": "https://github.com/github/advisory-database/blob/main/advisories/github-reviewed/2023/01/GHSA-77cc-w3wm-6whp/GHSA-77cc-w3wm-6whp.json"
      },
      "versions": []
    }
  ],
  "schema_version": "1.6.0",
  "severity": [
    {
      "type": "CVSS_V3",
      "score": "CVSS:3.1/AV:N/AC:L/PR:N/UI:N/S:U/C:H/I:H/A:H"
    }
  ]
}