{
  "id": "GHSA-q6jp-gcww-8v2j",
  "summary": "Missing Authorization in Filter Stream Converter Application of XWiki-platform",
  "details": "### Impact\n\nThe application allow anyone with view access to modify any page of the wiki by importing a crafted XAR package.\n\n### Patches\n\nThe problem has been patched in XWiki 14.6RC1, 14.6 and 13.10.8.\n\n### Workarounds\n\nThe problem can be patched immediately by setting the right of the page Filter.WebHome and making sure only main wiki administrators can VIEW it the application is installed on main wiki or edit the page and apply the changed described on  https://github.com/xwiki/xwiki-platform/commit/fb49b4f289ee28e45cfada8e97e320cd3ed27113.\n\n### References\n\n* https://github.com/xwiki/xwiki-platform/commit/fb49b4f289ee28e45cfada8e97e320cd3ed27113\n* https://jira.xwiki.org/browse/XWIKI-19758\n\n### For more information\nIf you have any questions or comments about this advisory:\n* Open an issue in [JIRA](https://jira.xwiki.org)\n* Email us at [security ML](mailto:security@xwiki.org)",
  "aliases": [
    "CVE-2022-41937"
  ],
  "modified": "2023-11-08T04:10:36.548319Z",
  "published": "2022-11-21T23:46:47Z",
  "database_specific": {
    "nvd_published_at": "2022-11-22T01:15:00Z",
    "github_reviewed_at": "2022-11-21T23:46:47Z",
    "severity": "CRITICAL",
    "github_reviewed": true,
    "cwe_ids": [
      "CWE-862"
    ]
  },
  "references": [
    {
      "type": "WEB",
      "url": "https://github.com/xwiki/xwiki-platform/security/advisories/GHSA-q6jp-gcww-8v2j"
    },
    {
      "type": "ADVISORY",
      "url": "https://nvd.nist.gov/vuln/detail/CVE-2022-41937"
    },
    {
      "type": "WEB",
      "url": "https://github.com/xwiki/xwiki-platform/commit/fb49b4f289ee28e45cfada8e97e320cd3ed27113"
    },
    {
      "type": "PACKAGE",
      "url": "https://github.com/xwiki/xwiki-platform"
    },
    {
      "type": "WEB",
      "url": "https://jira.xwiki.org/browse/XWIKI-19758"
    }
  ],
  "affected": [
    {
      "package": {
        "name": "org.xwiki.platform:xwiki-platform-filter-ui",
        "ecosystem": "Maven",
        "purl": "pkg:maven/org.xwiki.platform/xwiki-platform-filter-ui"
      },
      "ranges": [
        {
          "type": "ECOSYSTEM",
          "events": [
            {
              "introduced": "0"
            },
            {
              "fixed": "13.10.8"
            }
          ]
        }
      ],
      "database_specific": {
        "source": "https://github.com/github/advisory-database/blob/main/advisories/github-reviewed/2022/11/GHSA-q6jp-gcww-8v2j/GHSA-q6jp-gcww-8v2j.json"
      },
      "versions": []
    },
    {
      "package": {
        "name": "org.xwiki.platform:xwiki-platform-filter-ui",
        "ecosystem": "Maven",
        "purl": "pkg:maven/org.xwiki.platform/xwiki-platform-filter-ui"
      },
      "ranges": [
        {
          "type": "ECOSYSTEM",
          "events": [
            {
              "introduced": "14.0.0"
            },
            {
              "fixed": "14.4.3"
            }
          ]
        }
      ],
      "database_specific": {
        "source": "https://github.com/github/advisory-database/blob/main/advisories/github-reviewed/2022/11/GHSA-q6jp-gcww-8v2j/GHSA-q6jp-gcww-8v2j.json"
      },
      "versions": []
    },
    {
      "package": {
        "name": "org.xwiki.platform:xwiki-platform-filter-ui",
        "ecosystem": "Maven",
        "purl": "pkg:maven/org.xwiki.platform/xwiki-platform-filter-ui"
      },
      "ranges": [
        {
          "type": "ECOSYSTEM",
          "events": [
            {
              "introduced": "14.5.0"
            },
            {
              "fixed": "14.6-rc-1"
            }
          ]
        }
      ],
      "database_specific": {
        "source": "https://github.com/github/advisory-database/blob/main/advisories/github-reviewed/2022/11/GHSA-q6jp-gcww-8v2j/GHSA-q6jp-gcww-8v2j.json"
      },
      "versions": []
    }
  ],
  "schema_version": "1.6.0",
  "severity": [
    {
      "type": "CVSS_V3",
      "score": "CVSS:3.1/AV:N/AC:L/PR:L/UI:N/S:C/C:H/I:H/A:N"
    }
  ]
}