{
  "id": "GHSA-qv32-7r6p-xhhh",
  "summary": "Moderate severity vulnerability that affects com.adobe.xmp:xmpcore",
  "details": "XMPCore in Adobe XMP Toolkit for Java before 5.1.3 allows remote attackers to read arbitrary files via XML data containing an external entity declaration in conjunction with an entity reference, related to an XML External Entity (XXE) issue.",
  "aliases": [
    "CVE-2016-4216"
  ],
  "modified": "2023-11-08T03:58:28.439727Z",
  "published": "2018-10-19T16:39:29Z",
  "database_specific": {
    "nvd_published_at": null,
    "github_reviewed_at": "2020-06-16T21:52:48Z",
    "severity": "HIGH",
    "github_reviewed": true,
    "cwe_ids": [
      "CWE-611"
    ]
  },
  "references": [
    {
      "type": "ADVISORY",
      "url": "https://nvd.nist.gov/vuln/detail/CVE-2016-4216"
    },
    {
      "type": "ADVISORY",
      "url": "https://github.com/advisories/GHSA-qv32-7r6p-xhhh"
    },
    {
      "type": "WEB",
      "url": "https://helpx.adobe.com/security/products/xmpcore/apsb16-24.html"
    },
    {
      "type": "WEB",
      "url": "http://www.securityfocus.com/bid/91717"
    }
  ],
  "affected": [
    {
      "package": {
        "name": "com.adobe.xmp:xmpcore",
        "ecosystem": "Maven",
        "purl": "pkg:maven/com.adobe.xmp/xmpcore"
      },
      "ranges": [
        {
          "type": "ECOSYSTEM",
          "events": [
            {
              "introduced": "0"
            },
            {
              "fixed": "5.1.3"
            }
          ]
        }
      ],
      "versions": [
        "5.1.0",
        "5.1.1",
        "5.1.2"
      ],
      "database_specific": {
        "source": "https://github.com/github/advisory-database/blob/main/advisories/github-reviewed/2018/10/GHSA-qv32-7r6p-xhhh/GHSA-qv32-7r6p-xhhh.json"
      }
    }
  ],
  "schema_version": "1.6.0",
  "severity": [
    {
      "type": "CVSS_V3",
      "score": "CVSS:3.0/AV:N/AC:L/PR:N/UI:N/S:U/C:H/I:N/A:N"
    }
  ]
}