{
  "id": "GHSA-fqwf-pjwf-7vqv",
  "summary": "jackson-databind mishandles the interaction between serialization gadgets and typing",
  "details": "FasterXML jackson-databind 2.x before 2.9.10.4 and 2.6.7.4 mishandles the interaction between serialization gadgets and typing, related to com.caucho.config.types.ResourceRef (aka caucho-quercus).",
  "aliases": [
    "CVE-2020-10673"
  ],
  "modified": "2024-07-03T21:22:37.578162Z",
  "published": "2020-05-15T18:59:04Z",
  "database_specific": {
    "nvd_published_at": "2020-03-18T22:15:00Z",
    "cwe_ids": [
      "CWE-502"
    ],
    "severity": "HIGH",
    "github_reviewed": true,
    "github_reviewed_at": "2020-04-22T20:59:03Z"
  },
  "references": [
    {
      "type": "ADVISORY",
      "url": "https://nvd.nist.gov/vuln/detail/CVE-2020-10673"
    },
    {
      "type": "WEB",
      "url": "https://github.com/FasterXML/jackson-databind/issues/2660"
    },
    {
      "type": "WEB",
      "url": "https://github.com/FasterXML/jackson-databind/commit/1645efbd392989cf015f459a91c999e59c921b15"
    },
    {
      "type": "PACKAGE",
      "url": "https://github.com/FasterXML/jackson-databind"
    },
    {
      "type": "WEB",
      "url": "https://lists.debian.org/debian-lts-announce/2020/03/msg00027.html"
    },
    {
      "type": "WEB",
      "url": "https://medium.com/%40cowtowncoder/on-jackson-cves-dont-panic-here-is-what-you-need-to-know-54cd0d6e8062"
    },
    {
      "type": "WEB",
      "url": "https://medium.com/@cowtowncoder/on-jackson-cves-dont-panic-here-is-what-you-need-to-know-54cd0d6e8062"
    },
    {
      "type": "WEB",
      "url": "https://security.netapp.com/advisory/ntap-20200403-0002"
    },
    {
      "type": "WEB",
      "url": "https://www.oracle.com/security-alerts/cpujan2021.html"
    },
    {
      "type": "WEB",
      "url": "https://www.oracle.com/security-alerts/cpujul2020.html"
    },
    {
      "type": "WEB",
      "url": "https://www.oracle.com/security-alerts/cpuoct2020.html"
    },
    {
      "type": "WEB",
      "url": "https://www.oracle.com/security-alerts/cpuoct2021.html"
    }
  ],
  "affected": [
    {
      "package": {
        "name": "com.fasterxml.jackson.core:jackson-databind",
        "ecosystem": "Maven",
        "purl": "pkg:maven/com.fasterxml.jackson.core/jackson-databind"
      },
      "ranges": [
        {
          "type": "ECOSYSTEM",
          "events": [
            {
              "introduced": "2.7.0"
            },
            {
              "fixed": "2.9.10.4"
            }
          ]
        }
      ],
      "versions": [
        "2.7.0",
        "2.7.1",
        "2.7.1-1",
        "2.7.2",
        "2.7.3",
        "2.7.4",
        "2.7.5",
        "2.7.6",
        "2.7.7",
        "2.7.8",
        "2.7.9",
        "2.7.9.1",
        "2.7.9.2",
        "2.7.9.3",
        "2.7.9.4",
        "2.7.9.5",
        "2.7.9.6",
        "2.7.9.7",
        "2.8.0",
        "2.8.0.rc1",
        "2.8.0.rc2",
        "2.8.1",
        "2.8.10",
        "2.8.11",
        "2.8.11.1",
        "2.8.11.2",
        "2.8.11.3",
        "2.8.11.4",
        "2.8.11.5",
        "2.8.11.6",
        "2.8.2",
        "2.8.3",
        "2.8.4",
        "2.8.5",
        "2.8.6",
        "2.8.7",
        "2.8.8",
        "2.8.8.1",
        "2.8.9",
        "2.9.0",
        "2.9.0.pr1",
        "2.9.0.pr2",
        "2.9.0.pr3",
        "2.9.0.pr4",
        "2.9.1",
        "2.9.10",
        "2.9.10.1",
        "2.9.10.2",
        "2.9.10.3",
        "2.9.2",
        "2.9.3",
        "2.9.4",
        "2.9.5",
        "2.9.6",
        "2.9.7",
        "2.9.8",
        "2.9.9",
        "2.9.9.1",
        "2.9.9.2",
        "2.9.9.3"
      ],
      "database_specific": {
        "source": "https://github.com/github/advisory-database/blob/main/advisories/github-reviewed/2020/05/GHSA-fqwf-pjwf-7vqv/GHSA-fqwf-pjwf-7vqv.json"
      }
    },
    {
      "package": {
        "name": "com.fasterxml.jackson.core:jackson-databind",
        "ecosystem": "Maven",
        "purl": "pkg:maven/com.fasterxml.jackson.core/jackson-databind"
      },
      "ranges": [
        {
          "type": "ECOSYSTEM",
          "events": [
            {
              "introduced": "2.0.0"
            },
            {
              "fixed": "2.6.7.4"
            }
          ]
        }
      ],
      "versions": [
        "2.0.0",
        "2.0.1",
        "2.0.2",
        "2.0.4",
        "2.0.5",
        "2.0.6",
        "2.1.0",
        "2.1.1",
        "2.1.2",
        "2.1.3",
        "2.1.4",
        "2.1.5",
        "2.2.0",
        "2.2.0-rc1",
        "2.2.1",
        "2.2.2",
        "2.2.3",
        "2.2.4",
        "2.3.0",
        "2.3.0-rc1",
        "2.3.1",
        "2.3.2",
        "2.3.3",
        "2.3.4",
        "2.3.5",
        "2.4.0",
        "2.4.0-rc1",
        "2.4.0-rc2",
        "2.4.0-rc3",
        "2.4.1",
        "2.4.1.1",
        "2.4.1.2",
        "2.4.1.3",
        "2.4.2",
        "2.4.3",
        "2.4.4",
        "2.4.5",
        "2.4.5.1",
        "2.4.6",
        "2.4.6.1",
        "2.5.0",
        "2.5.0-rc1",
        "2.5.1",
        "2.5.2",
        "2.5.3",
        "2.5.4",
        "2.5.5",
        "2.6.0",
        "2.6.0-rc1",
        "2.6.0-rc2",
        "2.6.0-rc3",
        "2.6.0-rc4",
        "2.6.1",
        "2.6.2",
        "2.6.3",
        "2.6.4",
        "2.6.5",
        "2.6.6",
        "2.6.7",
        "2.6.7.1",
        "2.6.7.2",
        "2.6.7.3"
      ],
      "database_specific": {
        "source": "https://github.com/github/advisory-database/blob/main/advisories/github-reviewed/2020/05/GHSA-fqwf-pjwf-7vqv/GHSA-fqwf-pjwf-7vqv.json"
      }
    }
  ],
  "schema_version": "1.6.0",
  "severity": [
    {
      "type": "CVSS_V3",
      "score": "CVSS:3.1/AV:N/AC:L/PR:N/UI:R/S:U/C:H/I:H/A:H"
    }
  ]
}