{
  "id": "GHSA-crvq-mw2w-4cfx",
  "summary": "Jenkins Black Duck Hub Plugin allowed any user with Overall/Read to read and write its configuration",
  "details": "An improper authorization vulnerability exists in Jenkins Black Duck Hub Plugin 3.0.3 and older in PostBuildScanDescriptor.java that allows users with Overall/Read permission to read and write the Black Duck Hub plugin configuration.",
  "aliases": [
    "CVE-2018-1000197"
  ],
  "modified": "2024-02-16T08:16:52.077495Z",
  "published": "2022-05-13T01:48:34Z",
  "database_specific": {
    "nvd_published_at": "2018-06-05T21:29:00Z",
    "cwe_ids": [
      "CWE-863"
    ],
    "severity": "HIGH",
    "github_reviewed": true,
    "github_reviewed_at": "2024-01-30T22:42:35Z"
  },
  "references": [
    {
      "type": "ADVISORY",
      "url": "https://nvd.nist.gov/vuln/detail/CVE-2018-1000197"
    },
    {
      "type": "WEB",
      "url": "https://jenkins.io/security/advisory/2018-05-09/#SECURITY-670"
    }
  ],
  "affected": [
    {
      "package": {
        "name": "com.blackducksoftware.integration:blackduck-hub",
        "ecosystem": "Maven",
        "purl": "pkg:maven/com.blackducksoftware.integration/blackduck-hub"
      },
      "ranges": [
        {
          "type": "ECOSYSTEM",
          "events": [
            {
              "introduced": "0"
            },
            {
              "fixed": "3.1.0"
            }
          ]
        }
      ],
      "versions": [
        "2.0.0",
        "2.1.0",
        "2.1.1",
        "2.2.0",
        "2.2.1",
        "2.3.0",
        "2.3.1",
        "2.3.2",
        "2.3.3",
        "3.0.0",
        "3.0.1",
        "3.0.2",
        "3.0.3"
      ],
      "database_specific": {
        "last_known_affected_version_range": "<= 3.0.3",
        "source": "https://github.com/github/advisory-database/blob/main/advisories/github-reviewed/2022/05/GHSA-crvq-mw2w-4cfx/GHSA-crvq-mw2w-4cfx.json"
      }
    }
  ],
  "schema_version": "1.6.0",
  "severity": [
    {
      "type": "CVSS_V3",
      "score": "CVSS:3.0/AV:N/AC:L/PR:L/UI:N/S:U/C:H/I:H/A:N"
    }
  ]
}