{
  "id": "GHSA-hw6x-2qwv-rxr7",
  "summary": "Improper Neutralization of Special Elements used in an OS Command in Jenkins Git Client Plugin",
  "details": "Jenkins Git Client Plugin 2.8.4 and earlier did not properly restrict values passed as URL argument to an invocation of 'git ls-remote', resulting in OS command injection.",
  "aliases": [
    "CVE-2019-10392"
  ],
  "modified": "2024-02-16T08:18:47.231984Z",
  "published": "2022-05-24T16:55:58Z",
  "database_specific": {
    "nvd_published_at": "2019-09-12T14:15:00Z",
    "cwe_ids": [
      "CWE-78"
    ],
    "severity": "HIGH",
    "github_reviewed": true,
    "github_reviewed_at": "2022-06-28T22:28:13Z"
  },
  "references": [
    {
      "type": "ADVISORY",
      "url": "https://nvd.nist.gov/vuln/detail/CVE-2019-10392"
    },
    {
      "type": "WEB",
      "url": "https://github.com/jenkinsci/git-client-plugin/commit/899123fa2eb9dd2c37137aae630c47c6be6b4b02"
    },
    {
      "type": "WEB",
      "url": "https://jenkins.io/security/advisory/2019-09-12/#SECURITY-1534"
    },
    {
      "type": "WEB",
      "url": "http://www.openwall.com/lists/oss-security/2019/09/12/2"
    }
  ],
  "affected": [
    {
      "package": {
        "name": "org.jenkins-ci.plugins:git-client",
        "ecosystem": "Maven",
        "purl": "pkg:maven/org.jenkins-ci.plugins/git-client"
      },
      "ranges": [
        {
          "type": "ECOSYSTEM",
          "events": [
            {
              "introduced": "0"
            },
            {
              "fixed": "2.8.5"
            }
          ]
        }
      ],
      "versions": [
        "1.0.2",
        "1.0.3",
        "1.0.4",
        "1.0.5",
        "1.0.6",
        "1.0.7",
        "1.1",
        "1.1.1",
        "1.1.2",
        "1.10.0",
        "1.10.1",
        "1.10.2",
        "1.11.0",
        "1.11.1",
        "1.12.0",
        "1.13.0",
        "1.14.0",
        "1.14.1",
        "1.15.0",
        "1.16.1",
        "1.17.0",
        "1.17.1",
        "1.18.0",
        "1.19.0",
        "1.19.1",
        "1.19.2",
        "1.19.3",
        "1.19.4",
        "1.19.5",
        "1.19.6",
        "1.19.7",
        "1.2.0",
        "1.20.0-beta1",
        "1.20.0-beta2",
        "1.20.0-beta3",
        "1.20.2",
        "1.21.0",
        "1.3.0",
        "1.4.0",
        "1.4.1",
        "1.4.2",
        "1.4.3",
        "1.4.4",
        "1.4.5",
        "1.4.6",
        "1.5.0",
        "1.5.1",
        "1.6.0",
        "1.6.1",
        "1.6.2",
        "1.6.3",
        "1.6.4",
        "1.6.5",
        "1.6.6",
        "1.7.0",
        "1.8.0",
        "1.8.1",
        "1.9.0",
        "1.9.1",
        "1.9.2",
        "2.0.0",
        "2.0.0-beta1",
        "2.0.0-beta2",
        "2.0.0-beta3",
        "2.0.0-beta4",
        "2.1.0",
        "2.2.0",
        "2.2.1",
        "2.3.0",
        "2.4.0",
        "2.4.1",
        "2.4.2",
        "2.4.4",
        "2.4.5",
        "2.4.6",
        "2.5.0",
        "2.6.0",
        "2.7.0",
        "2.7.1",
        "2.7.2",
        "2.7.3",
        "2.7.3.1",
        "2.7.4",
        "2.7.4.1",
        "2.7.5",
        "2.7.6",
        "2.7.7",
        "2.7.7.1",
        "2.8.0",
        "2.8.1",
        "2.8.2",
        "2.8.3",
        "2.8.4"
      ],
      "database_specific": {
        "last_known_affected_version_range": "<= 2.8.4",
        "source": "https://github.com/github/advisory-database/blob/main/advisories/github-reviewed/2022/05/GHSA-hw6x-2qwv-rxr7/GHSA-hw6x-2qwv-rxr7.json"
      }
    }
  ],
  "schema_version": "1.6.0",
  "severity": [
    {
      "type": "CVSS_V3",
      "score": "CVSS:3.1/AV:N/AC:L/PR:L/UI:N/S:U/C:H/I:H/A:H"
    }
  ]
}