{
  "id": "GHSA-rm7f-mpcj-w4f6",
  "summary": "Command injection in Apache Unomi",
  "details": "Apache Unomi prior to version 1.5.5 allows CRLF log injection because of the lack of escaping in the log statements.",
  "aliases": [
    "CVE-2021-31164"
  ],
  "modified": "2023-11-08T04:05:47.252554Z",
  "published": "2021-06-16T17:17:24Z",
  "database_specific": {
    "nvd_published_at": "2021-05-04T07:15:00Z",
    "github_reviewed_at": "2021-05-19T22:11:25Z",
    "severity": "HIGH",
    "github_reviewed": true,
    "cwe_ids": [
      "CWE-74"
    ]
  },
  "references": [
    {
      "type": "ADVISORY",
      "url": "https://nvd.nist.gov/vuln/detail/CVE-2021-31164"
    },
    {
      "type": "WEB",
      "url": "http://unomi.apache.org/security/cve-2021-31164"
    }
  ],
  "affected": [
    {
      "package": {
        "name": "org.apache.unomi:unomi",
        "ecosystem": "Maven",
        "purl": "pkg:maven/org.apache.unomi/unomi"
      },
      "ranges": [
        {
          "type": "ECOSYSTEM",
          "events": [
            {
              "introduced": "0"
            },
            {
              "fixed": "1.5.5"
            }
          ]
        }
      ],
      "versions": [
        "1.0.0-incubating",
        "1.1.0-incubating",
        "1.2.0-incubating",
        "1.3.0-incubating",
        "1.5.0",
        "1.5.1",
        "1.5.2",
        "1.5.3",
        "1.5.4"
      ],
      "database_specific": {
        "source": "https://github.com/github/advisory-database/blob/main/advisories/github-reviewed/2021/06/GHSA-rm7f-mpcj-w4f6/GHSA-rm7f-mpcj-w4f6.json"
      }
    }
  ],
  "schema_version": "1.6.0",
  "severity": [
    {
      "type": "CVSS_V3",
      "score": "CVSS:3.1/AV:N/AC:L/PR:N/UI:N/S:U/C:N/I:H/A:N"
    }
  ]
}