{
  "id": "GHSA-xhj7-jr45-5w8r",
  "summary": "Apache OpenMeetings updates user password in insecure manner",
  "details": "Apache OpenMeetings 1.0.0 updates user password in insecure manner. This issue is fixed in version 3.3.0.",
  "aliases": [
    "CVE-2017-7688"
  ],
  "modified": "2023-11-08T03:59:27.007991Z",
  "published": "2022-05-13T01:47:05Z",
  "database_specific": {
    "nvd_published_at": "2017-07-17T13:18:00Z",
    "github_reviewed_at": "2022-11-22T18:57:10Z",
    "severity": "HIGH",
    "github_reviewed": true,
    "cwe_ids": []
  },
  "references": [
    {
      "type": "ADVISORY",
      "url": "https://nvd.nist.gov/vuln/detail/CVE-2017-7688"
    },
    {
      "type": "PACKAGE",
      "url": "https://github.com/apache/openmeetings"
    },
    {
      "type": "WEB",
      "url": "http://markmail.org/message/ctsiiqtekzsun6fi"
    },
    {
      "type": "WEB",
      "url": "http://www.securityfocus.com/bid/99586"
    }
  ],
  "affected": [
    {
      "package": {
        "name": "org.apache.openmeetings:openmeetings-parent",
        "ecosystem": "Maven",
        "purl": "pkg:maven/org.apache.openmeetings/openmeetings-parent"
      },
      "ranges": [
        {
          "type": "ECOSYSTEM",
          "events": [
            {
              "introduced": "1.0.0"
            },
            {
              "fixed": "3.3.0"
            }
          ]
        }
      ],
      "versions": [
        "3.1.2",
        "3.1.3",
        "3.1.4",
        "3.1.5",
        "3.2.0",
        "3.2.1"
      ],
      "database_specific": {
        "source": "https://github.com/github/advisory-database/blob/main/advisories/github-reviewed/2022/05/GHSA-xhj7-jr45-5w8r/GHSA-xhj7-jr45-5w8r.json"
      }
    }
  ],
  "schema_version": "1.6.0",
  "severity": [
    {
      "type": "CVSS_V3",
      "score": "CVSS:3.0/AV:N/AC:L/PR:N/UI:N/S:U/C:H/I:N/A:N"
    }
  ]
}