{
  "id": "GHSA-vmvp-2hhx-rgm8",
  "summary": "Cross-Site Request Forgery in Jenkins Gerrit Trigger Plugin",
  "details": "A cross-site request forgery vulnerability in Jenkins Gerrit Trigger Plugin 2.30.1 and earlier allows attackers to connect to an attacker-specified HTTP URL or SSH server using attacker-specified credentials.",
  "aliases": [
    "CVE-2019-16551"
  ],
  "modified": "2024-02-16T08:08:32.497266Z",
  "published": "2022-05-24T17:03:46Z",
  "database_specific": {
    "nvd_published_at": "2019-12-17T15:15:00Z",
    "cwe_ids": [
      "CWE-352"
    ],
    "severity": "HIGH",
    "github_reviewed": true,
    "github_reviewed_at": "2022-11-01T22:47:53Z"
  },
  "references": [
    {
      "type": "ADVISORY",
      "url": "https://nvd.nist.gov/vuln/detail/CVE-2019-16551"
    },
    {
      "type": "WEB",
      "url": "https://github.com/jenkinsci/gerrit-trigger-plugin/commit/bdc94d3e23df0ad6a64565c732498f89ff743b51"
    },
    {
      "type": "WEB",
      "url": "https://jenkins.io/security/advisory/2019-12-17/#SECURITY-1527"
    },
    {
      "type": "WEB",
      "url": "http://www.openwall.com/lists/oss-security/2019/12/17/1"
    }
  ],
  "affected": [
    {
      "package": {
        "name": "com.sonyericsson.hudson.plugins.gerrit:gerrit-trigger",
        "ecosystem": "Maven",
        "purl": "pkg:maven/com.sonyericsson.hudson.plugins.gerrit/gerrit-trigger"
      },
      "ranges": [
        {
          "type": "ECOSYSTEM",
          "events": [
            {
              "introduced": "0"
            },
            {
              "fixed": "2.30.2"
            }
          ]
        }
      ],
      "versions": [
        "2.0",
        "2.1.0",
        "2.10.0",
        "2.10.1",
        "2.11.0",
        "2.11.0-beta-1",
        "2.11.0-beta-2",
        "2.11.0-beta-3",
        "2.11.0-beta-4",
        "2.11.1",
        "2.12.0",
        "2.12.0-beta-1",
        "2.12.0-beta-2",
        "2.12.0-beta-3",
        "2.12.0-beta-4",
        "2.12.0-beta-5",
        "2.13.0",
        "2.13.0-beta-2",
        "2.13.0-beta-3",
        "2.13.0-beta-4",
        "2.13.0-beta-5",
        "2.13.0-beta-6",
        "2.14.0",
        "2.14.0-beta-1",
        "2.14.0-beta-2",
        "2.14.0-beta-3",
        "2.15.0",
        "2.15.0-beta-1",
        "2.15.1",
        "2.15.2",
        "2.16.0",
        "2.17.0",
        "2.17.1",
        "2.17.2",
        "2.17.3",
        "2.17.4",
        "2.17.5",
        "2.18.0",
        "2.18.1",
        "2.18.2",
        "2.18.3",
        "2.18.4",
        "2.19.0",
        "2.2.0",
        "2.20.0",
        "2.21.0",
        "2.21.1",
        "2.22.0",
        "2.22.0-beta-1",
        "2.23.0",
        "2.23.1",
        "2.23.2",
        "2.23.3",
        "2.24.0",
        "2.25.0",
        "2.26.0",
        "2.26.1",
        "2.26.2",
        "2.27.0",
        "2.27.1",
        "2.27.2",
        "2.27.3",
        "2.27.4",
        "2.27.5",
        "2.27.6",
        "2.27.7",
        "2.28.0",
        "2.29.0",
        "2.3.0",
        "2.3.1",
        "2.30.0",
        "2.30.1",
        "2.4.0",
        "2.5.0",
        "2.5.1",
        "2.5.2",
        "2.6.0",
        "2.7.0",
        "2.8.0",
        "2.9.0"
      ],
      "database_specific": {
        "source": "https://github.com/github/advisory-database/blob/main/advisories/github-reviewed/2022/05/GHSA-vmvp-2hhx-rgm8/GHSA-vmvp-2hhx-rgm8.json"
      }
    }
  ],
  "schema_version": "1.6.0",
  "severity": [
    {
      "type": "CVSS_V3",
      "score": "CVSS:3.1/AV:N/AC:L/PR:N/UI:R/S:U/C:H/I:H/A:H"
    }
  ]
}