{
  "id": "GHSA-wv39-f3vx-3v6q",
  "summary": "SQL injection in jflyfox jfinal",
  "details": "JFinal CMS 5.1.0 is vulnerable to SQL Injection via /jfinal_cms/system/role/list.",
  "aliases": [
    "CVE-2022-37223"
  ],
  "modified": "2023-11-08T04:10:06.933128Z",
  "published": "2022-08-24T00:00:29Z",
  "database_specific": {
    "nvd_published_at": "2022-08-23T14:15:00Z",
    "github_reviewed_at": "2022-08-30T20:49:19Z",
    "severity": "CRITICAL",
    "github_reviewed": true,
    "cwe_ids": [
      "CWE-89"
    ]
  },
  "references": [
    {
      "type": "ADVISORY",
      "url": "https://nvd.nist.gov/vuln/detail/CVE-2022-37223"
    },
    {
      "type": "WEB",
      "url": "https://github.com/jflyfox/jfinal_cms/issues/49"
    },
    {
      "type": "PACKAGE",
      "url": "https://github.com/jflyfox/jfinal_cms"
    }
  ],
  "affected": [
    {
      "package": {
        "name": "com.jflyfox:jflyfox_jfinal",
        "ecosystem": "Maven",
        "purl": "pkg:maven/com.jflyfox/jflyfox_jfinal"
      },
      "ranges": [
        {
          "type": "ECOSYSTEM",
          "events": [
            {
              "introduced": "0"
            },
            {
              "last_affected": "5.1.0"
            }
          ]
        }
      ],
      "versions": [
        "1.8",
        "1.9",
        "2.0",
        "2.1",
        "3.0",
        "4.0",
        "4.1",
        "4.2",
        "4.3",
        "4.4",
        "4.5.0"
      ],
      "database_specific": {
        "source": "https://github.com/github/advisory-database/blob/main/advisories/github-reviewed/2022/08/GHSA-wv39-f3vx-3v6q/GHSA-wv39-f3vx-3v6q.json"
      }
    }
  ],
  "schema_version": "1.6.0",
  "severity": [
    {
      "type": "CVSS_V3",
      "score": "CVSS:3.1/AV:N/AC:L/PR:N/UI:N/S:U/C:H/I:H/A:H"
    }
  ]
}