{
  "id": "GHSA-72vp-xfrc-42xm",
  "summary": "Keycloak path traversal vulnerability in redirection validation",
  "details": "A flaw was found in Keycloak, where it does not properly validate URLs included in a redirect. An attacker can use this flaw to construct a malicious request to bypass validation and access other URLs and potentially sensitive information within the domain or possibly conduct further attacks. This flaw affects any client that utilizes a wildcard in the Valid Redirect URIs field.\n\n#### Acknowledgements:\nSpecial thanks to Axel Flamcourt for reporting this issue and helping us improve our project.",
  "aliases": [
    "CVE-2024-1132"
  ],
  "modified": "2024-07-30T22:19:31.316910Z",
  "published": "2024-04-17T18:25:08Z",
  "related": [
    "CGA-qmcr-h79w-xf42",
    "CGA-wq9p-47vf-vg24"
  ],
  "database_specific": {
    "nvd_published_at": "2024-04-17T14:15:07Z",
    "cwe_ids": [
      "CWE-22"
    ],
    "severity": "HIGH",
    "github_reviewed": true,
    "github_reviewed_at": "2024-04-17T18:25:08Z"
  },
  "references": [
    {
      "type": "WEB",
      "url": "https://github.com/keycloak/keycloak/security/advisories/GHSA-72vp-xfrc-42xm"
    },
    {
      "type": "ADVISORY",
      "url": "https://nvd.nist.gov/vuln/detail/CVE-2024-1132"
    },
    {
      "type": "PACKAGE",
      "url": "https://github.com/keycloak/keycloak"
    },
    {
      "type": "WEB",
      "url": "https://bugzilla.redhat.com/show_bug.cgi?id=2262117"
    },
    {
      "type": "WEB",
      "url": "https://access.redhat.com/security/cve/CVE-2024-1132"
    },
    {
      "type": "WEB",
      "url": "https://access.redhat.com/errata/RHSA-2024:3989"
    },
    {
      "type": "WEB",
      "url": "https://access.redhat.com/errata/RHSA-2024:3919"
    },
    {
      "type": "WEB",
      "url": "https://access.redhat.com/errata/RHSA-2024:3762"
    },
    {
      "type": "WEB",
      "url": "https://access.redhat.com/errata/RHSA-2024:3752"
    },
    {
      "type": "WEB",
      "url": "https://access.redhat.com/errata/RHSA-2024:2945"
    },
    {
      "type": "WEB",
      "url": "https://access.redhat.com/errata/RHSA-2024:1868"
    },
    {
      "type": "WEB",
      "url": "https://access.redhat.com/errata/RHSA-2024:1867"
    },
    {
      "type": "WEB",
      "url": "https://access.redhat.com/errata/RHSA-2024:1866"
    },
    {
      "type": "WEB",
      "url": "https://access.redhat.com/errata/RHSA-2024:1864"
    },
    {
      "type": "WEB",
      "url": "https://access.redhat.com/errata/RHSA-2024:1862"
    },
    {
      "type": "WEB",
      "url": "https://access.redhat.com/errata/RHSA-2024:1861"
    },
    {
      "type": "WEB",
      "url": "https://access.redhat.com/errata/RHSA-2024:1860"
    }
  ],
  "affected": [
    {
      "package": {
        "name": "org.keycloak:keycloak-services",
        "ecosystem": "Maven",
        "purl": "pkg:maven/org.keycloak/keycloak-services"
      },
      "ranges": [
        {
          "type": "ECOSYSTEM",
          "events": [
            {
              "introduced": "0"
            },
            {
              "fixed": "22.0.10"
            }
          ]
        }
      ],
      "versions": [
        "1.0-alpha-1",
        "1.0-alpha-1-12062013",
        "1.0-alpha-2",
        "1.0-alpha-3",
        "1.0-alpha-4",
        "1.0-beta-1",
        "1.0-beta-1-20150521",
        "1.0-beta-1-20150523",
        "1.0-beta-2",
        "1.0-beta-3",
        "1.0-beta-4",
        "1.0-final",
        "1.0-rc-1",
        "1.0-rc-2",
        "1.0.1.Final",
        "1.0.2.Final",
        "1.0.3.Final",
        "1.0.4.Final",
        "1.0.5.Final",
        "1.1.0.Beta1",
        "1.1.0.Beta2",
        "1.1.0.Final",
        "1.1.1.Final",
        "1.2.0.Beta1",
        "1.2.0.CR1",
        "1.2.0.Final",
        "1.3.0.Final",
        "1.3.1.Final",
        "1.4.0.Final",
        "1.5.0-Final",
        "1.5.0.Final",
        "1.5.1.Final",
        "1.6.0.Final",
        "1.6.1.Final",
        "1.7.0.CR1",
        "1.7.0.Final",
        "1.8.0.Alpha1",
        "1.8.0.CR1",
        "1.8.0.CR2",
        "1.8.0.CR3",
        "1.8.0.Final",
        "1.8.1.Final",
        "1.9.0.CR1",
        "1.9.0.Final",
        "1.9.1.Final",
        "1.9.2.Final",
        "1.9.3.Final",
        "1.9.4.Final",
        "1.9.5.Final",
        "1.9.7.Final",
        "1.9.8.Final",
        "10.0.0",
        "10.0.1",
        "10.0.2",
        "11.0.0",
        "11.0.1",
        "11.0.2",
        "11.0.3",
        "12.0.0",
        "12.0.1",
        "12.0.2",
        "12.0.3",
        "12.0.4",
        "13.0.0",
        "13.0.1",
        "14.0.0",
        "15.0.0",
        "15.0.1",
        "15.0.2",
        "15.1.0",
        "15.1.1",
        "16.0.0",
        "16.1.0",
        "16.1.1",
        "17.0.0",
        "17.0.1",
        "18.0.0",
        "18.0.1",
        "18.0.2",
        "19.0.0",
        "19.0.1",
        "19.0.2",
        "19.0.3",
        "2.0.0.CR1",
        "2.0.0.Final",
        "2.1.0.CR1",
        "2.1.0.Final",
        "2.2.0.CR1",
        "2.2.0.Final",
        "2.2.1.Final",
        "2.3.0.CR1",
        "2.3.0.Final",
        "2.4.0.CR1",
        "2.4.0.Final",
        "2.5.0.CR1",
        "2.5.0.Final",
        "2.5.1.Final",
        "2.5.4.Final",
        "2.5.5.Final",
        "20.0.0",
        "20.0.1",
        "20.0.2",
        "20.0.3",
        "20.0.4",
        "20.0.5",
        "21.0.0",
        "21.0.1",
        "21.0.2",
        "21.1.0",
        "21.1.1",
        "21.1.2",
        "22.0.0",
        "22.0.1",
        "22.0.2",
        "22.0.3",
        "22.0.4",
        "22.0.5",
        "3.0.0.CR1",
        "3.0.0.Final",
        "3.1.0.CR1",
        "3.1.0.Final",
        "3.2.0.CR1",
        "3.2.0.Final",
        "3.2.1.Final",
        "3.3.0.CR1",
        "3.3.0.CR2",
        "3.3.0.Final",
        "3.4.0.CR1",
        "3.4.0.Final",
        "3.4.1.CR1",
        "3.4.1.Final",
        "3.4.2.Final",
        "3.4.3.Final",
        "4.0.0.Beta1",
        "4.0.0.Beta2",
        "4.0.0.Beta3",
        "4.0.0.Final",
        "4.1.0.Final",
        "4.2.0.Final",
        "4.2.1.Final",
        "4.3.0.Final",
        "4.4.0.Final",
        "4.5.0.Final",
        "4.6.0.Final",
        "4.7.0.Final",
        "4.8.0.Final",
        "4.8.1.Final",
        "4.8.2.Final",
        "4.8.3.Final",
        "5.0.0",
        "6.0.0",
        "6.0.1",
        "7.0.0",
        "7.0.1",
        "8.0.0",
        "8.0.1",
        "8.0.2",
        "9.0.0",
        "9.0.2",
        "9.0.3"
      ],
      "database_specific": {
        "source": "https://github.com/github/advisory-database/blob/main/advisories/github-reviewed/2024/04/GHSA-72vp-xfrc-42xm/GHSA-72vp-xfrc-42xm.json"
      }
    },
    {
      "package": {
        "name": "org.keycloak:keycloak-services",
        "ecosystem": "Maven",
        "purl": "pkg:maven/org.keycloak/keycloak-services"
      },
      "ranges": [
        {
          "type": "ECOSYSTEM",
          "events": [
            {
              "introduced": "23.0.0"
            },
            {
              "fixed": "24.0.3"
            }
          ]
        }
      ],
      "versions": [
        "23.0.0",
        "23.0.1",
        "23.0.2",
        "23.0.3",
        "23.0.4",
        "23.0.5",
        "23.0.6",
        "23.0.7",
        "24.0.0",
        "24.0.1",
        "24.0.2"
      ],
      "database_specific": {
        "source": "https://github.com/github/advisory-database/blob/main/advisories/github-reviewed/2024/04/GHSA-72vp-xfrc-42xm/GHSA-72vp-xfrc-42xm.json"
      }
    }
  ],
  "schema_version": "1.6.0",
  "severity": [
    {
      "type": "CVSS_V3",
      "score": "CVSS:3.1/AV:N/AC:L/PR:N/UI:R/S:U/C:H/I:H/A:N"
    },
    {
      "type": "CVSS_V4",
      "score": "CVSS:4.0/AV:N/AC:L/AT:N/PR:N/UI:P/VC:H/VI:H/VA:N/SC:N/SI:N/SA:N"
    }
  ]
}