{
  "id": "GHSA-gqqm-564f-vvxq",
  "summary": "Arbitrary code execution in Apache Struts 2",
  "details": "Apache Struts 2 before 2.3.14.3 allows remote attackers to execute arbitrary OGNL code via a request with a crafted action name that is not properly handled during wildcard matching, a different vulnerability than CVE-2013-2135.",
  "aliases": [
    "CVE-2013-2134"
  ],
  "modified": "2024-02-16T07:43:43.570204Z",
  "published": "2022-05-14T01:57:02Z",
  "database_specific": {
    "nvd_published_at": "2013-07-16T18:55:00Z",
    "cwe_ids": [
      "CWE-94"
    ],
    "severity": "HIGH",
    "github_reviewed": true,
    "github_reviewed_at": "2022-11-03T21:07:40Z"
  },
  "references": [
    {
      "type": "ADVISORY",
      "url": "https://nvd.nist.gov/vuln/detail/CVE-2013-2134"
    },
    {
      "type": "WEB",
      "url": "https://github.com/apache/struts/commit/01e6b251b4db78bfb7971033652e81d1af4cb3e0"
    },
    {
      "type": "WEB",
      "url": "https://github.com/apache/struts/commit/041206d2a693d02c0cb2e72765275e55ba14049f"
    },
    {
      "type": "WEB",
      "url": "https://github.com/apache/struts/commit/113c47082c09818bcef65acc436a2d0c7c47aa6c"
    },
    {
      "type": "WEB",
      "url": "https://github.com/apache/struts/commit/54e5c912ebd9a1599bfcf7a719da17c28127bbe3"
    },
    {
      "type": "WEB",
      "url": "https://github.com/apache/struts/commit/711cf0201cdd319a38cf29238913312355db29ba"
    },
    {
      "type": "WEB",
      "url": "https://github.com/apache/struts/commit/8b4fc81daeea3834bcbf73de5f48d0021917aa37"
    },
    {
      "type": "WEB",
      "url": "https://github.com/apache/struts/commit/cfb6e9afbae320a4dd5bdd655154ab9fe5a92c16"
    },
    {
      "type": "WEB",
      "url": "https://cwiki.apache.org/confluence/display/WW/S2-015"
    },
    {
      "type": "PACKAGE",
      "url": "https://github.com/apache/struts"
    },
    {
      "type": "WEB",
      "url": "https://issues.apache.org/jira/browse/WW-4090"
    },
    {
      "type": "WEB",
      "url": "https://issues.apache.org/jira/browse/WW-4094"
    },
    {
      "type": "WEB",
      "url": "https://issues.apache.org/jira/browse/WW-4095"
    },
    {
      "type": "WEB",
      "url": "https://web.archive.org/web/20140226173351/http://www.securityfocus.com/bid/60346"
    },
    {
      "type": "WEB",
      "url": "https://web.archive.org/web/20140410223942/http://www.securityfocus.com/bid/64758"
    },
    {
      "type": "WEB",
      "url": "http://security.gentoo.org/glsa/glsa-201409-04.xml"
    },
    {
      "type": "WEB",
      "url": "http://struts.apache.org/development/2.x/docs/s2-015.html"
    },
    {
      "type": "WEB",
      "url": "http://www.oracle.com/technetwork/topics/security/cpujan2014-1972949.html"
    },
    {
      "type": "WEB",
      "url": "http://www.oracle.com/technetwork/topics/security/cpuoct2013-1899837.html"
    }
  ],
  "affected": [
    {
      "package": {
        "name": "org.apache.struts:struts2-core",
        "ecosystem": "Maven",
        "purl": "pkg:maven/org.apache.struts/struts2-core"
      },
      "ranges": [
        {
          "type": "ECOSYSTEM",
          "events": [
            {
              "introduced": "2.0.0"
            },
            {
              "fixed": "2.3.14.3"
            }
          ]
        }
      ],
      "versions": [
        "2.0.11",
        "2.0.11.1",
        "2.0.11.2",
        "2.0.12",
        "2.0.14",
        "2.0.5",
        "2.0.6",
        "2.0.8",
        "2.0.9",
        "2.1.2",
        "2.1.6",
        "2.1.8",
        "2.1.8.1",
        "2.2.1",
        "2.2.1.1",
        "2.2.3",
        "2.2.3.1",
        "2.3.1",
        "2.3.1.1",
        "2.3.1.2",
        "2.3.12",
        "2.3.14",
        "2.3.14.1",
        "2.3.14.2",
        "2.3.3",
        "2.3.4",
        "2.3.4.1",
        "2.3.7",
        "2.3.8"
      ],
      "database_specific": {
        "source": "https://github.com/github/advisory-database/blob/main/advisories/github-reviewed/2022/05/GHSA-gqqm-564f-vvxq/GHSA-gqqm-564f-vvxq.json"
      }
    },
    {
      "package": {
        "name": "org.apache.struts.xwork:xwork-core",
        "ecosystem": "Maven",
        "purl": "pkg:maven/org.apache.struts.xwork/xwork-core"
      },
      "ranges": [
        {
          "type": "ECOSYSTEM",
          "events": [
            {
              "introduced": "2.0.0"
            },
            {
              "fixed": "2.3.14.3"
            }
          ]
        }
      ],
      "versions": [
        "2.2.1",
        "2.2.1.1",
        "2.2.3",
        "2.2.3.1",
        "2.3.1",
        "2.3.1.1",
        "2.3.1.2",
        "2.3.12",
        "2.3.14",
        "2.3.14.1",
        "2.3.14.2",
        "2.3.3",
        "2.3.4",
        "2.3.4.1",
        "2.3.7",
        "2.3.8"
      ],
      "database_specific": {
        "source": "https://github.com/github/advisory-database/blob/main/advisories/github-reviewed/2022/05/GHSA-gqqm-564f-vvxq/GHSA-gqqm-564f-vvxq.json"
      }
    }
  ],
  "schema_version": "1.6.0"
}