{
  "id": "GHSA-p5gm-fgfx-hr7h",
  "summary": "Gadget chain attack in Nippy",
  "details": "A deserialization flaw is present in Taoensso Nippy before 2.14.2. In some circumstances, it is possible for an attacker to create a malicious payload that, when deserialized, will allow arbitrary code to be executed. This occurs because there is automatic use of the Java Serializable interface.",
  "aliases": [
    "CVE-2020-24164"
  ],
  "modified": "2023-11-08T04:03:06.527087Z",
  "published": "2022-02-10T20:55:10Z",
  "database_specific": {
    "nvd_published_at": "2020-09-11T06:15:00Z",
    "github_reviewed_at": "2021-05-04T21:47:51Z",
    "severity": "HIGH",
    "github_reviewed": true,
    "cwe_ids": [
      "CWE-502"
    ]
  },
  "references": [
    {
      "type": "ADVISORY",
      "url": "https://nvd.nist.gov/vuln/detail/CVE-2020-24164"
    },
    {
      "type": "WEB",
      "url": "https://github.com/ptaoussanis/nippy/issues/130"
    },
    {
      "type": "WEB",
      "url": "https://github.com/ptaoussanis/nippy/commit/61fb009fdde2994140f2da2e495ba8af3a873eb2"
    }
  ],
  "affected": [
    {
      "package": {
        "name": "com.taoensso:nippy",
        "ecosystem": "Maven",
        "purl": "pkg:maven/com.taoensso/nippy"
      },
      "ranges": [
        {
          "type": "ECOSYSTEM",
          "events": [
            {
              "introduced": "0"
            },
            {
              "fixed": "2.14.2"
            }
          ]
        }
      ],
      "database_specific": {
        "source": "https://github.com/github/advisory-database/blob/main/advisories/github-reviewed/2022/02/GHSA-p5gm-fgfx-hr7h/GHSA-p5gm-fgfx-hr7h.json"
      },
      "versions": []
    }
  ],
  "schema_version": "1.6.0",
  "severity": [
    {
      "type": "CVSS_V3",
      "score": "CVSS:3.1/AV:L/AC:L/PR:N/UI:R/S:U/C:H/I:H/A:H"
    }
  ]
}