{
  "id": "GHSA-mrr8-fcg7-p2wg",
  "summary": "Missing permission check in Jenkins Pipeline Maven Integration Plugin allow capturing credentials",
  "details": "Pipeline Maven Integration Plugin 3.8.2 and earlier does not perform a permission check in a method implementing form validation.\n\nThis allows users with Overall/Read access to Jenkins to connect to an attacker-specified JDBC URL using attacker-specified credentials IDs obtained through another method, potentially capturing credentials stored in Jenkins.\n\nAdditionally, this form validation method does not require POST requests, resulting in a cross-site request forgery (CSRF) vulnerability.\n\nPipeline Maven Integration Plugin 3.8.3 requires POST requests and Job/Configure permission for the affected form validation method.",
  "aliases": [
    "CVE-2020-2234"
  ],
  "modified": "2024-02-16T08:11:52.687714Z",
  "published": "2022-05-24T17:25:24Z",
  "database_specific": {
    "nvd_published_at": "2020-08-12T14:15:00Z",
    "cwe_ids": [
      "CWE-285",
      "CWE-862"
    ],
    "severity": "HIGH",
    "github_reviewed": true,
    "github_reviewed_at": "2022-12-20T21:28:10Z"
  },
  "references": [
    {
      "type": "ADVISORY",
      "url": "https://nvd.nist.gov/vuln/detail/CVE-2020-2234"
    },
    {
      "type": "PACKAGE",
      "url": "https://github.com/jenkinsci/pipeline-maven-plugin"
    },
    {
      "type": "WEB",
      "url": "https://jenkins.io/security/advisory/2020-08-12/#SECURITY-1794%20(2)"
    },
    {
      "type": "WEB",
      "url": "http://www.openwall.com/lists/oss-security/2020/08/12/4"
    }
  ],
  "affected": [
    {
      "package": {
        "name": "org.jenkins-ci.plugins:pipeline-maven",
        "ecosystem": "Maven",
        "purl": "pkg:maven/org.jenkins-ci.plugins/pipeline-maven"
      },
      "ranges": [
        {
          "type": "ECOSYSTEM",
          "events": [
            {
              "introduced": "0"
            },
            {
              "fixed": "3.8.3"
            }
          ]
        }
      ],
      "versions": [
        "0.1-beta",
        "0.2",
        "0.3",
        "0.4",
        "0.5",
        "0.6",
        "0.7",
        "2.0",
        "2.0-beta-3",
        "2.0-beta-4",
        "2.0-beta-5",
        "2.0-beta-6",
        "2.0-beta-7",
        "2.0.1",
        "2.0.2",
        "2.0.3",
        "2.1.0",
        "2.1.0-beta-1",
        "2.1.1-beta-1",
        "2.2.0",
        "2.2.1",
        "2.3.0",
        "2.3.0-beta-1",
        "2.3.1",
        "2.3.1-beta-1",
        "2.4.0",
        "2.4.0-beta-1",
        "2.4.0-beta-2",
        "2.5.0",
        "2.5.0-alpha-1",
        "2.5.1",
        "2.5.2",
        "3.0.0",
        "3.0.0-beta-1",
        "3.0.0-beta-2",
        "3.0.0-beta-3",
        "3.0.0-beta-4",
        "3.0.0-beta-5",
        "3.0.0-beta-6",
        "3.0.1",
        "3.0.1-beta-1",
        "3.0.1-beta-2",
        "3.0.2",
        "3.0.3",
        "3.0.3-beta-1",
        "3.0.3-beta-2",
        "3.0.4",
        "3.0.5",
        "3.0.6",
        "3.0.6-beta-1",
        "3.0.7",
        "3.1.0",
        "3.1.0-beta-1",
        "3.2.0",
        "3.2.0-alpha-1",
        "3.2.0-alpha-2",
        "3.2.1",
        "3.2.1-beta-1",
        "3.3.0",
        "3.3.1",
        "3.3.1-beta-1",
        "3.3.1-beta-2",
        "3.3.2",
        "3.4.0",
        "3.4.0-beta-1",
        "3.4.1",
        "3.4.2",
        "3.4.3",
        "3.5.0",
        "3.5.0-beta-1",
        "3.5.1",
        "3.5.1-beta-1",
        "3.5.10",
        "3.5.11",
        "3.5.12",
        "3.5.12-beta-1",
        "3.5.12-beta-2",
        "3.5.12-beta-3",
        "3.5.12-beta-4",
        "3.5.13",
        "3.5.14",
        "3.5.15",
        "3.5.15-beta-1",
        "3.5.15-beta-2",
        "3.5.15-beta-3",
        "3.5.15-beta-4",
        "3.5.2",
        "3.5.3",
        "3.5.4",
        "3.5.4-beta-1",
        "3.5.5",
        "3.5.6",
        "3.5.7",
        "3.5.7-beta-1",
        "3.5.8",
        "3.5.8-beta-1",
        "3.5.9",
        "3.6.0",
        "3.6.0-beta-1",
        "3.6.0-beta-2",
        "3.6.1",
        "3.6.10",
        "3.6.11",
        "3.6.12",
        "3.6.13",
        "3.6.14",
        "3.6.15-beta-1",
        "3.6.2",
        "3.6.3",
        "3.6.4",
        "3.6.4-beta-1",
        "3.6.5",
        "3.6.5-beta-1",
        "3.6.6",
        "3.6.6-beta-1",
        "3.6.6-beta-2",
        "3.6.6-beta-3",
        "3.6.6-beta-4",
        "3.6.7",
        "3.6.8",
        "3.6.8-beta-1",
        "3.6.8-beta-2",
        "3.6.9",
        "3.7.0",
        "3.7.0-beta-1",
        "3.7.1",
        "3.8.0",
        "3.8.1",
        "3.8.2"
      ],
      "database_specific": {
        "source": "https://github.com/github/advisory-database/blob/main/advisories/github-reviewed/2022/05/GHSA-mrr8-fcg7-p2wg/GHSA-mrr8-fcg7-p2wg.json"
      }
    }
  ],
  "schema_version": "1.6.0",
  "severity": [
    {
      "type": "CVSS_V3",
      "score": "CVSS:3.0/AV:N/AC:L/PR:L/UI:N/S:U/C:H/I:L/A:N"
    }
  ]
}