{
  "id": "GHSA-4jx2-hvqw-93j9",
  "summary": "dd-plist XML External Entitly vulnerability",
  "details": "A vulnerability was found in 3breadt dd-plist 1.17 and classified as problematic. Affected by this issue is some unknown functionality. The manipulation leads to xml external entity reference. An attack has to be approached locally. Upgrading to version 1.18 is able to address this issue. The name of the patch is 8c954e8d9f6f6863729e50105a8abf3f87fff74c. It is recommended to upgrade the affected component. VDB-221486 is the identifier assigned to this vulnerability.",
  "aliases": [
    "CVE-2016-15026"
  ],
  "modified": "2024-03-01T14:41:07.846317Z",
  "published": "2023-02-20T12:30:18Z",
  "database_specific": {
    "nvd_published_at": "2023-02-20T11:15:00Z",
    "cwe_ids": [
      "CWE-611"
    ],
    "severity": "HIGH",
    "github_reviewed": true,
    "github_reviewed_at": "2023-02-22T00:08:04Z"
  },
  "references": [
    {
      "type": "ADVISORY",
      "url": "https://nvd.nist.gov/vuln/detail/CVE-2016-15026"
    },
    {
      "type": "WEB",
      "url": "https://github.com/3breadt/dd-plist/pull/26"
    },
    {
      "type": "WEB",
      "url": "https://github.com/3breadt/dd-plist/commit/8c954e8d9f6f6863729e50105a8abf3f87fff74c"
    },
    {
      "type": "PACKAGE",
      "url": "https://github.com/3breadt/dd-plist"
    },
    {
      "type": "WEB",
      "url": "https://github.com/3breadt/dd-plist/releases/tag/dd-plist-1.18"
    },
    {
      "type": "WEB",
      "url": "https://vuldb.com/?ctiid.221486"
    },
    {
      "type": "WEB",
      "url": "https://vuldb.com/?id.221486"
    }
  ],
  "affected": [
    {
      "package": {
        "name": "com.googlecode.plist:dd-plist",
        "ecosystem": "Maven",
        "purl": "pkg:maven/com.googlecode.plist/dd-plist"
      },
      "ranges": [
        {
          "type": "ECOSYSTEM",
          "events": [
            {
              "introduced": "0"
            },
            {
              "fixed": "1.18"
            }
          ]
        }
      ],
      "versions": [
        "1.0",
        "1.16",
        "1.17",
        "1.3",
        "1.8"
      ],
      "database_specific": {
        "source": "https://github.com/github/advisory-database/blob/main/advisories/github-reviewed/2023/02/GHSA-4jx2-hvqw-93j9/GHSA-4jx2-hvqw-93j9.json"
      }
    }
  ],
  "schema_version": "1.6.0",
  "severity": [
    {
      "type": "CVSS_V3",
      "score": "CVSS:3.1/AV:L/AC:L/PR:L/UI:N/S:U/C:H/I:H/A:H"
    }
  ]
}