{
  "id": "GHSA-h3hw-g4hm-7gr4",
  "summary": "SQL injection without credentials in ming-soft MCMS",
  "details": "An issue was discovered in ming-soft MCMS v5.0, where a malicious user can exploit SQL injection without logging in through /mcms/view.do.",
  "aliases": [
    "CVE-2020-23262"
  ],
  "modified": "2023-11-08T04:03:05.731604Z",
  "published": "2022-02-09T22:18:13Z",
  "database_specific": {
    "nvd_published_at": "2021-01-26T18:15:00Z",
    "github_reviewed_at": "2021-04-06T19:46:49Z",
    "severity": "CRITICAL",
    "github_reviewed": true,
    "cwe_ids": [
      "CWE-89"
    ]
  },
  "references": [
    {
      "type": "ADVISORY",
      "url": "https://nvd.nist.gov/vuln/detail/CVE-2020-23262"
    },
    {
      "type": "WEB",
      "url": "https://github.com/ming-soft/MCMS/issues/45"
    }
  ],
  "affected": [
    {
      "package": {
        "name": "net.mingsoft:ms-mcms",
        "ecosystem": "Maven",
        "purl": "pkg:maven/net.mingsoft/ms-mcms"
      },
      "ranges": [
        {
          "type": "ECOSYSTEM",
          "events": [
            {
              "introduced": "0"
            },
            {
              "fixed": "5.1"
            }
          ]
        }
      ],
      "versions": [
        "4.6.3-SNAPSHOTS",
        "4.6.5",
        "4.7.1",
        "4.7.2",
        "5.0.0",
        "5.0.1"
      ],
      "database_specific": {
        "source": "https://github.com/github/advisory-database/blob/main/advisories/github-reviewed/2022/02/GHSA-h3hw-g4hm-7gr4/GHSA-h3hw-g4hm-7gr4.json"
      }
    }
  ],
  "schema_version": "1.6.0",
  "severity": [
    {
      "type": "CVSS_V3",
      "score": "CVSS:3.1/AV:N/AC:L/PR:N/UI:N/S:U/C:H/I:H/A:H"
    }
  ]
}