{
  "id": "GHSA-r86j-2gc6-2cq9",
  "summary": "Race condition in org.apache.hbase:hbase-thrift",
  "details": "An issue in Apache HBase affects the optional \"Thrift 1\" API server when running over HTTP. There is a race-condition which could lead to authenticated sessions being incorrectly applied to users, e.g. one authenticated user would be considered a different user or an unauthenticated user would be treated as an authenticated user. https://issues.apache.org/jira/browse/HBASE-20664 implements a fix for this issue. It has been fixed in versions: 1.2.6.1, 1.3.2.1, 1.4.5, 2.0.1.",
  "aliases": [
    "CVE-2018-8025"
  ],
  "modified": "2024-03-04T23:46:11.539766Z",
  "published": "2018-10-18T18:05:02Z",
  "database_specific": {
    "nvd_published_at": null,
    "cwe_ids": [
      "CWE-362"
    ],
    "severity": "HIGH",
    "github_reviewed": true,
    "github_reviewed_at": "2020-06-16T21:53:58Z"
  },
  "references": [
    {
      "type": "ADVISORY",
      "url": "https://nvd.nist.gov/vuln/detail/CVE-2018-8025"
    },
    {
      "type": "WEB",
      "url": "https://github.com/apache/hbase/commit/0c42acbdf86d08af3003105a26a2201f75f2e2c"
    },
    {
      "type": "WEB",
      "url": "https://github.com/apache/hbase/commit/30e98b4455f971c9cb3c02ac7b2daeebe4ee6f2"
    },
    {
      "type": "WEB",
      "url": "https://github.com/apache/hbase/commit/625d4d002620139f49c8201f95b789b6a715cd4"
    },
    {
      "type": "WEB",
      "url": "https://github.com/apache/hbase/commit/7fe07075b35a816725ba18f6dd43d3fa84e08f9"
    },
    {
      "type": "WEB",
      "url": "https://github.com/apache/hbase/commit/bf25c1cb7221178388baaa58f0b16a408e151a6"
    },
    {
      "type": "ADVISORY",
      "url": "https://github.com/advisories/GHSA-r86j-2gc6-2cq9"
    },
    {
      "type": "WEB",
      "url": "https://issues.apache.org/jira/browse/HBASE-20664"
    },
    {
      "type": "WEB",
      "url": "https://lists.apache.org/thread.html/a919e38f587c714c386a01d40fc8f45bd4219a65aaf2dc0bb4eccc96@%3Cdev.hbase.apache.org%3E"
    },
    {
      "type": "WEB",
      "url": "http://www.securityfocus.com/bid/104554"
    }
  ],
  "affected": [
    {
      "package": {
        "name": "org.apache.hbase:hbase-thrift",
        "ecosystem": "Maven",
        "purl": "pkg:maven/org.apache.hbase/hbase-thrift"
      },
      "ranges": [
        {
          "type": "ECOSYSTEM",
          "events": [
            {
              "introduced": "2.0.0"
            },
            {
              "fixed": "2.0.1"
            }
          ]
        }
      ],
      "versions": [
        "2.0.0"
      ],
      "database_specific": {
        "source": "https://github.com/github/advisory-database/blob/main/advisories/github-reviewed/2018/10/GHSA-r86j-2gc6-2cq9/GHSA-r86j-2gc6-2cq9.json"
      }
    },
    {
      "package": {
        "name": "org.apache.hbase:hbase-thrift",
        "ecosystem": "Maven",
        "purl": "pkg:maven/org.apache.hbase/hbase-thrift"
      },
      "ranges": [
        {
          "type": "ECOSYSTEM",
          "events": [
            {
              "introduced": "1.4.0"
            },
            {
              "fixed": "1.4.5"
            }
          ]
        }
      ],
      "versions": [
        "1.4.0",
        "1.4.1",
        "1.4.2",
        "1.4.3",
        "1.4.4"
      ],
      "database_specific": {
        "source": "https://github.com/github/advisory-database/blob/main/advisories/github-reviewed/2018/10/GHSA-r86j-2gc6-2cq9/GHSA-r86j-2gc6-2cq9.json"
      }
    },
    {
      "package": {
        "name": "org.apache.hbase:hbase-thrift",
        "ecosystem": "Maven",
        "purl": "pkg:maven/org.apache.hbase/hbase-thrift"
      },
      "ranges": [
        {
          "type": "ECOSYSTEM",
          "events": [
            {
              "introduced": "1.3.0"
            },
            {
              "fixed": "1.3.2.1"
            }
          ]
        }
      ],
      "versions": [
        "1.3.0",
        "1.3.1",
        "1.3.2"
      ],
      "database_specific": {
        "last_known_affected_version_range": "<= 1.3.2.0",
        "source": "https://github.com/github/advisory-database/blob/main/advisories/github-reviewed/2018/10/GHSA-r86j-2gc6-2cq9/GHSA-r86j-2gc6-2cq9.json"
      }
    },
    {
      "package": {
        "name": "org.apache.hbase:hbase-thrift",
        "ecosystem": "Maven",
        "purl": "pkg:maven/org.apache.hbase/hbase-thrift"
      },
      "ranges": [
        {
          "type": "ECOSYSTEM",
          "events": [
            {
              "introduced": "0"
            },
            {
              "fixed": "1.2.6.1"
            }
          ]
        }
      ],
      "versions": [
        "0.96.0-hadoop1",
        "0.96.0-hadoop2",
        "0.96.1-hadoop1",
        "0.96.1-hadoop2",
        "0.96.1.1-hadoop1",
        "0.96.1.1-hadoop2",
        "0.96.2-hadoop1",
        "0.96.2-hadoop2",
        "0.98.0-hadoop1",
        "0.98.0-hadoop2",
        "0.98.1-hadoop1",
        "0.98.1-hadoop2",
        "0.98.10-hadoop1",
        "0.98.10-hadoop2",
        "0.98.10.1-hadoop1",
        "0.98.10.1-hadoop2",
        "0.98.11-hadoop1",
        "0.98.11-hadoop2",
        "0.98.12-hadoop1",
        "0.98.12-hadoop2",
        "0.98.12.1-hadoop1",
        "0.98.12.1-hadoop2",
        "0.98.13-hadoop1",
        "0.98.13-hadoop2",
        "0.98.14-hadoop1",
        "0.98.14-hadoop2",
        "0.98.15-hadoop1",
        "0.98.15-hadoop2",
        "0.98.16-hadoop1",
        "0.98.16-hadoop2",
        "0.98.16.1-hadoop1",
        "0.98.16.1-hadoop2",
        "0.98.17-hadoop1",
        "0.98.17-hadoop2",
        "0.98.18-hadoop1",
        "0.98.18-hadoop2",
        "0.98.19-hadoop1",
        "0.98.19-hadoop2",
        "0.98.2-hadoop1",
        "0.98.2-hadoop2",
        "0.98.20-hadoop1",
        "0.98.20-hadoop2",
        "0.98.21-hadoop1",
        "0.98.21-hadoop2",
        "0.98.22-hadoop1",
        "0.98.22-hadoop2",
        "0.98.23-hadoop1",
        "0.98.23-hadoop2",
        "0.98.24-hadoop1",
        "0.98.24-hadoop2",
        "0.98.3-hadoop1",
        "0.98.3-hadoop2",
        "0.98.4-hadoop1",
        "0.98.4-hadoop2",
        "0.98.5-hadoop1",
        "0.98.5-hadoop2",
        "0.98.6-hadoop1",
        "0.98.6-hadoop2",
        "0.98.6.1-hadoop1",
        "0.98.6.1-hadoop2",
        "0.98.7-hadoop1",
        "0.98.7-hadoop2",
        "0.98.8-hadoop1",
        "0.98.8-hadoop2",
        "0.98.9-hadoop1",
        "0.98.9-hadoop2",
        "0.99.0",
        "0.99.1",
        "0.99.2",
        "1.0.0",
        "1.0.1",
        "1.0.1.1",
        "1.0.2",
        "1.0.3",
        "1.1.0",
        "1.1.0.1",
        "1.1.1",
        "1.1.10",
        "1.1.11",
        "1.1.12",
        "1.1.13",
        "1.1.2",
        "1.1.3",
        "1.1.4",
        "1.1.5",
        "1.1.6",
        "1.1.7",
        "1.1.8",
        "1.1.9",
        "1.2.0",
        "1.2.1",
        "1.2.2",
        "1.2.3",
        "1.2.4",
        "1.2.5",
        "1.2.6"
      ],
      "database_specific": {
        "last_known_affected_version_range": "<= 1.2.6.0",
        "source": "https://github.com/github/advisory-database/blob/main/advisories/github-reviewed/2018/10/GHSA-r86j-2gc6-2cq9/GHSA-r86j-2gc6-2cq9.json"
      }
    }
  ],
  "schema_version": "1.6.0",
  "severity": [
    {
      "type": "CVSS_V3",
      "score": "CVSS:3.0/AV:N/AC:H/PR:N/UI:N/S:U/C:H/I:H/A:H"
    }
  ]
}