{
  "id": "GHSA-w3w6-26f2-p474",
  "summary": "Broken Access Control in Spring Security With Direct Use of isFullyAuthenticated",
  "details": "In Spring Security, versions 6.1.x prior to 6.1.7 and versions 6.2.x prior to 6.2.2, an application is vulnerable to broken access control when it directly uses the AuthenticationTrustResolver.isFullyAuthenticated(Authentication)\u00a0method.\n\nSpecifically, an application is vulnerable if:\n\n  *  The application uses AuthenticationTrustResolver.isFullyAuthenticated(Authentication)\u00a0directly and a null\u00a0authentication parameter is passed to it resulting in an erroneous true\u00a0return value.\n\n\nAn application is not vulnerable if any of the following is true:\n\n  *  The application does not use AuthenticationTrustResolver.isFullyAuthenticated(Authentication)\u00a0directly.\n  *  The application does not pass null\u00a0to AuthenticationTrustResolver.isFullyAuthenticated\n  *  The application only uses isFullyAuthenticated\u00a0via  Method Security https://docs.spring.io/spring-security/reference/servlet/authorization/method-security.html \u00a0or  HTTP Request Security https://docs.spring.io/spring-security/reference/servlet/authorization/authorize-http-requests.html \n\n\n\n",
  "aliases": [
    "CVE-2024-22234"
  ],
  "modified": "2024-03-15T12:49:25.888278Z",
  "published": "2024-02-20T09:30:30Z",
  "database_specific": {
    "nvd_published_at": "2024-02-20T07:15:09Z",
    "cwe_ids": [
      "CWE-284"
    ],
    "severity": "HIGH",
    "github_reviewed": true,
    "github_reviewed_at": "2024-02-21T00:17:30Z"
  },
  "references": [
    {
      "type": "ADVISORY",
      "url": "https://nvd.nist.gov/vuln/detail/CVE-2024-22234"
    },
    {
      "type": "WEB",
      "url": "https://github.com/spring-projects/spring-security/commit/750cb30ce44d279c2f54c845d375e6a58bded569"
    },
    {
      "type": "PACKAGE",
      "url": "https://github.com/spring-projects/spring-security"
    },
    {
      "type": "WEB",
      "url": "https://security.netapp.com/advisory/ntap-20240315-0003"
    },
    {
      "type": "WEB",
      "url": "https://spring.io/security/cve-2024-22234"
    }
  ],
  "affected": [
    {
      "package": {
        "name": "org.springframework.security:spring-security-core",
        "ecosystem": "Maven",
        "purl": "pkg:maven/org.springframework.security/spring-security-core"
      },
      "ranges": [
        {
          "type": "ECOSYSTEM",
          "events": [
            {
              "introduced": "6.1.0"
            },
            {
              "fixed": "6.1.7"
            }
          ]
        }
      ],
      "versions": [
        "6.1.0",
        "6.1.1",
        "6.1.2",
        "6.1.3",
        "6.1.4",
        "6.1.5",
        "6.1.6"
      ],
      "database_specific": {
        "source": "https://github.com/github/advisory-database/blob/main/advisories/github-reviewed/2024/02/GHSA-w3w6-26f2-p474/GHSA-w3w6-26f2-p474.json"
      }
    },
    {
      "package": {
        "name": "org.springframework.security:spring-security-core",
        "ecosystem": "Maven",
        "purl": "pkg:maven/org.springframework.security/spring-security-core"
      },
      "ranges": [
        {
          "type": "ECOSYSTEM",
          "events": [
            {
              "introduced": "6.2.0"
            },
            {
              "fixed": "6.2.2"
            }
          ]
        }
      ],
      "versions": [
        "6.2.0",
        "6.2.1"
      ],
      "database_specific": {
        "source": "https://github.com/github/advisory-database/blob/main/advisories/github-reviewed/2024/02/GHSA-w3w6-26f2-p474/GHSA-w3w6-26f2-p474.json"
      }
    }
  ],
  "schema_version": "1.6.0",
  "severity": [
    {
      "type": "CVSS_V3",
      "score": "CVSS:3.1/AV:N/AC:H/PR:N/UI:N/S:U/C:H/I:H/A:N"
    }
  ]
}