{
  "id": "GHSA-8gj9-r4hv-3jjw",
  "summary": "Apache Pinot: Unauthorized endpoint exposed sensitive information",
  "details": "Exposure of Sensitive Information to an Unauthorized Actor vulnerability in Apache Pinot.\n\nThis issue affects Apache Pinot: from 0.1 before 1.0.0.\n\nUsers are recommended to upgrade to version 1.0.0\u00a0and configure RBAC, which fixes the issue.\n\nDetails:\u00a0\n\nWhen using a request to path `/appconfigs` to the controller, it can lead to the disclosure of sensitive information such as system information (e.g. arch, os version), environment information (e.g. maxHeapSize) and Pinot configurations (e.g. zookeeper path). This issue was addressed by the Role-based Access Control https://docs.pinot.apache.org/operators/tutorials/authentication/basic-auth-access-control , so that `/appConfigs` and all other APIs can be access controlled. Only authorized users have access to it. Note the user needs to add the admin role accordingly to the RBAC guide to control access to this endpoint, and in the future version of Pinot, a default admin role is planned to be added.",
  "aliases": [
    "CVE-2024-39676"
  ],
  "modified": "2024-07-24T15:29:04.826954Z",
  "published": "2024-07-24T09:30:40Z",
  "database_specific": {
    "nvd_published_at": "2024-07-24T08:15:02Z",
    "cwe_ids": [
      "CWE-200"
    ],
    "severity": "HIGH",
    "github_reviewed": true,
    "github_reviewed_at": "2024-07-24T14:59:48Z"
  },
  "references": [
    {
      "type": "ADVISORY",
      "url": "https://nvd.nist.gov/vuln/detail/CVE-2024-39676"
    },
    {
      "type": "WEB",
      "url": "https://docs.pinot.apache.org/operators/tutorials/authentication/basic-auth-access-control"
    },
    {
      "type": "PACKAGE",
      "url": "https://github.com/apache/pinot"
    },
    {
      "type": "WEB",
      "url": "https://lists.apache.org/thread/hsm0b2w8qr0sqy4rj1mfnnw286tslpzc"
    }
  ],
  "affected": [
    {
      "package": {
        "name": "org.apache.pinot:pinot-controller",
        "ecosystem": "Maven",
        "purl": "pkg:maven/org.apache.pinot/pinot-controller"
      },
      "ranges": [
        {
          "type": "ECOSYSTEM",
          "events": [
            {
              "introduced": "0.1"
            },
            {
              "fixed": "1.0.0"
            }
          ]
        }
      ],
      "versions": [
        "0.1.0",
        "0.10.0",
        "0.11.0",
        "0.12.0",
        "0.12.1",
        "0.2.0",
        "0.3.0",
        "0.4.0",
        "0.5.0",
        "0.6.0",
        "0.7.0",
        "0.7.1",
        "0.8.0",
        "0.9.0",
        "0.9.1",
        "0.9.2",
        "0.9.3"
      ],
      "database_specific": {
        "source": "https://github.com/github/advisory-database/blob/main/advisories/github-reviewed/2024/07/GHSA-8gj9-r4hv-3jjw/GHSA-8gj9-r4hv-3jjw.json"
      }
    }
  ],
  "schema_version": "1.6.0",
  "severity": [
    {
      "type": "CVSS_V3",
      "score": "CVSS:3.1/AV:N/AC:L/PR:N/UI:N/S:U/C:H/I:N/A:N"
    },
    {
      "type": "CVSS_V4",
      "score": "CVSS:4.0/AV:N/AC:L/AT:N/PR:N/UI:N/VC:H/VI:N/VA:N/SC:N/SI:N/SA:N"
    }
  ]
}