{
  "id": "GHSA-q5p5-xg93-2jqc",
  "summary": "Apache InLong Improper Privilege Management vulnerability",
  "details": "Improper Privilege Management Vulnerabilities in Apache Software Foundation Apache InLong.This issue affects Apache InLong: from 1.2.0 through 1.6.0.\u00a0 When\u00a0the attacker has access to a valid (but unprivileged) account, the exploit can be executed using Burp Suite by sending a login request and following it with a subsequent HTTP request using the returned cookie.\n\nUsers are advised to upgrade to Apache InLong's 1.7.0 or cherry-pick https://github.com/apache/inlong/pull/7836 to solve it.\n\n\n\n\n",
  "aliases": [
    "CVE-2023-31062"
  ],
  "modified": "2024-02-16T08:24:05.027502Z",
  "published": "2023-07-06T21:14:59Z",
  "database_specific": {
    "nvd_published_at": "2023-05-22T16:15:09Z",
    "cwe_ids": [
      "CWE-269"
    ],
    "severity": "CRITICAL",
    "github_reviewed": true,
    "github_reviewed_at": "2023-07-06T23:31:27Z"
  },
  "references": [
    {
      "type": "ADVISORY",
      "url": "https://nvd.nist.gov/vuln/detail/CVE-2023-31062"
    },
    {
      "type": "WEB",
      "url": "https://github.com/apache/inlong/pull/7836"
    },
    {
      "type": "PACKAGE",
      "url": "https://github.com/apache/inlong"
    },
    {
      "type": "WEB",
      "url": "https://lists.apache.org/thread/btorjbo9o71h22tcvxzy076022hjdzq0"
    }
  ],
  "affected": [
    {
      "package": {
        "name": "org.apache.inlong:manager-pojo",
        "ecosystem": "Maven",
        "purl": "pkg:maven/org.apache.inlong/manager-pojo"
      },
      "ranges": [
        {
          "type": "ECOSYSTEM",
          "events": [
            {
              "introduced": "1.2.0"
            },
            {
              "fixed": "1.7.0"
            }
          ]
        }
      ],
      "versions": [
        "1.3.0",
        "1.4.0",
        "1.5.0",
        "1.6.0"
      ],
      "database_specific": {
        "source": "https://github.com/github/advisory-database/blob/main/advisories/github-reviewed/2023/07/GHSA-q5p5-xg93-2jqc/GHSA-q5p5-xg93-2jqc.json"
      }
    },
    {
      "package": {
        "name": "org.apache.inlong:manager-dao",
        "ecosystem": "Maven",
        "purl": "pkg:maven/org.apache.inlong/manager-dao"
      },
      "ranges": [
        {
          "type": "ECOSYSTEM",
          "events": [
            {
              "introduced": "1.2.0"
            },
            {
              "fixed": "1.7.0"
            }
          ]
        }
      ],
      "versions": [
        "1.2.0-incubating",
        "1.3.0",
        "1.4.0",
        "1.5.0",
        "1.6.0"
      ],
      "database_specific": {
        "source": "https://github.com/github/advisory-database/blob/main/advisories/github-reviewed/2023/07/GHSA-q5p5-xg93-2jqc/GHSA-q5p5-xg93-2jqc.json"
      }
    },
    {
      "package": {
        "name": "org.apache.inlong:manager-service",
        "ecosystem": "Maven",
        "purl": "pkg:maven/org.apache.inlong/manager-service"
      },
      "ranges": [
        {
          "type": "ECOSYSTEM",
          "events": [
            {
              "introduced": "1.2.0"
            },
            {
              "fixed": "1.7.0"
            }
          ]
        }
      ],
      "versions": [
        "1.2.0-incubating",
        "1.3.0",
        "1.4.0",
        "1.5.0",
        "1.6.0"
      ],
      "database_specific": {
        "source": "https://github.com/github/advisory-database/blob/main/advisories/github-reviewed/2023/07/GHSA-q5p5-xg93-2jqc/GHSA-q5p5-xg93-2jqc.json"
      }
    },
    {
      "package": {
        "name": "org.apache.inlong:manager-web",
        "ecosystem": "Maven",
        "purl": "pkg:maven/org.apache.inlong/manager-web"
      },
      "ranges": [
        {
          "type": "ECOSYSTEM",
          "events": [
            {
              "introduced": "1.2.0"
            },
            {
              "fixed": "1.7.0"
            }
          ]
        }
      ],
      "versions": [
        "1.2.0-incubating",
        "1.3.0",
        "1.4.0",
        "1.5.0",
        "1.6.0"
      ],
      "database_specific": {
        "source": "https://github.com/github/advisory-database/blob/main/advisories/github-reviewed/2023/07/GHSA-q5p5-xg93-2jqc/GHSA-q5p5-xg93-2jqc.json"
      }
    }
  ],
  "schema_version": "1.6.0",
  "severity": [
    {
      "type": "CVSS_V3",
      "score": "CVSS:3.1/AV:N/AC:L/PR:N/UI:N/S:U/C:H/I:H/A:H"
    }
  ]
}