{
  "id": "GHSA-9p5v-6p5f-f28h",
  "summary": "Stored credentials unencrypted in Jenkins Mashup Portlets Plugin",
  "details": "Jenkins Mashup Portlets Plugin stored credentials unencrypted on the Jenkins master where they can be viewed by users with access to the master file system.",
  "aliases": [
    "CVE-2019-10347"
  ],
  "modified": "2024-02-16T08:14:57.251828Z",
  "published": "2022-05-24T16:50:03Z",
  "database_specific": {
    "nvd_published_at": "2019-07-11T14:15:00Z",
    "cwe_ids": [
      "CWE-522"
    ],
    "severity": "HIGH",
    "github_reviewed": true,
    "github_reviewed_at": "2023-12-14T15:44:18Z"
  },
  "references": [
    {
      "type": "ADVISORY",
      "url": "https://nvd.nist.gov/vuln/detail/CVE-2019-10347"
    },
    {
      "type": "WEB",
      "url": "https://github.com/jenkinsci/mashup-portlets-plugin/commit/05eb9bfd5c758c8c477ce6bd4315fd65d83e9a0a"
    },
    {
      "type": "WEB",
      "url": "https://jenkins.io/security/advisory/2019-07-11/#SECURITY-775"
    },
    {
      "type": "WEB",
      "url": "http://www.openwall.com/lists/oss-security/2019/07/11/4"
    },
    {
      "type": "WEB",
      "url": "http://www.securityfocus.com/bid/109156"
    }
  ],
  "affected": [
    {
      "package": {
        "name": "javagh.jenkins:mashup-portlets-plugin",
        "ecosystem": "Maven",
        "purl": "pkg:maven/javagh.jenkins/mashup-portlets-plugin"
      },
      "ranges": [
        {
          "type": "ECOSYSTEM",
          "events": [
            {
              "introduced": "0"
            },
            {
              "fixed": "1.1.0"
            }
          ]
        }
      ],
      "versions": [
        "0.9",
        "0.9.1",
        "0.9.2",
        "1.0.0",
        "1.0.1",
        "1.0.2",
        "1.0.3",
        "1.0.4",
        "1.0.5",
        "1.0.6",
        "1.0.7",
        "1.0.8",
        "1.0.9"
      ],
      "database_specific": {
        "last_known_affected_version_range": "<= 1.0.9",
        "source": "https://github.com/github/advisory-database/blob/main/advisories/github-reviewed/2022/05/GHSA-9p5v-6p5f-f28h/GHSA-9p5v-6p5f-f28h.json"
      }
    }
  ],
  "schema_version": "1.6.0",
  "severity": [
    {
      "type": "CVSS_V3",
      "score": "CVSS:3.1/AV:N/AC:L/PR:L/UI:N/S:U/C:H/I:H/A:H"
    }
  ]
}