{
  "id": "GHSA-6247-7862-q2pq",
  "summary": "Apache Helix Front (UI) component contained a hard-coded secret",
  "details": "The Apache Helix Front (UI) component contained a hard-coded secret, allowing an attacker to spoof sessions by generating their own fake cookies.\n\nThis issue affects Apache Helix Front (UI): all versions.\n\nAs this project is retired, we do not plan to release a version that fixes this issue. Users are recommended to find an alternative or restrict access to the instance to trusted users.\n\nNOTE: This vulnerability only affects products that are no longer supported by the maintainer.",
  "aliases": [
    "CVE-2024-22281"
  ],
  "modified": "2024-08-21T20:27:34.768346Z",
  "published": "2024-08-21T00:30:29Z",
  "database_specific": {
    "nvd_published_at": "2024-08-20T23:15:03Z",
    "cwe_ids": [
      "CWE-668"
    ],
    "severity": "HIGH",
    "github_reviewed": true,
    "github_reviewed_at": "2024-08-21T20:10:17Z"
  },
  "references": [
    {
      "type": "ADVISORY",
      "url": "https://nvd.nist.gov/vuln/detail/CVE-2024-22281"
    },
    {
      "type": "PACKAGE",
      "url": "https://github.com/apache/helix"
    },
    {
      "type": "WEB",
      "url": "https://lists.apache.org/thread/zt26fpmrqx3fzcy8nv3b43kb3xllo5ny"
    }
  ],
  "affected": [
    {
      "package": {
        "name": "org.apache.helix:helix",
        "ecosystem": "Maven",
        "purl": "pkg:maven/org.apache.helix/helix"
      },
      "ranges": [
        {
          "type": "ECOSYSTEM",
          "events": [
            {
              "introduced": "0"
            },
            {
              "last_affected": "1.4.0"
            }
          ]
        }
      ],
      "versions": [
        "0.6.0-incubating",
        "0.6.1-incubating",
        "0.6.2-incubating",
        "0.6.3",
        "0.6.4",
        "0.6.5",
        "0.6.6",
        "0.6.7",
        "0.6.8",
        "0.6.9",
        "0.7.0-incubating",
        "0.7.1",
        "0.8.0",
        "0.8.1",
        "0.8.2",
        "0.8.3",
        "0.8.4",
        "0.9.0",
        "0.9.0.1",
        "0.9.1",
        "0.9.10",
        "0.9.4",
        "0.9.7",
        "0.9.8",
        "0.9.9",
        "1.0.0",
        "1.0.1",
        "1.0.2",
        "1.0.3",
        "1.0.4",
        "1.1.0",
        "1.2.0",
        "1.3.0",
        "1.3.1",
        "1.4.0"
      ],
      "database_specific": {
        "source": "https://github.com/github/advisory-database/blob/main/advisories/github-reviewed/2024/08/GHSA-6247-7862-q2pq/GHSA-6247-7862-q2pq.json"
      }
    }
  ],
  "schema_version": "1.6.0",
  "severity": [
    {
      "type": "CVSS_V3",
      "score": "CVSS:3.1/AV:N/AC:L/PR:N/UI:N/S:U/C:N/I:H/A:N"
    },
    {
      "type": "CVSS_V4",
      "score": "CVSS:4.0/AV:N/AC:L/AT:N/PR:N/UI:N/VC:N/VI:H/VA:N/SC:N/SI:N/SA:N"
    }
  ]
}