{
  "id": "GHSA-v7cm-w955-pj6g",
  "summary": "Improper Input Validation Apache Commons Email",
  "details": "If a user of Apache Commons Email (typically an application programmer) passes unvalidated input as the so-called \"Bounce Address\", and that input contains line-breaks, then the email details (recipients, contents, etc.) might be manipulated. Mitigation: Users should upgrade to Commons-Email 1.5. You can mitigate this vulnerability for older versions of Commons Email by stripping line-breaks from data, that will be passed to Email.setBounceAddress(String).",
  "aliases": [
    "CVE-2018-1294"
  ],
  "modified": "2023-11-08T03:59:51.656421Z",
  "published": "2022-05-14T01:28:26Z",
  "database_specific": {
    "nvd_published_at": "2018-03-20T17:29:00Z",
    "github_reviewed_at": "2022-06-29T19:30:06Z",
    "severity": "HIGH",
    "github_reviewed": true,
    "cwe_ids": [
      "CWE-20"
    ]
  },
  "references": [
    {
      "type": "ADVISORY",
      "url": "https://nvd.nist.gov/vuln/detail/CVE-2018-1294"
    },
    {
      "type": "WEB",
      "url": "http://seclists.org/oss-sec/2018/q1/107"
    }
  ],
  "affected": [
    {
      "package": {
        "name": "org.apache.commons:commons-email",
        "ecosystem": "Maven",
        "purl": "pkg:maven/org.apache.commons/commons-email"
      },
      "ranges": [
        {
          "type": "ECOSYSTEM",
          "events": [
            {
              "introduced": "0"
            },
            {
              "fixed": "1.5"
            }
          ]
        }
      ],
      "versions": [
        "1.1",
        "1.2",
        "1.3",
        "1.3.1",
        "1.3.2",
        "1.3.3",
        "1.4"
      ],
      "database_specific": {
        "source": "https://github.com/github/advisory-database/blob/main/advisories/github-reviewed/2022/05/GHSA-v7cm-w955-pj6g/GHSA-v7cm-w955-pj6g.json"
      }
    }
  ],
  "schema_version": "1.6.0",
  "severity": [
    {
      "type": "CVSS_V3",
      "score": "CVSS:3.0/AV:N/AC:L/PR:N/UI:N/S:U/C:N/I:H/A:N"
    }
  ]
}