{
  "id": "GHSA-phmw-jx86-x666",
  "summary": "Authenticated Rundeck users can view or delete jobs they do not have authorization for.",
  "details": "Access to two URLs used in both Rundeck Open Source and Process Automation products could allow authenticated users to access the URL path, which would allow access to view or delete jobs, without the necessary authorization checks.\n\nThe affected URLs are:\n- `http[s]://[host]/context/rdJob/*` \n- `http[s]://[host]/context/api/*/incubator/jobs`\n\n### Impact\n\nRundeck, Process Automation version 4.12.0 up to 4.16.0\n\n### Patches\n\nPatched versions: 4.17.3\n\n### Workarounds\n\nAccess to two URLs used in either Rundeck Open Source or Process Automation products could be blocked at a load balancer level.\n- `http[s]://host/context/rdJob/*` \n- `http[s]://host/context/api/*/incubator/jobs`\n\n### For more information\n\nIf you have any questions or comments about this advisory:\n* Open an issue in [our forums](https://community.pagerduty.com/forum/c/process-automation)\n* Enterprise Customers can open a [Support ticket](https://support.rundeck.com)\n\n",
  "aliases": [
    "CVE-2023-48222"
  ],
  "modified": "2024-02-16T08:12:20.196852Z",
  "published": "2023-11-16T20:48:46Z",
  "database_specific": {
    "nvd_published_at": "2023-11-16T22:15:28Z",
    "cwe_ids": [
      "CWE-862"
    ],
    "severity": "HIGH",
    "github_reviewed": true,
    "github_reviewed_at": "2023-11-16T20:48:46Z"
  },
  "references": [
    {
      "type": "WEB",
      "url": "https://github.com/rundeck/rundeck/security/advisories/GHSA-phmw-jx86-x666"
    },
    {
      "type": "ADVISORY",
      "url": "https://nvd.nist.gov/vuln/detail/CVE-2023-48222"
    },
    {
      "type": "PACKAGE",
      "url": "https://github.com/rundeck/rundeck"
    }
  ],
  "affected": [
    {
      "package": {
        "name": "org.rundeck:rundeck",
        "ecosystem": "Maven",
        "purl": "pkg:maven/org.rundeck/rundeck"
      },
      "ranges": [
        {
          "type": "ECOSYSTEM",
          "events": [
            {
              "introduced": "4.12.0"
            },
            {
              "fixed": "4.17.3"
            }
          ]
        }
      ],
      "versions": [
        "4.13.0-20230515",
        "4.14.0-20230615",
        "4.14.0-rc1-20230606",
        "4.14.1-20230622",
        "4.14.1-rc2-20230621",
        "4.14.2-20230713",
        "4.15.0-20230725",
        "4.15.0-rc1-20230714",
        "4.16.0-20230825",
        "4.16.0-rc1-20230815",
        "4.17.1-20231018",
        "4.17.1-rc1-20231009",
        "4.17.2-20231107",
        "4.17.2-rc1-20231025"
      ],
      "database_specific": {
        "source": "https://github.com/github/advisory-database/blob/main/advisories/github-reviewed/2023/11/GHSA-phmw-jx86-x666/GHSA-phmw-jx86-x666.json"
      }
    }
  ],
  "schema_version": "1.6.0",
  "severity": [
    {
      "type": "CVSS_V3",
      "score": "CVSS:3.1/AV:N/AC:L/PR:L/UI:N/S:U/C:H/I:H/A:N"
    }
  ]
}