{
  "id": "GHSA-8p36-q63g-68qh",
  "summary": "Autobinding vulnerability in MITREid Connect",
  "details": "org/mitre/oauth2/web/OAuthConfirmationController.java in the OpenID Connect server implementation for MITREid Connect through 1.3.3 contains a Mass Assignment (aka Autobinding) vulnerability. This arises due to unsafe usage of the @ModelAttribute annotation during the OAuth authorization flow, in which HTTP request parameters affect an authorizationRequest.",
  "aliases": [
    "CVE-2021-27582"
  ],
  "modified": "2023-11-08T04:05:25.098202Z",
  "published": "2021-05-13T22:31:22Z",
  "database_specific": {
    "nvd_published_at": "2021-02-23T18:15:00Z",
    "github_reviewed_at": "2021-05-07T18:32:32Z",
    "severity": "CRITICAL",
    "github_reviewed": true,
    "cwe_ids": [
      "CWE-1321",
      "CWE-915"
    ]
  },
  "references": [
    {
      "type": "ADVISORY",
      "url": "https://nvd.nist.gov/vuln/detail/CVE-2021-27582"
    },
    {
      "type": "WEB",
      "url": "https://github.com/mitreid-connect/OpenID-Connect-Java-Spring-Server/commit/7eba3c12fed82388f917e8dd9b73e86e3a311e4c"
    },
    {
      "type": "PACKAGE",
      "url": "https://github.com/mitreid-connect/OpenID-Connect-Java-Spring-Server"
    },
    {
      "type": "WEB",
      "url": "https://portswigger.net/research/hidden-oauth-attack-vectors"
    },
    {
      "type": "WEB",
      "url": "http://agrrrdog.blogspot.com/2017/03/autobinding-vulns-and-spring-mvc.html"
    }
  ],
  "affected": [
    {
      "package": {
        "name": "org.mitre:openid-connect-parent",
        "ecosystem": "Maven",
        "purl": "pkg:maven/org.mitre/openid-connect-parent"
      },
      "ranges": [
        {
          "type": "ECOSYSTEM",
          "events": [
            {
              "introduced": "0"
            },
            {
              "last_affected": "1.3.3"
            }
          ]
        }
      ],
      "versions": [
        "0.9.0",
        "0.9.1",
        "0.9.2",
        "0.9.3",
        "1.0.0",
        "1.0.1",
        "1.0.10",
        "1.0.11",
        "1.0.12",
        "1.0.13",
        "1.0.14",
        "1.0.15",
        "1.0.16",
        "1.0.17",
        "1.0.18",
        "1.0.19",
        "1.0.2",
        "1.0.20",
        "1.0.21",
        "1.0.22",
        "1.0.3",
        "1.0.4",
        "1.0.5",
        "1.0.6",
        "1.0.7",
        "1.0.8",
        "1.0.9",
        "1.1.0",
        "1.1.1",
        "1.1.10",
        "1.1.11",
        "1.1.12",
        "1.1.13",
        "1.1.14",
        "1.1.15",
        "1.1.16",
        "1.1.17",
        "1.1.18",
        "1.1.19",
        "1.1.2",
        "1.1.3",
        "1.1.4",
        "1.1.5",
        "1.1.6",
        "1.1.7",
        "1.1.8",
        "1.1.9",
        "1.2.0",
        "1.2.0-RC1",
        "1.2.0-RC2",
        "1.2.1",
        "1.2.2",
        "1.2.3",
        "1.2.4",
        "1.2.5",
        "1.2.6",
        "1.3.0",
        "1.3.0-RC1",
        "1.3.0-RC2",
        "1.3.1",
        "1.3.2",
        "1.3.3"
      ],
      "database_specific": {
        "source": "https://github.com/github/advisory-database/blob/main/advisories/github-reviewed/2021/05/GHSA-8p36-q63g-68qh/GHSA-8p36-q63g-68qh.json"
      }
    }
  ],
  "schema_version": "1.6.0",
  "severity": [
    {
      "type": "CVSS_V3",
      "score": "CVSS:3.1/AV:N/AC:L/PR:N/UI:N/S:U/C:H/I:H/A:N"
    }
  ]
}