{
  "id": "GHSA-r97x-3g8f-gx3m",
  "summary": "The Bouncy Castle JCE Provider carry a propagation bug",
  "details": "In the Bouncy Castle JCE Provider versions 1.51 to 1.55, a carry propagation bug was introduced in the implementation of squaring for several raw math classes have been fixed (org.bouncycastle.math.raw.Nat???). These classes are used by our custom elliptic curve implementations (org.bouncycastle.math.ec.custom.**), so there was the possibility of rare (in general usage) spurious calculations for elliptic curve scalar multiplications. Such errors would have been detected with high probability by the output validation for our scalar multipliers.",
  "aliases": [
    "CVE-2016-1000340"
  ],
  "modified": "2024-02-17T05:34:24.273898Z",
  "published": "2018-10-17T16:23:50Z",
  "database_specific": {
    "nvd_published_at": null,
    "cwe_ids": [],
    "severity": "HIGH",
    "github_reviewed": true,
    "github_reviewed_at": "2020-06-16T21:54:10Z"
  },
  "references": [
    {
      "type": "ADVISORY",
      "url": "https://nvd.nist.gov/vuln/detail/CVE-2016-1000340"
    },
    {
      "type": "WEB",
      "url": "https://github.com/bcgit/bc-java/commit/790642084c4e0cadd47352054f868cc8397e2c00#diff-e5934feac8203ca0104ab291a3560a31"
    },
    {
      "type": "WEB",
      "url": "https://access.redhat.com/errata/RHSA-2018:2669"
    },
    {
      "type": "WEB",
      "url": "https://access.redhat.com/errata/RHSA-2018:2927"
    },
    {
      "type": "ADVISORY",
      "url": "https://github.com/advisories/GHSA-r97x-3g8f-gx3m"
    },
    {
      "type": "PACKAGE",
      "url": "https://github.com/bcgit/bc-java"
    },
    {
      "type": "WEB",
      "url": "https://security.netapp.com/advisory/ntap-20181127-0004"
    },
    {
      "type": "WEB",
      "url": "https://www.oracle.com/security-alerts/cpuoct2020.html"
    }
  ],
  "affected": [
    {
      "package": {
        "name": "org.bouncycastle:bcprov-jdk14",
        "ecosystem": "Maven",
        "purl": "pkg:maven/org.bouncycastle/bcprov-jdk14"
      },
      "ranges": [
        {
          "type": "ECOSYSTEM",
          "events": [
            {
              "introduced": "1.51"
            },
            {
              "fixed": "1.56"
            }
          ]
        }
      ],
      "versions": [
        "1.51",
        "1.53",
        "1.54",
        "1.55"
      ],
      "database_specific": {
        "source": "https://github.com/github/advisory-database/blob/main/advisories/github-reviewed/2018/10/GHSA-r97x-3g8f-gx3m/GHSA-r97x-3g8f-gx3m.json"
      }
    },
    {
      "package": {
        "name": "org.bouncycastle:bcprov-jdk15",
        "ecosystem": "Maven",
        "purl": "pkg:maven/org.bouncycastle/bcprov-jdk15"
      },
      "ranges": [
        {
          "type": "ECOSYSTEM",
          "events": [
            {
              "introduced": "1.51"
            },
            {
              "fixed": "1.56"
            }
          ]
        }
      ],
      "database_specific": {
        "source": "https://github.com/github/advisory-database/blob/main/advisories/github-reviewed/2018/10/GHSA-r97x-3g8f-gx3m/GHSA-r97x-3g8f-gx3m.json"
      },
      "versions": []
    }
  ],
  "schema_version": "1.6.0",
  "severity": [
    {
      "type": "CVSS_V3",
      "score": "CVSS:3.0/AV:N/AC:L/PR:N/UI:N/S:U/C:N/I:H/A:N"
    }
  ]
}