{
  "id": "GHSA-fj8f-56wc-q36r",
  "summary": "rabbitmq-connector plugin\u00a0module in Apache EventMesh platforms allows attackers\u00a0to send controlled message",
  "details": "CWE-502 Deserialization of Untrusted Data\u00a0at the\u00a0rabbitmq-connector plugin\u00a0module in Apache EventMesh (incubating)\u00a0V1.7.0\\V1.8.0 on windows\\linux\\mac os e.g. platforms allows attackers\u00a0to send controlled message and \n\nremote code execute\u00a0via rabbitmq messages. Users can use the code under the master branch in project repo to fix this issue,  the new version is set to be released as soon as possible.",
  "aliases": [
    "CVE-2023-26512"
  ],
  "modified": "2024-02-16T08:07:46.581881Z",
  "published": "2023-07-17T09:30:23Z",
  "database_specific": {
    "nvd_published_at": "2023-07-17T08:15:09Z",
    "cwe_ids": [
      "CWE-502"
    ],
    "severity": "CRITICAL",
    "github_reviewed": true,
    "github_reviewed_at": "2023-07-28T21:37:28Z"
  },
  "references": [
    {
      "type": "ADVISORY",
      "url": "https://nvd.nist.gov/vuln/detail/CVE-2023-26512"
    },
    {
      "type": "WEB",
      "url": "https://lists.apache.org/thread/zb1d62wh8o8pvntrnx4t1hj8vz0pm39p"
    }
  ],
  "affected": [
    {
      "package": {
        "name": "org.apache.eventmesh:eventmesh-connector-rabbitmq",
        "ecosystem": "Maven",
        "purl": "pkg:maven/org.apache.eventmesh/eventmesh-connector-rabbitmq"
      },
      "ranges": [
        {
          "type": "ECOSYSTEM",
          "events": [
            {
              "introduced": "1.7.0"
            },
            {
              "last_affected": "1.8.0"
            }
          ]
        }
      ],
      "versions": [
        "1.7.0-release",
        "1.8.0-release"
      ],
      "database_specific": {
        "source": "https://github.com/github/advisory-database/blob/main/advisories/github-reviewed/2023/07/GHSA-fj8f-56wc-q36r/GHSA-fj8f-56wc-q36r.json"
      }
    }
  ],
  "schema_version": "1.6.0",
  "severity": [
    {
      "type": "CVSS_V3",
      "score": "CVSS:3.1/AV:N/AC:L/PR:N/UI:N/S:U/C:H/I:H/A:H"
    }
  ]
}