{
  "id": "GHSA-9xg9-hh45-xcm6",
  "summary": "Apache InLong Manager Remote Code Execution vulnerability",
  "details": "Improper Control of Generation of Code ('Code Injection') vulnerability in Apache InLong.This issue affects Apache InLong: from 1.5.0 through 1.9.0, which could lead to Remote Code Execution.\u00a0Users are advised to upgrade to Apache InLong's 1.10.0 or cherry-pick [1] to solve it.\n\n[1]  https://github.com/apache/inlong/pull/9329 \n\n",
  "aliases": [
    "CVE-2023-51784"
  ],
  "modified": "2024-02-16T08:21:41.688011Z",
  "published": "2024-01-03T12:30:21Z",
  "database_specific": {
    "nvd_published_at": "2024-01-03T10:15:09Z",
    "cwe_ids": [
      "CWE-94"
    ],
    "severity": "CRITICAL",
    "github_reviewed": true,
    "github_reviewed_at": "2024-01-03T22:03:13Z"
  },
  "references": [
    {
      "type": "ADVISORY",
      "url": "https://nvd.nist.gov/vuln/detail/CVE-2023-51784"
    },
    {
      "type": "WEB",
      "url": "https://github.com/apache/inlong/pull/9329"
    },
    {
      "type": "WEB",
      "url": "https://github.com/apache/inlong/commit/1607837be28438c0ccae8da15afb653f2afed090"
    },
    {
      "type": "PACKAGE",
      "url": "https://github.com/apache/inlong"
    },
    {
      "type": "WEB",
      "url": "https://lists.apache.org/thread/4nxbyl6mh5jgh0plk0qposbxwn6w9h8j"
    },
    {
      "type": "WEB",
      "url": "http://www.openwall.com/lists/oss-security/2024/01/03/1"
    }
  ],
  "affected": [
    {
      "package": {
        "name": "org.apache.inlong:manager-pojo",
        "ecosystem": "Maven",
        "purl": "pkg:maven/org.apache.inlong/manager-pojo"
      },
      "ranges": [
        {
          "type": "ECOSYSTEM",
          "events": [
            {
              "introduced": "1.5.0"
            },
            {
              "fixed": "1.10.0"
            }
          ]
        }
      ],
      "versions": [
        "1.5.0",
        "1.6.0",
        "1.7.0",
        "1.8.0",
        "1.9.0"
      ],
      "database_specific": {
        "source": "https://github.com/github/advisory-database/blob/main/advisories/github-reviewed/2024/01/GHSA-9xg9-hh45-xcm6/GHSA-9xg9-hh45-xcm6.json"
      }
    }
  ],
  "schema_version": "1.6.0",
  "severity": [
    {
      "type": "CVSS_V3",
      "score": "CVSS:3.1/AV:N/AC:L/PR:N/UI:N/S:U/C:H/I:H/A:H"
    }
  ]
}