{
  "id": "GHSA-599v-w48h-rjrm",
  "summary": "XWiki Platform Web Templates vulnerable to Missing Authorization, Exposure of Private Personal Information to Unauthorized Actor",
  "details": "### Impact\nThrough the suggestion feature, string and list properties of objects the user shouldn't have access to can be accessed. This includes private personal information like email addresses and salted password hashes of registered users but also other information stored in properties of objects. Sensitive configuration fields like passwords for LDAP or SMTP servers could be accessed. By exploiting an additional vulnerability, this issue can even be exploited on [private wikis](https://www.xwiki.org/xwiki/bin/view/Documentation/AdminGuide/Access%20Rights/#HPrivateWiki) at least for string properties.\n\n### Patches\nThe issue is patched in version 13.10.4 and 14.2. Password properties are no longer displayed and rights are checked for other properties.\n\n### Workarounds\nThe template file `suggest.vm` can be replaced by a patched version without upgrading or restarting XWiki unless it has been [overridden](https://extensions.xwiki.org/xwiki/bin/view/Extension/Skin%20Application#HHowtooverrideatemplate), in which case the overridden template should be patched, too. This might need adjustments for older versions, though.\n\n### References\n* https://jira.xwiki.org/browse/XWIKI-18849\n\n### For more information\nIf you have any questions or comments about this advisory:\n* Open an issue in [Jira XWiki.org](https://jira.xwiki.org)\n* Email us at [security mailing-list](mailto:security@xwiki.com)\n",
  "aliases": [
    "CVE-2022-36091",
    "CVE-2022-41933",
    "GHSA-q2hm-2h45-v5g3"
  ],
  "modified": "2023-11-08T04:10:00.494005Z",
  "published": "2022-09-16T17:39:46Z",
  "database_specific": {
    "nvd_published_at": "2022-09-08T16:15:00Z",
    "github_reviewed_at": "2022-09-16T17:39:46Z",
    "severity": "HIGH",
    "github_reviewed": true,
    "cwe_ids": [
      "CWE-359",
      "CWE-862"
    ]
  },
  "references": [
    {
      "type": "WEB",
      "url": "https://github.com/xwiki/xwiki-platform/security/advisories/GHSA-599v-w48h-rjrm"
    },
    {
      "type": "ADVISORY",
      "url": "https://nvd.nist.gov/vuln/detail/CVE-2022-36091"
    },
    {
      "type": "PACKAGE",
      "url": "https://github.com/xwiki/xwiki-platform"
    },
    {
      "type": "WEB",
      "url": "https://jira.xwiki.org/browse/XWIKI-18849"
    }
  ],
  "affected": [
    {
      "package": {
        "name": "org.xwiki.platform:xwiki-platform-web-templates",
        "ecosystem": "Maven",
        "purl": "pkg:maven/org.xwiki.platform/xwiki-platform-web-templates"
      },
      "ranges": [
        {
          "type": "ECOSYSTEM",
          "events": [
            {
              "introduced": "1.3"
            },
            {
              "fixed": "13.10.4"
            }
          ]
        }
      ],
      "database_specific": {
        "source": "https://github.com/github/advisory-database/blob/main/advisories/github-reviewed/2022/09/GHSA-599v-w48h-rjrm/GHSA-599v-w48h-rjrm.json"
      },
      "versions": []
    },
    {
      "package": {
        "name": "org.xwiki.platform:xwiki-platform-web",
        "ecosystem": "Maven",
        "purl": "pkg:maven/org.xwiki.platform/xwiki-platform-web"
      },
      "ranges": [
        {
          "type": "ECOSYSTEM",
          "events": [
            {
              "introduced": "14.0"
            },
            {
              "fixed": "14.2"
            }
          ]
        }
      ],
      "database_specific": {
        "source": "https://github.com/github/advisory-database/blob/main/advisories/github-reviewed/2022/09/GHSA-599v-w48h-rjrm/GHSA-599v-w48h-rjrm.json"
      },
      "versions": []
    }
  ],
  "schema_version": "1.6.0",
  "severity": [
    {
      "type": "CVSS_V3",
      "score": "CVSS:3.1/AV:N/AC:L/PR:N/UI:N/S:U/C:H/I:N/A:N"
    }
  ]
}