{
  "id": "GHSA-8j28-34qq-gmch",
  "summary": "Apache Sling Commons JSON bundle vulnerable to Improper Input Validation",
  "details": "Improper input validation in the Apache Sling Commons JSON bundle allows an attacker to trigger unexpected errors by supplying specially-crafted input.\n\nNOTE: This vulnerability only affects products that are no longer supported by the maintainer. The org.apache.sling.commons.json bundle has been deprecated as of March 2017 and should not be used anymore. Consumers are encouraged to consider the Apache Sling Commons Johnzon OSGi bundle provided by the Apache Sling project, but may of course use other JSON libraries.",
  "aliases": [
    "CVE-2022-47937"
  ],
  "modified": "2024-03-29T14:48:46.905689Z",
  "published": "2023-05-15T12:30:16Z",
  "database_specific": {
    "nvd_published_at": "2023-05-15T10:15:10Z",
    "cwe_ids": [
      "CWE-20"
    ],
    "severity": "CRITICAL",
    "github_reviewed": true,
    "github_reviewed_at": "2023-05-15T20:51:20Z"
  },
  "references": [
    {
      "type": "ADVISORY",
      "url": "https://nvd.nist.gov/vuln/detail/CVE-2022-47937"
    },
    {
      "type": "WEB",
      "url": "https://github.com/apache/sling-org-apache-sling-commons-johnzon"
    },
    {
      "type": "WEB",
      "url": "https://issues.apache.org/jira/browse/SLING-6536"
    },
    {
      "type": "WEB",
      "url": "https://lists.apache.org/thread/sws7z50x47gv0c38q4kx6ktqrvrrg1pm"
    },
    {
      "type": "WEB",
      "url": "https://www.openwall.com/lists/oss-security/2023/05/15/2"
    },
    {
      "type": "WEB",
      "url": "http://www.openwall.com/lists/oss-security/2023/05/15/2"
    }
  ],
  "affected": [
    {
      "package": {
        "name": "org.apache.sling:org.apache.sling.commons.json",
        "ecosystem": "Maven",
        "purl": "pkg:maven/org.apache.sling/org.apache.sling.commons.json"
      },
      "ranges": [
        {
          "type": "ECOSYSTEM",
          "events": [
            {
              "introduced": "0"
            },
            {
              "last_affected": "2.0.20"
            }
          ]
        }
      ],
      "versions": [
        "2.0.10",
        "2.0.12",
        "2.0.16",
        "2.0.18",
        "2.0.2-incubator",
        "2.0.20",
        "2.0.4-incubator",
        "2.0.6",
        "2.0.8"
      ],
      "database_specific": {
        "source": "https://github.com/github/advisory-database/blob/main/advisories/github-reviewed/2023/05/GHSA-8j28-34qq-gmch/GHSA-8j28-34qq-gmch.json"
      }
    }
  ],
  "schema_version": "1.6.0",
  "severity": [
    {
      "type": "CVSS_V3",
      "score": "CVSS:3.1/AV:N/AC:L/PR:N/UI:N/S:U/C:H/I:H/A:H"
    }
  ]
}