{
  "id": "GHSA-j7q2-c6r4-x2jw",
  "summary": "Stored XSS vulnerability in Jenkins Git Parameter Plugin",
  "details": "Jenkins Git Parameter Plugin 0.9.12 and earlier does not escape the repository field on the 'Build with Parameters' page, resulting in a stored cross-site scripting (XSS) vulnerability exploitable by attackers with Job/Configure permission.\n\nGit Parameter Plugin 0.9.13 escapes the repository field on the 'Build with Parameters' page.",
  "aliases": [
    "CVE-2020-2238"
  ],
  "modified": "2024-02-16T08:21:46.398294Z",
  "published": "2022-05-24T17:27:06Z",
  "database_specific": {
    "nvd_published_at": "2020-09-01T14:15:00Z",
    "cwe_ids": [
      "CWE-79"
    ],
    "severity": "HIGH",
    "github_reviewed": true,
    "github_reviewed_at": "2022-12-21T00:22:10Z"
  },
  "references": [
    {
      "type": "ADVISORY",
      "url": "https://nvd.nist.gov/vuln/detail/CVE-2020-2238"
    },
    {
      "type": "WEB",
      "url": "https://github.com/jenkinsci/git-parameter-plugin/commit/7014c4dd030ee4226b4795137050743a84d67cb0"
    },
    {
      "type": "PACKAGE",
      "url": "https://github.com/jenkinsci/git-parameter-plugin"
    },
    {
      "type": "WEB",
      "url": "https://jenkins.io/security/advisory/2020-09-01/#SECURITY-1884"
    },
    {
      "type": "WEB",
      "url": "http://www.openwall.com/lists/oss-security/2020/09/01/3"
    }
  ],
  "affected": [
    {
      "package": {
        "name": "org.jenkins-ci.tools:git-parameter",
        "ecosystem": "Maven",
        "purl": "pkg:maven/org.jenkins-ci.tools/git-parameter"
      },
      "ranges": [
        {
          "type": "ECOSYSTEM",
          "events": [
            {
              "introduced": "0"
            },
            {
              "fixed": "0.9.13"
            }
          ]
        }
      ],
      "versions": [
        "0.4.0",
        "0.5.0",
        "0.5.1",
        "0.6.0",
        "0.6.1",
        "0.6.2",
        "0.7.0",
        "0.7.1",
        "0.7.2",
        "0.8.0",
        "0.8.1",
        "0.9.0",
        "0.9.1",
        "0.9.10",
        "0.9.11",
        "0.9.12",
        "0.9.2",
        "0.9.3",
        "0.9.4",
        "0.9.5",
        "0.9.6",
        "0.9.7",
        "0.9.8",
        "0.9.9"
      ],
      "database_specific": {
        "last_known_affected_version_range": "<= 0.9.12",
        "source": "https://github.com/github/advisory-database/blob/main/advisories/github-reviewed/2022/05/GHSA-j7q2-c6r4-x2jw/GHSA-j7q2-c6r4-x2jw.json"
      }
    }
  ],
  "schema_version": "1.6.0",
  "severity": [
    {
      "type": "CVSS_V3",
      "score": "CVSS:3.1/AV:N/AC:L/PR:L/UI:R/S:U/C:H/I:H/A:H"
    }
  ]
}