{
  "id": "GHSA-493p-pfq6-5258",
  "summary": "json-smart Uncontrolled Recursion vulnerabilty",
  "details": "### Impact\nAffected versions of [net.minidev:json-smart](https://github.com/netplex/json-smart-v1) are vulnerable to Denial of Service (DoS) due to a StackOverflowError when parsing a deeply nested JSON array or object.\n\nWhen reaching a \u2018[\u2018 or \u2018{\u2018 character in the JSON input, the code parses an array or an object respectively. It was discovered that the 3PP does not have any limit to the nesting of such arrays or objects. Since the parsing of nested arrays and objects is done recursively, nesting too many of them can cause stack exhaustion (stack overflow) and crash the software.\n\n### Patches\nThis vulnerability was fixed in json-smart version 2.4.9, but the maintainer recommends upgrading to 2.4.10, due to a remaining bug.\n\n### Workarounds\nN/A\n\n### References\n- https://www.cve.org/CVERecord?id=CVE-2023-1370\n- https://nvd.nist.gov/vuln/detail/CVE-2023-1370\n- https://security.snyk.io/vuln/SNYK-JAVA-NETMINIDEV-3369748",
  "aliases": [
    "CVE-2023-1370"
  ],
  "modified": "2024-06-25T02:30:52.602434Z",
  "published": "2023-03-23T20:32:03Z",
  "related": [
    "CGA-4q66-wfwv-4prh",
    "CGA-97fq-p5p8-prgr",
    "CGA-c3jp-34px-f3r6",
    "CGA-pjcg-q8wf-65fx",
    "CGA-qq4c-gxpr-3wpp",
    "CGA-x6h8-r56r-gm66"
  ],
  "database_specific": {
    "nvd_published_at": "2023-03-22T06:15:00Z",
    "cwe_ids": [
      "CWE-674"
    ],
    "severity": "HIGH",
    "github_reviewed": true,
    "github_reviewed_at": "2023-03-23T20:32:03Z"
  },
  "references": [
    {
      "type": "WEB",
      "url": "https://github.com/oswaldobapvicjr/jsonmerge/security/advisories/GHSA-493p-pfq6-5258"
    },
    {
      "type": "ADVISORY",
      "url": "https://nvd.nist.gov/vuln/detail/CVE-2023-1370"
    },
    {
      "type": "WEB",
      "url": "https://github.com/netplex/json-smart-v2/issues/137"
    },
    {
      "type": "WEB",
      "url": "https://github.com/netplex/json-smart-v2/commit/5b3205d051952d3100aa0db1535f6ba6226bd87a"
    },
    {
      "type": "WEB",
      "url": "https://github.com/netplex/json-smart-v2/commit/e2791ae506a57491bc856b439d706c81e45adcf8"
    },
    {
      "type": "PACKAGE",
      "url": "https://github.com/oswaldobapvicjr/jsonmerge"
    },
    {
      "type": "WEB",
      "url": "https://research.jfrog.com/vulnerabilities/stack-exhaustion-in-json-smart-leads-to-denial-of-service-when-parsing-malformed-json-xray-427633"
    },
    {
      "type": "WEB",
      "url": "https://security.netapp.com/advisory/ntap-20240621-0006"
    },
    {
      "type": "WEB",
      "url": "https://security.snyk.io/vuln/SNYK-JAVA-NETMINIDEV-3369748"
    },
    {
      "type": "WEB",
      "url": "https://www.cve.org/CVERecord?id=CVE-2023-1370"
    }
  ],
  "affected": [
    {
      "package": {
        "name": "net.minidev:json-smart",
        "ecosystem": "Maven",
        "purl": "pkg:maven/net.minidev/json-smart"
      },
      "ranges": [
        {
          "type": "ECOSYSTEM",
          "events": [
            {
              "introduced": "0"
            },
            {
              "fixed": "2.4.9"
            }
          ]
        }
      ],
      "versions": [
        "1.0.6.3",
        "1.0.8",
        "1.0.9",
        "1.0.9-1",
        "1.1",
        "1.1.1",
        "1.2",
        "1.3",
        "1.3.1",
        "1.3.2",
        "1.3.3",
        "2.0",
        "2.0-RC1",
        "2.0-RC2",
        "2.0-RC3",
        "2.1.0",
        "2.1.1",
        "2.2",
        "2.2.1",
        "2.3",
        "2.3.1",
        "2.4.1",
        "2.4.2",
        "2.4.4",
        "2.4.5",
        "2.4.6",
        "2.4.7",
        "2.4.8"
      ],
      "database_specific": {
        "source": "https://github.com/github/advisory-database/blob/main/advisories/github-reviewed/2023/03/GHSA-493p-pfq6-5258/GHSA-493p-pfq6-5258.json"
      }
    }
  ],
  "schema_version": "1.6.0",
  "severity": [
    {
      "type": "CVSS_V3",
      "score": "CVSS:3.1/AV:N/AC:L/PR:N/UI:N/S:U/C:N/I:N/A:H"
    }
  ]
}