{
  "id": "GHSA-jffq-528j-mp6c",
  "summary": "Improper Restriction of XML External Entity Reference in Mulesoft APIkit",
  "details": "Mulesoft APIkit through 1.3.0 allows XXE because of validation/RestXmlSchemaValidator.java",
  "aliases": [
    "CVE-2020-10991"
  ],
  "modified": "2023-11-08T04:02:02.562638Z",
  "published": "2022-05-24T17:12:53Z",
  "database_specific": {
    "nvd_published_at": "2020-03-27T00:15:00Z",
    "github_reviewed_at": "2022-06-24T01:26:08Z",
    "severity": "CRITICAL",
    "github_reviewed": true,
    "cwe_ids": [
      "CWE-611"
    ]
  },
  "references": [
    {
      "type": "ADVISORY",
      "url": "https://nvd.nist.gov/vuln/detail/CVE-2020-10991"
    },
    {
      "type": "WEB",
      "url": "https://github.com/mulesoft/apikit/issues/547"
    }
  ],
  "affected": [
    {
      "package": {
        "name": "rg.mule.modules:mule-apikit-module",
        "ecosystem": "Maven",
        "purl": "pkg:maven/rg.mule.modules/mule-apikit-module"
      },
      "ranges": [
        {
          "type": "ECOSYSTEM",
          "events": [
            {
              "introduced": "0"
            },
            {
              "fixed": "1.3.1"
            }
          ]
        }
      ],
      "database_specific": {
        "last_known_affected_version_range": "<= 1.3.0",
        "source": "https://github.com/github/advisory-database/blob/main/advisories/github-reviewed/2022/05/GHSA-jffq-528j-mp6c/GHSA-jffq-528j-mp6c.json"
      },
      "versions": []
    }
  ],
  "schema_version": "1.6.0",
  "severity": [
    {
      "type": "CVSS_V3",
      "score": "CVSS:3.1/AV:N/AC:L/PR:N/UI:N/S:U/C:H/I:H/A:H"
    }
  ]
}