{
  "id": "GHSA-pr9h-g7p7-rrqh",
  "summary": "XML External Entity Reference in Jenkins FindBugs Plugin",
  "details": "Jenkins FindBugs Plugin 4.71 and earlier processes XML external entities in files it parses as part of the build process, allowing attackers with user permissions in Jenkins to extract secrets from the Jenkins master, perform server-side request forgery, or denial-of-service attacks.",
  "aliases": [
    "CVE-2018-1000011"
  ],
  "modified": "2024-02-18T05:24:10.424494Z",
  "published": "2022-05-14T03:46:08Z",
  "database_specific": {
    "nvd_published_at": "2018-01-23T14:29:00Z",
    "cwe_ids": [
      "CWE-611"
    ],
    "severity": "HIGH",
    "github_reviewed": true,
    "github_reviewed_at": "2022-11-03T19:13:08Z"
  },
  "references": [
    {
      "type": "ADVISORY",
      "url": "https://nvd.nist.gov/vuln/detail/CVE-2018-1000011"
    },
    {
      "type": "WEB",
      "url": "https://jenkins.io/security/advisory/2018-01-22"
    }
  ],
  "affected": [
    {
      "package": {
        "name": "org.jvnet.hudson.plugins.findbugs:library",
        "ecosystem": "Maven",
        "purl": "pkg:maven/org.jvnet.hudson.plugins.findbugs/library"
      },
      "ranges": [
        {
          "type": "ECOSYSTEM",
          "events": [
            {
              "introduced": "0"
            },
            {
              "last_affected": "4.7.1"
            }
          ]
        }
      ],
      "versions": [
        "1.3.10-hudson3",
        "1.3.9",
        "2.0.0",
        "2.0.0-hudson3",
        "2.0.0-hudson3a",
        "2.0.1",
        "2.0.4",
        "2.0.5",
        "2.0.6",
        "2.1.0",
        "3.0.2",
        "3.0.3",
        "3.0.4",
        "4.0.0"
      ],
      "database_specific": {
        "source": "https://github.com/github/advisory-database/blob/main/advisories/github-reviewed/2022/05/GHSA-pr9h-g7p7-rrqh/GHSA-pr9h-g7p7-rrqh.json"
      }
    }
  ],
  "schema_version": "1.6.0",
  "severity": [
    {
      "type": "CVSS_V3",
      "score": "CVSS:3.0/AV:N/AC:L/PR:L/UI:N/S:U/C:H/I:H/A:H"
    }
  ]
}