{
  "id": "GHSA-mjmj-j48q-9wg2",
  "summary": "SnakeYaml Constructor Deserialization Remote Code Execution",
  "details": "### Summary\nSnakeYaml's `Constructor` class, which inherits from `SafeConstructor`, allows any type be deserialized given the following line:\n\nnew Yaml(new Constructor(TestDataClass.class)).load(yamlContent);\n\nTypes do not have to match the types of properties in the target class. A `ConstructorException` is thrown, but only after a malicious payload is deserialized.\n\n### Severity\nHigh, lack of type checks during deserialization allows remote code execution.\n\n### Proof of Concept\nExecute `bash run.sh`. The PoC uses Constructor to deserialize a payload\nfor RCE. RCE is demonstrated by using a payload which performs a http request to\nhttp://127.0.0.1:8000.\n\nExample output of successful run of proof of concept:\n\n```\n$ bash run.sh\n\n[+] Downloading snakeyaml if needed\n[+] Starting mock HTTP server on 127.0.0.1:8000 to demonstrate RCE\nnc: no process found\n[+] Compiling and running Proof of Concept, which a payload that sends a HTTP request to mock web server.\n[+] An exception is expected.\nException:\nCannot create property=payload for JavaBean=Main$TestDataClass@3cbbc1e0\n in 'string', line 1, column 1:\n    payload: !!javax.script.ScriptEn ... \n    ^\nCan not set java.lang.String field Main$TestDataClass.payload to javax.script.ScriptEngineManager\n in 'string', line 1, column 10:\n    payload: !!javax.script.ScriptEngineManag ... \n             ^\n\n\tat org.yaml.snakeyaml.constructor.Constructor$ConstructMapping.constructJavaBean2ndStep(Constructor.java:291)\n\tat org.yaml.snakeyaml.constructor.Constructor$ConstructMapping.construct(Constructor.java:172)\n\tat org.yaml.snakeyaml.constructor.Constructor$ConstructYamlObject.construct(Constructor.java:332)\n\tat org.yaml.snakeyaml.constructor.BaseConstructor.constructObjectNoCheck(BaseConstructor.java:230)\n\tat org.yaml.snakeyaml.constructor.BaseConstructor.constructObject(BaseConstructor.java:220)\n\tat org.yaml.snakeyaml.constructor.BaseConstructor.constructDocument(BaseConstructor.java:174)\n\tat org.yaml.snakeyaml.constructor.BaseConstructor.getSingleData(BaseConstructor.java:158)\n\tat org.yaml.snakeyaml.Yaml.loadFromReader(Yaml.java:491)\n\tat org.yaml.snakeyaml.Yaml.load(Yaml.java:416)\n\tat Main.main(Main.java:37)\nCaused by: java.lang.IllegalArgumentException: Can not set java.lang.String field Main$TestDataClass.payload to javax.script.ScriptEngineManager\n\tat java.base/jdk.internal.reflect.UnsafeFieldAccessorImpl.throwSetIllegalArgumentException(UnsafeFieldAccessorImpl.java:167)\n\tat java.base/jdk.internal.reflect.UnsafeFieldAccessorImpl.throwSetIllegalArgumentException(UnsafeFieldAccessorImpl.java:171)\n\tat java.base/jdk.internal.reflect.UnsafeObjectFieldAccessorImpl.set(UnsafeObjectFieldAccessorImpl.java:81)\n\tat java.base/java.lang.reflect.Field.set(Field.java:780)\n\tat org.yaml.snakeyaml.introspector.FieldProperty.set(FieldProperty.java:44)\n\tat org.yaml.snakeyaml.constructor.Constructor$ConstructMapping.constructJavaBean2ndStep(Constructor.java:286)\n\t... 9 more\n[+] Dumping Received HTTP Request. Will not be empty if PoC worked\nGET /proof-of-concept HTTP/1.1\nUser-Agent: Java/11.0.14\nHost: localhost:8000\nAccept: text/html, image/gif, image/jpeg, *; q=.2, */*; q=.2\nConnection: keep-alive\n```\n\n### Further Analysis\nPotential mitigations include, leveraging SnakeYaml's SafeConstructor while parsing untrusted content.\n\nSee https://bitbucket.org/snakeyaml/snakeyaml/issues/561/cve-2022-1471-vulnerability-in#comment-64581479 for discussion on the subject.\n\nA fix was released in version 2.0. See https://bitbucket.org/snakeyaml/snakeyaml/issues/561/cve-2022-1471-vulnerability-in#comment-64876314 for more information.\n\n### Timeline\n**Date reported**: 4/11/2022\n**Date fixed**: \n**Date disclosed**: 10/13/2022",
  "aliases": [
    "CVE-2022-1471"
  ],
  "modified": "2024-06-25T02:34:35.984825Z",
  "published": "2022-12-12T21:19:47Z",
  "related": [
    "CGA-23vr-f599-cmcv",
    "CGA-7w78-ggr5-pfxv",
    "CGA-g9mf-8vr4-m7x9",
    "CGA-mhgw-xcxh-mprj",
    "CGA-p6jg-fjvm-fx3w",
    "CGA-r36x-jx84-2cgp"
  ],
  "database_specific": {
    "nvd_published_at": "2022-12-01T11:15:00Z",
    "cwe_ids": [
      "CWE-20",
      "CWE-502"
    ],
    "severity": "HIGH",
    "github_reviewed": true,
    "github_reviewed_at": "2022-12-12T21:19:47Z"
  },
  "references": [
    {
      "type": "WEB",
      "url": "https://github.com/google/security-research/security/advisories/GHSA-mjmj-j48q-9wg2"
    },
    {
      "type": "ADVISORY",
      "url": "https://nvd.nist.gov/vuln/detail/CVE-2022-1471"
    },
    {
      "type": "PACKAGE",
      "url": "https://bitbucket.org/snakeyaml/snakeyaml"
    },
    {
      "type": "WEB",
      "url": "https://bitbucket.org/snakeyaml/snakeyaml/commits/5014df1a36f50aca54405bb8433bc99a8847f758"
    },
    {
      "type": "WEB",
      "url": "https://bitbucket.org/snakeyaml/snakeyaml/commits/acc44099f5f4af26ff86b4e4e4cc1c874e2dc5c4"
    },
    {
      "type": "WEB",
      "url": "https://bitbucket.org/snakeyaml/snakeyaml/issues/561/cve-2022-1471-vulnerability-in#comment-64581479"
    },
    {
      "type": "WEB",
      "url": "https://bitbucket.org/snakeyaml/snakeyaml/issues/561/cve-2022-1471-vulnerability-in#comment-64634374"
    },
    {
      "type": "WEB",
      "url": "https://bitbucket.org/snakeyaml/snakeyaml/issues/561/cve-2022-1471-vulnerability-in#comment-64876314"
    },
    {
      "type": "WEB",
      "url": "https://bitbucket.org/snakeyaml/snakeyaml/wiki/CVE-2022-1471"
    },
    {
      "type": "WEB",
      "url": "https://github.com/mbechler/marshalsec"
    },
    {
      "type": "WEB",
      "url": "https://groups.google.com/g/kubernetes-security-announce/c/mwrakFaEdnc"
    },
    {
      "type": "WEB",
      "url": "https://security.netapp.com/advisory/ntap-20230818-0015"
    },
    {
      "type": "WEB",
      "url": "https://security.netapp.com/advisory/ntap-20240621-0006"
    },
    {
      "type": "WEB",
      "url": "https://snyk.io/blog/unsafe-deserialization-snakeyaml-java-cve-2022-1471"
    },
    {
      "type": "WEB",
      "url": "https://www.github.com/mbechler/marshalsec/blob/master/marshalsec.pdf?raw=true"
    },
    {
      "type": "WEB",
      "url": "http://packetstormsecurity.com/files/175095/PyTorch-Model-Server-Registration-Deserialization-Remote-Code-Execution.html"
    },
    {
      "type": "WEB",
      "url": "http://www.openwall.com/lists/oss-security/2023/11/19/1"
    }
  ],
  "affected": [
    {
      "package": {
        "name": "org.yaml:snakeyaml",
        "ecosystem": "Maven",
        "purl": "pkg:maven/org.yaml/snakeyaml"
      },
      "ranges": [
        {
          "type": "ECOSYSTEM",
          "events": [
            {
              "introduced": "0"
            },
            {
              "fixed": "2.0"
            }
          ]
        }
      ],
      "versions": [
        "1.10",
        "1.11",
        "1.12",
        "1.13",
        "1.14",
        "1.15",
        "1.16",
        "1.17",
        "1.18",
        "1.19",
        "1.20",
        "1.21",
        "1.22",
        "1.23",
        "1.24",
        "1.25",
        "1.26",
        "1.27",
        "1.28",
        "1.29",
        "1.30",
        "1.31",
        "1.32",
        "1.33",
        "1.4",
        "1.5",
        "1.6",
        "1.7",
        "1.8",
        "1.9"
      ],
      "database_specific": {
        "last_known_affected_version_range": "<= 1.33",
        "source": "https://github.com/github/advisory-database/blob/main/advisories/github-reviewed/2022/12/GHSA-mjmj-j48q-9wg2/GHSA-mjmj-j48q-9wg2.json"
      }
    }
  ],
  "schema_version": "1.6.0",
  "severity": [
    {
      "type": "CVSS_V3",
      "score": "CVSS:3.1/AV:N/AC:L/PR:L/UI:N/S:U/C:H/I:H/A:L"
    }
  ]
}