{
  "id": "GHSA-qw28-g63m-jxqv",
  "summary": "Sandbox bypass in ontrack Jenkins Plugin",
  "details": "A sandbox bypass vulnerability in Jenkins ontrack Plugin 3.4 and earlier allowed attackers with control over ontrack DSL definitions to execute arbitrary code on the Jenkins master JVM.",
  "aliases": [
    "CVE-2019-10306"
  ],
  "modified": "2024-02-16T08:23:35.604981Z",
  "published": "2022-05-24T16:43:54Z",
  "database_specific": {
    "nvd_published_at": "2019-04-18T17:29:00Z",
    "cwe_ids": [
      "CWE-863"
    ],
    "severity": "CRITICAL",
    "github_reviewed": true,
    "github_reviewed_at": "2022-09-09T00:51:51Z"
  },
  "references": [
    {
      "type": "ADVISORY",
      "url": "https://nvd.nist.gov/vuln/detail/CVE-2019-10306"
    },
    {
      "type": "WEB",
      "url": "https://github.com/jenkinsci/ontrack-plugin/commit/7f0f806c18fdd6043103d848ba4c813cb805dd85"
    },
    {
      "type": "PACKAGE",
      "url": "https://github.com/jenkinsci/ontrack-plugin"
    },
    {
      "type": "WEB",
      "url": "https://jenkins.io/security/advisory/2019-04-17/#SECURITY-1341"
    },
    {
      "type": "WEB",
      "url": "http://www.securityfocus.com/bid/108045"
    }
  ],
  "affected": [
    {
      "package": {
        "name": "org.jenkins-ci.plugins:ontrack",
        "ecosystem": "Maven",
        "purl": "pkg:maven/org.jenkins-ci.plugins/ontrack"
      },
      "ranges": [
        {
          "type": "ECOSYSTEM",
          "events": [
            {
              "introduced": "0"
            },
            {
              "fixed": "3.4.1"
            }
          ]
        }
      ],
      "versions": [
        "2.11.0",
        "2.12.0",
        "2.13.0",
        "2.13.1",
        "2.13.2",
        "2.14.0",
        "2.15.0",
        "2.16.0",
        "2.17.0",
        "2.18.0",
        "2.18.1",
        "2.19.0",
        "2.19.1",
        "2.19.2",
        "2.21.0",
        "2.22.0",
        "2.22.4",
        "2.25.0",
        "2.25.1",
        "2.26.0",
        "2.28.0",
        "2.28.1",
        "2.28.2",
        "2.29.0",
        "2.29.1",
        "2.30.0",
        "2.30.1",
        "2.30.2",
        "2.30.3",
        "2.30.3.1",
        "2.30.3.2",
        "2.30.3.3",
        "2.30.3.4",
        "2.30.3.5",
        "2.30.3.6",
        "2.30.3.7",
        "2.30.3.8",
        "2.30.3.9",
        "2.30.4",
        "2.30.5",
        "2.31.0",
        "2.31.1",
        "2.31.2",
        "2.31.3",
        "2.31.4",
        "2.31.5",
        "2.31.6",
        "2.32.0",
        "2.32.1",
        "2.32.2",
        "2.32.3",
        "2.32.4",
        "2.32.5",
        "2.33.0",
        "2.33.2",
        "2.33.3",
        "2.33.4",
        "2.4.1",
        "2.4.2",
        "2.4.3",
        "2.5.0",
        "2.6.0",
        "2.7.0",
        "2.8.0",
        "2.9.0",
        "3.0",
        "3.1",
        "3.2",
        "3.3",
        "3.3.5",
        "3.4"
      ],
      "database_specific": {
        "source": "https://github.com/github/advisory-database/blob/main/advisories/github-reviewed/2022/05/GHSA-qw28-g63m-jxqv/GHSA-qw28-g63m-jxqv.json"
      }
    }
  ],
  "schema_version": "1.6.0",
  "severity": [
    {
      "type": "CVSS_V3",
      "score": "CVSS:3.1/AV:N/AC:L/PR:L/UI:N/S:C/C:H/I:H/A:H"
    }
  ]
}