{
  "id": "GHSA-6phf-6h5g-97j2",
  "summary": "Sqlite-jdbc vulnerable to remote code execution when JDBC url is attacker controlled",
  "details": "## Summary\n\nSqlite-jdbc addresses a remote code execution vulnerability via JDBC URL. \n\n## Impacted versions : \n\n3.6.14.1-3.41.2.1\n \n## References\n\nhttps://github.com/xerial/sqlite-jdbc/releases/tag/3.41.2.2",
  "aliases": [
    "CVE-2023-32697"
  ],
  "modified": "2024-02-16T08:00:57.956395Z",
  "published": "2023-05-23T20:07:58Z",
  "database_specific": {
    "nvd_published_at": "2023-05-23T23:15:09Z",
    "cwe_ids": [
      "CWE-94"
    ],
    "severity": "HIGH",
    "github_reviewed": true,
    "github_reviewed_at": "2023-05-23T20:07:58Z"
  },
  "references": [
    {
      "type": "WEB",
      "url": "https://github.com/xerial/sqlite-jdbc/security/advisories/GHSA-6phf-6h5g-97j2"
    },
    {
      "type": "ADVISORY",
      "url": "https://nvd.nist.gov/vuln/detail/CVE-2023-32697"
    },
    {
      "type": "PACKAGE",
      "url": "https://github.com/xerial/sqlite-jdbc"
    },
    {
      "type": "WEB",
      "url": "https://github.com/xerial/sqlite-jdbc/releases/tag/3.41.2.2"
    }
  ],
  "affected": [
    {
      "package": {
        "name": "org.xerial:sqlite-jdbc",
        "ecosystem": "Maven",
        "purl": "pkg:maven/org.xerial/sqlite-jdbc"
      },
      "ranges": [
        {
          "type": "ECOSYSTEM",
          "events": [
            {
              "introduced": "3.6.14.1"
            },
            {
              "fixed": "3.41.2.2"
            }
          ]
        }
      ],
      "versions": [
        "3.14.2",
        "3.14.2.1",
        "3.15.0",
        "3.15.1",
        "3.16.1",
        "3.18.0",
        "3.19.3",
        "3.20.0",
        "3.20.1",
        "3.21.0",
        "3.21.0.1",
        "3.23.1",
        "3.25.2",
        "3.27.2",
        "3.27.2.1",
        "3.28.0",
        "3.30.1",
        "3.31.1",
        "3.32.3",
        "3.32.3.1",
        "3.32.3.2",
        "3.32.3.3",
        "3.34.0",
        "3.35.0",
        "3.35.0.1",
        "3.36.0",
        "3.36.0.1",
        "3.36.0.2",
        "3.36.0.3",
        "3.39.2.0",
        "3.39.2.1",
        "3.39.3.0",
        "3.39.4.0",
        "3.39.4.1",
        "3.40.0.0",
        "3.40.1.0",
        "3.41.0.0",
        "3.41.0.1",
        "3.41.2.0",
        "3.41.2.1",
        "3.6.14.1",
        "3.6.14.2",
        "3.6.15",
        "3.6.16",
        "3.6.17",
        "3.6.17.1",
        "3.6.20",
        "3.7.15-M1",
        "3.7.2",
        "3.8.10.1",
        "3.8.10.2",
        "3.8.11",
        "3.8.11.1",
        "3.8.11.2",
        "3.8.5-pre1",
        "3.8.6",
        "3.8.7",
        "3.8.9",
        "3.8.9.1"
      ],
      "database_specific": {
        "source": "https://github.com/github/advisory-database/blob/main/advisories/github-reviewed/2023/05/GHSA-6phf-6h5g-97j2/GHSA-6phf-6h5g-97j2.json"
      }
    }
  ],
  "schema_version": "1.6.0",
  "severity": [
    {
      "type": "CVSS_V3",
      "score": "CVSS:3.1/AV:N/AC:L/PR:L/UI:N/S:U/C:H/I:H/A:H"
    }
  ]
}