{
  "id": "GHSA-45x9-q6vj-cqgq",
  "summary": "Apache Shiro Authentication Bypass vulnerability",
  "details": "Apache Shiro before 1.10.0, Authentication Bypass Vulnerability in Shiro when forwarding or including via RequestDispatcher.",
  "aliases": [
    "CVE-2022-40664"
  ],
  "modified": "2024-02-16T07:57:10.787044Z",
  "published": "2022-10-12T12:00:16Z",
  "database_specific": {
    "nvd_published_at": "2022-10-12T07:15:00Z",
    "cwe_ids": [
      "CWE-287"
    ],
    "severity": "CRITICAL",
    "github_reviewed": true,
    "github_reviewed_at": "2022-10-12T19:43:15Z"
  },
  "references": [
    {
      "type": "ADVISORY",
      "url": "https://nvd.nist.gov/vuln/detail/CVE-2022-40664"
    },
    {
      "type": "PACKAGE",
      "url": "https://github.com/apache/shiro"
    },
    {
      "type": "WEB",
      "url": "https://lists.apache.org/thread/loc2ktxng32xpy7lfwxto13k4lvnhjwg"
    },
    {
      "type": "WEB",
      "url": "https://security.netapp.com/advisory/ntap-20221118-0005"
    },
    {
      "type": "WEB",
      "url": "https://shiro.apache.org/blog/2022/10/10/2022/apache-shiro-1101-released.html"
    },
    {
      "type": "WEB",
      "url": "http://www.openwall.com/lists/oss-security/2022/10/12/1"
    },
    {
      "type": "WEB",
      "url": "http://www.openwall.com/lists/oss-security/2022/10/12/2"
    },
    {
      "type": "WEB",
      "url": "http://www.openwall.com/lists/oss-security/2022/10/13/1"
    }
  ],
  "affected": [
    {
      "package": {
        "name": "org.apache.shiro:shiro-core",
        "ecosystem": "Maven",
        "purl": "pkg:maven/org.apache.shiro/shiro-core"
      },
      "ranges": [
        {
          "type": "ECOSYSTEM",
          "events": [
            {
              "introduced": "0"
            },
            {
              "fixed": "1.10.0"
            }
          ]
        }
      ],
      "versions": [
        "1.0.0-incubating",
        "1.1.0",
        "1.2.0",
        "1.2.1",
        "1.2.2",
        "1.2.3",
        "1.2.4",
        "1.2.5",
        "1.2.6",
        "1.3.0",
        "1.3.1",
        "1.3.2",
        "1.4.0",
        "1.4.0-RC2",
        "1.4.1",
        "1.4.2",
        "1.5.0",
        "1.5.1",
        "1.5.2",
        "1.5.3",
        "1.6.0",
        "1.7.0",
        "1.7.1",
        "1.8.0",
        "1.9.0",
        "1.9.1"
      ],
      "database_specific": {
        "source": "https://github.com/github/advisory-database/blob/main/advisories/github-reviewed/2022/10/GHSA-45x9-q6vj-cqgq/GHSA-45x9-q6vj-cqgq.json"
      }
    }
  ],
  "schema_version": "1.6.0",
  "severity": [
    {
      "type": "CVSS_V3",
      "score": "CVSS:3.1/AV:N/AC:L/PR:N/UI:N/S:U/C:H/I:H/A:H"
    }
  ]
}