{
  "id": "GHSA-r6fx-55x3-f9x6",
  "summary": "Crafter CMS Crafter Studio vulnerable to Improper Control of Dynamically-Managed Code Resources",
  "details": "Improper Control of Dynamically-Managed Code Resources vulnerability in Crafter Studio of Crafter CMS allows authenticated developers to execute OS commands via FreeMarker static methods.",
  "aliases": [
    "CVE-2021-23267"
  ],
  "modified": "2024-02-16T08:20:27.554892Z",
  "published": "2022-05-17T00:00:34Z",
  "database_specific": {
    "nvd_published_at": "2022-05-16T17:15:00Z",
    "cwe_ids": [
      "CWE-913"
    ],
    "severity": "HIGH",
    "github_reviewed": true,
    "github_reviewed_at": "2022-06-02T13:44:50Z"
  },
  "references": [
    {
      "type": "ADVISORY",
      "url": "https://nvd.nist.gov/vuln/detail/CVE-2021-23267"
    },
    {
      "type": "WEB",
      "url": "https://docs.craftercms.org/en/3.1/security/advisory.html#cv-2022051603"
    },
    {
      "type": "PACKAGE",
      "url": "https://github.com/craftercms/studio"
    }
  ],
  "affected": [
    {
      "package": {
        "name": "org.craftercms:crafter-studio",
        "ecosystem": "Maven",
        "purl": "pkg:maven/org.craftercms/crafter-studio"
      },
      "ranges": [
        {
          "type": "ECOSYSTEM",
          "events": [
            {
              "introduced": "3.1.0"
            },
            {
              "fixed": "3.1.18"
            }
          ]
        }
      ],
      "versions": [
        "3.1.0",
        "3.1.1",
        "3.1.10",
        "3.1.10E",
        "3.1.11",
        "3.1.11E",
        "3.1.12",
        "3.1.12E",
        "3.1.13",
        "3.1.13E",
        "3.1.14",
        "3.1.14E",
        "3.1.15",
        "3.1.15E",
        "3.1.16",
        "3.1.16E",
        "3.1.17",
        "3.1.17.4",
        "3.1.17.4E",
        "3.1.17.5",
        "3.1.17.5E",
        "3.1.17.6",
        "3.1.17.6E",
        "3.1.17.7",
        "3.1.17.7E",
        "3.1.17E",
        "3.1.2",
        "3.1.3",
        "3.1.4",
        "3.1.4E",
        "3.1.4t",
        "3.1.5",
        "3.1.5E",
        "3.1.6",
        "3.1.6E",
        "3.1.7",
        "3.1.7E",
        "3.1.8",
        "3.1.8E",
        "3.1.9",
        "3.1.9E"
      ],
      "database_specific": {
        "source": "https://github.com/github/advisory-database/blob/main/advisories/github-reviewed/2022/05/GHSA-r6fx-55x3-f9x6/GHSA-r6fx-55x3-f9x6.json"
      }
    }
  ],
  "schema_version": "1.6.0",
  "severity": [
    {
      "type": "CVSS_V3",
      "score": "CVSS:3.1/AV:N/AC:L/PR:L/UI:N/S:U/C:H/I:H/A:H"
    }
  ]
}