{
  "id": "GHSA-8m84-h9hh-3cfh",
  "summary": "Apache SeaTunnel SQL Injection vulnerability",
  "details": "Mysql security vulnerability in Apache SeaTunnel.\n\nAttackers can read files on the MySQL server by modifying the information in the MySQL URL\n\n allowLoadLocalInfile=true&allowUrlInLocalInfile=true&allowLoadLocalInfileInPath=/&maxAllowedPacket=655360\nThis issue affects Apache SeaTunnel: 1.0.0.\n\nUsers are recommended to upgrade to version [1.0.1], which fixes the issue.",
  "aliases": [
    "CVE-2023-49198"
  ],
  "modified": "2024-08-21T20:27:34.679384Z",
  "published": "2024-08-21T12:30:25Z",
  "database_specific": {
    "nvd_published_at": "2024-08-21T10:15:04Z",
    "cwe_ids": [
      "CWE-552"
    ],
    "severity": "HIGH",
    "github_reviewed": true,
    "github_reviewed_at": "2024-08-21T20:10:12Z"
  },
  "references": [
    {
      "type": "ADVISORY",
      "url": "https://nvd.nist.gov/vuln/detail/CVE-2023-49198"
    },
    {
      "type": "PACKAGE",
      "url": "https://github.com/apache/seatunnel"
    },
    {
      "type": "WEB",
      "url": "https://lists.apache.org/thread/48j9f1nsn037mgzc4j9o51nwglb1s08h"
    }
  ],
  "affected": [
    {
      "package": {
        "name": "org.apache.seatunnel:seatunnel",
        "ecosystem": "Maven",
        "purl": "pkg:maven/org.apache.seatunnel/seatunnel"
      },
      "ranges": [
        {
          "type": "ECOSYSTEM",
          "events": [
            {
              "introduced": "1.0.0"
            },
            {
              "fixed": "1.0.1"
            }
          ]
        }
      ],
      "versions": [
        "1.0.0"
      ],
      "database_specific": {
        "source": "https://github.com/github/advisory-database/blob/main/advisories/github-reviewed/2024/08/GHSA-8m84-h9hh-3cfh/GHSA-8m84-h9hh-3cfh.json"
      }
    }
  ],
  "schema_version": "1.6.0",
  "severity": [
    {
      "type": "CVSS_V3",
      "score": "CVSS:3.1/AV:N/AC:L/PR:N/UI:N/S:U/C:H/I:N/A:N"
    },
    {
      "type": "CVSS_V4",
      "score": "CVSS:4.0/AV:N/AC:L/AT:N/PR:N/UI:N/VC:H/VI:N/VA:N/SC:N/SI:N/SA:N"
    }
  ]
}