{
  "id": "GHSA-j94p-hv25-rm5g",
  "summary": "Apiman has potential permissions bypass",
  "details": "### Impact\n\nIncorrect default permissions for certain read-only resources in the Apiman 1.5.7.Final through 2.2.3.Final in the Apiman Manager REST API allows a remote authenticated attacker to access information and resources in an Apiman Organizations they are not a member of and/or do not have permissions for.\n\nFor example, an attacker may be able to craft an HTTP request to discover APIs that are private to organizations they are not members of, via fuzzing, search, and other similar mechanisms.\n\nIf the attacker has sufficient permissions in their own organization, they may also be able to sign up to the private APIs they have discovered by crafting a tailored HTTP request, thereby gaining access to an API Management protected resource that they should have access to.\n\n* A malicious account-holder may be able to see information about APIs they do not have permission for.\n\n* A malicious account-holder may be able to sign up to APIs they do not have permission for, and hence access API Management-protected resources they are not authorized to access.\n\n* This does NOT relate to the Apiman Gateway.\n\n### Patches\n\n* Upgrade to Apiman 3.0.0.Final (or later). The issue is fixed in this version.\n\n* If you are using an older version of Apiman, contact to your [Apiman support provider](https://www.apiman.io/support.html) for advice/long-term support.\n\n### References\n\n* https://www.apiman.io/blog/permissions-bypass-disclosure/\n* https://github.com/advisories/GHSA-54r5-wr8x-x5v3\n* https://nvd.nist.gov/vuln/detail/CVE-2022-47551\n* https://github.com/orgs/apiman/discussions/2409\n",
  "aliases": [
    "CVE-2022-47551"
  ],
  "modified": "2024-02-21T05:32:16.884187Z",
  "published": "2023-01-03T12:28:06Z",
  "database_specific": {
    "nvd_published_at": null,
    "cwe_ids": [],
    "severity": "HIGH",
    "github_reviewed": true,
    "github_reviewed_at": "2023-01-03T12:28:06Z"
  },
  "references": [
    {
      "type": "WEB",
      "url": "https://github.com/apiman/apiman/security/advisories/GHSA-j94p-hv25-rm5g"
    },
    {
      "type": "ADVISORY",
      "url": "https://nvd.nist.gov/vuln/detail/CVE-2022-47551"
    },
    {
      "type": "ADVISORY",
      "url": "https://github.com/advisories/GHSA-54r5-wr8x-x5v3"
    },
    {
      "type": "PACKAGE",
      "url": "https://github.com/apiman/apiman"
    },
    {
      "type": "WEB",
      "url": "https://github.com/orgs/apiman/discussions/2409"
    },
    {
      "type": "WEB",
      "url": "https://www.apiman.io/blog/permissions-bypass-disclosure"
    }
  ],
  "affected": [
    {
      "package": {
        "name": "io.apiman:apiman-manager-api-rest-impl",
        "ecosystem": "Maven",
        "purl": "pkg:maven/io.apiman/apiman-manager-api-rest-impl"
      },
      "ranges": [
        {
          "type": "ECOSYSTEM",
          "events": [
            {
              "introduced": "1.5.7"
            },
            {
              "fixed": "3.0.0.Final"
            }
          ]
        }
      ],
      "versions": [
        "1.5.7.Final",
        "2.0.0.Final",
        "2.1.0.Final",
        "2.1.1.Final",
        "2.1.2.Final",
        "2.1.3.Final",
        "2.1.4.Final",
        "2.1.5.Final",
        "2.2.0.Final",
        "2.2.1.Final",
        "2.2.2.Final",
        "2.2.3.Final",
        "3.0.0.RC6"
      ],
      "database_specific": {
        "last_known_affected_version_range": "<= 2.2.3.Final",
        "source": "https://github.com/github/advisory-database/blob/main/advisories/github-reviewed/2023/01/GHSA-j94p-hv25-rm5g/GHSA-j94p-hv25-rm5g.json"
      }
    }
  ],
  "schema_version": "1.6.0",
  "severity": [
    {
      "type": "CVSS_V3",
      "score": "CVSS:3.1/AV:N/AC:L/PR:L/UI:N/S:U/C:H/I:L/A:N"
    }
  ]
}