{
  "id": "GHSA-j8wc-gxx9-82hx",
  "summary": "Exposure of Sensitive Information to an Unauthorized Actor in Apache Santuario",
  "details": "All versions of Apache Santuario - XML Security for Java prior to 2.2.3 and 2.1.7 are vulnerable to an issue where the \"secureValidation\" property is not passed correctly when creating a KeyInfo from a KeyInfoReference element. This allows an attacker to abuse an XPath Transform to extract any local .xml files in a RetrievalMethod element.",
  "aliases": [
    "CVE-2021-40690"
  ],
  "modified": "2024-02-16T08:02:45.559725Z",
  "published": "2021-09-20T23:18:41Z",
  "related": [
    "CGA-3wqx-hg8p-7g74"
  ],
  "database_specific": {
    "nvd_published_at": "2021-09-19T18:15:00Z",
    "cwe_ids": [
      "CWE-200"
    ],
    "severity": "HIGH",
    "github_reviewed": true,
    "github_reviewed_at": "2021-09-20T20:24:35Z"
  },
  "references": [
    {
      "type": "ADVISORY",
      "url": "https://nvd.nist.gov/vuln/detail/CVE-2021-40690"
    },
    {
      "type": "WEB",
      "url": "https://lists.apache.org/thread.html/r3b3f5ba9b0de8c9c125077b71af06026d344a709a8ba67db81ee9faa@%3Ccommits.tomee.apache.org%3E"
    },
    {
      "type": "WEB",
      "url": "https://lists.apache.org/thread.html/r401ecb7274794f040cd757b259ebe3e8c463ae74f7961209ccad3c59@%3Cissues.cxf.apache.org%3E"
    },
    {
      "type": "WEB",
      "url": "https://lists.apache.org/thread.html/r8848751b6a5dd78cc9e99d627e74fecfaffdfa1bb615dce827aad633%40%3Cdev.santuario.apache.org%3E"
    },
    {
      "type": "WEB",
      "url": "https://lists.apache.org/thread.html/r8a5c0ce9014bd07303aec1e5eed55951704878016465d3dae00e0c28@%3Ccommits.tomee.apache.org%3E"
    },
    {
      "type": "WEB",
      "url": "https://lists.apache.org/thread.html/r9c100d53c84d54cf71975e3f0cfcc2856a8846554a04c99390156ce4@%3Ccommits.tomee.apache.org%3E"
    },
    {
      "type": "WEB",
      "url": "https://lists.apache.org/thread.html/raf352f95c19c0c4051af3180752cb69acbea88d0d066ab176c6170e8@%3Cuser.poi.apache.org%3E"
    },
    {
      "type": "WEB",
      "url": "https://lists.apache.org/thread.html/rbbbac0759b12472abd0c278d32b5e0867bb21934df8e14e5e641597c@%3Ccommits.tomee.apache.org%3E"
    },
    {
      "type": "WEB",
      "url": "https://lists.apache.org/thread.html/rbdac116aef912b563da54f4c152222c0754e32fb2f785519ac5e059f@%3Ccommits.tomee.apache.org%3E"
    },
    {
      "type": "WEB",
      "url": "https://lists.apache.org/thread.html/re294cfc61f509512874ea514d8d64fd276253d54ac378ffa7a4880c8@%3Ccommits.tomee.apache.org%3E"
    },
    {
      "type": "WEB",
      "url": "https://lists.debian.org/debian-lts-announce/2021/09/msg00015.html"
    },
    {
      "type": "WEB",
      "url": "https://security.netapp.com/advisory/ntap-20230818-0002"
    },
    {
      "type": "WEB",
      "url": "https://www.debian.org/security/2021/dsa-5010"
    },
    {
      "type": "WEB",
      "url": "https://www.oracle.com/security-alerts/cpuapr2022.html"
    },
    {
      "type": "WEB",
      "url": "https://www.oracle.com/security-alerts/cpujul2022.html"
    }
  ],
  "affected": [
    {
      "package": {
        "name": "org.apache.santuario:xmlsec",
        "ecosystem": "Maven",
        "purl": "pkg:maven/org.apache.santuario/xmlsec"
      },
      "ranges": [
        {
          "type": "ECOSYSTEM",
          "events": [
            {
              "introduced": "2.2.0"
            },
            {
              "fixed": "2.2.3"
            }
          ]
        }
      ],
      "versions": [
        "2.2.0",
        "2.2.1",
        "2.2.2"
      ],
      "database_specific": {
        "source": "https://github.com/github/advisory-database/blob/main/advisories/github-reviewed/2021/09/GHSA-j8wc-gxx9-82hx/GHSA-j8wc-gxx9-82hx.json"
      }
    },
    {
      "package": {
        "name": "org.apache.santuario:xmlsec",
        "ecosystem": "Maven",
        "purl": "pkg:maven/org.apache.santuario/xmlsec"
      },
      "ranges": [
        {
          "type": "ECOSYSTEM",
          "events": [
            {
              "introduced": "0"
            },
            {
              "fixed": "2.1.7"
            }
          ]
        }
      ],
      "versions": [
        "1.4.0",
        "1.4.1",
        "1.4.2",
        "1.4.3",
        "1.4.4",
        "1.4.5",
        "1.4.6",
        "1.4.7",
        "1.4.8",
        "1.5.0",
        "1.5.1",
        "1.5.2",
        "1.5.3",
        "1.5.4",
        "1.5.5",
        "1.5.6",
        "1.5.7",
        "1.5.8",
        "2.0.0",
        "2.0.0-beta",
        "2.0.0-rc1",
        "2.0.1",
        "2.0.10",
        "2.0.2",
        "2.0.3",
        "2.0.4",
        "2.0.5",
        "2.0.6",
        "2.0.7",
        "2.0.8",
        "2.0.9",
        "2.1.0",
        "2.1.1",
        "2.1.2",
        "2.1.3",
        "2.1.4",
        "2.1.5",
        "2.1.6"
      ],
      "database_specific": {
        "source": "https://github.com/github/advisory-database/blob/main/advisories/github-reviewed/2021/09/GHSA-j8wc-gxx9-82hx/GHSA-j8wc-gxx9-82hx.json"
      }
    }
  ],
  "schema_version": "1.6.0",
  "severity": [
    {
      "type": "CVSS_V3",
      "score": "CVSS:3.1/AV:N/AC:L/PR:N/UI:N/S:U/C:H/I:N/A:N"
    }
  ]
}