{
  "id": "GHSA-vrmw-2xhq-hrmp",
  "summary": "Wildfly Unsafe Deserialization Vulnerability",
  "details": "A vulnerability was found in Wildfly in versions before 20.0.0.Final, where a remote deserialization attack is possible in the Enterprise Application Beans(EJB) due to lack of validation/filtering capabilities in wildfly.",
  "aliases": [
    "BIT-wildfly-2020-10740",
    "CVE-2020-10740"
  ],
  "modified": "2024-02-16T08:06:35.156880Z",
  "published": "2022-05-24T17:21:23Z",
  "database_specific": {
    "nvd_published_at": "2020-06-22T18:15:00Z",
    "cwe_ids": [
      "CWE-502"
    ],
    "severity": "HIGH",
    "github_reviewed": true,
    "github_reviewed_at": "2023-07-13T18:27:47Z"
  },
  "references": [
    {
      "type": "ADVISORY",
      "url": "https://nvd.nist.gov/vuln/detail/CVE-2020-10740"
    },
    {
      "type": "WEB",
      "url": "https://bugzilla.redhat.com/show_bug.cgi?id=CVE-2020-10740"
    },
    {
      "type": "PACKAGE",
      "url": "https://github.com/wildfly/wildfly"
    }
  ],
  "affected": [
    {
      "package": {
        "name": "org.wildfly:wildfly-parent",
        "ecosystem": "Maven",
        "purl": "pkg:maven/org.wildfly/wildfly-parent"
      },
      "ranges": [
        {
          "type": "ECOSYSTEM",
          "events": [
            {
              "introduced": "0"
            },
            {
              "fixed": "20.0.0.Final"
            }
          ]
        }
      ],
      "versions": [
        "10.0.0.Alpha1",
        "10.0.0.Alpha2",
        "10.0.0.Alpha3",
        "10.0.0.Alpha4",
        "10.0.0.Alpha5",
        "10.0.0.Alpha6",
        "10.0.0.Beta1",
        "10.0.0.Beta2",
        "10.0.0.CR1",
        "10.0.0.CR2",
        "10.0.0.CR3",
        "10.0.0.CR4",
        "10.0.0.CR5",
        "10.0.0.Final",
        "10.1.0.CR1",
        "10.1.0.Final",
        "11.0.0.Alpha1",
        "11.0.0.Beta1",
        "11.0.0.CR1",
        "11.0.0.Final",
        "12.0.0.Beta1",
        "12.0.0.CR1",
        "12.0.0.Final",
        "13.0.0.Beta1",
        "13.0.0.Final",
        "14.0.0.Beta1",
        "14.0.0.Beta2",
        "14.0.0.Final",
        "14.0.1.Final",
        "15.0.0.Beta1",
        "15.0.0.Final",
        "15.0.1.Final",
        "16.0.0.Beta1",
        "16.0.0.Final",
        "17.0.0.Alpha1",
        "17.0.0.Beta1",
        "17.0.0.Final",
        "17.0.1.Final",
        "18.0.0.Beta1",
        "18.0.0.Final",
        "18.0.1.Final",
        "19.0.0.Beta1",
        "19.0.0.Beta2",
        "19.0.0.Beta3",
        "19.0.0.Final",
        "19.1.0.Final",
        "20.0.0.Beta1",
        "8.0.0.Alpha1",
        "8.0.0.Alpha2",
        "8.0.0.Alpha3",
        "8.0.0.Alpha4",
        "8.0.0.Beta1",
        "8.0.0.CR1",
        "8.0.0.Final",
        "8.1.0.CR1",
        "8.1.0.CR2",
        "8.1.0.Final",
        "8.2.0.Final",
        "8.2.1.Final",
        "9.0.0.Alpha1",
        "9.0.0.Beta1",
        "9.0.0.Beta2",
        "9.0.0.CR1",
        "9.0.0.CR2",
        "9.0.0.Final",
        "9.0.1.Final",
        "9.0.2.Final"
      ],
      "database_specific": {
        "source": "https://github.com/github/advisory-database/blob/main/advisories/github-reviewed/2022/05/GHSA-vrmw-2xhq-hrmp/GHSA-vrmw-2xhq-hrmp.json"
      }
    }
  ],
  "schema_version": "1.6.0",
  "severity": [
    {
      "type": "CVSS_V3",
      "score": "CVSS:3.1/AV:N/AC:H/PR:L/UI:N/S:U/C:H/I:H/A:H"
    }
  ]
}