{
  "id": "GHSA-xvxq-hq48-xphm",
  "summary": "Sandbox bypass in Script Security Plugin",
  "details": "A sandbox bypass vulnerability exists in Jenkins Script Security Plugin 1.53 and earlier in src/main/java/org/jenkinsci/plugins/scriptsecurity/sandbox/groovy/GroovySandbox.java, src/main/java/org/jenkinsci/plugins/scriptsecurity/sandbox/groovy/SecureGroovyScript.java that allows attackers with Overall/Read permission to execute arbitrary code on the Jenkins master JVM.",
  "aliases": [
    "CVE-2019-1003029"
  ],
  "modified": "2024-07-05T18:23:08.973217Z",
  "published": "2022-05-13T01:00:55Z",
  "database_specific": {
    "nvd_published_at": "2019-03-08T21:29:00Z",
    "cwe_ids": [
      "CWE-693"
    ],
    "severity": "CRITICAL",
    "github_reviewed": true,
    "github_reviewed_at": "2022-06-01T20:08:15Z"
  },
  "references": [
    {
      "type": "ADVISORY",
      "url": "https://nvd.nist.gov/vuln/detail/CVE-2019-1003029"
    },
    {
      "type": "WEB",
      "url": "https://access.redhat.com/errata/RHSA-2019:0739"
    },
    {
      "type": "PACKAGE",
      "url": "https://github.com/jenkinsci/script-security-plugin"
    },
    {
      "type": "WEB",
      "url": "https://jenkins.io/security/advisory/2019-03-06/#SECURITY-1336%20%281%29"
    },
    {
      "type": "WEB",
      "url": "https://jenkins.io/security/advisory/2019-03-06/#SECURITY-1336%20(1)"
    },
    {
      "type": "WEB",
      "url": "http://packetstormsecurity.com/files/166778/Jenkins-Remote-Code-Execution.html"
    },
    {
      "type": "WEB",
      "url": "http://www.securityfocus.com/bid/107476"
    }
  ],
  "affected": [
    {
      "package": {
        "name": "org.jenkins-ci.plugins:script-security",
        "ecosystem": "Maven",
        "purl": "pkg:maven/org.jenkins-ci.plugins/script-security"
      },
      "ranges": [
        {
          "type": "ECOSYSTEM",
          "events": [
            {
              "introduced": "0"
            },
            {
              "fixed": "1.54"
            }
          ]
        }
      ],
      "versions": [
        "1.0",
        "1.0-beta-1",
        "1.0-beta-2",
        "1.0-beta-3",
        "1.0-beta-4",
        "1.0-beta-5",
        "1.0-beta-6",
        "1.1",
        "1.10",
        "1.11",
        "1.12",
        "1.13",
        "1.14",
        "1.15",
        "1.16",
        "1.17",
        "1.18",
        "1.18.1",
        "1.19",
        "1.2",
        "1.20",
        "1.21",
        "1.22",
        "1.23",
        "1.24",
        "1.25",
        "1.26",
        "1.27",
        "1.28",
        "1.29",
        "1.29.1",
        "1.3",
        "1.30",
        "1.31",
        "1.33",
        "1.34",
        "1.35",
        "1.36",
        "1.37",
        "1.38",
        "1.39",
        "1.4",
        "1.40",
        "1.41",
        "1.42",
        "1.43",
        "1.44",
        "1.44.1",
        "1.45",
        "1.46",
        "1.46.1",
        "1.47",
        "1.48",
        "1.49",
        "1.5",
        "1.50",
        "1.51",
        "1.52",
        "1.53",
        "1.6",
        "1.7",
        "1.8",
        "1.9"
      ],
      "database_specific": {
        "source": "https://github.com/github/advisory-database/blob/main/advisories/github-reviewed/2022/05/GHSA-xvxq-hq48-xphm/GHSA-xvxq-hq48-xphm.json"
      }
    }
  ],
  "schema_version": "1.6.0",
  "severity": [
    {
      "type": "CVSS_V3",
      "score": "CVSS:3.1/AV:N/AC:L/PR:L/UI:N/S:C/C:H/I:H/A:H"
    }
  ]
}