{
  "id": "GHSA-xxfh-x98p-j8fr",
  "summary": "Remote code injection in Log4j (through pax-logging-log4j2)",
  "details": "### Impact\nRemote Code Execution.\n\n### Patches\nUsers of pax-logging 1.11.9 should update to 1.11.10.\nUsers of pax-logging 2.0.10 should update to 2.0.11.\n\n### Workarounds\nSet system property `-Dlog4j2.formatMsgNoLookups=true`\n\n### References\nhttps://github.com/advisories/GHSA-jfh8-c2jp-5v3q\n\n",
  "modified": "2023-04-11T01:25:23.938843Z",
  "published": "2021-12-10T20:15:37Z",
  "database_specific": {
    "nvd_published_at": null,
    "github_reviewed_at": "2021-12-10T18:54:56Z",
    "severity": "CRITICAL",
    "github_reviewed": true,
    "cwe_ids": []
  },
  "references": [
    {
      "type": "WEB",
      "url": "https://github.com/ops4j/org.ops4j.pax.logging/security/advisories/GHSA-xxfh-x98p-j8fr"
    },
    {
      "type": "ADVISORY",
      "url": "https://github.com/advisories/GHSA-jfh8-c2jp-5v3q"
    },
    {
      "type": "PACKAGE",
      "url": "https://github.com/ops4j/org.ops4j.pax.logging"
    }
  ],
  "affected": [
    {
      "package": {
        "name": "org.ops4j.pax.logging:pax-logging-log4j2",
        "ecosystem": "Maven",
        "purl": "pkg:maven/org.ops4j.pax.logging/pax-logging-log4j2"
      },
      "ranges": [
        {
          "type": "ECOSYSTEM",
          "events": [
            {
              "introduced": "2.0.0"
            },
            {
              "fixed": "2.0.11"
            }
          ]
        }
      ],
      "versions": [
        "2.0.0",
        "2.0.1",
        "2.0.10",
        "2.0.2",
        "2.0.3",
        "2.0.4",
        "2.0.5",
        "2.0.6",
        "2.0.7",
        "2.0.8",
        "2.0.9"
      ],
      "database_specific": {
        "source": "https://github.com/github/advisory-database/blob/main/advisories/github-reviewed/2021/12/GHSA-xxfh-x98p-j8fr/GHSA-xxfh-x98p-j8fr.json"
      }
    },
    {
      "package": {
        "name": "org.ops4j.pax.logging:pax-logging-log4j2",
        "ecosystem": "Maven",
        "purl": "pkg:maven/org.ops4j.pax.logging/pax-logging-log4j2"
      },
      "ranges": [
        {
          "type": "ECOSYSTEM",
          "events": [
            {
              "introduced": "0"
            },
            {
              "fixed": "1.11.10"
            }
          ]
        }
      ],
      "versions": [
        "1.10.0",
        "1.10.1",
        "1.10.10",
        "1.10.2",
        "1.10.3",
        "1.10.4",
        "1.10.5",
        "1.10.6",
        "1.10.7",
        "1.10.8",
        "1.10.9",
        "1.11.0",
        "1.11.1",
        "1.11.2",
        "1.11.3",
        "1.11.4",
        "1.11.5",
        "1.11.6",
        "1.11.7",
        "1.11.8",
        "1.11.9",
        "1.8.0",
        "1.8.1",
        "1.8.2",
        "1.8.3",
        "1.8.4",
        "1.8.5",
        "1.8.6",
        "1.8.7",
        "1.9.0",
        "1.9.1",
        "1.9.2"
      ],
      "database_specific": {
        "source": "https://github.com/github/advisory-database/blob/main/advisories/github-reviewed/2021/12/GHSA-xxfh-x98p-j8fr/GHSA-xxfh-x98p-j8fr.json"
      }
    }
  ],
  "schema_version": "1.6.0"
}