{
  "id": "GHSA-r9pv-hg64-jqrp",
  "summary": "Exposure of Sensitive Information in Apache Storm Logviewer",
  "details": "The Apache Storm Logviewer daemon exposes HTTP-accessible endpoints to read/search log files on hosts running Storm. In Apache Storm versions 0.9.1-incubating to 1.2.2, it is possible to read files off the host's file system that were not intended to be accessible via these endpoints.",
  "aliases": [
    "CVE-2019-0202"
  ],
  "modified": "2023-11-08T04:00:31.171860Z",
  "published": "2022-05-24T16:51:28Z",
  "database_specific": {
    "nvd_published_at": "2019-07-26T00:15:00Z",
    "github_reviewed_at": "2022-11-04T22:36:46Z",
    "severity": "HIGH",
    "github_reviewed": true,
    "cwe_ids": [
      "CWE-200"
    ]
  },
  "references": [
    {
      "type": "ADVISORY",
      "url": "https://nvd.nist.gov/vuln/detail/CVE-2019-0202"
    },
    {
      "type": "PACKAGE",
      "url": "https://github.com/apache/storm"
    },
    {
      "type": "WEB",
      "url": "https://lists.apache.org/thread.html/220f1a77ff20749326a4c130446c5521db854da0afe81d1974b8109f@%3Cuser.storm.apache.org%3E"
    }
  ],
  "affected": [
    {
      "package": {
        "name": "org.apache.storm:storm-core",
        "ecosystem": "Maven",
        "purl": "pkg:maven/org.apache.storm/storm-core"
      },
      "ranges": [
        {
          "type": "ECOSYSTEM",
          "events": [
            {
              "introduced": "0.9.1-incubating"
            },
            {
              "fixed": "1.2.3"
            }
          ]
        }
      ],
      "versions": [
        "0.10.0",
        "0.10.0-beta",
        "0.10.0-beta1",
        "0.10.1",
        "0.10.2",
        "0.9.1-incubating",
        "0.9.2-incubating",
        "0.9.3",
        "0.9.4",
        "0.9.5",
        "0.9.6",
        "0.9.7",
        "1.0.0",
        "1.0.1",
        "1.0.2",
        "1.0.3",
        "1.0.4",
        "1.0.5",
        "1.0.6",
        "1.1.0",
        "1.1.1",
        "1.1.2",
        "1.1.3",
        "1.2.0",
        "1.2.1",
        "1.2.2"
      ],
      "database_specific": {
        "source": "https://github.com/github/advisory-database/blob/main/advisories/github-reviewed/2022/05/GHSA-r9pv-hg64-jqrp/GHSA-r9pv-hg64-jqrp.json"
      }
    }
  ],
  "schema_version": "1.6.0",
  "severity": [
    {
      "type": "CVSS_V3",
      "score": "CVSS:3.0/AV:N/AC:L/PR:N/UI:N/S:U/C:H/I:N/A:N"
    }
  ]
}