{
  "id": "GHSA-qxrx-m6v6-m767",
  "summary": "Stored XSS vulnerability in Description Column Plugin",
  "details": "Jenkins Description Column Plugin 1.3 and earlier does not escape the job description in the column tooltip, resulting in a stored cross-site scripting (XSS) vulnerability exploitable by attackers with Job/Configure permission.",
  "aliases": [
    "CVE-2020-2266"
  ],
  "modified": "2023-11-08T04:03:01.198697Z",
  "published": "2022-05-24T17:28:26Z",
  "database_specific": {
    "nvd_published_at": "2020-09-16T14:15:00Z",
    "github_reviewed_at": "2022-12-29T01:44:14Z",
    "severity": "HIGH",
    "github_reviewed": true,
    "cwe_ids": [
      "CWE-79"
    ]
  },
  "references": [
    {
      "type": "ADVISORY",
      "url": "https://nvd.nist.gov/vuln/detail/CVE-2020-2266"
    },
    {
      "type": "PACKAGE",
      "url": "https://github.com/jenkinsci/description-column-plugin"
    },
    {
      "type": "WEB",
      "url": "https://www.jenkins.io/security/advisory/2020-09-16/#SECURITY-1916"
    },
    {
      "type": "WEB",
      "url": "http://www.openwall.com/lists/oss-security/2020/09/16/3"
    }
  ],
  "affected": [
    {
      "package": {
        "name": "org.jenkins-ci.plugins:description-column-plugin",
        "ecosystem": "Maven",
        "purl": "pkg:maven/org.jenkins-ci.plugins/description-column-plugin"
      },
      "ranges": [
        {
          "type": "ECOSYSTEM",
          "events": [
            {
              "introduced": "0"
            },
            {
              "last_affected": "1.3"
            }
          ]
        }
      ],
      "versions": [
        "1.1",
        "1.2",
        "1.3"
      ],
      "database_specific": {
        "source": "https://github.com/github/advisory-database/blob/main/advisories/github-reviewed/2022/05/GHSA-qxrx-m6v6-m767/GHSA-qxrx-m6v6-m767.json"
      }
    }
  ],
  "schema_version": "1.6.0",
  "severity": [
    {
      "type": "CVSS_V3",
      "score": "CVSS:3.1/AV:N/AC:L/PR:L/UI:R/S:U/C:H/I:H/A:H"
    }
  ]
}