{
  "id": "GHSA-xxq2-74hw-vg6m",
  "summary": "Jenkins WSO2 Oauth Plugin Session Fixation vulnerability",
  "details": "Jenkins WSO2 Oauth Plugin 1.0 and earlier does not invalidate the existing session on login.\n\nThis allows attackers to use social engineering techniques to gain administrator access to Jenkins.\n\nAs of publication of this advisory, there is no fix.",
  "aliases": [
    "CVE-2023-33005"
  ],
  "modified": "2024-02-16T08:13:08.796506Z",
  "published": "2023-05-16T18:30:16Z",
  "database_specific": {
    "nvd_published_at": "2023-05-16T17:15:12Z",
    "cwe_ids": [
      "CWE-384",
      "CWE-613"
    ],
    "severity": "HIGH",
    "github_reviewed": true,
    "github_reviewed_at": "2023-05-17T03:46:29Z"
  },
  "references": [
    {
      "type": "ADVISORY",
      "url": "https://nvd.nist.gov/vuln/detail/CVE-2023-33005"
    },
    {
      "type": "WEB",
      "url": "https://www.jenkins.io/security/advisory/2023-05-16/#SECURITY-2991"
    }
  ],
  "affected": [
    {
      "package": {
        "name": "org.jenkins-ci.plugins:wso2id-oauth",
        "ecosystem": "Maven",
        "purl": "pkg:maven/org.jenkins-ci.plugins/wso2id-oauth"
      },
      "ranges": [
        {
          "type": "ECOSYSTEM",
          "events": [
            {
              "introduced": "0"
            },
            {
              "last_affected": "1.0"
            }
          ]
        }
      ],
      "versions": [
        "1.0"
      ],
      "database_specific": {
        "source": "https://github.com/github/advisory-database/blob/main/advisories/github-reviewed/2023/05/GHSA-xxq2-74hw-vg6m/GHSA-xxq2-74hw-vg6m.json"
      }
    }
  ],
  "schema_version": "1.6.0",
  "severity": [
    {
      "type": "CVSS_V3",
      "score": "CVSS:3.1/AV:N/AC:L/PR:N/UI:R/S:U/C:H/I:H/A:H"
    }
  ]
}