{
  "id": "GHSA-h9h3-jx58-6hqq",
  "summary": "Jenkins Mashup Portlets Plugin vulnerable to stored cross-site scripting",
  "details": "Jenkins Mashup Portlets Plugin 1.1.2 and earlier provides the \"Generic JS Portlet\" feature that lets a user populate a portlet using a custom JavaScript expression.\n\nThis results in a stored cross-site scripting (XSS) vulnerability exploitable by authenticated attackers with Overall/Read permission.",
  "aliases": [
    "CVE-2023-28679"
  ],
  "modified": "2023-11-08T04:12:13.658155Z",
  "published": "2023-04-02T21:30:17Z",
  "database_specific": {
    "nvd_published_at": "2023-04-02T21:15:00Z",
    "github_reviewed_at": "2023-04-10T16:39:20Z",
    "severity": "HIGH",
    "github_reviewed": true,
    "cwe_ids": [
      "CWE-79"
    ]
  },
  "references": [
    {
      "type": "ADVISORY",
      "url": "https://nvd.nist.gov/vuln/detail/CVE-2023-28679"
    },
    {
      "type": "WEB",
      "url": "https://www.jenkins.io/security/advisory/2023-03-21/#SECURITY-2813"
    }
  ],
  "affected": [
    {
      "package": {
        "name": "javagh.jenkins:mashup-portlets-plugin",
        "ecosystem": "Maven",
        "purl": "pkg:maven/javagh.jenkins/mashup-portlets-plugin"
      },
      "ranges": [
        {
          "type": "ECOSYSTEM",
          "events": [
            {
              "introduced": "0"
            },
            {
              "last_affected": "1.1.2"
            }
          ]
        }
      ],
      "versions": [
        "0.9",
        "0.9.1",
        "0.9.2",
        "1.0.0",
        "1.0.1",
        "1.0.2",
        "1.0.3",
        "1.0.4",
        "1.0.5",
        "1.0.6",
        "1.0.7",
        "1.0.8",
        "1.0.9",
        "1.1.0",
        "1.1.1",
        "1.1.2"
      ],
      "database_specific": {
        "source": "https://github.com/github/advisory-database/blob/main/advisories/github-reviewed/2023/04/GHSA-h9h3-jx58-6hqq/GHSA-h9h3-jx58-6hqq.json"
      }
    }
  ],
  "schema_version": "1.6.0",
  "severity": [
    {
      "type": "CVSS_V3",
      "score": "CVSS:3.1/AV:N/AC:L/PR:L/UI:R/S:U/C:H/I:H/A:H"
    }
  ]
}