{
  "id": "GHSA-682g-c99v-9r2g",
  "summary": "Jenkins Gitlab Authentication Plugin vulnerable to Session Fixation",
  "details": "A session fixation vulnerability in Jenkins Gitlab Authentication Plugin 1.4 and earlier in GitLabSecurityRealm.java allows unauthorized attackers to impersonate another user if they can control the pre-authentication session.",
  "aliases": [
    "CVE-2019-10371"
  ],
  "modified": "2024-02-16T08:06:59.133072Z",
  "published": "2022-05-24T16:52:45Z",
  "database_specific": {
    "nvd_published_at": "2019-08-07T15:15:00Z",
    "cwe_ids": [
      "CWE-384"
    ],
    "severity": "HIGH",
    "github_reviewed": true,
    "github_reviewed_at": "2023-03-03T22:44:06Z"
  },
  "references": [
    {
      "type": "ADVISORY",
      "url": "https://nvd.nist.gov/vuln/detail/CVE-2019-10371"
    },
    {
      "type": "WEB",
      "url": "https://github.com/jenkinsci/gitlab-oauth-plugin/commit/695ce63fddb3567cf8d87339ddc1fa3b67ae2db8"
    },
    {
      "type": "WEB",
      "url": "https://jenkins.io/security/advisory/2019-08-07/#SECURITY-795"
    },
    {
      "type": "WEB",
      "url": "http://www.openwall.com/lists/oss-security/2019/08/07/1"
    }
  ],
  "affected": [
    {
      "package": {
        "name": "org.jenkins-ci.plugins:gitlab-oauth",
        "ecosystem": "Maven",
        "purl": "pkg:maven/org.jenkins-ci.plugins/gitlab-oauth"
      },
      "ranges": [
        {
          "type": "ECOSYSTEM",
          "events": [
            {
              "introduced": "0"
            },
            {
              "fixed": "1.5"
            }
          ]
        }
      ],
      "versions": [
        "1.0.3",
        "1.0.4",
        "1.0.5",
        "1.0.6",
        "1.0.7",
        "1.0.8",
        "1.0.9",
        "1.1",
        "1.2",
        "1.3",
        "1.4"
      ],
      "database_specific": {
        "last_known_affected_version_range": "<= 1.4",
        "source": "https://github.com/github/advisory-database/blob/main/advisories/github-reviewed/2022/05/GHSA-682g-c99v-9r2g/GHSA-682g-c99v-9r2g.json"
      }
    }
  ],
  "schema_version": "1.6.0",
  "severity": [
    {
      "type": "CVSS_V3",
      "score": "CVSS:3.1/AV:N/AC:L/PR:N/UI:N/S:U/C:H/I:N/A:N"
    }
  ]
}