{
  "id": "GHSA-7vr7-cghh-ch63",
  "summary": "XWiki Platform may retrieve email addresses of all users ",
  "details": "### Impact\nThe mail obfuscation configuration was not fully taken into account and while the mail displayed to the end user was obfuscated:\n- the rest response was also containing the mail unobfuscated\n- user were able to filter and sort on the unobfuscated (allowing to infer the mail content)\n\nThe consequence was the possibility to retrieve the email addresses of all users even when obfuscated.\n\nSee https://jira.xwiki.org/browse/XWIKI-20333 for the reproduction steps.\n\n### Patches\nThis has been patched in XWiki 14.10.4, XWiki 14.4.8, and XWiki 15.0-rc-1.\n\n### Workarounds\nThe workaround is to modify the page `XWiki.LiveTableResultsMacros` following this [patch](https://github.com/xwiki/xwiki-platform/commit/71f889db9962df2d385f4298e29cfbc9050b828a#diff-5a739e5865b1f1ad9d79b724791be51b0095a0170cc078911c940478b13b949a).\n\n### References\n\nhttps://jira.xwiki.org/browse/XWIKI-20333\n\n### For more information\n\nIf you have any questions or comments about this advisory:\n\n*    Open an issue in [Jira XWiki.org](https://jira.xwiki.org/)\n*    Email us at [Security Mailing List](mailto:security@xwiki.org)\n\n### Attribution\n\nThis vulnerability has been reported on Intigriti by @floerer",
  "aliases": [
    "CVE-2023-34467"
  ],
  "modified": "2023-11-08T04:12:47.670375Z",
  "published": "2023-06-20T16:45:32Z",
  "database_specific": {
    "nvd_published_at": "2023-06-23T17:15:09Z",
    "cwe_ids": [
      "CWE-402",
      "CWE-668"
    ],
    "severity": "HIGH",
    "github_reviewed": true,
    "github_reviewed_at": "2023-06-20T16:45:32Z"
  },
  "references": [
    {
      "type": "WEB",
      "url": "https://github.com/xwiki/xwiki-platform/security/advisories/GHSA-7vr7-cghh-ch63"
    },
    {
      "type": "ADVISORY",
      "url": "https://nvd.nist.gov/vuln/detail/CVE-2023-34467"
    },
    {
      "type": "WEB",
      "url": "https://github.com/xwiki/xwiki-platform/commit/71f889db9962df2d385f4298e29cfbc9050b828a#diff-5a739e5865b1f1ad9d79b724791be51b0095a0170cc078911c940478b13b949a"
    },
    {
      "type": "PACKAGE",
      "url": "https://github.com/xwiki/xwiki-platform"
    },
    {
      "type": "WEB",
      "url": "https://jira.xwiki.org/browse/XWIKI-20333"
    }
  ],
  "affected": [
    {
      "package": {
        "name": "org.xwiki.platform:xwiki-platform-livetable-ui",
        "ecosystem": "Maven",
        "purl": "pkg:maven/org.xwiki.platform/xwiki-platform-livetable-ui"
      },
      "ranges": [
        {
          "type": "ECOSYSTEM",
          "events": [
            {
              "introduced": "3.5-milestone-1"
            },
            {
              "fixed": "14.4.8"
            }
          ]
        }
      ],
      "database_specific": {
        "source": "https://github.com/github/advisory-database/blob/main/advisories/github-reviewed/2023/06/GHSA-7vr7-cghh-ch63/GHSA-7vr7-cghh-ch63.json"
      },
      "versions": []
    },
    {
      "package": {
        "name": "org.xwiki.platform:xwiki-platform-livetable-ui",
        "ecosystem": "Maven",
        "purl": "pkg:maven/org.xwiki.platform/xwiki-platform-livetable-ui"
      },
      "ranges": [
        {
          "type": "ECOSYSTEM",
          "events": [
            {
              "introduced": "14.5"
            },
            {
              "fixed": "14.10.4"
            }
          ]
        }
      ],
      "database_specific": {
        "source": "https://github.com/github/advisory-database/blob/main/advisories/github-reviewed/2023/06/GHSA-7vr7-cghh-ch63/GHSA-7vr7-cghh-ch63.json"
      },
      "versions": []
    }
  ],
  "schema_version": "1.6.0",
  "severity": [
    {
      "type": "CVSS_V3",
      "score": "CVSS:3.1/AV:N/AC:L/PR:N/UI:N/S:U/C:H/I:N/A:N"
    }
  ]
}