{
  "id": "GHSA-5gvm-hrw5-h6xf",
  "summary": "Improper Authentication in org.apache.hive:hive, org.apache.hive:hive-exec, and org.apache.hive:hive-service",
  "details": "The LDAP implementation in HiveServer2 in Apache Hive before 1.0.1 and 1.1.x before 1.1.1, as used in IBM InfoSphere BigInsights 3.0, 3.0.0.1, and 3.0.0.2 and other products, mishandles simple unauthenticated and anonymous bind configurations, which allows remote attackers to bypass authentication via a crafted LDAP request.",
  "aliases": [
    "CVE-2015-1772"
  ],
  "modified": "2023-11-08T03:57:50.261758Z",
  "published": "2019-03-14T15:40:44Z",
  "database_specific": {
    "nvd_published_at": null,
    "github_reviewed_at": "2020-06-16T21:16:15Z",
    "severity": "HIGH",
    "github_reviewed": true,
    "cwe_ids": [
      "CWE-287"
    ]
  },
  "references": [
    {
      "type": "ADVISORY",
      "url": "https://nvd.nist.gov/vuln/detail/CVE-2015-1772"
    },
    {
      "type": "ADVISORY",
      "url": "https://github.com/advisories/GHSA-5gvm-hrw5-h6xf"
    },
    {
      "type": "WEB",
      "url": "https://www.cloudera.com/documentation/other/security-bulletins/topics/csb_topic_1.html"
    },
    {
      "type": "WEB",
      "url": "http://mail-archives.apache.org/mod_mbox/www-announce/201505.mbox/%3CCAOpgucy52yzNN1FaRcxwhZmx8ZtNRjmK6V0Bxk4svAD-R1q70Q@mail.gmail.com%3E"
    },
    {
      "type": "WEB",
      "url": "http://www-01.ibm.com/support/docview.wss?uid=swg21969546"
    },
    {
      "type": "WEB",
      "url": "http://www.securitytracker.com/id/1034365"
    }
  ],
  "affected": [
    {
      "package": {
        "name": "org.apache.hive:hive",
        "ecosystem": "Maven",
        "purl": "pkg:maven/org.apache.hive/hive"
      },
      "ranges": [
        {
          "type": "ECOSYSTEM",
          "events": [
            {
              "introduced": "1.0.0"
            },
            {
              "fixed": "1.0.1"
            }
          ]
        }
      ],
      "versions": [
        "1.0.0"
      ],
      "database_specific": {
        "source": "https://github.com/github/advisory-database/blob/main/advisories/github-reviewed/2019/03/GHSA-5gvm-hrw5-h6xf/GHSA-5gvm-hrw5-h6xf.json"
      }
    },
    {
      "package": {
        "name": "org.apache.hive:hive",
        "ecosystem": "Maven",
        "purl": "pkg:maven/org.apache.hive/hive"
      },
      "ranges": [
        {
          "type": "ECOSYSTEM",
          "events": [
            {
              "introduced": "1.1.0"
            },
            {
              "fixed": "1.1.1"
            }
          ]
        }
      ],
      "versions": [
        "1.1.0"
      ],
      "database_specific": {
        "source": "https://github.com/github/advisory-database/blob/main/advisories/github-reviewed/2019/03/GHSA-5gvm-hrw5-h6xf/GHSA-5gvm-hrw5-h6xf.json"
      }
    },
    {
      "package": {
        "name": "org.apache.hive:hive-exec",
        "ecosystem": "Maven",
        "purl": "pkg:maven/org.apache.hive/hive-exec"
      },
      "ranges": [
        {
          "type": "ECOSYSTEM",
          "events": [
            {
              "introduced": "1.0.0"
            },
            {
              "fixed": "1.0.1"
            }
          ]
        }
      ],
      "versions": [
        "1.0.0"
      ],
      "database_specific": {
        "source": "https://github.com/github/advisory-database/blob/main/advisories/github-reviewed/2019/03/GHSA-5gvm-hrw5-h6xf/GHSA-5gvm-hrw5-h6xf.json"
      }
    },
    {
      "package": {
        "name": "org.apache.hive:hive-exec",
        "ecosystem": "Maven",
        "purl": "pkg:maven/org.apache.hive/hive-exec"
      },
      "ranges": [
        {
          "type": "ECOSYSTEM",
          "events": [
            {
              "introduced": "1.1.0"
            },
            {
              "fixed": "1.1.1"
            }
          ]
        }
      ],
      "versions": [
        "1.1.0"
      ],
      "database_specific": {
        "source": "https://github.com/github/advisory-database/blob/main/advisories/github-reviewed/2019/03/GHSA-5gvm-hrw5-h6xf/GHSA-5gvm-hrw5-h6xf.json"
      }
    },
    {
      "package": {
        "name": "org.apache.hive:hive-service",
        "ecosystem": "Maven",
        "purl": "pkg:maven/org.apache.hive/hive-service"
      },
      "ranges": [
        {
          "type": "ECOSYSTEM",
          "events": [
            {
              "introduced": "1.0.0"
            },
            {
              "fixed": "1.0.1"
            }
          ]
        }
      ],
      "versions": [
        "1.0.0"
      ],
      "database_specific": {
        "source": "https://github.com/github/advisory-database/blob/main/advisories/github-reviewed/2019/03/GHSA-5gvm-hrw5-h6xf/GHSA-5gvm-hrw5-h6xf.json"
      }
    },
    {
      "package": {
        "name": "org.apache.hive:hive-service",
        "ecosystem": "Maven",
        "purl": "pkg:maven/org.apache.hive/hive-service"
      },
      "ranges": [
        {
          "type": "ECOSYSTEM",
          "events": [
            {
              "introduced": "1.1.0"
            },
            {
              "fixed": "1.1.1"
            }
          ]
        }
      ],
      "versions": [
        "1.1.0"
      ],
      "database_specific": {
        "source": "https://github.com/github/advisory-database/blob/main/advisories/github-reviewed/2019/03/GHSA-5gvm-hrw5-h6xf/GHSA-5gvm-hrw5-h6xf.json"
      }
    }
  ],
  "schema_version": "1.6.0",
  "severity": [
    {
      "type": "CVSS_V3",
      "score": "CVSS:3.0/AV:N/AC:L/PR:N/UI:N/S:U/C:L/I:L/A:L"
    }
  ]
}